horizon_years,contribution_interval_days,window_stride_days,window_number,start_date,end_date,final_relative_advantage_theoretical,mean_relative_advantage_theoretical,median_relative_advantage_theoretical,annual_return_btd_theoretical,annual_return_dca,annual_alpha_theoretical,theoretical_win,final_relative_advantage_implementable,mean_relative_advantage_implementable,median_relative_advantage_implementable,annual_return_btd_implementable,annual_alpha_implementable,implementable_win,implementable_minus_theoretical_annual_alpha,implementable_minus_theoretical_annual_return
1,15,0,0,1950-01-03,1951-01-03,0.054102916514273014,0.09304278490152247,0.05627015242290212,0.1204463376944449,0.1072183712824406,0.0132279664120043,True,0.036518625021389806,0.0016289229337903871,-0.001115840376652577,0.10174262658180111,-0.0054757447006394955,False,-0.018703711112643795,-0.018703711112643795
1,15,6867,1,1968-10-22,1969-10-22,0.05817907597174177,0.09324531022587584,0.011693109349861786,-0.030720900498033554,-0.04585634398460614,0.015135443486572586,True,0.04366777235376307,0.0001858203078883535,0.0,-0.04402211871619244,0.0018342252684137028,True,-0.013301218218158883,-0.013301218218158883
1,15,13735,2,1987-08-12,1988-08-11,0.07056020320551215,0.09660882879466531,0.03403533804167935,0.009769848887827726,-0.017501418122381596,0.02727126701020932,True,0.032811134919515705,-0.003251785793787916,-0.013581839535787343,-0.02585964011479669,-0.008358221992415094,False,-0.035629489002624415,-0.035629489002624415
1,15,20602,3,2006-05-31,2007-05-31,0.05198751821018388,0.08166975518525495,0.058946811758435524,0.14360331402831217,0.1323759902914412,0.011227323736870964,True,0.036798918942603676,0.0001520616485231557,0.0,0.1270807385473196,-0.0052952517441215985,False,-0.016522575480992563,-0.016522575480992563
1,15,27470,4,2025-03-20,2026-03-20,0.059640613103461915,0.1274262225664603,0.06854320352990695,0.02463293236335784,0.007240994260933498,0.017391938102424342,True,0.0413673318187493,0.00017093938768078222,0.0,0.006951353804693028,-0.00028964045624046975,False,-0.017681578558664812,-0.017681578558664812
1,30,0,0,1950-01-03,1951-01-03,0.1065938016958825,0.2040340500287524,0.15036420510861093,0.12743267071751063,0.10371811191136504,0.02371455880614559,True,0.0777392513748123,0.013736326884149093,0.0024171652552713585,0.09801487412898258,-0.005703237782382464,False,-0.029417796588528056,-0.029417796588528056
1,30,6867,1,1968-10-22,1969-10-22,0.10730506246531224,0.1271804217555633,0.10730506246531224,-0.021624454374407187,-0.04281937439779504,0.021194920023387853,True,0.087043687071795,0.0048129987236447125,0.0,-0.039538837109200586,0.003280537288594454,True,-0.0179143827347934,-0.0179143827347934
1,30,13735,2,1987-08-12,1988-08-11,0.12740411478242208,0.16784487606393939,0.1350088072326152,0.023071859596254685,-0.016947371849606152,0.04001923144586084,True,0.07412526754093185,0.04612988402930567,-0.012712366224950644,-0.02530877509040863,-0.008361403240802479,False,-0.048380634686663315,-0.048380634686663315
1,30,20602,3,2006-05-31,2007-05-31,0.10539459850546229,0.21821167108483205,0.14616066451636378,0.14493294645638444,0.1220670884988273,0.022865857957557134,True,0.07427354721075075,0.00032153050740584737,0.0,0.11267697641799135,-0.009390112080835955,False,-0.03225597003839309,-0.03225597003839309
1,30,27470,4,2025-03-20,2026-03-20,0.11505168922196196,0.238904893286771,0.153776352398592,0.036505452314008924,0.007001489812119122,0.029503962501889802,True,0.08284403660693473,4.8787715692397476e-05,-0.0007065325994112248,0.00654635756225419,-0.0004551322498649313,False,-0.029959094751754733,-0.029959094751754733
1,45,0,0,1950-01-03,1951-01-03,0.15844663665907555,0.2536089699343073,0.17921604164597182,0.1309075771648398,0.09823400956775119,0.032673567597088615,True,0.12751213867782796,0.04585412553129989,0.007829812857130913,0.10068806104422068,0.0024540514764694876,True,-0.030219516120619128,-0.030219516120619128
1,45,6867,1,1968-10-22,1969-10-22,0.15887805668063604,0.17647271814295945,0.033291058972733545,-0.01264824506759643,-0.04153146600753799,0.028883220939941556,True,0.1282227912899192,0.0832603023732967,0.005498385427590069,-0.038783854640653925,0.002747611366884062,True,-0.026135609573057494,-0.026135609573057494
1,45,13735,2,1987-08-12,1988-08-11,0.18659702930806454,0.3068981363393412,0.2357873017423595,0.04142448981652258,-0.012672587133284452,0.05409707694980703,True,0.10553915386555857,0.14970939634250666,-0.02398656744491756,-0.029763496224292307,-0.017090909091007855,False,-0.07118798604081489,-0.07118798604081489
1,45,20602,3,2006-05-31,2007-05-31,0.14756414384398586,0.3480277311683861,0.26879014524913036,0.14780347727726717,0.12521932247296697,0.022584154804300205,True,0.1110984248588569,0.0005027078047912077,0.0,0.1113055728154666,-0.013913749657500363,False,-0.03649790446180057,-0.03649790446180057
1,45,27470,4,2025-03-20,2026-03-20,0.16795681738998325,0.3455363238334717,0.24294205938810176,0.04151836140434484,0.0031861332921312435,0.038332228112213595,True,0.1404626868719756,0.048763589134590515,0.025938332113662144,0.01698404476965898,0.013797911477527736,True,-0.02453431663468586,-0.02453431663468586
1,60,0,0,1950-01-03,1951-01-03,0.20526259800275248,0.3571298631301461,0.294921522989279,0.136462848541538,0.10004555773382595,0.036417290807712055,True,0.1711309412088473,0.08176851159429671,0.012542388186142617,0.10425779382883205,0.004212236095006094,True,-0.03220505471270596,-0.03220505471270596
1,60,6867,1,1968-10-22,1969-10-22,0.20014409518549403,0.28203186633494487,0.017302358165954823,-0.007819800691017953,-0.03551486810611659,0.02769506741509864,True,0.16427874325566805,0.03846846492006434,0.0,-0.03749031880888143,-0.001975450702764836,False,-0.029670518117863476,-0.029670518117863476
1,60,13735,2,1987-08-12,1988-08-11,0.22034346506390046,0.47815990356687593,0.4001374476833135,0.029773328273528632,-0.015551574743748908,0.04532490301727754,True,0.14136492223692354,0.23385402728265964,-0.03336943017638894,-0.036915977405120315,-0.021364402661371407,False,-0.06668930567864895,-0.06668930567864895
1,60,20602,3,2006-05-31,2007-05-31,0.2000368801459167,0.41508684717496674,0.3663937341525354,0.14874516003442206,0.11677967697905678,0.031965483055365285,True,0.15402999474676804,0.020593214234363968,0.0,0.10467511255924378,-0.012104564419813002,False,-0.04407004747517829,-0.04407004747517829
1,60,27470,4,2025-03-20,2026-03-20,0.23239481927096528,0.4222953382984769,0.3211348985817737,0.04705012168968992,-0.00883012522560267,0.055880246915292586,True,0.18717048667098957,0.05953325427291128,0.04036961741223499,0.008601426289930547,0.017431551515533217,True,-0.03844869539975937,-0.03844869539975937
1,90,0,0,1950-01-03,1951-01-03,0.29923981819497314,0.23325679506916985,0.06911936636933125,0.13434575186934472,0.09132636479002043,0.04301938707932429,True,0.26910579715295424,0.1987182659339278,0.03441285007993988,0.10801840486392145,0.016692040073901016,True,-0.026327347005423274,-0.026327347005423274
1,90,6867,1,1968-10-22,1969-10-22,0.28439025535565987,0.33852663391401944,0.3845720930167995,0.0029896195484211407,-0.023884124636294524,0.026873744184715664,True,0.24064482481560812,0.2796970414789034,0.010524709189369208,-0.03119449755427628,-0.007310372917981756,False,-0.03418411710269742,-0.03418411710269742
1,90,13735,2,1987-08-12,1988-08-11,0.3177501494709183,0.5806407146384668,0.5786167390688302,0.08912430821887574,0.033091264553505306,0.05603304366537043,True,0.1860693391607664,0.19017116526042335,-0.07290718195786816,-0.01978094866929425,-0.05287221322279956,False,-0.10890525688816999,-0.10890525688816999
1,90,20602,3,2006-05-31,2007-05-31,0.3002300764377528,0.6112912168964943,0.5478981446456019,0.14753375375757538,0.10317282408535045,0.044360929672224936,True,0.22663430155716036,0.0011928121134587386,0.0,0.08253771012637245,-0.02063511395897799,False,-0.06499604363120293,-0.06499604363120293
1,90,27470,4,2025-03-20,2026-03-20,0.32304259497148546,0.5369475921611762,0.5888431180922125,0.054546552790652125,-0.0037116546337593315,0.05825820742441146,True,0.2894216480362375,0.12031506326582009,0.05465193375201438,0.027730464962313572,0.031442119596072904,True,-0.026816087828338553,-0.026816087828338553
1,120,0,0,1950-01-03,1951-01-03,0.4066582892581432,0.5467334489246213,0.5934999143519235,0.13553400074670918,0.0763024896521578,0.05923151109455138,True,0.33321568993654793,0.2978666749252879,0.007442037643066612,0.07620745969993159,-9.502995222621102e-05,False,-0.05932654104677759,-0.05932654104677759
1,120,6867,1,1968-10-22,1969-10-22,0.3723246500225832,0.20944743713185207,0.01031151633561267,0.0018047965748047012,-0.02667830228127044,0.02848309885607514,True,0.33203159386319725,0.2454618488086975,0.005509344280004269,-0.02762921127847917,-0.0009509089972087326,False,-0.029434007853283872,-0.029434007853283872
1,120,13735,2,1987-08-12,1988-08-11,0.43060826666356866,0.7429956427173574,0.6121778481506139,0.08129127171224959,0.007719719527698565,0.07357155218455103,True,0.28443839554667005,0.4109691235916032,0.3989907910507742,-0.029259416185072995,-0.03697913571277156,False,-0.11055068789732259,-0.11055068789732259
1,120,20602,3,2006-05-31,2007-05-31,0.4026737418541726,0.7267654135452182,0.5832311476614305,0.1449419296566965,0.08830456039661172,0.05663736926008478,True,0.34184530220305875,0.17674990435434446,0.0,0.09525704517478495,0.006952484778173229,True,-0.04968488448191155,-0.04968488448191155
1,120,27470,4,2025-03-20,2026-03-20,0.4356342889930791,0.8251068684075206,0.6333833313218338,0.063171355285913,-0.012638494477061224,0.07580984976297422,True,0.3894638327574764,0.13968497434642535,0.16102446935732018,0.028956387507772963,0.04159488198483419,True,-0.03421496777814004,-0.03421496777814004
2,15,0,0,1950-01-03,1952-01-03,0.034017676285451603,0.06026847237689655,0.017136559754317604,0.08051467013961533,0.07359924869310319,0.006915421446512138,True,0.01747021766825463,0.0003614884791373947,-0.0007898785674371744,0.07182810247656168,-0.0017711462165415082,False,-0.008686567663053646,-0.008686567663053646
2,15,6776,1,1968-07-23,1970-07-23,0.03982905592004915,0.06482818030059681,0.01473260382022179,-0.05938636708703804,-0.06802347403911113,0.008637106952073093,True,0.02529906329005427,0.0016605143049077298,0.0006718917158932136,-0.06598579353667755,0.002037680502433581,True,-0.006599426449639512,-0.006599426449639512
2,15,13552,2,1987-02-10,1989-02-09,0.047513511291568555,0.0931638234453031,0.052498892480912884,0.05123507953625528,0.03775207913976275,0.013483000396492528,True,0.01693452667780493,0.0010451488024587124,-0.0026872525037819894,0.035767114328884464,-0.001984964810878287,False,-0.015467965207370815,-0.015467965207370815
2,15,20328,3,2005-08-30,2007-08-30,0.03452814731534937,0.057346433093273357,0.03578537586100761,0.06945357409535702,0.062346569536623875,0.007107004558733143,True,0.019426629514488702,0.0005020512826232157,0.0,0.06161386142937286,-0.0007327081072510122,False,-0.007839712665984155,-0.007839712665984155
2,15,27105,4,2024-03-20,2026-03-20,0.03882759291774596,0.060858559890783405,0.03909752083787965,0.03551480991556044,0.0265010517725357,0.009013758143024742,True,0.022586000416646268,0.0029262957392743767,5.4855078658100354e-05,0.027382476415583223,0.0008814246430475237,True,-0.008132333499977218,-0.008132333499977218
2,30,0,0,1950-01-03,1952-01-03,0.0649785422953284,0.13035442337144762,0.07639033336903411,0.08495394347467022,0.07300554332148645,0.01194840015318377,True,0.03703794368267799,0.007793400534437625,0.001145171365170894,0.07061726639330534,-0.00238827692818111,False,-0.01433667708136488,-0.01433667708136488
2,30,6776,1,1968-07-23,1970-07-23,0.07385517392317853,0.13098265464046258,0.08096848391992628,-0.05242732458062349,-0.06674671154891243,0.014319386968288939,True,0.04924563395156589,0.011973661575895463,0.0009447660497181598,-0.06335545313664381,0.0033912584122686162,True,-0.010928128556020322,-0.010928128556020322
2,30,13552,2,1987-02-10,1989-02-09,0.08377230052226681,0.15998403467892844,0.0964717783440785,0.05611816983321849,0.03538526689779542,0.02073290293542307,True,0.033012108805809515,0.007117322415850535,-0.006093829469703493,0.03107216480533892,-0.0043131020924565,False,-0.02504600502787957,-0.02504600502787957
2,30,20328,3,2005-08-30,2007-08-30,0.06329793594838407,0.10087714443296132,0.06919553264683298,0.07100506293844133,0.06004759488341027,0.010957468055031061,True,0.03816868326562384,0.002946552733746097,0.0,0.05826502520896826,-0.0017825696744420139,False,-0.012740037729473075,-0.012740037729473075
2,30,27105,4,2024-03-20,2026-03-20,0.07352956401643551,0.12880908152107615,0.07773783811553536,0.041209695445574956,0.025630910633587245,0.015578784811987711,True,0.050183477241315,0.01862431970268891,0.010571948658624652,0.029818096981562014,0.0041871863479747695,True,-0.011391598464012942,-0.011391598464012942
2,45,0,0,1950-01-03,1952-01-03,0.09567047752460645,0.1720341787460434,0.1189715447427393,0.0873979250730812,0.07080013462075851,0.01659779045232268,True,0.06161842260370576,0.02793983183617627,0.009042327377102088,0.07035550607536378,-0.00044462854539473184,False,-0.017042418997717412,-0.017042418997717412
2,45,6776,1,1968-07-23,1970-07-23,0.10970375068092797,0.1548917175028075,0.04844483655974341,-0.04709689944078632,-0.06759795502437005,0.020501055583583727,True,0.07315782613967592,0.03734726501017878,0.003935364526595708,-0.06293000711790753,0.004667947906462522,True,-0.015833107677121205,-0.015833107677121205
2,45,13552,2,1987-02-10,1989-02-09,0.12619396560683693,0.1969749935638104,0.139057607385351,0.06236028332151511,0.03186062035645576,0.03049966296505935,True,0.05914968682896693,0.07273787405995179,0.0004750624179110652,0.030231371601104895,-0.001629248755350865,False,-0.032128911720410214,-0.032128911720410214
2,45,20328,3,2005-08-30,2007-08-30,0.09201934439273463,0.1851806942464607,0.12674995967894587,0.07358633187913388,0.058966450887520505,0.014619880991613377,True,0.05765347580391578,0.006710338028339281,0.0,0.05654683307282782,-0.0024196178146926872,False,-0.017039498806306064,-0.017039498806306064
2,45,27105,4,2024-03-20,2026-03-20,0.10041570989171289,0.17699138006362367,0.13154141608270664,0.04375857565450536,0.0256068672420684,0.018151708412436962,True,0.06547673960789924,0.015597900985336177,0.005954688114016449,0.027043535628482163,0.0014366683864137642,True,-0.016715040026023198,-0.016715040026023198
2,60,0,0,1950-01-03,1952-01-03,0.12402927002830055,0.23225529048578983,0.15435445623632815,0.08972581926487022,0.06980346207315846,0.01992235719171176,True,0.08328681928643511,0.05093419659607707,0.012542388186142617,0.06978047953222677,-2.2982540931693052e-05,False,-0.019945339732643452,-0.019945339732643452
2,60,6776,1,1968-07-23,1970-07-23,0.13688004253153463,0.20211887659551056,0.15211638355484114,-0.04198643115738754,-0.06483505984813154,0.022848628690744,True,0.09477880333416322,0.07902858229709202,0.003807376277514374,-0.05990462390369078,0.004930435944440759,True,-0.01791819274630324,-0.01791819274630324
2,60,13552,2,1987-02-10,1989-02-09,0.13660970878083423,0.23211341764832055,0.1480249861679157,0.05990860181032631,0.03475289231173684,0.025155709498589474,True,0.06920084073080135,0.09080740202525626,0.020408412583405866,0.027976741516886783,-0.0067761507948500554,False,-0.03193186029343953,-0.03193186029343953
2,60,20328,3,2005-08-30,2007-08-30,0.11552588936326913,0.23433827544612684,0.15300305213321974,0.07416509667069948,0.05854154442049708,0.0156235522502024,True,0.07902965537539508,0.019874028494378592,0.0,0.0564354171966297,-0.0021061272238673823,False,-0.01772967947406978,-0.01772967947406978
2,60,27105,4,2024-03-20,2026-03-20,0.13407430071720516,0.23383892607942078,0.15028071082424788,0.04489751360148708,0.021238517204562157,0.023658996396924925,True,0.10402494692469677,0.09127509588831854,0.029557564739910003,0.030951869935880394,0.009713352731318237,True,-0.013945643665606688,-0.013945643665606688
2,90,0,0,1950-01-03,1952-01-03,0.1707942806595102,0.20191585161472303,0.19135222734129087,0.09110698930291417,0.06954083012283152,0.021566159180082645,True,0.13257451858643599,0.12341106089224219,0.03441285007993988,0.07313781463980829,0.0035969845169767645,True,-0.01796917466310588,-0.01796917466310588
2,90,6776,1,1968-07-23,1970-07-23,0.199435200087543,0.20264748099151594,0.11245256985167251,-0.03530260002775176,-0.06573636381243908,0.030433763784687318,True,0.13892360899840916,0.18335085766446535,0.17063952735155175,-0.05996870647870223,0.005767657333736853,True,-0.024666106450950465,-0.024666106450950465
2,90,13552,2,1987-02-10,1989-02-09,0.22259619913993678,0.4007662843514533,0.28455021030186267,0.08047406529567702,0.03642221697738668,0.04405184831829034,True,0.12284706523940203,0.1238632731771257,0.024101198402130874,0.035429351952734445,-0.0009928650246522341,False,-0.04504471334294258,-0.04504471334294258
2,90,20328,3,2005-08-30,2007-08-30,0.1742617641742228,0.29838951227766747,0.24361356139899093,0.07457168498045008,0.051774942393094214,0.022796742587355867,True,0.12544649489777226,0.026875498417031563,0.0,0.05198378115370472,0.000208838760610508,True,-0.02258790382674536,-0.02258790382674536
2,90,27105,4,2024-03-20,2026-03-20,0.17482986827139535,0.2547816646042853,0.21930686241097996,0.0463720599083961,0.023925738905198557,0.022446321003197545,True,0.15021537025982368,0.1396033484954604,0.03969056202400356,0.03534497294499972,0.011419234039801163,True,-0.011027086963396382,-0.011027086963396382
2,120,0,0,1950-01-03,1952-01-03,0.23777799255537113,0.36996625504442454,0.33129435006339847,0.09114159033438352,0.05931305911462337,0.03182853121976015,True,0.17319034950109868,0.18566916390258037,0.02349782391472255,0.06227265428174822,0.002959595167124851,True,-0.028868936052635297,-0.028868936052635297
2,120,6776,1,1968-07-23,1970-07-23,0.2546203877694604,0.2217375230379876,0.1116476946073357,-0.026863440240118552,-0.06161684469427409,0.034753404454155534,True,0.16420112972717504,0.2918899648284611,0.27189008437683815,-0.0626095989719021,-0.0009927542776280163,False,-0.03574615873178355,-0.03574615873178355
2,120,13552,2,1987-02-10,1989-02-09,0.2532283177995214,0.5301705388461495,0.4892213524977347,0.06460403576100404,0.027154464655267496,0.037449571105736545,True,0.16335183529237707,0.22686326741553894,0.1938931807518054,0.025693208411261548,-0.0014612562440059484,False,-0.038910827349742494,-0.038910827349742494
2,120,20328,3,2005-08-30,2007-08-30,0.21277045819009088,0.3675897039078068,0.303475226245115,0.07516807527948366,0.054519672895989135,0.020648402383494524,True,0.1625198360154254,0.10037538818828794,0.0076046339043795985,0.05264261473860232,-0.0018770581573868128,False,-0.022525460540881337,-0.022525460540881337
2,120,27105,4,2024-03-20,2026-03-20,0.2530509522153632,0.4111687054613621,0.29055041140311033,0.05256244412705158,0.015608379779904036,0.03695406434714754,True,0.2296991270089701,0.4267907582887823,0.26293914932522067,0.042701838220082555,0.02709345844017852,True,-0.009860605906969022,-0.009860605906969022
3,15,0,0,1950-01-03,1953-01-03,0.014468497384794832,0.04790836140006136,0.017136559754317604,0.06414844776116024,0.05906171786650605,0.005086729894654196,True,-0.000417940521871496,5.8036820784382495e-05,-0.0006120554668475053,0.05891405464191357,-0.00014766322459247583,False,-0.005234393119246672,-0.005234393119246672
3,15,6684,1,1968-04-22,1971-04-23,0.02746535211543244,0.036173281614209525,0.015089281063987325,0.04623402991598646,0.04154133911681446,0.004692690799172006,True,0.011232120570287663,-3.26286903023258e-05,0.0,0.040696093865238314,-0.0008452452515761433,False,-0.005537936050748149,-0.005537936050748149
3,15,13369,2,1986-08-11,1989-08-11,0.037497766137451816,0.07020498610118159,0.0410489828417131,0.08484391331343843,0.07648649568150256,0.00835741763193587,True,0.008669253299383506,0.006179752093798028,-0.0024838417662023105,0.0747036519266322,-0.0017828437548703668,False,-0.010140261386806237,-0.010140261386806237
3,15,20054,3,2004-11-29,2007-11-30,0.027903070713251488,0.0461718714648832,0.02751443587619984,0.054983033142026905,0.05010203473432995,0.004880998407696957,True,0.011953208410584004,8.578432331803968e-05,0.0,0.049499125209278017,-0.0006029095250519312,False,-0.005483907932748888,-0.005483907932748888
3,15,26739,4,2023-03-20,2026-03-20,0.030381002819325875,0.059106234658340126,0.032318148367436184,0.0485542988387333,0.042865906410379795,0.005688392428353506,True,0.01255575023291211,0.0005205255393565527,0.000346810729098479,0.04247392706790465,-0.0003919793424751461,False,-0.006080371770828652,-0.006080371770828652
3,30,0,0,1950-01-03,1953-01-03,0.04916954847392385,0.10135797791029814,0.05813619693323835,0.0670380165668174,0.059731146894012044,0.007306869672805361,True,0.024043630747644595,0.005517572645725023,0.0009131613027983931,0.05844529626232364,-0.001285850631688401,False,-0.008592720304493762,-0.008592720304493762
3,30,6684,1,1968-04-22,1971-04-23,0.05344375010193203,0.09192260883409317,0.05957158159390996,0.04985064423243735,0.04125625754031281,0.008594386692124534,True,0.025167155126860408,0.007034007425800645,0.0005775207792084736,0.04037409158948635,-0.0008821659508264634,False,-0.009476552642950997,-0.009476552642950997
3,30,13369,2,1986-08-11,1989-08-11,0.06821883455427535,0.11719831505140771,0.0744853585006966,0.08920602265382738,0.07528677859271649,0.013919244061110891,True,0.020045491286391437,0.035321767807834144,-0.002295529075303615,0.07258403326792595,-0.002702745324790534,False,-0.016621989385901426,-0.016621989385901426
3,30,20054,3,2004-11-29,2007-11-30,0.04961085398443288,0.07121671791822609,0.049093185145239415,0.057796181529634394,0.05041196280493887,0.007384218724695524,True,0.02553218016309655,0.005115464463890058,0.002103903381931671,0.049646562471073796,-0.0007654003338650739,False,-0.008149619058560598,-0.008149619058560598
3,30,26739,4,2023-03-20,2026-03-20,0.05530409233312694,0.08771986966438025,0.06077156775296655,0.05193334959258333,0.04270861938891657,0.009224730203666764,True,0.027550233932303048,0.002586906924343563,0.0007087860158603299,0.04263168144774476,-7.69379411718063e-05,False,-0.00930166814483857,-0.00930166814483857
3,45,0,0,1950-01-03,1953-01-03,0.07229575705694957,0.1364362508391664,0.08581528463679033,0.06843948283123713,0.05816107427848394,0.010278408552753193,True,0.040122759417068776,0.020557379985507333,0.007522101993771235,0.05763767280614229,-0.0005234014723416447,False,-0.010801810025094838,-0.010801810025094838
3,45,6684,1,1968-04-22,1971-04-23,0.06936800704065416,0.10571631956544443,0.0723689066746187,0.052117881814911726,0.0429555398858279,0.009162341929083828,True,0.031699380116482656,0.014149268378276552,0.0,0.03961909327061108,-0.003336446615216815,False,-0.012498788544300643,-0.012498788544300643
3,45,13369,2,1986-08-11,1989-08-11,0.10113078213489435,0.18307984891437135,0.11233021817147093,0.09267527485870364,0.07264555387011185,0.020029720988591793,True,0.037200649714788536,0.021853131371083818,0.003861752401545626,0.07111076275205819,-0.0015347911180536578,False,-0.02156451210664545,-0.02156451210664545
3,45,20054,3,2004-11-29,2007-11-30,0.07036865068019171,0.11571499194346513,0.07468061359659406,0.058581080877001535,0.04903542505409764,0.009545655822903898,True,0.037915869062153496,0.005726461002601948,0.0018244410775063447,0.047775087889417645,-0.0012603371646799921,False,-0.01080599298758389,-0.01080599298758389
3,45,26739,4,2023-03-20,2026-03-20,0.07745561668952994,0.13753299739497618,0.09001314003519534,0.053754485936926555,0.04195831426415664,0.011796171672769917,True,0.043598830366956554,0.011694050296410885,0.005914448439715336,0.04260200433286698,0.0006436900687103453,True,-0.011152481604059572,-0.011152481604059572
3,60,0,0,1950-01-03,1953-01-03,0.09105874590244967,0.1814911015273504,0.11055216737980622,0.0701809338123347,0.05843676368362205,0.01174417012871265,True,0.05377053516688601,0.03665090280928425,0.011304204974742493,0.057839387379268636,-0.0005973763043534142,False,-0.012341546433066064,-0.012341546433066064
3,60,6684,1,1968-04-22,1971-04-23,0.09379571978482071,0.12217223144967485,0.09917302453783261,0.05454271458110371,0.04211019077270617,0.012432523808397544,True,0.042816927857592724,0.03937269568905808,0.0,0.03790204896820337,-0.004208141804502796,False,-0.01664066561290034,-0.01664066561290034
3,60,13369,2,1986-08-11,1989-08-11,0.10761481744530355,0.21584818479874165,0.13303762865533053,0.09188223132783757,0.07450432494322867,0.0173779063846089,True,0.035520853933467045,0.026857474052656472,0.0007902920562168347,0.067664293265699,-0.006840031677529668,False,-0.024217938062138566,-0.024217938062138566
3,60,20054,3,2004-11-29,2007-11-30,0.08431424582402292,0.15306375048582152,0.09354235957980683,0.05899858936446667,0.049554302529950744,0.009444286834515925,True,0.05332330881767966,0.03466212243194874,0.0066966902456000454,0.04881409735879405,-0.0007402051711566937,False,-0.010184492005672618,-0.010184492005672618
3,60,26739,4,2023-03-20,2026-03-20,0.09701602301012557,0.175130955696417,0.10759144349971783,0.0540240791160147,0.04057769609001349,0.013446383026001207,True,0.06436810098521817,0.03388884417649046,0.015383789401072656,0.043464847914277405,0.0028871518242639116,True,-0.010559231201737296,-0.010559231201737296
3,90,0,0,1950-01-03,1953-01-03,0.12614778606999066,0.16385515553231633,0.06911936636933125,0.07078311921585612,0.05702821271570402,0.013754906500152098,True,0.08809092585880274,0.09138494885347613,0.025844836724888243,0.0585743689256808,0.001546156209976779,True,-0.012208750290175319,-0.012208750290175319
3,90,6684,1,1968-04-22,1971-04-23,0.1349167271641265,0.19494207618926124,0.15394699757674912,0.056289021608412426,0.04004070856877662,0.01624831303963581,True,0.06838776378475098,0.07986663038315187,0.0,0.035236868231928176,-0.004803840336848442,False,-0.02105215337648425,-0.02105215337648425
3,90,13369,2,1986-08-11,1989-08-11,0.1763294149326884,0.3374629422726832,0.24701056696684853,0.10083872267182992,0.07103616013796277,0.02980256253386715,True,0.08439684906522249,0.08871529380524386,0.0554409057950811,0.07138644674910322,0.000350286611140449,True,-0.0294522759227267,-0.0294522759227267
3,90,20054,3,2004-11-29,2007-11-30,0.12439515106502896,0.19475862546420875,0.15090070440730474,0.060060145056429315,0.046998636043728226,0.013061509012701089,True,0.08591746021944502,0.07762328980971431,0.01195761355310676,0.047830270511664,0.0008316344679357712,True,-0.012229874544765318,-0.012229874544765318
3,90,26739,4,2023-03-20,2026-03-20,0.13795904507469814,0.2720455237540499,0.1865489999688834,0.05483951926218689,0.03768731528785185,0.017152203974335034,True,0.10536686275698814,0.09046458413892906,0.03536083666589107,0.04467360369404827,0.006986288406196417,True,-0.010165915568138617,-0.010165915568138617
3,120,0,0,1950-01-03,1953-01-03,0.17385270739676106,0.2950024726364512,0.21168552690420483,0.07145637132200999,0.0520030685905819,0.01945330273142809,True,0.12102121320012138,0.14250244345362564,0.02349782391472255,0.0551235922184643,0.003120523627882399,True,-0.01633277910354569,-0.01633277910354569
3,120,6684,1,1968-04-22,1971-04-23,0.17120305554749837,0.252021912757824,0.19139003600207904,0.060025638520061486,0.04158137803229178,0.018444260487769704,True,0.08198943345843746,0.10899841101381469,0.009832516916870926,0.03240300525480011,-0.009178372777491672,False,-0.027622633265261376,-0.027622633265261376
3,120,13369,2,1986-08-11,1989-08-11,0.19828208110709422,0.38378985153196116,0.29248613138038304,0.10354579009485287,0.07611576595945069,0.027430024135402187,True,0.08652425576493727,0.15915341671774805,0.16365945958342532,0.06812081452251872,-0.007994951436931963,False,-0.03542497557233415,-0.03542497557233415
3,120,20054,3,2004-11-29,2007-11-30,0.15606627210295843,0.24757257678545277,0.16812530572256157,0.06071360287624783,0.0467855074972916,0.013928095378956229,True,0.10314460506191026,0.141627063226588,0.019028395842163537,0.044278308883093365,-0.002507198614198236,False,-0.016435293993154465,-0.016435293993154465
3,120,26739,4,2023-03-20,2026-03-20,0.1867066263402497,0.25309184002279383,0.2190408488036133,0.05845332192463415,0.03548844784894811,0.022964874075686037,True,0.14458878173868173,0.17522716894165946,0.15448603708088915,0.045783076231485476,0.010294628382537363,True,-0.012670245693148674,-0.012670245693148674
4,15,0,0,1950-01-03,1954-01-03,0.02257227757895497,0.04123510261058981,0.017000337346242844,0.03019849507492678,0.02708951914866331,0.0031089759262634686,True,0.008943065548686846,-3.2005256844760246e-05,-0.0005119675362253995,0.02674140216997789,-0.0003481169786854199,False,-0.0034570929049488885,-0.0034570929049488885
4,15,6593,1,1968-01-22,1972-01-22,0.025827679731361464,0.03653465553071315,0.0160243822694488,0.02102225401094171,0.01713607177032639,0.0038861822406153212,True,0.009054201961061548,-0.00021737950911563693,-0.00017422679803347219,0.016819818799860053,-0.00031625297046633527,False,-0.0042024352110816565,-0.0042024352110816565
4,15,13187,2,1986-02-10,1990-02-10,0.03432893182996999,0.057492924708838794,0.035866426047951205,0.05946389678206354,0.05325452045797485,0.006209376324088689,True,0.0072561515289206735,0.00018030190762076398,-0.0011805500884057851,0.05245734514559475,-0.0007971753123801051,False,-0.007006551636468794,-0.007006551636468794
4,15,19780,3,2004-02-29,2008-02-29,0.0235183276174582,0.03604502791262838,0.014007213087813719,0.02368536093972229,0.020364184613250957,0.003321176326471331,True,0.009781569899457665,-4.505469618636302e-05,-5.314042411497244e-05,0.020230827143471908,-0.0001333574697790496,False,-0.003454533796250381,-0.003454533796250381
4,15,26374,4,2022-03-20,2026-03-20,0.027706443661874358,0.04338489832157278,0.027921959273473185,0.05154043820240428,0.04705868739303476,0.004481750809369522,True,0.008716617937314153,0.005283397846091835,-0.00032604839057504,0.04664551235700709,-0.0004131750360276687,False,-0.004894925845397191,-0.004894925845397191
4,30,0,0,1950-01-03,1954-01-03,0.0423647804130054,0.08601095045491067,0.04629155844710686,0.03280044643056579,0.02741412558469558,0.005386320845870207,True,0.019010108206194642,0.00481495962288247,0.0008575276840965262,0.026954129044188813,-0.0004599965405067685,False,-0.005846317386376976,-0.005846317386376976
4,30,6593,1,1968-01-22,1972-01-22,0.04868625738406873,0.06415887730302948,0.04965218814087047,0.023786503315415874,0.01691514304661923,0.006871360268796645,True,0.020229862336738957,0.004190225911205572,0.0,0.01676471808153157,-0.0001504249650876588,False,-0.007021785233884303,-0.007021785233884303
4,30,13187,2,1986-02-10,1990-02-10,0.05846757993091911,0.0821278733976237,0.06383498225823936,0.06231430785984671,0.05273644738540528,0.009577860474441424,True,0.01750974611699707,0.007720792396009068,0.0,0.05187794785318989,-0.0008584995322153954,False,-0.01043636000665682,-0.01043636000665682
4,30,19780,3,2004-02-29,2008-02-29,0.04181729270693357,0.05325676509590407,0.02306234805955487,0.02566813087469466,0.020460429224659293,0.005207701650035368,True,0.020334708537019797,0.004492817324954468,0.002279531448992733,0.020335710370301907,-0.00012471885435738628,False,-0.005332420504392754,-0.005332420504392754
4,30,26374,4,2022-03-20,2026-03-20,0.04716417218698821,0.06469480083692467,0.04911064268672294,0.05409674270303899,0.04740247174396428,0.006694270959074711,True,0.017086570015339975,0.022266975572502637,-0.003549878227691816,0.04643941725407208,-0.0009630544898922011,False,-0.007657325448966912,-0.007657325448966912
4,45,0,0,1950-01-03,1954-01-03,0.06180871701536317,0.11593214996753434,0.06794390127954308,0.03402927539354028,0.02649237956331385,0.007536895830226431,True,0.03151333938512857,0.01774662223413934,0.006399035329665681,0.026558039238604003,6.565967529015282e-05,True,-0.007471236154936278,-0.007471236154936278
4,45,6593,1,1968-01-22,1972-01-22,0.0651029427095533,0.09639635911881748,0.06706467745980538,0.025928984411687006,0.017672389630310592,0.008256594781376414,True,0.026125396901184317,0.011201850657634696,0.0019204469775986333,0.01640487684235281,-0.0012675127879577808,False,-0.009524107569334195,-0.009524107569334195
4,45,13187,2,1986-02-10,1990-02-10,0.08665017017543941,0.14342774822394125,0.08899534151899124,0.06494719449932562,0.051096850270742955,0.013850344228582667,True,0.031711946260346346,0.023625475427246873,0.00583732919714941,0.051214620270511046,0.00011776999976809144,True,-0.013732574228814576,-0.013732574228814576
4,45,19780,3,2004-02-29,2008-02-29,0.058936101482608416,0.08139012099117802,0.058936101482608416,0.02634441324173986,0.01956449706377006,0.0067799161779698025,True,0.03126934710479312,0.02041825539817555,0.00491391840734301,0.019569282274201516,4.7852104314571875e-06,True,-0.006775130967538345,-0.006775130967538345
4,45,26374,4,2022-03-20,2026-03-20,0.06679474278655406,0.10108118300589486,0.07366177096473248,0.055934382299629215,0.047020499705750396,0.008913882593878819,True,0.029563894442681704,0.04590628048458243,0.005254023436735755,0.046591971174617886,-0.00042852853113251044,False,-0.00934241112501133,-0.00934241112501133
4,60,0,0,1950-01-03,1954-01-03,0.07667092798355313,0.15207496403200574,0.08334618882660827,0.03539271691814738,0.026855106169169973,0.008537610748977409,True,0.0439807396599714,0.03120048502681122,0.00924338061463681,0.027426096723726312,0.0005709905545563387,True,-0.00796662019442107,-0.00796662019442107
4,60,6593,1,1968-01-22,1972-01-22,0.08728605719208371,0.15155296580517547,0.09593658019976803,0.027596323703299452,0.01663625044499706,0.010960073258302394,True,0.04137273677234843,0.022823749113918608,-0.0008130997536106577,0.016564476981975274,-7.177346302178478e-05,False,-0.011031846721324179,-0.011031846721324179
4,60,13187,2,1986-02-10,1990-02-10,0.09291837973835237,0.13946673406343577,0.10568153808232617,0.06495807603546089,0.052238526483511905,0.012719549551948983,True,0.029917459500738097,0.04793331202975787,0.005879005637814627,0.04925674277358372,-0.0029817837099281874,False,-0.01570133326187717,-0.01570133326187717
4,60,19780,3,2004-02-29,2008-02-29,0.07696721949116725,0.12054082758194523,0.0802672252629335,0.028124284799573518,0.019587986698327065,0.008536298101246453,True,0.04208142416030758,0.02209501205960036,0.006406477555028989,0.019689532677649835,0.00010154597932277021,True,-0.008434752121923683,-0.008434752121923683
4,60,26374,4,2022-03-20,2026-03-20,0.0791594784758829,0.11669031526615653,0.08669256520248148,0.056885415438222564,0.04757725297093174,0.009308162467290826,True,0.04418360436971591,0.06155895132282856,0.009778068266040663,0.04820991836574362,0.0006326653948118821,True,-0.008675497072478944,-0.008675497072478944
4,90,0,0,1950-01-03,1954-01-03,0.10488662778342883,0.14077353035289367,0.06286585018544821,0.03664886393760991,0.026539682397879183,0.010109181539730727,True,0.06615731297275351,0.07637818819635002,0.02329085521260499,0.027423743296518976,0.0008840608986397935,True,-0.009225120641090934,-0.009225120641090934
4,90,6593,1,1968-01-22,1972-01-22,0.12188355904709369,0.17139497100436332,0.13008429275150757,0.029017768122470144,0.015112365866482458,0.013905402255987687,True,0.0649265381762234,0.06985276610575851,0.03977524161198631,0.015691845473092325,0.0005794796066098673,True,-0.01332592264937782,-0.01332592264937782
4,90,13187,2,1986-02-10,1990-02-10,0.14523183053177746,0.2550133769967974,0.191370768079282,0.07066262730831263,0.0507658492104075,0.019896778097905132,True,0.07271716321532451,0.10209707708941383,0.02460790784910105,0.053284598284776274,0.0025187490743687757,True,-0.017378029023536357,-0.017378029023536357
4,90,19780,3,2004-02-29,2008-02-29,0.10163947663497663,0.12875405246453722,0.10967888741726317,0.028128115430346545,0.018865619247309784,0.009262496183036761,True,0.072877119385371,0.07122389021668003,0.022928548408163607,0.02134599808917259,0.002480378841862807,True,-0.006782117341173954,-0.006782117341173954
4,90,26374,4,2022-03-20,2026-03-20,0.11106552956478843,0.21847487959225886,0.1407882323033014,0.05849387879295653,0.04672438855869365,0.01176949023426288,True,0.06579760895685416,0.06907934855747593,0.01504083489376673,0.047536162682716654,0.0008117741240230014,True,-0.010957716110239879,-0.010957716110239879
4,120,0,0,1950-01-03,1954-01-03,0.1471326181040209,0.24847349164611768,0.16640255391653502,0.03727728745521475,0.02251386162189095,0.014763425833323796,True,0.10557106235087654,0.12472979466686988,0.025576543319714817,0.027732008400630948,0.005218146778739996,True,-0.0095452790545838,-0.0095452790545838
4,120,6593,1,1968-01-22,1972-01-22,0.1583097463497094,0.16891000845844734,0.08374742455459994,0.03120271008108344,0.014082803478122852,0.01711990660296059,True,0.09635573884904214,0.15316916223716834,0.08125755743651819,0.017118734483994924,0.0030359310058720723,True,-0.014083975597088516,-0.014083975597088516
4,120,13187,2,1986-02-10,1990-02-10,0.17000160755709892,0.2640761052931075,0.22837953165809277,0.0673831539590104,0.04702857125776605,0.02035458270124435,True,0.0729815253928745,0.12780662546938343,0.019944856924399845,0.04451661669956408,-0.0025119545582019676,False,-0.022866537259446318,-0.022866537259446318
4,120,19780,3,2004-02-29,2008-02-29,0.13076237637012378,0.15606424360009752,0.13991475896749206,0.030550040581593496,0.019561875030362996,0.0109881655512305,True,0.08553631085785018,0.11159101854789737,0.012013245231869418,0.02008015936043317,0.0005182843300701734,True,-0.010469881221160326,-0.010469881221160326
4,120,26374,4,2022-03-20,2026-03-20,0.1476228217287825,0.19935722572604567,0.16149576842439473,0.06036861043976405,0.04518533720221107,0.015183273237552974,True,0.0860618997224889,0.12794918071553146,0.08606189972248868,0.045843287980904535,0.0006579507786934613,True,-0.014525322458859513,-0.014525322458859513
5,15,0,0,1950-01-03,1955-01-03,0.01973837585580074,0.03686637031705197,0.02011705263968988,0.09316282134820875,0.09069132186061668,0.002471499487592066,True,0.005083027628818515,-8.487774030403257e-05,-0.0004331871705873791,0.09000205286430729,-0.000689268996309389,False,-0.003160768483901455,-0.003160768483901455
5,15,6502,1,1967-10-23,1972-10-22,0.023256348452067144,0.03926339477014212,0.016294942464429196,0.0210886007856379,0.01807517811124648,0.0030134226743914194,True,0.007065917036394476,-0.00016173184945161904,-0.00018457306865926615,0.017832722666919265,-0.00024245544432721644,False,-0.003255878118718636,-0.003255878118718636
5,15,13004,2,1985-08-11,1990-08-11,0.02951925259923427,0.048317454326231773,0.02983446772331,0.05775876931918855,0.05334926578944388,0.004409503529744674,True,0.00823489352514617,0.0018167133407104479,0.0017920494728211889,0.05334307979906705,-6.185990376827988e-06,False,-0.004415689520121502,-0.004415689520121502
5,15,19506,3,2003-05-31,2008-05-30,0.022960302439396285,0.036079833577703765,0.022785794308051388,0.029065031060104163,0.026087521596590557,0.0029775094635136057,True,0.007447769853758945,0.00042017504297587775,0.00035039032514316837,0.025921036692729604,-0.00016648490386095283,False,-0.0031439943673745585,-0.0031439943673745585
5,15,26009,4,2021-03-20,2026-03-20,0.025065410151041467,0.04486446495343687,0.019154262957470358,0.044838289177539625,0.041386359975003506,0.0034519292025361192,True,0.007592275990759845,0.0003600725715573166,-0.0005621494258662985,0.04124729792852988,-0.00013906204647362586,False,-0.003590991249009745,-0.003590991249009745
5,30,0,0,1950-01-03,1955-01-03,0.036587753463322326,0.07600308446255886,0.040475228852137946,0.09536272259292389,0.09111927638422834,0.004243446208695545,True,0.011036397602695702,0.003936974493034877,0.0008231938884881718,0.08990790755640354,-0.0012113688278247992,False,-0.005454815036520344,-0.005454815036520344
5,30,6502,1,1967-10-23,1972-10-22,0.04292562582989312,0.07058546576727331,0.04493484250664248,0.023159903872242316,0.01794855302572329,0.005211350846519025,True,0.01535007074968786,0.005066610728909527,0.00011409599730582975,0.01768443979773915,-0.00026411322798414183,False,-0.005475464074503167,-0.005475464074503167
5,30,13004,2,1985-08-11,1990-08-11,0.05190331819639726,0.08664575810524774,0.053852047621812504,0.06050774700468331,0.05329675608316031,0.007210990921522997,True,0.010992697439617505,0.0017457969405034752,-0.0014409823193488602,0.05211698998737968,-0.0011797660957806322,False,-0.00839075701730363,-0.00839075701730363
5,30,19506,3,2003-05-31,2008-05-30,0.0381705831800796,0.06807457131728718,0.03797755812109549,0.030695833716329668,0.026384892705366703,0.004310941010962965,True,0.01664317102476165,0.003872966049788037,0.002092996940391112,0.026380142762508774,-4.749942857928957e-06,False,-0.004315690953820894,-0.004315690953820894
5,30,26009,4,2021-03-20,2026-03-20,0.04281420439466643,0.062388235879669435,0.04322876550540067,0.04680412799973377,0.041494630048798165,0.005309497950935604,True,0.01537502443727301,0.006410563500799404,0.0005122279418097175,0.041229531821521226,-0.00026509822727693866,False,-0.005574596178212543,-0.005574596178212543
5,45,0,0,1950-01-03,1955-01-03,0.05325795097461006,0.10332579101952427,0.059256136627678924,0.09616291287786827,0.09021613359963232,0.005946779278235947,True,0.019053909562923188,0.014887774463681426,0.0055768414997365845,0.08894813211870845,-0.0012680014809238749,False,-0.007214780759159822,-0.007214780759159822
5,45,6502,1,1967-10-23,1972-10-22,0.05560007371083531,0.0632868087022759,0.03386547638814119,0.02475317447622083,0.018734493340315073,0.006018681135905757,True,0.020025271698631553,0.009996675170792018,0.0017737007201144017,0.017742482530891612,-0.0009920108094234603,False,-0.007010691945329217,-0.007010691945329217
5,45,13004,2,1985-08-11,1990-08-11,0.07586216633353238,0.1262586507316543,0.07696107558247656,0.0620942259276267,0.05184392935932869,0.010250296568298012,True,0.022804594814286983,0.010367042879076768,0.002897743177506351,0.05139240644105447,-0.0004515229182742164,False,-0.010701819486572228,-0.010701819486572228
5,45,19506,3,2003-05-31,2008-05-30,0.05533279636920385,0.09080110175595263,0.05568228995428348,0.031304388600321253,0.025299220577360337,0.006005168022960916,True,0.026558994666641134,0.010936435380019855,0.005166826207509523,0.02561130551197177,0.00031208493461143405,True,-0.005693083088349482,-0.005693083088349482
5,45,26009,4,2021-03-20,2026-03-20,0.061988523869181744,0.08071787294424485,0.06181699639569249,0.04835001650472637,0.040934293011805734,0.007415723492920634,True,0.026537062554501167,0.017541438898636064,0.00492432385780206,0.04124668228880313,0.0003123892769973935,True,-0.0071033342159232404,-0.0071033342159232404
5,60,0,0,1950-01-03,1955-01-03,0.06627522924765183,0.13513471724267698,0.07443064263543842,0.0970325438052837,0.09016782912297883,0.006864714682304873,True,0.027110939210105656,0.026241695490507554,0.007674220760868655,0.08885154860355549,-0.0013162805194233407,False,-0.008180995201728214,-0.008180995201728214
5,60,6502,1,1967-10-23,1972-10-22,0.07484661502611445,0.09114158445221657,0.047204308478278056,0.02590909596879265,0.017849222796739506,0.008059873172053145,True,0.02830411609669592,0.03515606530041531,0.0024112474348403357,0.016855293098547053,-0.0009939296981924528,False,-0.009053802870245597,-0.009053802870245597
5,60,13004,2,1985-08-11,1990-08-11,0.0830340096388893,0.15232638826319536,0.09093438918236352,0.062416021647060616,0.05246884065568791,0.009947180991372706,True,0.020970981768462904,0.013449959750622464,0.0,0.04993532878350937,-0.00253351187217854,False,-0.012480692863551246,-0.012480692863551246
5,60,19506,3,2003-05-31,2008-05-30,0.06496648673977301,0.12519783976126864,0.06703486329391706,0.03237713012865151,0.026162273643748568,0.006214856484902942,True,0.03235688132828862,0.012728436057556762,0.0043372651245576765,0.025968025863917,-0.00019424777983156893,False,-0.006409104264734511,-0.006409104264734511
5,60,26009,4,2021-03-20,2026-03-20,0.07200089835156898,0.12231387430341481,0.07875867092949207,0.04900233021697087,0.041313681976394845,0.007688648240576024,True,0.03812024658652069,0.033883545486608775,0.011887357337528437,0.04227786409139922,0.000964182115004375,True,-0.006724466125571649,-0.006724466125571649
5,90,0,0,1950-01-03,1955-01-03,0.08906061979233426,0.1314595274128309,0.09155188138243542,0.09762596160945192,0.08963585438150168,0.007990107227950238,True,0.040854355243509444,0.06291238949699696,0.02058065096455519,0.08773076999238394,-0.0019050843891177394,False,-0.009895191617067978,-0.009895191617067978
5,90,6502,1,1967-10-23,1972-10-22,0.10270687908913523,0.13872231569214863,0.10695405115260237,0.02715093263277657,0.017126243909874717,0.010024688722901853,True,0.04650591541141291,0.03908118864674034,0.0067923040228254905,0.01644756705374406,-0.0006786768561306555,False,-0.010703365579032509,-0.010703365579032509
5,90,13004,2,1985-08-11,1990-08-11,0.13305317104567838,0.2390378706032728,0.16148648835554225,0.06630031846806683,0.05016897568360923,0.016131342784457603,True,0.05481695595860647,0.04745659813210946,0.01574593730054552,0.05113194558104639,0.0009629698974371603,True,-0.015168372887020443,-0.015168372887020443
5,90,19506,3,2003-05-31,2008-05-30,0.09372790750065452,0.1506215232118317,0.09618465884894678,0.03300472736752447,0.024599025224435467,0.008405702143089,True,0.05853842481648419,0.04220288560000531,0.014080306061632575,0.026262055485079427,0.0016630302606439606,True,-0.006742671882445039,-0.006742671882445039
5,90,26009,4,2021-03-20,2026-03-20,0.10081914576973894,0.18132562072559685,0.11704455964654992,0.050496995278363155,0.040601422733868464,0.00989557254449469,True,0.05681374625084956,0.05483042232776595,0.01670299682284071,0.041950144669432365,0.0013487219355639013,True,-0.00854685060893079,-0.00854685060893079
5,120,0,0,1950-01-03,1955-01-03,0.12566796395656477,0.22483460151809434,0.1471326181040209,0.09769998806634295,0.08594218106116847,0.011757807005174481,True,0.06886247321198513,0.10484813916591346,0.025902690062032052,0.08638897184088279,0.00044679077971432335,True,-0.011311016225460158,-0.011311016225460158
5,120,6502,1,1967-10-23,1972-10-22,0.1349942071692949,0.18160545354129828,0.14287512305533,0.029817395488626275,0.017092815975529918,0.012724579513096357,True,0.07179134706051138,0.09644774202673174,0.026763440406108563,0.01806944873466021,0.0009766327591302915,True,-0.011747946753966065,-0.011747946753966065
5,120,13004,2,1985-08-11,1990-08-11,0.16085980064729855,0.29044542907164134,0.20759715001355428,0.06767337916535476,0.04973369521440074,0.017939683950954022,True,0.05404648407499568,0.0818635682288577,0.02099197114648166,0.047234812177926244,-0.0024988830364744974,False,-0.02043856698742852,-0.02043856698742852
5,120,19506,3,2003-05-31,2008-05-30,0.12103824943542119,0.2033765741106442,0.1349986866840862,0.03446189874994987,0.024214290355763834,0.010247608394186036,True,0.07427053785748083,0.06069948829510155,0.010788888749767134,0.025672190492917135,0.0014579001371533007,True,-0.008789708257032736,-0.008789708257032736
5,120,26009,4,2021-03-20,2026-03-20,0.1264991294147202,0.15003873045267122,0.12949663002988254,0.051933943750482436,0.04050026270046114,0.011433681050021294,True,0.07125681697093,0.12941379231426955,0.07264005351750424,0.041395338319824226,0.0008950756193630838,True,-0.01053860543065821,-0.01053860543065821
6,15,0,0,1950-01-03,1956-01-04,0.018576695206503846,0.03371052447235056,0.01892935610348956,0.09476657313034176,0.09265613934603012,0.0021104337843116383,True,0.003783632925244529,-9.911534166459365e-05,-0.0003774404907984641,0.09210106965694753,-0.0005550696890825879,False,-0.0026655034733942262,-0.0026655034733942262
6,15,6410,1,1967-07-23,1973-07-23,0.01519506129562842,0.028140817751613284,0.01542356573561543,0.009733644690623988,0.007198326540353017,0.002535318150270971,True,-0.00029756759303933844,-4.775855160030785e-05,-0.00027313344212143154,0.0071483573485460195,-4.996919180699777e-05,False,-0.0025852873420779687,-0.0025852873420779687
6,15,12821,2,1985-02-09,1991-02-10,0.0269403686425842,0.0365482173846341,0.02692997004231934,0.06140429062045594,0.057917564838435576,0.003486725782020361,True,0.004382428548709072,-0.00029792312211558356,-0.0006173209372890565,0.057476148328439836,-0.0004414165099957401,False,-0.003928142292016101,-0.003928142292016101
6,15,19232,3,2002-08-30,2008-08-30,0.023205336303838475,0.0333387658825385,0.023569025593797477,0.015941363073152415,0.01321588543456298,0.0027254776385894353,True,0.0060937994833427656,0.006309755708560285,-0.0005779395663545461,0.013089101388952251,-0.0001267840456107283,False,-0.0028522616842001636,-0.0028522616842001636
6,15,25643,4,2020-03-19,2026-03-20,0.02920090663670072,0.056871054887939386,0.034413650903983184,0.047807915347765295,0.04398139045714511,0.0038265248906201865,True,0.007728078241381997,0.0095064808534752,0.004275631932205481,0.04413316254684774,0.00015177208970262868,True,-0.003674752800917558,-0.003674752800917558
6,30,0,0,1950-01-03,1956-01-04,0.034122688659212086,0.06898623112318512,0.03630189540030471,0.09607133892655106,0.09243418811039694,0.003637150816154122,True,0.008289590027884985,0.0033677088711705624,0.0007174598538575161,0.09146071491566299,-0.0009734731947339537,False,-0.004610624010888076,-0.004610624010888076
6,30,6410,1,1967-07-23,1973-07-23,0.02628707363215832,0.05874411063116348,0.040198823825508434,0.011520877170077215,0.0071549209196106744,0.004365956250466541,True,-0.0005462710973640483,0.0019589449263216277,-0.0006315082620563794,0.007063182507773602,-9.173841183707232e-05,False,-0.004457694662303613,-0.004457694662303613
6,30,12821,2,1985-02-09,1991-02-10,0.04677360987701196,0.07383822659764239,0.047681313185960805,0.06377158401713667,0.05811845472490762,0.005653129292229053,True,0.00724131505687331,-1.4194764435668413e-06,-0.0004438920776124178,0.0569571686815169,-0.001161286043390719,False,-0.006814415335619772,-0.006814415335619772
6,30,19232,3,2002-08-30,2008-08-30,0.04082271742206167,0.06944312863664572,0.04337575862853815,0.017582949735816422,0.013113419833459483,0.004469529902356939,True,0.012691068328382737,0.012295107153816747,-0.0008703682407658064,0.012945481949297788,-0.0001679378841616952,False,-0.004637467786518634,-0.004637467786518634
6,30,25643,4,2020-03-19,2026-03-20,0.053228670891553476,0.10782550956745457,0.06327487991004799,0.04958293473243902,0.04291382264125421,0.0066691120911848145,True,0.021334936118490022,0.040254720436820206,0.017663899945802752,0.0442188314839449,0.0013050088426906914,True,-0.005364103248494123,-0.005364103248494123
6,45,0,0,1950-01-03,1956-01-04,0.05008436330645094,0.0942432577855774,0.05325795097461006,0.09783659545239942,0.09268071581856163,0.00515587963383779,True,0.014850236689486485,0.013118441382929441,0.00478241149102665,0.09161097819285002,-0.0010697376257116087,False,-0.006225617259549399,-0.006225617259549399
6,45,6410,1,1967-07-23,1973-07-23,0.04912194955206628,0.055260281479627464,0.029962347490193553,0.012703509350366682,0.008099366109958428,0.004604143240408254,True,0.014638518943475232,0.002506387902708917,-0.0034703037862574004,0.007076955377755434,-0.001022410732202994,False,-0.005626553972611248,-0.005626553972611248
6,45,12821,2,1985-02-09,1991-02-10,0.06472504397522871,0.08411793934185814,0.06470987994293242,0.06510606760585547,0.05764733645901532,0.007458731146840147,True,0.014257718262554064,0.004318545484632162,0.0,0.056506998446193,-0.0011403380128223173,False,-0.008599069159662465,-0.008599069159662465
6,45,19232,3,2002-08-30,2008-08-30,0.05755716080178219,0.10409306692025992,0.06178738507874071,0.0185665605691967,0.012583071488974529,0.005983489080222171,True,0.02021700369792634,0.015319992669697888,0.0009623214791596446,0.012481131169176374,-0.00010194031979815499,False,-0.006085429400020326,-0.006085429400020326
6,45,25643,4,2020-03-19,2026-03-20,0.0692006715471769,0.13552301821824486,0.0782162433220519,0.052084400181163115,0.04400028063243733,0.008084119548725788,True,0.027993549987171962,0.043126424588478963,0.019820372120326946,0.04521690324022121,0.0012166226077838793,True,-0.0068674969409419084,-0.0068674969409419084
6,60,0,0,1950-01-03,1956-01-04,0.06096520543335915,0.12248249854314215,0.06738900054912889,0.098457955232639,0.09265647446794611,0.00580148076469289,True,0.023473450953123587,0.023624444783572833,0.007533692403534076,0.09189264133410524,-0.0007638331338408744,False,-0.0065653138985337645,-0.0065653138985337645
6,60,6410,1,1967-07-23,1973-07-23,0.0691100999202412,0.10107613009334847,0.07439597348324534,0.013909479678322567,0.007267135113093959,0.006642344565228608,True,0.026389959627812543,0.02492138532616464,-0.0034648779560318976,0.007040268640102099,-0.00022686647299186014,False,-0.0068692110382204685,-0.0068692110382204685
6,60,12821,2,1985-02-09,1991-02-10,0.078735536868213,0.12412051820554922,0.08189285381925027,0.06572463797121797,0.057150394275043315,0.008574243696174655,True,0.01745734573604718,0.00805809501447891,0.0,0.05537087696442944,-0.0017795173106138762,False,-0.010353761006788531,-0.010353761006788531
6,60,19232,3,2002-08-30,2008-08-30,0.07015302170822335,0.10271982251404217,0.0730725923697555,0.01978247438433689,0.012936996419530278,0.006845477964806612,True,0.028570434156467428,0.030814509761304662,0.004264950679670365,0.013067186083645321,0.0001301896641150435,True,-0.006715288300691569,-0.006715288300691569
6,60,25643,4,2020-03-19,2026-03-20,0.0838614267929052,0.17382969187106417,0.10246803634869206,0.05273935141450381,0.04346041496149455,0.009278936453009257,True,0.040854742675291655,0.08707525866067857,0.03686041374910909,0.04566102249347059,0.00220060753197604,True,-0.007078328921033217,-0.007078328921033217
6,90,0,0,1950-01-03,1956-01-04,0.0835402734408488,0.12326925525058703,0.08831276239259522,0.09902753360580907,0.09183373382240734,0.007193799783401733,True,0.03558611734172823,0.05565605390096984,0.02058065096455519,0.09076915193732638,-0.0010645818850809619,False,-0.008258381668482695,-0.008258381668482695
6,90,6410,1,1967-07-23,1973-07-23,0.09165753077521854,0.13878935296969114,0.09735049942652152,0.015278417378461695,0.007375625578364797,0.007902791800096898,True,0.03673910917684653,0.04462806067279539,0.004422770759293648,0.006579649860655845,-0.0007959757177089521,False,-0.00869876751780585,-0.00869876751780585
6,90,12821,2,1985-02-09,1991-02-10,0.1102170841754111,0.18771331114854467,0.13275851342116285,0.06862361530193017,0.05731452415304994,0.011309091148880235,True,0.03421711393270277,0.026201226568097622,0.00744089553504379,0.05604848835834142,-0.00126603579470852,False,-0.012575126943588755,-0.012575126943588755
6,90,19232,3,2002-08-30,2008-08-30,0.10187963428033542,0.16071311723780418,0.10506348628749107,0.021348419169149535,0.011825051819922106,0.00952336734922743,True,0.050927047946948356,0.08683445680488149,0.020311320675361122,0.013319051439469654,0.001493999619547548,True,-0.008029367729679882,-0.008029367729679882
6,90,25643,4,2020-03-19,2026-03-20,0.12463098248108428,0.2465948963481773,0.147001676206441,0.05472756509846177,0.0413451103965905,0.013382454701871271,True,0.07362087554089136,0.1281367852879807,0.08891874633175667,0.046601163854510075,0.005256053457919574,True,-0.008126401243951697,-0.008126401243951697
6,120,0,0,1950-01-03,1956-01-04,0.11376953449353344,0.20495316085294515,0.1308473473566798,0.0988891212197085,0.08910324973051398,0.00978587148919452,True,0.060139676803104836,0.09435989069778758,0.026707022945074987,0.08988994981893095,0.0007867000884169695,True,-0.00899917140077755,-0.00899917140077755
6,120,6410,1,1967-07-23,1973-07-23,0.1106485734108884,0.14129598289983059,0.11064857341088818,0.01797687519999669,0.009379493906592318,0.008597381293404371,True,0.04010351143124047,0.04903452275634385,-0.012426340885435927,0.006901091762217426,-0.0024784021443748916,False,-0.011075783437779263,-0.011075783437779263
6,120,12821,2,1985-02-09,1991-02-10,0.13813018762302387,0.25220137426765876,0.1771073733141657,0.0682185203974135,0.0548715381560434,0.013346982241370098,True,0.040611610033283174,0.03464373857637605,0.008935698879207532,0.052363683066547484,-0.002507855089495914,False,-0.015854837330866012,-0.015854837330866012
6,120,19232,3,2002-08-30,2008-08-30,0.11935100090351414,0.19026397224849145,0.12332103484837642,0.022514257177844055,0.012560240406568779,0.009954016771275276,True,0.05620836599576817,0.0862672148466018,0.015017906703947315,0.012664607318404908,0.000104366911836129,True,-0.009849649859439147,-0.009849649859439147
6,120,25643,4,2020-03-19,2026-03-20,0.1488666479696854,0.29843876011288295,0.1817434322708833,0.056202387174793644,0.041398918465633594,0.01480346870916005,True,0.08852523053864059,0.1816773156098698,0.10508416181983926,0.04674970820749236,0.0053507897418587635,True,-0.009452678967301287,-0.009452678967301287
7,15,0,0,1950-01-03,1957-01-03,0.018348934288511476,0.031360442571988924,0.018420317392055185,0.0760894394581717,0.07419775547717644,0.0018916839809952624,True,0.003417984118146089,-0.00010673730077810262,-0.0003290201825294492,0.0738214342506367,-0.0003763212265397442,False,-0.0022680052075350066,-0.0022680052075350066
7,15,6319,1,1967-04-23,1974-04-23,0.022217669503210802,0.0277383435996664,0.016019049675831898,-0.00251936482561832,-0.004812932938783043,0.0022935681131647234,True,0.006260890659129714,0.00011790081443392944,-1.3395997816245675e-05,-0.004759424036758664,5.350890202437952e-05,True,-0.002240059211140344,-0.002240059211140344
7,15,12639,2,1984-08-11,1991-08-12,0.02421743477511029,0.03381250928627267,0.024628280694843907,0.0647056906165584,0.061959848586914834,0.0027458420296435637,True,0.002937476053812338,-0.0006612986861733059,-0.0009477154453031433,0.06151483541124758,-0.0004450131756672526,False,-0.0031908552053108163,-0.0031908552053108163
7,15,18958,3,2001-11-29,2008-11-29,0.027049378629262044,0.037502003185777094,0.024674280824584782,-0.021542468733334208,-0.024449890578420175,0.002907421845085967,True,0.0070945016141452655,0.0018224493903773857,0.00025377720148656024,-0.02428198563394135,0.00016790494447882498,True,-0.002739516900607142,-0.002739516900607142
7,15,25278,4,2019-03-20,2026-03-20,0.02737070448268053,0.03972061903347429,0.028544535083183886,0.04729823090157792,0.04414081193143282,0.0031574189701450983,True,0.005351893335216795,0.0021229176337708745,0.0010765738552853676,0.044062139626418695,-7.867230501412692e-05,False,-0.0032360912751592252,-0.0032360912751592252
7,30,0,0,1950-01-03,1957-01-03,0.03351985435137128,0.06362782754507959,0.03493435683774493,0.0773305217835265,0.07406160828052677,0.0032689135029997374,True,0.007236242468160459,0.0029729197394126427,0.000320890534321272,0.07337359848830927,-0.0006880097922175032,False,-0.003956923295217241,-0.003956923295217241
7,30,6319,1,1967-04-23,1974-04-23,0.039480065367863526,0.058983229257315396,0.03897924539564568,-0.0008694957374917323,-0.0047204888439196235,0.0038509931064278913,True,0.01176240081418678,0.0038901628072165293,0.00025189237852907276,-0.004720812869360658,-3.240254410341592e-07,False,-0.0038513171318689254,-0.0038513171318689254
7,30,12639,2,1984-08-11,1991-08-12,0.04172843077675559,0.05747269205170646,0.04356545046708016,0.06623102175681916,0.06179178468122082,0.004439237075598346,True,0.006689006852803603,0.002156239822859798,0.0,0.06102866870160861,-0.0007631159796122056,False,-0.005202353055210551,-0.005202353055210551
7,30,18958,3,2001-11-29,2008-11-29,0.04587580663906965,0.06621598806131292,0.04294557785545483,-0.019829835128128637,-0.02446321984790767,0.004633384719779032,True,0.01299778880353375,0.013530516016776425,0.0023008372778947628,-0.02429341148979669,0.00016980835811097883,True,-0.0044635763616680535,-0.0044635763616680535
7,30,25278,4,2019-03-20,2026-03-20,0.04989417589966316,0.07409505965943604,0.0529967779064906,0.049134371129746945,0.043605109538702225,0.005529261591044721,True,0.011899839137881285,0.009164135642456746,0.003595198617698081,0.043625018726764386,1.9909188062161576e-05,True,-0.005509352402982559,-0.005509352402982559
7,45,0,0,1950-01-03,1957-01-03,0.04869210993497619,0.08713243635071496,0.0514459779363875,0.07876772560095935,0.07417868373208858,0.004589041868870769,True,0.013275099782977584,0.011781565840955851,0.004426062070920445,0.07348661729811523,-0.0006920664339733484,False,-0.0052811083028441175,-0.0052811083028441175
7,45,6319,1,1967-04-23,1974-04-23,0.05030213372743075,0.06315023802128673,0.038409125898467344,0.00011648545178610803,-0.004357926368541931,0.004474411820328039,True,0.016499748983456852,0.010970570466242831,-3.0599852089974178e-06,-0.004547771737696937,-0.00018984536915500616,False,-0.004664257189483045,-0.004664257189483045
7,45,12639,2,1984-08-11,1991-08-12,0.057152508014528314,0.08616379554245227,0.059016689620977836,0.06773551944358269,0.06196930478168361,0.005766214661899083,True,0.009089280523641774,0.001313747313023529,-0.0009608503957470038,0.06065672137053446,-0.0013125834111491486,False,-0.007078798073048231,-0.007078798073048231
7,45,18958,3,2001-11-29,2008-11-29,0.06396094412035058,0.09060920506946726,0.05708907185358525,-0.018612386779043644,-0.024805243492921125,0.0061928567138774815,True,0.01959325714131066,0.013121919677224144,-0.0001237545751946456,-0.024567726338571405,0.0002375171543497201,True,-0.005955339559527761,-0.005955339559527761
7,45,25278,4,2019-03-20,2026-03-20,0.06530758959041405,0.10791413568554195,0.0714386366998927,0.0509519629589652,0.044134047085666595,0.006817915873298608,True,0.019320902866173606,0.022954006388012416,0.00898831529206534,0.04434840093654957,0.00021435385088297565,True,-0.006603562022415632,-0.006603562022415632
7,60,0,0,1950-01-03,1957-01-03,0.059287366407695385,0.11241342886201641,0.06324318197683532,0.07948940620561817,0.07424928444937406,0.005240121756244109,True,0.02029570350145926,0.021496748443503653,0.007330802677061099,0.07372185465779446,-0.0005274297915796033,False,-0.005767551547823713,-0.005767551547823713
7,60,6319,1,1967-04-23,1974-04-23,0.06656558862392736,0.10014062667748083,0.042990095263115924,0.0011170570234402266,-0.004718863666660966,0.005835920690101193,True,0.023833078431185317,0.020729259651212525,0.002512195008631757,-0.004715591557122534,3.2721095384324883e-06,True,-0.00583264858056276,-0.00583264858056276
7,60,12639,2,1984-08-11,1991-08-12,0.06970209623947787,0.09595797124700542,0.07481563854083362,0.06846285854969181,0.061786112334196064,0.0066767462154957435,True,0.015234381370942796,0.009311557305556791,0.0011308370645071175,0.06051019478160957,-0.0012759175525864919,False,-0.007952663768082235,-0.007952663768082235
7,60,18958,3,2001-11-29,2008-11-29,0.08013461363343466,0.11356024970118714,0.07236929063609177,-0.01697748931422871,-0.024471831906549557,0.007494342592320846,True,0.029386438471558085,0.037810698186781136,0.006039714793945716,-0.023714245051700056,0.0007575868548495013,True,-0.006736755737471345,-0.006736755737471345
7,60,25278,4,2019-03-20,2026-03-20,0.08307016798630484,0.1394216815644021,0.09192124846617045,0.05240006890229476,0.04397511819164879,0.008424950710645973,True,0.02586184329851471,0.033371986436908654,0.012302575947502392,0.04427379578134838,0.0002986775896995919,True,-0.008126273120946381,-0.008126273120946381
7,90,0,0,1950-01-03,1957-01-03,0.07976605877282505,0.11537447443590476,0.08452021906649287,0.0801074934717052,0.07370008664240935,0.006407406829295859,True,0.03160660082021449,0.0504288616371671,0.018885376919548724,0.07309077563622313,-0.0006093110061862195,False,-0.007016717835482078,-0.007016717835482078
7,90,6319,1,1967-04-23,1974-04-23,0.08954750892616792,0.12982035005222448,0.06687898089172029,0.0025906613389929944,-0.004642738954154235,0.00723340029314723,True,0.03734632557066875,0.07073581125122129,0.037187415713013205,-0.004418760589930071,0.0002239783642241644,True,-0.007009421928923065,-0.007009421928923065
7,90,12639,2,1984-08-11,1991-08-12,0.098660194395509,0.15473430153577447,0.11150518385475894,0.07038387522945277,0.06139383764644002,0.008990037583012755,True,0.027069764381057793,0.021859083573301154,0.007975381439497387,0.06012286720027915,-0.0012709704461608684,False,-0.010261008029173624,-0.010261008029173624
7,90,18958,3,2001-11-29,2008-11-29,0.11357615524454023,0.14229180323227583,0.10399866848009309,-0.014597823932284593,-0.02475201698039875,0.010154193048114157,True,0.04424778377137395,0.08051969377607159,0.011170708655001693,-0.023607813698258595,0.0011442032821401549,True,-0.009009989765974002,-0.009009989765974002
7,90,25278,4,2019-03-20,2026-03-20,0.11428107073916283,0.1765833332102907,0.12741880562772456,0.054259955846584385,0.04330612356040531,0.010953832286179077,True,0.050368714326993747,0.07434938524242714,0.03382170154400033,0.04540207671802521,0.002095953157619901,True,-0.008857879128559176,-0.008857879128559176
7,120,0,0,1950-01-03,1957-01-03,0.11080652620666553,0.18918188095217003,0.1206771874282444,0.08020077076809473,0.07120172024372118,0.008999050524373553,True,0.056759290324922995,0.0876693499898159,0.027424653889026596,0.0725317668805665,0.0013300466368453279,True,-0.007669003887528225,-0.007669003887528225
7,120,6319,1,1967-04-23,1974-04-23,0.1132642432512092,0.13200660389682412,0.07105952795547821,0.003866367786534042,-0.004814357804023284,0.008680725590557326,True,0.047786380613944246,0.08199522011356575,0.025958729363160904,-0.004791644414505303,2.2713389517980964e-05,True,-0.008658012201039345,-0.008658012201039345
7,120,12639,2,1984-08-11,1991-08-12,0.12315707101781825,0.20934381247958248,0.14781339179783126,0.07121792263180571,0.0606089425977725,0.01060898003403321,True,0.03968647307637729,0.033898764458311796,0.007616736069042895,0.05945713773955763,-0.0011518048582148666,False,-0.011760784892248077,-0.011760784892248077
7,120,18958,3,2001-11-29,2008-11-29,0.1363135859690876,0.16303877622577473,0.12575841880466188,-0.012208984305660309,-0.02361415173268444,0.011405167427024132,True,0.05168351361861201,0.10193056934709147,0.008321863331537172,-0.02307373347916719,0.0005404182535172497,True,-0.010864749173506882,-0.010864749173506882
7,120,25278,4,2019-03-20,2026-03-20,0.13737506828025392,0.2292433496408778,0.14778861629607443,0.055932218753621754,0.04360582510293187,0.012326393650689882,True,0.06454718475355792,0.13807011955140594,0.06668445643522292,0.045998114181308614,0.0023922890783767414,True,-0.00993410457231314,-0.00993410457231314
8,15,0,0,1950-01-03,1958-01-03,0.018151533724728663,0.029534719818522907,0.018111251737520373,0.04505291451618465,0.04337598975603707,0.00167692476014758,True,0.003505798255423631,-0.00010952400795331584,-0.00029728315936861094,0.04316189372594059,-0.00021409603009647782,False,-0.001891020790244058,-0.001891020790244058
8,15,6228,1,1967-01-22,1975-01-22,0.024297802020191606,0.02794217209374319,0.01652693427031071,-0.030917531619903738,-0.03320094707887555,0.002283415458971816,True,0.006379745192823805,5.983259073514673e-05,-0.00012215469319865058,-0.03305368049239377,0.0001472665864817868,True,-0.002136148872490029,-0.002136148872490029
8,15,12456,2,1984-02-10,1992-02-10,0.026584508776970495,0.03285417023584394,0.027276136305987686,0.07002085625078136,0.06720294410550709,0.0028179121452742706,True,0.003233058364279895,7.361013596886248e-05,0.0,0.06694770552701268,-0.00025523857849441,False,-0.0030731507237686806,-0.0030731507237686806
8,15,18684,3,2001-02-28,2009-02-28,0.02831159452738774,0.03876200261353081,0.025030196060276122,-0.044305632072654366,-0.04702365209915904,0.002718020026504675,True,0.006937752949335518,0.0035965936908920353,-0.00036508431202098013,-0.04681242474403713,0.00021122735512191237,True,-0.0025067926713827626,-0.0025067926713827626
8,15,24913,4,2018-03-20,2026-03-20,0.024339019547812812,0.03668520266391602,0.025073267735696625,0.04680637136195376,0.04433540801203706,0.0024709633499166994,True,0.0031533373197951686,0.00017068342368366116,-0.0011501087171063018,0.04407526728846367,-0.0002601407235733877,False,-0.002731104073490087,-0.002731104073490087
8,30,0,0,1950-01-03,1958-01-03,0.03288805495627822,0.059421001919974493,0.033948245021823364,0.046246292629227304,0.04335972378563646,0.002886568843590842,True,0.007133825448755182,0.0027263189893025085,0.00029807510184709507,0.04294924249163845,-0.0004104812939980107,False,-0.003297050137588853,-0.003297050137588853
8,30,6228,1,1967-01-22,1975-01-22,0.04397967310144746,0.05685979905612489,0.03149666610258972,-0.02928473302179635,-0.033255882535477954,0.003971149513681604,True,0.012560134266594414,0.0029363272205240342,-6.967010690295261e-05,-0.032986827790356665,0.0002690547451212888,True,-0.0037020947685603156,-0.0037020947685603156
8,30,12456,2,1984-02-10,1992-02-10,0.044922035268944116,0.06100937043593867,0.047352247303757755,0.07131739671915316,0.06681586112090065,0.004501535598252504,True,0.006973569731766105,0.0037902978671161135,0.0008337830070532792,0.06637493947908224,-0.00044092164181841476,False,-0.004942457240070919,-0.004942457240070919
8,30,18684,3,2001-02-28,2009-02-28,0.04932215090535008,0.07161074926322546,0.04523869903956257,-0.04236440835805744,-0.046890579344283756,0.004526170986226319,True,0.014371671797362984,0.002596788804560307,0.000548970890071665,-0.04641220667467072,0.00047837266961303637,True,-0.0040477983166132825,-0.0040477983166132825
8,30,24913,4,2018-03-20,2026-03-20,0.04430517417970914,0.06834415271988054,0.046094081242147755,0.048260961450502515,0.043933360560616475,0.004327600889886041,True,0.00920336348243378,0.005420250027315912,0.0004366740278687331,0.043790452007822056,-0.0001429085527944185,False,-0.004470509442680459,-0.004470509442680459
8,45,0,0,1950-01-03,1958-01-03,0.04824117828512087,0.08163888694811855,0.0492048754420511,0.047308891364655103,0.04317894140868517,0.004129949955969936,True,0.0137457031777235,0.010977724577398162,0.0034585437303240596,0.04293746057535497,-0.00024148083333019876,False,-0.004371430789300135,-0.004371430789300135
8,45,6228,1,1967-01-22,1975-01-22,0.05578180087020157,0.056667947202679814,0.03307048603902207,-0.028315420522691426,-0.033015547752926144,0.004700127230234719,True,0.01601093743705473,0.010028557618577499,2.9720286298773324e-05,-0.03296960791084802,4.593984207812429e-05,True,-0.004654187388156594,-0.004654187388156594
8,45,12456,2,1984-02-10,1992-02-10,0.05724127569862425,0.0834174980126568,0.06033116844601949,0.07257157353697696,0.06720092182835646,0.0053706517086205,True,0.010863197261720359,0.01096350459195096,0.002255990127858709,0.06657418276333127,-0.0006267390650251947,False,-0.005997390773645694,-0.005997390773645694
8,45,18684,3,2001-02-28,2009-02-28,0.0683002823641452,0.09509672325790834,0.06314924596579363,-0.04140199151391233,-0.0474438450043595,0.006041853490447169,True,0.01731774542681852,0.013150781745594699,-5.2767505885342736e-05,-0.04724546811711339,0.00019837688724611002,True,-0.005843476603201059,-0.005843476603201059
8,45,24913,4,2018-03-20,2026-03-20,0.06367828616290527,0.0997300937117656,0.06762437692402856,0.049875617185646925,0.04382630158406897,0.006049315601577954,True,0.019205819225074583,0.02062556326267013,0.010110273416771065,0.04428562471654396,0.0004593231324749869,True,-0.005589992469102967,-0.005589992469102967
8,60,0,0,1950-01-03,1958-01-03,0.058521339952729345,0.10497993950173311,0.06046656429016806,0.048009149400369155,0.04327062016702454,0.004738529233344613,True,0.020564409344005385,0.02027383993932625,0.007271592285945205,0.043236261860339686,-3.435830668485629e-05,False,-0.004772887540029469,-0.004772887540029469
8,60,6228,1,1967-01-22,1975-01-22,0.07478084508064575,0.0990884657677285,0.06737779881874206,-0.02714697729735338,-0.033391430346643936,0.006244453049290555,True,0.021084400546384385,0.01435382077646538,0.0007421388889217173,-0.033361706997382945,2.9723349260990517e-05,True,-0.006214729700029564,-0.006214729700029564
8,60,12456,2,1984-02-10,1992-02-10,0.06980115674373377,0.08286401377814312,0.07265616182074308,0.07311724623553051,0.06685070115570135,0.0062665450798291555,True,0.011303333150656458,0.010037458089758273,0.0005354946530848892,0.06560063708316677,-0.0012500640725345846,False,-0.00751660915236374,-0.00751660915236374
8,60,18684,3,2001-02-28,2009-02-28,0.08276853561376019,0.0999991304335741,0.07612401976672767,-0.04055541694066678,-0.047596018116788485,0.007040601176121708,True,0.026855510010837413,0.03171170523440998,0.006776772181126489,-0.046895272537254784,0.0007007455795337014,True,-0.006339855596588007,-0.006339855596588007
8,60,24913,4,2018-03-20,2026-03-20,0.07555223972933423,0.10973460529638807,0.07922608711013335,0.05095381805375965,0.044116716620629326,0.0068371014331303215,True,0.01669029107947373,0.013809390668549136,9.669366107645239e-05,0.04358608150694687,-0.0005306351136824539,False,-0.007367736546812775,-0.007367736546812775
8,90,0,0,1950-01-03,1958-01-03,0.07816304382461214,0.10885382548756552,0.07863350324854967,0.04881292173417617,0.04299678417013686,0.005816137564039314,True,0.03050564780431375,0.0461442282537389,0.017522817502765187,0.04290265056776943,-9.413360236742996e-05,False,-0.005910271166406744,-0.005910271166406744
8,90,6228,1,1967-01-22,1975-01-22,0.09520586690677124,0.12127151828849664,0.058682422362122955,-0.02545097272660435,-0.03275587823958226,0.007304905512977911,True,0.030810191272877985,0.07339236948072168,0.033697111652607026,-0.032807469446888615,-5.1591207306356246e-05,False,-0.007356496720284267,-0.007356496720284267
8,90,12456,2,1984-02-10,1992-02-10,0.09981753734750409,0.1282024157999534,0.1092490124171257,0.07453597476026097,0.06592432972504314,0.00861164503521783,True,0.040894866404072694,0.07790145249490953,0.03462495726027748,0.0671654055850579,0.001241075860014762,True,-0.007370569175203068,-0.007370569175203068
8,90,18684,3,2001-02-28,2009-02-28,0.11931874565524958,0.14611945662838868,0.10999394342195479,-0.03781295450452793,-0.047622217401670275,0.009809262897142346,True,0.04296383395553072,0.0928695905542833,0.01527101646092932,-0.04627618723131577,0.0013460301703545063,True,-0.00846323272678784,-0.00846323272678784
8,90,24913,4,2018-03-20,2026-03-20,0.10990079678486664,0.16357167514784798,0.1181871174212541,0.05229570376174153,0.04267214639407868,0.00962355736766285,True,0.049466435683032994,0.06835426157662727,0.03048813288253971,0.04495682312147076,0.0022846767273920765,True,-0.007338880640270773,-0.007338880640270773
8,120,0,0,1950-01-03,1958-01-03,0.10901268643663409,0.17710463609507499,0.11509591133487929,0.04913148202853557,0.04094779840095053,0.008183683627585037,True,0.05381313788676523,0.08160885255640155,0.027338019385977796,0.04245737510537695,0.0015095767044264186,True,-0.006674106923158618,-0.006674106923158618
8,120,6228,1,1967-01-22,1975-01-22,0.12008688657060018,0.1555502771579846,0.07143898180378216,-0.02435776882952978,-0.03317276999940155,0.008815001169871772,True,0.042151899303971785,0.07307545644081881,0.025092780078590504,-0.0331164658643297,5.6304135071849615e-05,True,-0.008758697034799923,-0.008758697034799923
8,120,12456,2,1984-02-10,1992-02-10,0.1167343223038082,0.17745585185059548,0.13333140630941065,0.074715018703849,0.06540733110646868,0.00930768759738032,True,0.034142422516342696,0.03617199190191726,0.01820155872149609,0.06444231113644361,-0.0009650199700250717,False,-0.010272707567405392,-0.010272707567405392
8,120,18684,3,2001-02-28,2009-02-28,0.14350130932830396,0.1785687427040347,0.12962387546661458,-0.036394152222472775,-0.04756750099978779,0.011173348777315018,True,0.049789651379569255,0.07552685801621009,0.009370442216028119,-0.046641944734773566,0.0009255562650142268,True,-0.01024779251230079,-0.01024779251230079
8,120,24913,4,2018-03-20,2026-03-20,0.12475870843174652,0.172049083141161,0.12933766385807743,0.053800245370257516,0.043739142302194445,0.01006110306806307,True,0.043971644164904955,0.08332159945953872,0.020671250361352644,0.044027558633231045,0.0002884163310366006,True,-0.00977268673702647,-0.00977268673702647
9,15,0,0,1950-01-03,1959-01-03,0.017404124062422754,0.028136498477142596,0.017676249005015743,0.06776402206745091,0.06625794568461973,0.0015060763828311785,True,0.002412192386902934,-0.00011513533839301596,-0.0002746642573201452,0.06600357335942841,-0.000254372325191321,False,-0.0017604487080224995,-0.0017604487080224995
9,15,6137,1,1966-10-23,1975-10-23,0.02342453438674208,0.026754472138167083,0.01853033365216117,0.0029187611112715395,0.0008475744641829319,0.0020711866470886076,True,0.0055701816331736875,0.0007964631987113379,0.0006893211533387511,0.0009587068518173147,0.00011113238763438282,True,-0.0019600542594542247,-0.0019600542594542247
9,15,12274,2,1983-08-12,1992-08-11,0.02344270075504462,0.034071640359770394,0.023855260775468068,0.06570320866170776,0.0635009333501313,0.0022022753115764626,True,0.0023157156400488432,-4.206476504067791e-05,-0.0003113895113214804,0.06323592438016035,-0.0002650089699709479,False,-0.0024672842815474105,-0.0024672842815474105
9,15,18411,3,2000-05-31,2009-05-31,0.025784571749128737,0.03388834720413576,0.023038169952526277,-0.01877179727064937,-0.021049551662436716,0.0022777543917873455,True,0.0046587753122699915,6.619731705478565e-05,-0.00023849072742609945,-0.021039522439917357,1.0029222519358783e-05,True,-0.0022677251692679867,-0.0022677251692679867
9,15,24548,4,2017-03-20,2026-03-20,0.02430014259285951,0.03363857619478176,0.02466871275665472,0.046706100402721606,0.04444588491830892,0.0022602154844126865,True,0.0029562235083886446,0.00024854154600446226,-0.00021707430792827775,0.04425974921351172,-0.00018613570479719677,False,-0.0024463511892098833,-0.0024463511892098833
9,30,0,0,1950-01-03,1959-01-03,0.03129045637069994,0.05630214310028169,0.03288805495627822,0.06901322922390318,0.06644040612081681,0.0025728231030863746,True,0.004951430479159358,0.002410111229986899,0.0002900101912792774,0.06594345807097479,-0.0004969480498420165,False,-0.003069771152928391,-0.003069771152928391
9,30,6137,1,1966-10-23,1975-10-23,0.04294211764125766,0.05702254911110892,0.03335350837693629,0.004321788599796372,0.0006542776468230205,0.003667510952973352,True,0.00870754968351517,0.002454375512888174,-2.524645737467246e-06,0.0006028228887424714,-5.145475808054911e-05,False,-0.003718965711053901,-0.003718965711053901
9,30,12274,2,1983-08-12,1992-08-11,0.04104504500748818,0.060270601477537364,0.043327277097312766,0.06710130751709875,0.06342084116774171,0.0036804663493570366,True,0.00424697544905106,0.0005658259407163543,-0.001039411049907235,0.062842630607167,-0.0005782105605747212,False,-0.004258676909931758,-0.004258676909931758
9,30,18411,3,2000-05-31,2009-05-31,0.045414033905574414,0.05984432754372122,0.040307855615462795,-0.017334497832426687,-0.021181691976817962,0.003847194144391275,True,0.011638951826807409,0.0071842497268816185,0.0020389442761807874,-0.020916186593214148,0.0002655053836038146,True,-0.0035816887607874603,-0.0035816887607874603
9,30,24548,4,2017-03-20,2026-03-20,0.040080411448359055,0.06531503311993431,0.04165900012715995,0.048019451339976094,0.044512389903599736,0.0035070614363763575,True,0.00695606255291259,0.0033347199044034296,0.0002307962580576639,0.04425701809824334,-0.0002553718053563969,False,-0.0037624332417327544,-0.0037624332417327544
9,45,0,0,1950-01-03,1959-01-03,0.04485984251387021,0.07770564955596412,0.04824117828512087,0.06931126157145417,0.06571864778159764,0.003592613789856536,True,0.010067178059973703,0.010055890854611622,0.003115921995090698,0.06529360843378407,-0.00042503934781357167,False,-0.0040176531376701075,-0.0040176531376701075
9,45,6137,1,1966-10-23,1975-10-23,0.05207324307593164,0.05984139177559946,0.04887072571904305,0.0051411750527505795,0.0009983671331608157,0.004142807919589764,True,0.014386000816734246,0.008459971544210831,0.0018722061788745137,0.001073790746976,7.542361381518425e-05,True,-0.0040673843057745795,-0.0040673843057745795
9,45,12274,2,1983-08-12,1992-08-11,0.0515549298320126,0.06985057305062606,0.05537077049062478,0.06754312465190626,0.06320267234133548,0.004340452310570786,True,0.007751253164032246,0.005931484944358548,-0.00014347418832616476,0.06250771468920124,-0.0006949576521342316,False,-0.0050354099627050175,-0.0050354099627050175
9,45,18411,3,2000-05-31,2009-05-31,0.06070456408259628,0.08110761678317831,0.055913333537524146,-0.01576715838519349,-0.020715077929378878,0.004947919544185386,True,0.011163805916442726,0.013109772812443668,0.0002236862286093544,-0.020987652927375144,-0.0002725749979962666,False,-0.005220494542181653,-0.005220494542181653
9,45,24548,4,2017-03-20,2026-03-20,0.06075286920242662,0.09210854925788604,0.06446268281807921,0.04857195820157778,0.04329851395932938,0.005273444242248404,True,0.017456999206175272,0.015583109140357496,0.008015894176709226,0.04372763037051963,0.0004291164111902557,True,-0.004844327831058148,-0.004844327831058148
9,60,0,0,1950-01-03,1959-01-03,0.05546399236991051,0.09944281581465653,0.05852133995272957,0.07059848680908498,0.06636672080734995,0.004231766001735027,True,0.015760642858065887,0.0187398952117953,0.0071525940453813774,0.06604538568324214,-0.0003213351241078133,False,-0.00455310112584284,-0.00455310112584284
9,60,6137,1,1966-10-23,1975-10-23,0.07166900413438437,0.09570564904801993,0.05137082749225397,0.006115615862416268,0.00044292701749282237,0.005672688844923446,True,0.021606912516344057,0.01567900579796803,0.002461880815419537,0.0007796666400365915,0.0003367396225437691,True,-0.005335949222379677,-0.005335949222379677
9,60,12274,2,1983-08-12,1992-08-11,0.06561842613333435,0.08504963435731105,0.07006501133996856,0.06864414097743143,0.06328949154787722,0.005354649429554215,True,0.009091205800665803,0.00344135759962411,-0.002226108437925811,0.06219136003082504,-0.001098131517052181,False,-0.006452780946606396,-0.006452780946606396
9,60,18411,3,2000-05-31,2009-05-31,0.07714544473721885,0.10536710607143507,0.06837353470949403,-0.014815522306753315,-0.020926922105299894,0.0061113997985465796,True,0.01932720195893567,0.02556362548064839,0.0005684437152047028,-0.020840519589399586,8.64025159003079e-05,True,-0.006024997282646272,-0.006024997282646272
9,60,24548,4,2017-03-20,2026-03-20,0.07111935772325517,0.11579180782958493,0.07755189214008018,0.05016785641503052,0.044308118849166744,0.005859737565863776,True,0.014758693151239344,0.014382758304121066,0.0023324278033880486,0.043879045528096405,-0.000429073321070339,False,-0.006288810886934115,-0.006288810886934115
9,90,0,0,1950-01-03,1959-01-03,0.07341641604316917,0.10506932234793666,0.07676207537497848,0.07127145957516645,0.0661104016111913,0.005161057963975146,True,0.023122358531694198,0.0422412113172957,0.012720320966222998,0.06557255269430451,-0.0005378489168867961,False,-0.0056989068808619425,-0.0056989068808619425
9,90,6137,1,1966-10-23,1975-10-23,0.09275951552424844,0.12026692141218513,0.06511420146478253,0.007482451877600216,0.0006403010161906142,0.006842150861409602,True,0.026701502032812074,0.050016737559014084,0.019585399291829564,0.0005237738486627563,-0.00011652716752785786,False,-0.0069586780289374595,-0.0069586780289374595
9,90,12274,2,1983-08-12,1992-08-11,0.08615761476282358,0.10094818983737695,0.09435086657082126,0.07001875765406362,0.06346996677834627,0.0065487908757173585,True,0.029228229024300667,0.03934339569809964,0.016753000721852818,0.06363663293566746,0.0001666661573211936,True,-0.006382124718396165,-0.006382124718396165
9,90,18411,3,2000-05-31,2009-05-31,0.1100513852020133,0.1379568406223594,0.09358349464686544,-0.013094738252519833,-0.021508776074694813,0.00841403782217498,True,0.03131085935796141,0.07983787338718726,0.008445122489251888,-0.02113535081772544,0.000373425256969373,True,-0.008040612565205607,-0.008040612565205607
9,90,24548,4,2017-03-20,2026-03-20,0.09871097151437924,0.1521881991016505,0.10416151455561362,0.05093616593683148,0.04317128015783789,0.007764885778993591,True,0.04013976568703126,0.04893525908730644,0.02294538493421272,0.04455811560374445,0.0013868354459065646,True,-0.006378050333087026,-0.006378050333087026
9,120,0,0,1950-01-03,1959-01-03,0.10270958793365059,0.16894911097283286,0.10901268643663431,0.07147319147584597,0.06418515204244168,0.007288039433404281,True,0.04348018244514562,0.07583185485586043,0.026853614125685654,0.06491805651022031,0.0007329044677786278,True,-0.006555134965625653,-0.006555134965625653
9,120,6137,1,1966-10-23,1975-10-23,0.11527944251783984,0.16091769683523796,0.11591352450979975,0.008957258705301285,0.0008327247379027458,0.00812453396739854,True,0.03735224167832052,0.06016535449091393,0.03603314691590831,0.0008665330774519919,3.3808339549246114e-05,True,-0.008090725627849293,-0.008090725627849293
9,120,12274,2,1983-08-12,1992-08-11,0.1123553213185211,0.1357843770045648,0.12359954800248407,0.07042244675834053,0.06211538117120097,0.008307065587139562,True,0.03242834485567703,0.06484695652131359,0.009033409686923566,0.06158984210977847,-0.0005255390614224975,False,-0.008832604648562059,-0.008832604648562059
9,120,18411,3,2000-05-31,2009-05-31,0.13820127245870362,0.18362234485797713,0.12098076101783484,-0.011241980702719312,-0.02142233779483471,0.0101803570921154,True,0.0379105871012666,0.09090937532770615,0.008652634151586014,-0.02133071972023426,9.161807460045246e-05,True,-0.010088739017514947,-0.010088739017514947
9,120,24548,4,2017-03-20,2026-03-20,0.11655400208801758,0.19097318455469395,0.12302913103645396,0.05243748407881044,0.04383290921039751,0.008604574868412929,True,0.04274848953453758,0.06467280501115893,0.026373269000961708,0.04447016405223847,0.0006372548418409618,True,-0.007967320026571967,-0.007967320026571967
10,15,0,0,1950-01-03,1960-01-03,0.017068814578944824,0.02697497844754219,0.017218444789482423,0.07115601222923629,0.06978256909115288,0.0013734431380834078,True,0.0019541323113929643,-0.00011845618027410304,-0.00025790361805444473,0.06955188219222741,-0.00023068689892546956,False,-0.0016041300370088774,-0.0016041300370088774
10,15,6045,1,1966-07-23,1976-07-22,0.02235315214584288,0.026753643053420692,0.018880822685760634,0.01693837418465982,0.015108259724275541,0.00183011446038428,True,0.004519883518506296,0.0011803731282758636,0.0007338369977563097,0.015149189058536239,4.092933426069756e-05,True,-0.0017891851261235825,-0.0017891851261235825
10,15,12091,2,1983-02-10,1993-02-09,0.022728878706055555,0.033723963471395606,0.023052990064560408,0.0626516987657677,0.060701382636139556,0.001950316129628149,True,0.0032653630275811807,0.0005897131758646446,0.000601945187703512,0.06061156045779881,-8.982217834074824e-05,False,-0.0020401383079688973,-0.0020401383079688973
10,15,18137,3,1999-08-31,2009-08-30,0.027276381676092143,0.03252146592602463,0.024509431084161815,-0.005342209120801078,-0.007609415200149905,0.002267206079348827,True,0.006198483229252094,0.004199200491770654,0.0017727529637940886,-0.007403573113231365,0.00020584208691853956,True,-0.0020613639924302873,-0.0020613639924302873
10,15,24183,4,2016-03-20,2026-03-20,0.022592968010391568,0.028998328760505246,0.022536021154345942,0.04836449694487488,0.04645378891493657,0.0019107080299383128,True,0.002163404701411409,-7.948494968219408e-05,-0.00036338688507392414,0.04625011510276389,-0.00020367381217267777,False,-0.0021143818421109906,-0.0021143818421109906
10,30,0,0,1950-01-03,1960-01-03,0.030427744578973348,0.05358190117958587,0.031778604853194725,0.07227917125661598,0.06994796220597888,0.0023312090506371064,True,0.004024607238858335,0.002156243526314633,0.00026846681927517047,0.06949675216017681,-0.00045121004580206403,False,-0.0027824190964391704,-0.0027824190964391704
10,30,6045,1,1966-07-23,1976-07-22,0.03984627675206709,0.05599176323552486,0.03284932310719624,0.01816571614420326,0.015028142952480783,0.003137573191722476,True,0.006046950898547676,0.004674383312005533,0.0003617187587907633,0.014804529915308784,-0.0002236130371719991,False,-0.003361186228894475,-0.003361186228894475
10,30,12091,2,1983-02-10,1993-02-09,0.03868736204121981,0.05301091584725574,0.040148077047153174,0.06373265415625973,0.06057473176144401,0.0031579223948157154,True,0.0058734059345766365,0.0011677216212006504,0.0008231361877424348,0.060322917640541096,-0.00025181412090291566,False,-0.003409736515718631,-0.003409736515718631
10,30,18137,3,1999-08-31,2009-08-30,0.04593806422755842,0.05808002406037276,0.03932906793876634,-0.003988993591230061,-0.007638525743715374,0.003649532152485313,True,0.011285696553835711,0.015302591476467476,0.004112482586134947,-0.007341364426854735,0.00029716131686063907,True,-0.003352370835624674,-0.003352370835624674
10,30,24183,4,2016-03-20,2026-03-20,0.03824837430774153,0.05058038756833666,0.039307992781864476,0.04942411856335305,0.046352071429860864,0.003072047133492184,True,0.0057684134483624305,0.0015261481543777755,0.0,0.04609264201399177,-0.0002594294158690946,False,-0.0033314765493612786,-0.0033314765493612786
10,45,0,0,1950-01-03,1960-01-03,0.04341646502567542,0.07415119497216657,0.04689680616792269,0.0725569236749708,0.06931634739396153,0.0032405762810092664,True,0.00859482606632822,0.009318600602766175,0.003008374086820975,0.06891911112742499,-0.0003972362665365381,False,-0.0036378125475458045,-0.0036378125475458045
10,45,6045,1,1966-07-23,1976-07-22,0.05001540193923204,0.057133911715634644,0.04896924111207035,0.018898331077863206,0.015180063938046828,0.003718267139816378,True,0.009997289606816118,0.01149993822876297,4.473120771808503e-05,0.014944159848475858,-0.00023590408957097075,False,-0.003954171229387349,-0.003954171229387349
10,45,12091,2,1983-02-10,1993-02-09,0.05006673769109993,0.07377036511050258,0.05372350641210577,0.06416902801917335,0.06028249297514643,0.0038865350440269175,True,0.009970736366694544,0.0030192673581424263,0.0008786991921290177,0.060033455759352705,-0.00024903721579372373,False,-0.004135572259820641,-0.004135572259820641
10,45,18137,3,1999-08-31,2009-08-30,0.0608456266230637,0.0859819954775498,0.05473718028774255,-0.002640636594520518,-0.007300183557596873,0.004659546963076355,True,0.011966020411641631,0.015708763008864885,-0.0004122149559596666,-0.007337444429177276,-3.7260871580402366e-05,False,-0.004696807834656758,-0.004696807834656758
10,45,24183,4,2016-03-20,2026-03-20,0.05362820989679906,0.07563094421633347,0.05546593408436973,0.05001452999745104,0.04582432761304611,0.0041902023844049285,True,0.012285944832521434,0.007968773089792247,0.004170281293065736,0.04581815395266897,-6.173660377140067e-06,False,-0.004196376044782069,-0.004196376044782069
10,60,0,0,1950-01-03,1960-01-03,0.05387102629876073,0.09466569513483844,0.05752462960829474,0.0737050282091316,0.06984928746847818,0.003855740740653424,True,0.013440491906657526,0.017415634214873157,0.006723136377118966,0.06950898181046772,-0.00034030565801046464,False,-0.0041960463986638885,-0.0041960463986638885
10,60,6045,1,1966-07-23,1976-07-22,0.0651167071503076,0.09221966125260851,0.0664236237199205,0.019952068129879486,0.015211472334613285,0.0047405957952662,True,0.009052164314391042,0.024128116392450775,0.0026175724890804553,0.014448014725191527,-0.0007634576094217582,False,-0.0055040534046879586,-0.0055040534046879586
10,60,12091,2,1983-02-10,1993-02-09,0.05980412336946683,0.09005121365980219,0.0645001229204567,0.06539162727656866,0.06097299594475225,0.004418631331816414,True,0.009164059779360523,0.004758977357534253,-0.0006333298488498951,0.060187319103156556,-0.000785676841595695,False,-0.005204308173412109,-0.005204308173412109
10,60,18137,3,1999-08-31,2009-08-30,0.07394041862642808,0.10253240264213667,0.06704941992192537,-0.002006167975429629,-0.007464459956214364,0.005458291980784735,True,0.015348708297575842,0.02728069920898628,0.0027712162890913827,-0.007593290843755263,-0.00012883088754089833,False,-0.0055871228683256335,-0.0055871228683256335
10,60,24183,4,2016-03-20,2026-03-20,0.06798587234103892,0.08692165166873496,0.07143069020435822,0.05127177559399376,0.046105375364610346,0.005166400229383417,True,0.012231853041254848,0.007564250986654517,0.002177379246403488,0.04564796648021674,-0.0004574088843936064,False,-0.005623809113777023,-0.005623809113777023
10,90,0,0,1950-01-03,1960-01-03,0.07088467986823455,0.10149650507169092,0.07380513429189794,0.07431458879913477,0.06961569049598593,0.004698898303148846,True,0.02020618345183589,0.03898496567638473,0.010993912095933478,0.06911390588137256,-0.0005017846146133653,False,-0.005200682917762212,-0.005200682917762212
10,90,6045,1,1966-07-23,1976-07-22,0.08554063844453275,0.10487721591576946,0.06328063525446659,0.020964241962457608,0.01511817270940563,0.0058460692530519776,True,0.016889325809560596,0.033557739999448756,0.006711917775212406,0.014311498106274412,-0.0008066746031312189,False,-0.006652743856183196,-0.006652743856183196
10,90,12091,2,1983-02-10,1993-02-09,0.08351567704118801,0.10570808619960716,0.0919074371183668,0.0660365488771344,0.06013367771935685,0.005902871157777545,True,0.03239795083830166,0.02690896508598508,0.016977930534214813,0.06089646121301695,0.0007627834936601019,True,-0.005140087664117443,-0.005140087664117443
10,90,18137,3,1999-08-31,2009-08-30,0.10359606751657768,0.12745232106484627,0.09475409649741562,-0.00015255105242162337,-0.007517364014581918,0.007364812962160294,True,0.026144737277763896,0.0591473068919748,0.007674666390049101,-0.007406501661744946,0.00011086235283697121,True,-0.007253950609323323,-0.007253950609323323
10,90,24183,4,2016-03-20,2026-03-20,0.09194489751477275,0.13769768455569978,0.09846002153616529,0.05199892166197273,0.04536144878083537,0.006637472881137363,True,0.031932438034609545,0.027710264247378297,0.016890426890647348,0.04606661081065733,0.0007051620298219596,True,-0.005932310851315403,-0.005932310851315403
10,120,0,0,1950-01-03,1960-01-03,0.09878518988609564,0.16160889829202893,0.10816592716140838,0.0744943361778323,0.06790922095072971,0.006585115227102589,True,0.038502892345952056,0.07072652012932602,0.026707022945074987,0.06844278694345074,0.0005335659927210301,True,-0.006051549234381559,-0.006051549234381559
10,120,6045,1,1966-07-23,1976-07-22,0.10685428962196197,0.14461377575637707,0.10959834698809257,0.022167862468974953,0.015161588192519337,0.007006274276455615,True,0.02445491095625485,0.0386717041398452,0.0013992466635694978,0.014285368815639021,-0.0008762193768803161,False,-0.007882493653335931,-0.007882493653335931
10,120,12091,2,1983-02-10,1993-02-09,0.10350029242465131,0.13901110222051444,0.11577218543564105,0.06683539461835131,0.05984858408995719,0.006986810528394116,True,0.030467966189971163,0.05648502440753066,0.015848445555211033,0.05955428721844935,-0.00029429687150783757,False,-0.007281107399901954,-0.007281107399901954
10,120,18137,3,1999-08-31,2009-08-30,0.12631771645498735,0.17951710737223103,0.12344493651101796,0.0014108435164290611,-0.007186488316555328,0.00859733183298439,True,0.029143590786128604,0.1072169046596815,0.03799341221648889,-0.007590045972227455,-0.00040355765567212654,False,-0.009000889488656516,-0.009000889488656516
10,120,24183,4,2016-03-20,2026-03-20,0.110169930950897,0.15343771810228232,0.11560575106209003,0.053022546768389356,0.045493864056265654,0.007528682712123702,True,0.03910755255487364,0.04769277313415544,0.02648711585805885,0.046076856833613844,0.0005829927773481902,True,-0.006945689934775512,-0.006945689934775512
12,15,0,0,1950-01-03,1962-01-03,0.01679807603084904,0.025186417569490107,0.0170315548740112,0.05754684703726087,0.05638068652760797,0.0011661605096529026,True,0.0016550850454335464,-0.00011815356211611878,-0.0001667349678083907,0.05622531405277176,-0.00015537247483621286,False,-0.0013215329844891155,-0.0013215329844891155
12,15,5863,1,1966-01-22,1978-01-22,0.018065401623223565,0.024869085636790217,0.019105509325406667,-0.007154595771879824,-0.008636181030478363,0.001481585258598539,True,0.0001989950202401225,0.00046885637855621505,0.0002143623086563462,-0.00861972780880682,1.645322167154184e-05,True,-0.0014651320369269971,-0.0014651320369269971
12,15,11726,2,1982-02-10,1994-02-10,0.022590301598125473,0.031669716334722035,0.023664691343607158,0.06814861372540126,0.06646581633158632,0.0016827973938149388,True,0.001351753555637325,0.0002075598232052445,-0.00023268396024123117,0.06628204758009382,-0.00018376875149250793,False,-0.0018665661453074467,-0.0018665661453074467
12,15,17589,3,1998-03-01,2010-03-01,0.027212276482083908,0.036205352777989225,0.02614009971395559,0.00388974054020097,0.0019311285109488985,0.0019586120292520715,True,0.0040522030473957305,0.0021237281848968653,0.000703667532007568,0.001983343083589606,5.22145726407075e-05,True,-0.001906397456611364,-0.001906397456611364
12,15,23452,4,2014-03-20,2026-03-20,0.02159692119622547,0.029289157591127747,0.021949714892279593,0.04951466458762477,0.04794609586815435,0.00156856871947042,True,0.001997948292231877,3.36112766979019e-05,-3.260438680330324e-05,0.04782184724403993,-0.00012424862411442028,False,-0.0016928173435848404,-0.0016928173435848404
12,30,0,0,1950-01-03,1962-01-03,0.02957628822793179,0.049432320066527424,0.0305558336789975,0.05829639211869986,0.05632966869235467,0.001966723426345185,True,0.0038283140087504997,0.0018794451999039365,0.0002797437322066276,0.056065182739910346,-0.0002644859524443266,False,-0.0022312093787895115,-0.0022312093787895115
12,30,5863,1,1966-01-22,1978-01-22,0.029369385656347724,0.04588721242373691,0.03129989580081183,-0.006228537493885966,-0.008625005866871427,0.0023964683729854608,True,-0.002137015240342821,0.002109198434947513,-0.0007941731580585198,-0.008801889061409773,-0.00017688319453834644,False,-0.0025733515675238072,-0.0025733515675238072
12,30,11726,2,1982-02-10,1994-02-10,0.03830474547551943,0.057046515863671356,0.04030928442759252,0.06895853255552198,0.06622164536301844,0.0027368871925035343,True,0.003650742630282089,0.0034639737408979393,0.0004936720642603198,0.06593896793245757,-0.0002826774305608737,False,-0.003019564623064408,-0.003019564623064408
12,30,17589,3,1998-03-01,2010-03-01,0.04356788302224346,0.057172892547272605,0.04060055356092873,0.004944848675898061,0.0019489174248508156,0.0029959312510472458,True,0.007783961003597462,0.010006295678548365,0.0044924263176764345,0.00202641022804273,7.74928031919142e-05,True,-0.0029184384478553316,-0.0029184384478553316
12,30,23452,4,2014-03-20,2026-03-20,0.037250017699057114,0.051906998827193324,0.038215072853916565,0.050403044224006655,0.04780240451010043,0.0026006397139062276,True,0.0045223680279224965,0.0009051928829277768,7.805654127834849e-05,0.04760039089857848,-0.00020201361152194508,False,-0.0028026533254281727,-0.0028026533254281727
12,45,0,0,1950-01-03,1962-01-03,0.042069927098430604,0.06850798983001853,0.043995687448384,0.05889331613574189,0.05616554831078058,0.0027277678249613135,True,0.007744269558924488,0.00830310048867272,0.0028207648091866933,0.05594183534610142,-0.0002237129646791569,False,-0.0029514807896404704,-0.0029514807896404704
12,45,5863,1,1966-01-22,1978-01-22,0.04879527116512894,0.061728745522219776,0.040799133415487576,-0.005474908203734752,-0.008571321603534243,0.0030964133997994914,True,0.011053237614825129,0.008752989501447395,-0.0003292955578825252,-0.008510448554878702,6.0873048655540885e-05,True,-0.0030355403511439505,-0.0030355403511439505
12,45,11726,2,1982-02-10,1994-02-10,0.0513095948594513,0.07489191230268583,0.055376700759359965,0.06969419696468537,0.06615402110132762,0.003540175863357753,True,0.006722526447666244,0.00853803593938526,0.0020510438611174298,0.06583808926422963,-0.00031593183709799355,False,-0.0038561077004557465,-0.0038561077004557465
12,45,17589,3,1998-03-01,2010-03-01,0.05976885895401263,0.08724938098244991,0.0603009058779409,0.0058507477796589935,0.0018516413344618066,0.003999106445197187,True,0.01399501008728321,0.014239676919312992,0.004541316313340982,0.002155775758666101,0.00030413442420429426,True,-0.0036949720209928927,-0.0036949720209928927
12,45,23452,4,2014-03-20,2026-03-20,0.04807991320078542,0.06325121651084074,0.049562414354594964,0.051012012983270516,0.0478022868940684,0.003209726089202114,True,0.00659970215479011,0.004223539987642298,0.000489190734920042,0.04748114274425963,-0.00032114414980877193,False,-0.003530870239010886,-0.003530870239010886
12,60,0,0,1950-01-03,1962-01-03,0.051463807996430466,0.08722971807307492,0.05456065213467598,0.059142674366401415,0.05591917770839405,0.003223496658007363,True,0.011866783970434724,0.015602767483659928,0.006496679925411586,0.055760033974615375,-0.0001591437337786772,False,-0.0033826403917860404,-0.0033826403917860404
12,60,5863,1,1966-01-22,1978-01-22,0.04507329742459443,0.06869798449205478,0.0487882041328338,-0.004855303894870544,-0.008508004114634815,0.003652700219764271,True,-0.005588168298509055,0.015105482867615462,0.0014368278779706145,-0.008971332348835959,-0.00046332823420114355,False,-0.004116028453965415,-0.004116028453965415
12,60,11726,2,1982-02-10,1994-02-10,0.06020066156056192,0.08170921538252826,0.06542781736410808,0.07018128218670316,0.066188719161141,0.003992563025562168,True,0.007940745537517557,0.011151436860446432,0.0018158853935923425,0.06568273117846735,-0.0005059879826736502,False,-0.004498551008235818,-0.004498551008235818
12,60,17589,3,1998-03-01,2010-03-01,0.07017596854077857,0.09045443974566876,0.0670917706402232,0.006802072678173232,0.002262447416692126,0.004539625261481106,True,0.008152443948574062,0.02716743914945824,0.001172521769648771,0.0018042249479597317,-0.00045822246873239436,False,-0.0049978477302135005,-0.0049978477302135005
12,60,23452,4,2014-03-20,2026-03-20,0.06376460043891541,0.09062491634152493,0.06522548051564891,0.05151674790701333,0.04730088708535529,0.004215860821658035,True,0.014212391314234463,0.012193279965077696,0.005398312543449357,0.04734510943225034,4.422234689505089e-05,True,-0.004171638474762984,-0.004171638474762984
12,90,0,0,1950-01-03,1962-01-03,0.06707175805638999,0.09484206416139673,0.0709164807786753,0.06027400003033301,0.05636713163605611,0.003906868394276897,True,0.017082034119465295,0.034127455627670736,0.010454114058844555,0.056043095783862684,-0.00032403585219342723,False,-0.004230904246470324,-0.004230904246470324
12,90,5863,1,1966-01-22,1978-01-22,0.0795985988141441,0.09826602431545803,0.059962412109431984,-0.003995389860695364,-0.008634329541246988,0.004638939680551624,True,0.017554864059612596,0.048103417053933936,0.004227711675462542,-0.008900282904383161,-0.00026595336313617324,False,-0.004904893043687797,-0.004904893043687797
12,90,11726,2,1982-02-10,1994-02-10,0.0864837599129149,0.12563357693292598,0.09773707623348238,0.07133880202876086,0.06578875779087157,0.005550044237889296,True,0.018820453802850468,0.03727930345183736,0.009121940986311472,0.0656134724340045,-0.00017528535686706093,False,-0.0057253295947563565,-0.0057253295947563565
12,90,17589,3,1998-03-01,2010-03-01,0.09987823135982143,0.1284226684765409,0.09672692550318218,0.007921130244861407,0.0016748898989222827,0.006246240345939125,True,0.02495305357997535,0.05404981367459999,0.022311373140999624,0.002011212119400252,0.0003363222204779692,True,-0.0059099181254611555,-0.0059099181254611555
12,90,23452,4,2014-03-20,2026-03-20,0.08423646972681009,0.1177239150927017,0.09085927288664708,0.05261734708118593,0.04734498819042221,0.0052723588907637176,True,0.020638945721087376,0.024062537160665032,0.008576791728154287,0.04732836707513832,-1.662111528388799e-05,False,-0.0052889800060476055,-0.0052889800060476055
12,120,0,0,1950-01-03,1962-01-03,0.09320474696585879,0.1493458504320832,0.10085722181842227,0.06051874442374494,0.0550786261977263,0.005440118226018642,True,0.032446148391024776,0.06273758253227994,0.025938261764643755,0.05547716189570928,0.0003985356979829824,True,-0.00504158252803566,-0.00504158252803566
12,120,5863,1,1966-01-22,1978-01-22,0.10212627597897894,0.1298099371639954,0.07780441045092679,-0.0029496200924497007,-0.008741061249412985,0.005791441156963284,True,0.02425717028581964,0.05781072076443247,0.0180942498284411,-0.00902472479462002,-0.00028366354520703574,False,-0.00607510470217032,-0.00607510470217032
12,120,11726,2,1982-02-10,1994-02-10,0.09809011745097695,0.14788040234070748,0.11064865997589557,0.07156060375737572,0.06566779558051783,0.005892808176857889,True,0.03054231377025185,0.0672056252864151,0.030619198767911415,0.06590637270350941,0.00023857712299157896,True,-0.00565423105386631,-0.00565423105386631
12,120,17589,3,1998-03-01,2010-03-01,0.11432754742850282,0.1500659679859756,0.10573627102189742,0.008783356778523155,0.0020078034970829606,0.006775553281440194,True,0.02611418147547906,0.06354857096731768,0.012269342074817446,0.001872515247659079,-0.00013528824942388162,False,-0.006910841530864076,-0.006910841530864076
12,120,23452,4,2014-03-20,2026-03-20,0.10489166036612296,0.13957198393500764,0.11490191657193427,0.053193093817660575,0.04686246828352991,0.006330625534130663,True,0.03682566600420123,0.04828849874061613,0.02355534774676782,0.04762737831009267,0.0007649100265627595,True,-0.005565715507567903,-0.005565715507567903
15,15,0,0,1950-01-03,1965-01-03,0.01635960075605669,0.023374622764549838,0.016597083949324798,0.051796334159616375,0.05085028204502584,0.0009460521145905343,True,0.001241484251893965,-0.00010371626140231307,-0.00015126328256487298,0.05074548131518042,-0.00010480072984542232,False,-0.0010508528444359566,-0.0010508528444359566
15,15,5589,1,1965-04-23,1980-04-23,0.02131464775161418,0.022687130968340512,0.01846278252757072,-0.004577291714336629,-0.005794536159208996,0.0012172444448723674,True,0.002413855340505977,-0.0002983208500809073,-0.0004636024556351481,-0.005816078258230606,-2.154209902160975e-05,False,-0.0012387865438939771,-0.0012387865438939771
15,15,11178,2,1980-08-11,1995-08-12,0.020715370016066714,0.02692937376705254,0.02092819808378743,0.06890568108328865,0.06764012129962027,0.0012655597836683796,True,0.0011826248961255281,0.00030205015966227716,0.00019533311383668206,0.06752950055013995,-0.00011062074948031686,False,-0.0013761805331486965,-0.0013761805331486965
15,15,16767,3,1995-11-30,2010-11-30,0.025677282006324686,0.03218542890031578,0.02509106780913073,0.0121399841576606,0.010615087012992408,0.0015248971446681914,True,0.003160549406228119,0.0012302804346154695,0.0010404158066195102,0.010643355417577771,2.826840458536317e-05,True,-0.0014966287400828282,-0.0014966287400828282
15,15,22356,4,2011-03-20,2026-03-20,0.021012682254516912,0.026751728423269654,0.021391784947764503,0.05130958589628043,0.050044469120543944,0.0012651167757364856,True,0.0019478264276959756,0.001815722988402184,0.0008357606586970601,0.04998915730706144,-5.531181348250591e-05,False,-0.0013204285892189915,-0.0013204285892189915
15,30,0,0,1950-01-03,1965-01-03,0.028693480412320893,0.04521262585673315,0.02975435054906339,0.0525280773253014,0.050927942131488546,0.0016001351938128572,True,0.002553808366355881,0.001535617574599153,0.00024348206209134915,0.050722654043781734,-0.00020528808770681195,False,-0.0018054232815196691,-0.0018054232815196691
15,30,5589,1,1965-04-23,1980-04-23,0.03579302640957405,0.04368677125848425,0.030865388571948982,-0.0038945861435493168,-0.005864030323597946,0.0019694441800486295,True,0.004293826464087713,0.0018776715543326443,-0.0017653303563942568,-0.0059432118862643435,-7.91815626663972e-05,False,-0.0020486257427150267,-0.0020486257427150267
15,30,11178,2,1980-08-11,1995-08-12,0.03444794593187006,0.04433647627952549,0.035166656359315374,0.06963144449307723,0.06760873820682889,0.0020227062862483436,True,0.0036412829087999476,0.007318191610411818,0.002628170252341633,0.06747742693117109,-0.0001313112756577972,False,-0.002154017561906141,-0.002154017561906141
15,30,16767,3,1995-11-30,2010-11-30,0.042198444387702594,0.05673411293110062,0.042362138739541644,0.012931470796311295,0.010513369759114655,0.0024181010371966405,True,0.007049717604454608,0.005934430688442977,0.004096062795761357,0.010617488196151381,0.00010411843703672652,True,-0.002313982600159914,-0.002313982600159914
15,30,22356,4,2011-03-20,2026-03-20,0.03477045750142893,0.04980490261239164,0.03609071782401774,0.05204958894184197,0.05003830586415581,0.0020112830776861657,True,0.004334637280411391,0.006515020442975448,0.002525436989841978,0.049957501246452596,-8.080461770321179e-05,False,-0.0020920876953893774,-0.0020920876953893774
15,45,0,0,1950-01-03,1965-01-03,0.04050196016108765,0.06280497612754221,0.042530702930702935,0.05300774619266302,0.05079955180835616,0.0022081943843068608,True,0.006096274039683713,0.007219422526506507,0.0024978264297690345,0.050648680904862964,-0.00015087090349319432,False,-0.002359065287800055,-0.002359065287800055
15,45,5589,1,1965-04-23,1980-04-23,0.04770934327162624,0.05967137474342535,0.04713109751320199,-0.003259048452047608,-0.005805715572336889,0.002546667120289281,True,0.0068304678571309285,0.007521316306251536,-0.0013243938452365267,-0.005900039475750352,-9.432390341346242e-05,False,-0.0026409910237027434,-0.0026409910237027434
15,45,11178,2,1980-08-11,1995-08-12,0.047284012771882766,0.06056208818178178,0.04856839903890209,0.07021320759960603,0.06750722139890653,0.002705986200699506,True,0.005018218297460075,0.010737650911511949,0.0022899556756679207,0.06727771268916616,-0.00022950870974036697,False,-0.002935494910439873,-0.002935494910439873
15,45,16767,3,1995-11-30,2010-11-30,0.057624415008484586,0.0767825517792467,0.05712992249207094,0.013606915662938368,0.01038252811875795,0.003224387544180418,True,0.010330005325119851,0.007931292511631067,0.004893671006175104,0.010520382186038013,0.00013785406728006322,True,-0.003086533476900355,-0.003086533476900355
15,45,22356,4,2011-03-20,2026-03-20,0.047571773668780404,0.06195318538977342,0.049521481772539344,0.05274517292813208,0.05006411871862726,0.0026810542095048184,True,0.008956937216629157,0.019698151091925444,0.007862365545155736,0.05011218871933654,4.807000070927714e-05,True,-0.0026329842087955413,-0.0026329842087955413
15,60,0,0,1950-01-03,1965-01-03,0.04970992257194262,0.07961782515346084,0.05259015638146969,0.05326502571359759,0.050627890876149495,0.0026371348374480963,True,0.008455080792496128,0.013355457361769655,0.005959462205848753,0.05045204491401334,-0.00017584596213615633,False,-0.0028129807995842526,-0.0028129807995842526
15,60,5589,1,1965-04-23,1980-04-23,0.05792400855481583,0.0761017608908558,0.048244238376588644,-0.0029010760215714138,-0.005912899502376723,0.003011823480805309,True,0.011767943450803564,0.008577752146662836,-0.0002160374268861398,-0.00586185950671092,5.103999566580253e-05,True,-0.0029607834851395065,-0.0029607834851395065
15,60,11178,2,1980-08-11,1995-08-12,0.058287174688584686,0.08429013514073656,0.062155395084322995,0.07060948782991949,0.06735060365349033,0.0032588841764291665,True,0.013059513769017927,0.02919624751346044,0.010739911898350885,0.06749621323832189,0.00014560958483156305,True,-0.0031132745915976034,-0.0031132745915976034
15,60,16767,3,1995-11-30,2010-11-30,0.06966058327188684,0.09728792618372853,0.07176477754726829,0.013996685053936364,0.010190560217694156,0.0038061248362422084,True,0.016311797212208212,0.02084105663761526,0.013461814411198869,0.010544248010475599,0.000353687792781443,True,-0.0034524370434607654,-0.0034524370434607654
15,60,22356,4,2011-03-20,2026-03-20,0.05850829690099779,0.08521480808893975,0.061089432732619464,0.052856582861798174,0.049637116115265556,0.0032194667465326177,True,0.015386032082539192,0.033588016104593554,0.012519521845022474,0.04994088242793193,0.0003037663126663759,True,-0.0029157004338662418,-0.0029157004338662418
15,90,0,0,1950-01-03,1965-01-03,0.06460581731913462,0.08798899175422294,0.06631311406740092,0.05416471843000892,0.050930001362875066,0.003234717067133852,True,0.01262696708750477,0.028688053997890147,0.009862227441054472,0.05065095417086041,-0.00027904719201465866,False,-0.0035137642591485108,-0.0035137642591485108
15,90,5589,1,1965-04-23,1980-04-23,0.07689274698984394,0.10223854632310876,0.061961593319468156,-0.0020634602707076954,-0.005884734214649079,0.0038212739439413834,True,0.01177823144065937,0.01791279292567617,-0.0015286922597714803,-0.0062041036744316935,-0.00031936945978261466,False,-0.004140643403723998,-0.004140643403723998
15,90,11178,2,1980-08-11,1995-08-12,0.07686707946424032,0.1077535720404931,0.08236443102323032,0.07140713985818303,0.06730548280467485,0.004101657053508179,True,0.01698198134427842,0.03947787312796723,0.011290187959621223,0.06732755063778484,2.206783310998439e-05,True,-0.004079589220398194,-0.004079589220398194
15,90,16767,3,1995-11-30,2010-11-30,0.09611260837058033,0.12421215244835718,0.09908297849657965,0.01513152350699154,0.010052561956978678,0.0050789615500128615,True,0.02216053714981392,0.037469269581670565,0.023433057951361302,0.0104155062391591,0.00036294428218042185,True,-0.00471601726783244,-0.00471601726783244
15,90,22356,4,2011-03-20,2026-03-20,0.07799875120315813,0.11046456383697412,0.08303721792930152,0.05412365486819937,0.05001462647687638,0.004109028391322989,True,0.016306665873409898,0.034981505770273535,0.011813131828901646,0.04998983170061022,-2.4794776266157115e-05,False,-0.004133823167589146,-0.004133823167589146
15,120,0,0,1950-01-03,1965-01-03,0.08802631558723273,0.1364903638278792,0.09413821163121172,0.05448515899401429,0.0501063691230883,0.004378789870925992,True,0.024456844303273995,0.05367198730528079,0.024715621687859457,0.05025932853744974,0.00015295941436144211,True,-0.00422583045656455,-0.00422583045656455
15,120,5589,1,1965-04-23,1980-04-23,0.09891799263461043,0.12139707706147315,0.07988441540527202,-0.0013791345345862682,-0.006183810458720074,0.0048046759241338055,True,0.027081754764947563,0.03787951004683258,0.006676948499476865,-0.005869555189577769,0.00031425526914230506,True,-0.0044904206549915004,-0.0044904206549915004
15,120,11178,2,1980-08-11,1995-08-12,0.09827009453375934,0.13993693109389913,0.10311746697900315,0.07229281284241451,0.06717470153756788,0.005118111304846629,True,0.020423526595777508,0.05909977650212974,0.012877875347406809,0.06704939522453213,-0.00012530631303575568,False,-0.005243417617882384,-0.005243417617882384
15,120,16767,3,1995-11-30,2010-11-30,0.11931923712193204,0.15316734035870413,0.12468630889205201,0.01591108423405152,0.009784209957489187,0.006126874276562333,True,0.036981729205893155,0.058264471651474185,0.040860744736077814,0.010749671443573305,0.0009654614860841182,True,-0.005161412790478215,-0.005161412790478215
15,120,22356,4,2011-03-20,2026-03-20,0.09573600340643362,0.13663039300244145,0.10360627274034373,0.05429509973590996,0.049424514509212925,0.004870585226697033,True,0.03420383946248551,0.070764867795945,0.030709836087477127,0.05024020496860193,0.0008156904593890069,True,-0.004054894767308026,-0.004054894767308026
20,15,0,0,1950-01-03,1970-01-03,0.01491103546560324,0.0214754196671418,0.01608914695961483,0.027303483224146108,0.026543406626747812,0.0007600765973982959,True,-6.871665358398893e-05,-9.506903889834001e-05,-0.00012847666616377929,0.026539878997330568,-3.527629417243716e-06,False,-0.0007636042268155396,-0.0007636042268155396
20,15,5132,1,1964-01-22,1984-01-22,0.018905863894655317,0.023536339756033267,0.017460198001104876,0.019032807322968637,0.01818336787061625,0.0008494394523523852,True,0.001981322956177589,0.0005138037911294921,0.0005542089612831091,0.0181794907727717,-3.877097844551258e-06,False,-0.0008533165501969364,-0.0008533165501969364
20,15,10265,2,1978-02-10,1998-02-10,0.02078417945707245,0.02677278906762241,0.021029809174650804,0.08474551667059105,0.08374151524084894,0.0010040014297421074,True,0.0001796615605094143,-9.568594466390919e-05,-0.00023363814635846136,0.08364010143143519,-0.00010141380941375289,False,-0.0011054152391558603,-0.0011054152391558603
20,15,15397,3,1992-02-29,2012-02-29,0.021278835951575203,0.02333720881817653,0.020126804989216485,0.029468784102917533,0.028490980252799947,0.0009778038501175867,True,0.0014225387046238325,0.000507487606500565,0.00047454813874547863,0.02845837015190611,-3.261010089383731e-05,False,-0.001010413951011424,-0.001010413951011424
20,15,20530,4,2006-03-20,2026-03-20,0.022730203084069034,0.027794465482844852,0.02353054106583463,0.050176881530905826,0.0491049653093909,0.0010719162215149236,True,0.0011499899116711454,0.0009856433138555009,0.0006662798908638745,0.049057654176682064,-4.7311132708838244e-05,False,-0.0011192273542237618,-0.0011192273542237618
20,30,0,0,1950-01-03,1970-01-03,0.028001368072285038,0.04079072148240514,0.02838824572203258,0.027796268956819192,0.02658865363594143,0.001207615320877764,True,0.0021008022695374606,0.001144073593907225,0.0,0.02648556579094019,-0.00010308784500123735,False,-0.0013107031658790014,-0.0013107031658790014
20,30,5132,1,1964-01-22,1984-01-22,0.030839232852202025,0.040767180186954056,0.028740529602366616,0.019534007206860382,0.01819554150334457,0.001338465703515812,True,0.003237478964884355,0.0011199273460457937,0.00037113437304769903,0.01815100803796743,-4.453346537713898e-05,False,-0.001382999168892951,-0.001382999168892951
20,30,10265,2,1978-02-10,1998-02-10,0.03445737993017728,0.044484851465106084,0.03567615413620007,0.08531939609579875,0.08370508708770563,0.0016143090080931177,True,0.0009583585019137253,0.0020017114532961955,0.00021423638341100393,0.08353447752593612,-0.00017060956176950803,False,-0.0017849185698626258,-0.0017849185698626258
20,30,15397,3,1992-02-29,2012-02-29,0.03450166500016194,0.04132159932547391,0.03327376470439214,0.02993444007875956,0.02839988983876407,0.0015345502399954913,True,0.002673291703060965,0.0013660658966046758,0.0012081676551773946,0.028325978788273032,-7.391105049103786e-05,False,-0.0016084612904865292,-0.0016084612904865292
20,30,20530,4,2006-03-20,2026-03-20,0.03698549894488745,0.04472704965834665,0.038465903461788464,0.050818801489985965,0.04912775880369047,0.0016910426862954964,True,0.000864749936172915,0.0005344301347091948,-0.0010093412802988366,0.04895768769893416,-0.0001700711047563086,False,-0.001861113791051805,-0.001861113791051805
20,45,0,0,1950-01-03,1970-01-03,0.039192944106891225,0.05672822709230037,0.039954864851351246,0.028114140341707783,0.026455335138419134,0.0016588052032886491,True,0.0046403076621714945,0.005968585738300944,0.0023611476789808794,0.026377096580766812,-7.823855765232146e-05,False,-0.0017370437609409706,-0.0017370437609409706
20,45,5132,1,1964-01-22,1984-01-22,0.04167683887652429,0.05311931035376123,0.04180463990092398,0.019933373423540512,0.01816596514463975,0.0017674082789007617,True,0.004384861924775052,0.0008591423501837158,-0.0018398132048044191,0.0180753994294085,-9.056571523125001e-05,False,-0.0018579739941320117,-0.0018579739941320117
20,45,10265,2,1978-02-10,1998-02-10,0.04411957791095156,0.056830626200297676,0.04457896414599993,0.08566812437944216,0.08366040296432953,0.002007721415112629,True,0.002705830360203443,0.00303430631879025,0.0015001165610770695,0.08347339614664961,-0.00018700681767991334,False,-0.002194728232792542,-0.002194728232792542
20,45,15397,3,1992-02-29,2012-02-29,0.046154932757439315,0.05544691307777477,0.04562647992967417,0.03037405328446563,0.028367898411261416,0.0020061548732042134,True,0.0034050940906515947,0.002304404754854352,0.00139161549769784,0.02822623454926898,-0.00014166386199243597,False,-0.0021478187351966493,-0.0021478187351966493
20,45,20530,4,2006-03-20,2026-03-20,0.04790614813097638,0.06067940137923224,0.04961541256104396,0.05135564903581313,0.04922145487252094,0.0021341941632921912,True,0.00021672720636622955,0.00130202474970528,-0.0033561027211274075,0.04891003121942239,-0.0003114236530985526,False,-0.002445617816390744,-0.002445617816390744
20,60,0,0,1950-01-03,1970-01-03,0.04804101183989151,0.0715261708095822,0.04970992257194262,0.02847357455899724,0.026485529815908126,0.0019880447430891124,True,0.0071038092128581365,0.010930899064571486,0.005430815536636491,0.026426407963537235,-5.9121852370891403e-05,False,-0.002047166595460004,-0.002047166595460004
20,60,5132,1,1964-01-22,1984-01-22,0.050157089029864155,0.066082617756429,0.05137717418669885,0.020320190753770895,0.01824491124632499,0.002075279507445904,True,0.0044712219056268765,0.0035392115063775866,-0.0011058732173601094,0.018052976136212484,-0.00019193511011250664,False,-0.0022672146175584107,-0.0022672146175584107
20,60,10265,2,1978-02-10,1998-02-10,0.05798128485783538,0.08104145702592222,0.05993182929352181,0.08616992920151367,0.08355908767182862,0.0026108415296850485,True,0.0096607938714115,0.018638722557909118,0.00902748700478151,0.08363406863537426,7.498096354563444e-05,True,-0.002535860566139414,-0.002535860566139414
20,60,15397,3,1992-02-29,2012-02-29,0.05838603554312649,0.06546184099938615,0.058707750439055184,0.030711706925205196,0.0282138234606486,0.002497883464556594,True,0.011078256217071702,0.008980131314602301,0.007268422730487334,0.028357146193390692,0.0001433227327420905,True,-0.0023545607318145034,-0.0023545607318145034
20,60,20530,4,2006-03-20,2026-03-20,0.05957213082513424,0.08033908548472726,0.06217208419156384,0.05193255529846086,0.04932517540023751,0.00260737989822335,True,-0.002090314338124788,0.0023566894984581345,-0.00610388403163975,0.048783705898152396,-0.0005414695020851124,False,-0.003148849400308462,-0.003148849400308462
20,90,0,0,1950-01-03,1970-01-03,0.0618694876826118,0.08110841639093869,0.06335384800042276,0.02881939592817928,0.02636512303864591,0.002454272889533371,True,0.01017191624468472,0.023114507357088747,0.008948051376213018,0.02625480208570319,-0.00011032095294272182,False,-0.002564593842476093,-0.002564593842476093
20,90,5132,1,1964-01-22,1984-01-22,0.06749665287169937,0.08886981431164964,0.06788569395282229,0.020751712112896614,0.0180472079251619,0.002704504187734713,True,0.013522708574358111,0.0111688535415745,0.00019979270145853434,0.018106374393711988,5.9166468550087004e-05,True,-0.002645337719184626,-0.002645337719184626
20,90,10265,2,1978-02-10,1998-02-10,0.07375181232790351,0.0970049274586742,0.07632887944950872,0.08633535016524263,0.0831414059684541,0.003193944196788534,True,0.012968314883429644,0.026769341210259652,0.011345236836037609,0.08317470515478642,3.329918633232509e-05,True,-0.003160645010456209,-0.003160645010456209
20,90,15397,3,1992-02-29,2012-02-29,0.07524061391940107,0.08841499384454095,0.0760037379287779,0.031247201248676193,0.028143142321659376,0.0031040589270168173,True,0.0073971305861704195,0.014169643439973909,0.0062354680019378605,0.0278911995463349,-0.0002519427753244763,False,-0.0033560017023412936,-0.0033560017023412936
20,90,20530,4,2006-03-20,2026-03-20,0.07528664771231597,0.10253449019814723,0.07857398406023974,0.052489290703381375,0.049319912873960314,0.0031693778294210606,True,0.003231910984780484,0.0045761587131092135,-0.003788304581307411,0.048845549510351916,-0.0004743633636083988,False,-0.0036437411930294594,-0.0036437411930294594
20,120,0,0,1950-01-03,1970-01-03,0.08399840573974005,0.12274122466903233,0.08884452238152618,0.02936465871197469,0.02606898385472567,0.00329567485724902,True,0.020056338360268544,0.04399318743318056,0.021869967812844004,0.026239787930318226,0.00017080407559255661,True,-0.0031248707816564636,-0.0031248707816564636
20,120,5132,1,1964-01-22,1984-01-22,0.08010704798571,0.11185632338343532,0.08010704798571,0.021398544948630693,0.018311067943693526,0.003087477004937167,True,0.014747062084542018,0.02243022858996024,0.003170373945213134,0.018214819795440818,-9.624814825270889e-05,False,-0.003183725153189876,-0.003183725153189876
20,120,10265,2,1978-02-10,1998-02-10,0.09259540694632529,0.1392514639134143,0.09936191433999397,0.08720173615823468,0.08329340188917045,0.003908334269064229,True,0.02483906944263925,0.06250743764836837,0.023715597537202537,0.08372714691372529,0.00043374502455484354,True,-0.003474589244509385,-0.003474589244509385
20,120,15397,3,1992-02-29,2012-02-29,0.0986173600229514,0.11856743033543983,0.10083206136739009,0.0319541608937417,0.027960795589433207,0.003993365304308494,True,0.02398720238610874,0.028822630424849945,0.019427430027037396,0.028329729668701287,0.00036893407926807953,True,-0.0036244312250404143,-0.0036244312250404143
20,120,20530,4,2006-03-20,2026-03-20,0.0925964835565134,0.12495290833039638,0.09595987360834624,0.05365472995954734,0.04986694063971897,0.003787789319828372,True,-0.001294451180918199,-0.0005507947907139111,-0.011500444846215818,0.04893168498978162,-0.0009352556499373499,False,-0.004723044969765722,-0.004723044969765722
