horizon_years,contribution_interval_days,window_stride_days,window_number,start_date,end_date,final_relative_advantage_theoretical,mean_relative_advantage_theoretical,median_relative_advantage_theoretical,annual_return_btd_theoretical,annual_return_dca,annual_alpha_theoretical,theoretical_win,final_relative_advantage_implementable,mean_relative_advantage_implementable,median_relative_advantage_implementable,annual_return_btd_implementable,annual_alpha_implementable,implementable_win,implementable_minus_theoretical_annual_alpha,implementable_minus_theoretical_annual_return
1,15,0,0,1950-01-03,1951-01-03,0.055337621509344403,0.09307028486911269,0.0592339441785068,0.14236794858608137,0.12755952382970825,0.014808424756373118,True,0.03531478567230151,0.0016549124967065658,0.0,0.12067918993234139,-0.006880333897366864,False,-0.02168875865373998,-0.02168875865373998
1,15,6867,1,1968-10-22,1969-10-22,0.057022318185509624,0.09745373647816412,0.01320216617290959,-0.006687378530553234,-0.021127313363974443,0.014439934833421209,True,0.042565349149218834,0.00018112914531582484,0.0,-0.02028222677760283,0.0008450865863716128,True,-0.013594848247049596,-0.013594848247049596
1,15,13735,2,1987-08-12,1988-08-11,0.06802498033784943,0.09239986948302832,0.03117300484947161,0.016137649891123207,-0.008957073520889591,0.025094723412012798,True,0.03287580590530115,0.006783068428119919,-0.012946312859597131,-0.01732641334163154,-0.00836933982074195,False,-0.03346406323275475,-0.03346406323275475
1,15,20602,3,2006-05-31,2007-05-31,0.05240902804360981,0.0779262240155631,0.05706250433276261,0.12554360669512077,0.11404690255193439,0.011496704143186376,True,0.03764547120170936,0.0010242347460442524,0.0004604081737757948,0.10974335428837234,-0.0043035482635620514,False,-0.015800252406748427,-0.015800252406748427
1,15,27470,4,2025-03-20,2026-03-20,0.06241733249326198,0.13803731757405296,0.07176527675924071,0.040211516235215905,0.019880785762543374,0.02033073047267253,True,0.040854998618799154,0.00016882230834214528,0.0,0.019085549204322927,-0.0007952365582204468,False,-0.021125967030892978,-0.021125967030892978
1,30,0,0,1950-01-03,1951-01-03,0.1068126617293581,0.20841456895959842,0.15127872297722167,0.14797893275870666,0.1236098236708032,0.024369109087903462,True,0.07685993969903948,0.014194998172851218,0.002907214408653269,0.11689117537674742,-0.0067186482940557735,False,-0.031087757381959236,-0.031087757381959236
1,30,6867,1,1968-10-22,1969-10-22,0.10677842865962783,0.16706724953097324,0.06750720385048148,0.0016512747573449449,-0.019581270182785326,0.02123254494013027,True,0.08430275260994446,0.005653287495731162,0.0,-0.018703342713861204,0.0008779274689241223,True,-0.02035461747120615,-0.02035461747120615
1,30,13735,2,1987-08-12,1988-08-11,0.12417600501529447,0.1613508300598422,0.13205461311296385,0.02889302374556224,-0.008513034392087615,0.037406058137649856,True,0.07327807787630403,0.04217983379845894,-0.014271383558845607,-0.017722066491917765,-0.00920903209983015,False,-0.046615090237480006,-0.046615090237480006
1,30,20602,3,2006-05-31,2007-05-31,0.10605037623144131,0.21095006711926398,0.14563348891596206,0.12746814174370202,0.1042955049986698,0.023172636745032227,True,0.07911524918751445,0.011467162598896482,0.00696247349184298,0.09999286294585952,-0.004302642052810279,False,-0.027475278797842506,-0.027475278797842506
1,30,27470,4,2025-03-20,2026-03-20,0.12019112716330094,0.25100730166726365,0.16350805081037767,0.052969407047823935,0.01830008307592501,0.034669323971898924,True,0.07727802770124192,-0.012580642696140494,-0.008615586755360671,0.012604394063524316,-0.005695689012400695,False,-0.04036501298429962,-0.04036501298429962
1,45,0,0,1950-01-03,1951-01-03,0.1600667265896316,0.25488144647813604,0.1807855260725657,0.15120967948964692,0.11638721472104874,0.03482246476859818,True,0.1276946279490483,0.04679710345792357,0.00841807770358538,0.1190630468117595,0.0026758320907107613,True,-0.03214663267788742,-0.03214663267788742
1,45,6867,1,1968-10-22,1969-10-22,0.15910060168645312,0.1730962568312473,0.04473122452940026,0.010656672751570673,-0.019096788802805187,0.02975346155437586,True,0.12561425498096246,0.0827335295469391,0.0020931275914557457,-0.018560844372422336,0.0005359444303828509,True,-0.02921751712399301,-0.02921751712399301
1,45,13735,2,1987-08-12,1988-08-11,0.18353957772963847,0.2964201934084134,0.2314335504884666,0.04365223914107674,-0.008002775449078792,0.051655014590155535,True,0.11223527173456294,0.1602187880719563,-0.01568802462153218,-0.019266063078795193,-0.0112632876297164,False,-0.06291830221987194,-0.06291830221987194
1,45,20602,3,2006-05-31,2007-05-31,0.14844743381851488,0.34687213185957533,0.27015688113636904,0.12928920667750043,0.10621728986971912,0.023071916807781312,True,0.1144359209891217,0.004394618358627184,0.002725284944645967,0.0958225046676513,-0.010394785202067824,False,-0.033466702009849136,-0.033466702009849136
1,45,27470,4,2025-03-20,2026-03-20,0.17938794539647973,0.3685389792942959,0.2602024568847239,0.05854166255393278,0.009693940292872627,0.048847722261060156,True,0.1305068401236016,0.018338629753930642,0.012698834800526804,0.014639754325845633,0.004945814032973006,True,-0.04390190822808715,-0.04390190822808715
1,60,0,0,1950-01-03,1951-01-03,0.20916746097382832,0.35741282902091936,0.29561545172433523,0.15831268643725616,0.11757198723904172,0.040740699198214436,True,0.17108446009316958,0.08337602058763732,0.012895478568713648,0.12180677885885882,0.004234791619817102,True,-0.036505907578397334,-0.036505907578397334
1,60,6867,1,1968-10-22,1969-10-22,0.20000455003133322,0.27740854826996564,0.03182612070638435,0.012717428960261623,-0.015436343983390777,0.0281537729436524,True,0.16491439085786364,0.03891062085711944,0.0,-0.01691612214104299,-0.0014797781576522118,False,-0.02963355110130461,-0.02963355110130461
1,60,13735,2,1987-08-12,1988-08-11,0.21855461100684237,0.2515732433914868,0.05304892673425332,0.034757195146212005,-0.009333897161288074,0.04409109230750008,True,0.14474046157689835,0.2297513833433811,-0.028071813598779305,-0.027964998704292587,-0.018631101543004513,False,-0.06272219385050459,-0.06272219385050459
1,60,20602,3,2006-05-31,2007-05-31,0.1990974575749247,0.4140998072290816,0.3655330322930648,0.13088127016083284,0.1002747912083859,0.030606478952446947,True,0.16678893544137008,0.04019879053463615,0.01806525576560558,0.10039018097871022,0.00011538977032432562,True,-0.03049108918212262,-0.03049108918212262
1,60,27470,4,2025-03-20,2026-03-20,0.2441068925210066,0.45192673141522627,0.33975121815586906,0.06278418546051645,-0.0034133623841414718,0.06619754784465792,True,0.18641059138618754,0.04910612204392863,0.03689062734740878,0.01346388513434138,0.016877247518482852,True,-0.04932030032617507,-0.04932030032617507
1,90,0,0,1950-01-03,1951-01-03,0.30232435088856824,0.23067399914463507,0.07389273140724717,0.1545274758637598,0.10811013426846494,0.04641734159529487,True,0.2720996684421675,0.20407045111214195,0.03870285402727691,0.1277147640838543,0.01960462981538935,True,-0.026812711779905518,-0.026812711779905518
1,90,6867,1,1968-10-22,1969-10-22,0.28636228696100363,0.3407730196843077,0.3840076868889577,0.024057578050604933,-0.004909546195606351,0.028967124246211284,True,0.24172861089065334,0.2712102856218673,0.009454784944454175,-0.011498665521279094,-0.006589119325672743,False,-0.03555624357188403,-0.03555624357188403
1,90,13735,2,1987-08-12,1988-08-11,0.31683332781086104,0.5821868811965937,0.5856368636049385,0.08738338980396199,0.03215852618436643,0.055224863619595554,True,0.20274343840957987,0.20982113458098509,-0.05157886732953254,-0.006888698865290199,-0.03904722504965663,False,-0.09427208866925219,-0.09427208866925219
1,90,20602,3,2006-05-31,2007-05-31,0.3012756899916269,0.6151652224367907,0.5492219628308892,0.1320092743243344,0.08737344558250926,0.044635828741825145,True,0.24717701622446375,0.0405604481376593,0.03286086910325681,0.08491605541547198,-0.0024573901670372766,False,-0.04709321890886242,-0.04709321890886242
1,90,27470,4,2025-03-20,2026-03-20,0.3441080481259944,0.5106302274507961,0.15689942362285403,0.07448516317554432,-0.000794852736250018,0.07528001591179434,True,0.28990045469723946,0.11315099672271796,0.05703988616551392,0.03112233016919652,0.03191718290544654,True,-0.0433628330063478,-0.0433628330063478
1,120,0,0,1950-01-03,1951-01-03,0.4084092539156756,0.5286447642277319,0.5921167423309275,0.15511517755530724,0.09350018876212185,0.06161498879318539,True,0.3333759091253956,0.3064060494417114,0.008757525998905002,0.09353513015607673,3.4941393954879274e-05,True,-0.06158004739923051,-0.06158004739923051
1,120,6867,1,1968-10-22,1969-10-22,0.3703502921227626,0.19907156573557797,0.009557945041816174,0.020975944456881335,-0.006622077399055737,0.02759802185593707,True,0.33000720868700384,0.2278796687454064,-0.010442080608958348,-0.009101846683427395,-0.002479769284371658,False,-0.03007779114030873,-0.03007779114030873
1,120,13735,2,1987-08-12,1988-08-11,0.42309674438330713,0.7254990151770191,0.6031412411773167,0.08733939501127952,0.01870879106492085,0.06863060394635867,True,0.2852625740024084,0.41378888272831854,0.40286600664497807,-0.01804348431973346,-0.03675227538465431,False,-0.10538287933101298,-0.10538287933101298
1,120,20602,3,2006-05-31,2007-05-31,0.40022880775368397,0.7277912898782548,0.58298658717774,0.13075909753009052,0.07670134834958775,0.05405774918050277,True,0.3745340711027332,0.24343330780895509,0.09226192908334618,0.10999515266246673,0.03329380431287898,True,-0.020763944867623785,-0.020763944867623785
1,120,27470,4,2025-03-20,2026-03-20,0.4622905360118592,0.8805362160662517,0.6724459378481864,0.08603555496635384,-0.009802903269234942,0.09583845823558879,True,0.3946908582482982,0.12750411382306287,0.1669297992039318,0.03579604714476248,0.04559895041399742,True,-0.05023950782159137,-0.05023950782159137
2,15,0,0,1950-01-03,1952-01-03,0.03472268370525122,0.06078678569016129,0.035274882552467135,0.09685491587137873,0.0894633183124578,0.007391597558920937,True,0.016804780006757003,0.0003634967592856665,-0.0009603352431025725,0.08731002564881951,-0.0021532926636382843,False,-0.009544890222559221,-0.009544890222559221
2,15,6776,1,1968-07-23,1970-07-23,0.04076307766611187,0.06547004076896168,0.014421260176939343,-0.07980420334148919,-0.08866331569843422,0.008859112356945031,True,0.026607277027983267,0.00200566086762134,0.0009655139213375907,-0.08608787512850946,0.0025754405699247584,True,-0.006283671787020273,-0.006283671787020273
2,15,13552,2,1987-02-10,1989-02-09,0.0454845074507606,0.09368239800798658,0.04950072588068877,0.04964076401016304,0.037183884819872004,0.012456879190291037,True,0.018323374267885217,0.004266317291700828,-0.0011626474058681335,0.035907146368708176,-0.001276738451163828,False,-0.013733617641454865,-0.013733617641454865
2,15,20328,3,2005-08-30,2007-08-30,0.0349302726712204,0.05856371522019843,0.03552880359028432,0.04904481809521011,0.04187083022440552,0.007173987870804588,True,0.020103094781098063,0.0005972986580944671,0.0,0.041497864611177215,-0.00037296561322830435,False,-0.007546953484032892,-0.007546953484032892
2,15,27105,4,2024-03-20,2026-03-20,0.04060182795043921,0.06477590186989775,0.04102187222958631,0.05255592848705248,0.042503347529111,0.010052580957941482,True,0.02077550470012368,0.001928330910542902,0.00018059633108813422,0.04247379878315205,-2.9548745958951628e-05,False,-0.010082129703900433,-0.010082129703900433
2,30,0,0,1950-01-03,1952-01-03,0.06468238073348842,0.13301440763607045,0.08000895746487835,0.10072489545217955,0.08875431359517871,0.01197058185700084,True,0.0360729648018554,0.008364753301153797,0.001239867175881093,0.0858250961338185,-0.0029292174613602118,False,-0.014899799318361051,-0.014899799318361051
2,30,6776,1,1968-07-23,1970-07-23,0.07496052218580163,0.13097274542713574,0.0810607917073296,-0.07300259511212537,-0.08748089700022021,0.014478301888094847,True,0.05198922871209066,0.016767746029455105,0.0030714938407725434,-0.08296756951308082,0.004513327487139396,True,-0.00996497440095545,-0.00996497440095545
2,30,13552,2,1987-02-10,1989-02-09,0.08121591980739562,0.1655566573936856,0.09368329568623368,0.05431635894141018,0.034840865390096454,0.019475493551313727,True,0.037090834318596944,0.02220765705794426,-0.0018931629292114893,0.032563882985765735,-0.0022769824043307185,False,-0.021752475955644446,-0.021752475955644446
2,30,20328,3,2005-08-30,2007-08-30,0.06390747350129078,0.12250974229641466,0.07245019873885239,0.050843955718059775,0.03979456270635362,0.011049393011706155,True,0.04171532583954218,0.007904802244884835,0.0029395278027173344,0.0398188649177198,2.4302211366178383e-05,True,-0.011025090800339976,-0.011025090800339976
2,30,27105,4,2024-03-20,2026-03-20,0.07777842045695005,0.14607409616500244,0.08335724363970054,0.058750663650683155,0.04085029206111224,0.017900371589570918,True,0.04067053198885362,0.01199615757674038,0.003145049672113709,0.04035215515504875,-0.0004981369060634844,False,-0.018398508495634402,-0.018398508495634402
2,45,0,0,1950-01-03,1952-01-03,0.09713949327329452,0.17372102328540634,0.1207898598414534,0.10312659162581062,0.0855607371834286,0.017565854442382012,True,0.06239186444554723,0.03287839489153983,0.011453569720698997,0.08550545666499398,-5.528051843461945e-05,False,-0.01762113496081663,-0.01762113496081663
2,45,6776,1,1968-07-23,1970-07-23,0.11405027765851439,0.15560929230918435,0.043885091577890334,-0.06622998001379998,-0.08810475020328778,0.021874770189487802,True,0.07427356273103003,0.03997388381522733,0.0055337271383502085,-0.08306285324122875,0.005041896962059034,True,-0.01683287322742877,-0.01683287322742877
2,45,13552,2,1987-02-10,1989-02-09,0.12321238038747806,0.2121227794902565,0.1409249194289639,0.05992342120877692,0.030860153024254933,0.029063268184521984,True,0.06726868426051391,0.11605478741124142,0.008982499772011154,0.0331724872147503,0.0023123341904953687,True,-0.026750933994026616,-0.026750933994026616
2,45,20328,3,2005-08-30,2007-08-30,0.09322640556473694,0.16395715040697892,0.11198328584830475,0.05393785770237258,0.03901107663143488,0.0149267810709377,True,0.06391979345400478,0.018033950994629604,0.005985772112330201,0.03970552323852394,0.0006944466070890609,True,-0.01423233446384864,-0.01423233446384864
2,45,27105,4,2024-03-20,2026-03-20,0.1077319412635489,0.1946362597945762,0.128210113556658,0.06138081348618796,0.03947048427091859,0.021910329215269364,True,0.06281841187145187,0.016337987407335386,0.0055849636695954885,0.03962633445785846,0.0001558501869398654,True,-0.0217544790283295,-0.0217544790283295
2,60,0,0,1950-01-03,1952-01-03,0.12638808353891218,0.23293139530042978,0.15802470824284454,0.10583958802747406,0.0844845422558369,0.02135504577163716,True,0.08211927327505308,0.052529880357156535,0.014420296679716893,0.08387628060145547,-0.0006082616543814368,False,-0.021963307426018597,-0.021963307426018597
2,60,6776,1,1968-07-23,1970-07-23,0.13967572334370182,0.19907237241789053,0.15570331044978847,-0.0613827827531247,-0.08489404825867675,0.023511265505552048,True,0.09620053055171418,0.07972911034779835,0.0048758843885006176,-0.07947182235869799,0.005422225899978761,True,-0.018089039605573287,-0.018089039605573287
2,60,13552,2,1987-02-10,1989-02-09,0.13233483290551273,0.1997094306018556,0.14385658248663646,0.057579818552646156,0.034427825966671266,0.02315199258597489,True,0.07191760683538395,0.09136524659029822,0.01778519621116592,0.02895946879467437,-0.005468357171996896,False,-0.028620349757971786,-0.028620349757971786
2,60,20328,3,2005-08-30,2007-08-30,0.11638651751258533,0.24168426582984626,0.15146677466001957,0.05484552648321417,0.03910194335787209,0.015743583125342075,True,0.08359541692109973,0.029157116058001052,0.006112412051906713,0.03922771333864161,0.00012576998076951895,True,-0.015617813144572557,-0.015617813144572557
2,60,27105,4,2024-03-20,2026-03-20,0.13857783227036302,0.23754888974700814,0.15630993682586203,0.06283303754462377,0.036710123378348225,0.026122914166275546,True,0.09740490610376384,0.08105679799583672,0.03197259640096051,0.04342600049642065,0.006715877118072422,True,-0.019407037048203124,-0.019407037048203124
2,90,0,0,1950-01-03,1952-01-03,0.17313127441116083,0.20269760259466446,0.1935617461021859,0.10694788488148976,0.08398656299695761,0.02296132188453215,True,0.13576159572363866,0.12865506580819577,0.03870285402727691,0.08916240759064409,0.005175844593686474,True,-0.017785477290845675,-0.017785477290845675
2,90,6776,1,1968-07-23,1970-07-23,0.20169067705699018,0.18936452284080668,0.08651557487322781,-0.05458385216445949,-0.0852695783787708,0.030685726214311315,True,0.14142209570633346,0.1861772511112204,0.17581142468713717,-0.0786128423686977,0.0066567360100731054,True,-0.02402899020423821,-0.02402899020423821
2,90,13552,2,1987-02-10,1989-02-09,0.21693986504753493,0.39375016798461915,0.27703082001763746,0.07618818474384081,0.03470902727962355,0.041479157464217264,True,0.14798801926228577,0.29621256182048594,0.1681114099609089,0.04523432472689182,0.010525297447268267,True,-0.030953860016948997,-0.030953860016948997
2,90,20328,3,2005-08-30,2007-08-30,0.17607088313248664,0.2596738022134973,0.2149667219526299,0.05694080274651925,0.0337215572422398,0.02321924550427945,True,0.14765129506944796,0.10514894360063785,0.036582444900076005,0.04408354768244904,0.010361990440209246,True,-0.012857255064070205,-0.012857255064070205
2,90,27105,4,2024-03-20,2026-03-20,0.20003094430091428,0.3058172144869613,0.21964387132083885,0.06775794270327395,0.03381599377036637,0.033941948932907584,True,0.15538122249495134,0.16613509114952807,0.05358659119139064,0.04769193614038003,0.01387594237001366,True,-0.020066006562893923,-0.020066006562893923
2,120,0,0,1950-01-03,1952-01-03,0.2385850678941499,0.3621082609316272,0.333640677757864,0.10598615135253109,0.07337448336889496,0.03261166798363613,True,0.17684259700073302,0.18924694440997594,0.029351326783870313,0.07804863387047667,0.004674150501581709,True,-0.02793751748205442,-0.02793751748205442
2,120,6776,1,1968-07-23,1970-07-23,0.2579169856628105,0.2175641655084547,0.09841664079478396,-0.044302479210193146,-0.07964227252502809,0.035339793314834944,True,0.16404044363409187,0.29017916989066517,0.275232207745181,-0.08067945050373648,-0.0010371779787083923,False,-0.036376971293543336,-0.036376971293543336
2,120,13552,2,1987-02-10,1989-02-09,0.24611338503703362,0.4656203771483095,0.3619715602445468,0.059462303834654895,0.0251096575740406,0.034352646260614295,True,0.1667372592516978,0.2279372733250904,0.19898796483586523,0.025140691978840835,3.103440480023423e-05,True,-0.03432161185581406,-0.03432161185581406
2,120,20328,3,2005-08-30,2007-08-30,0.21959645874694167,0.3952234645072728,0.3044643148004882,0.058245957833467754,0.03501188466142913,0.023234073172038627,True,0.18363537914941763,0.14383806956054068,0.03497467538765431,0.042516790727273435,0.007504906065844308,True,-0.01572916710619432,-0.01572916710619432
2,120,27105,4,2024-03-20,2026-03-20,0.271597876452202,0.43920411232090895,0.31184671521923013,0.07487587039425048,0.029541843354192077,0.0453340270400584,True,0.22743404589579286,0.35552509715097075,0.13571203402298693,0.05603239748978184,0.02649055413558976,True,-0.01884347290446864,-0.01884347290446864
3,15,0,0,1950-01-03,1953-01-03,0.01589418667507414,0.048713518424472815,0.027836482511220617,0.07947816466263569,0.07381501751949449,0.005663147143141201,True,-0.0005250977109921839,1.720087150350567e-05,-0.0007495589225628985,0.0736269032635708,-0.00018811425592368813,False,-0.005851261399064889,-0.005851261399064889
3,15,6684,1,1968-04-22,1971-04-23,0.028376377762097116,0.04068631373153632,0.029182894547373772,0.04357304425915265,0.03858548765517211,0.004987556603980536,True,0.011082924350022116,-0.00017687666610405597,-0.00015900649141931122,0.03769161445400537,-0.0008938732011667394,False,-0.005881429805147276,-0.005881429805147276
3,15,13369,2,1986-08-11,1989-08-11,0.03623729238335294,0.060741308113675785,0.03918148273796174,0.084916886397719,0.07699513709912353,0.00792174929859546,True,0.009898368927369505,0.007422403965341635,-0.0011454441595435405,0.07564790765276985,-0.0013472294463536816,False,-0.009268978744949141,-0.009268978744949141
3,15,20054,3,2004-11-29,2007-11-30,0.027757835176350998,0.047458741278477636,0.02779532914118621,0.04511456392008628,0.04032821127428399,0.004786352645802294,True,0.012363856769357584,8.748602674957518e-05,0.0,0.03987150239443138,-0.00045670887985260755,False,-0.005243061525654902,-0.005243061525654902
3,15,26739,4,2023-03-20,2026-03-20,0.03323388895728163,0.06591264514605821,0.036491976866833475,0.07164152397317203,0.06484624256948512,0.006795281403686904,True,0.01133987760933075,0.0007519651268601023,0.0,0.06401986734929932,-0.0008263752201858043,False,-0.007621656623872708,-0.007621656623872708
3,30,0,0,1950-01-03,1953-01-03,0.049691890407574046,0.10318116100085545,0.06013534092142958,0.08216401355447656,0.07457514129661513,0.007588872257861423,True,0.022820395114377723,0.005835867940792253,0.0009525472024920489,0.07284347004244673,-0.0017316712541683987,False,-0.009320543512029822,-0.009320543512029822
3,30,6684,1,1968-04-22,1971-04-23,0.05531923836415187,0.09361915196116026,0.06149120479422865,0.04715638300619296,0.037968578920150486,0.009187804086042473,True,0.02575780729846966,0.00746068660776772,0.0009686795682279925,0.03728828836074949,-0.0006802905594009978,False,-0.00986809464544347,-0.00986809464544347
3,30,13369,2,1986-08-11,1989-08-11,0.06529817702162255,0.11419753884943105,0.07143197333749618,0.08899383737980471,0.07605867381309173,0.012935163566712982,True,0.02216420120589291,0.039724209228898716,-0.0001317984031272701,0.07409645014040489,-0.001962223672686836,False,-0.014897387239399817,-0.014897387239399817
3,30,20054,3,2004-11-29,2007-11-30,0.049407574710445434,0.07399448634187832,0.04982167878629373,0.047880622411551554,0.04063279097535211,0.007247831436199448,True,0.02539167080357574,0.0020011980191721093,0.00028630888558311973,0.03982703359022066,-0.0008057573851314448,False,-0.008053588821330893,-0.008053588821330893
3,30,26739,4,2023-03-20,2026-03-20,0.05976712674497109,0.11590427948980066,0.06596302309121693,0.07541612518747165,0.06448729594450953,0.010928829242962124,True,0.0269235704742381,0.011810716175780035,0.005040268822423588,0.06419237570364134,-0.0002949202408681906,False,-0.011223749483830314,-0.011223749483830314
3,45,0,0,1950-01-03,1953-01-03,0.07446215182388172,0.13800277870680874,0.08769417499428567,0.08341424081376969,0.0722696521161903,0.011144588697579394,True,0.04042368900643023,0.024432031147583064,0.009349781462521856,0.07184269187104642,-0.0004269602451438814,False,-0.011571548942723275,-0.011571548942723275
3,45,6684,1,1968-04-22,1971-04-23,0.07239631625411058,0.0945178641171735,0.0723963162541108,0.049776538768459444,0.03965434703440529,0.010122191734054153,True,0.03144771835213667,0.015380262262206327,0.0,0.036244209760670554,-0.003410137273734737,False,-0.01353232900778889,-0.01353232900778889
3,45,13369,2,1986-08-11,1989-08-11,0.09813064759156864,0.18292268283839633,0.10924850542059206,0.09224841544247209,0.0732018631456266,0.019046552296845487,True,0.03833330963765702,0.028758887779946403,0.004976502467845423,0.07205614435684149,-0.0011457187887851106,False,-0.020192271085630598,-0.020192271085630598
3,45,20054,3,2004-11-29,2007-11-30,0.07007102913931917,0.11509428484743395,0.07058859743866464,0.04887186768941021,0.03951009779457926,0.009361769894830951,True,0.03902176474675367,0.005639513553002893,0.001861383110782544,0.038629744150124656,-0.0008803536444546012,False,-0.010242123539285553,-0.010242123539285553
3,45,26739,4,2023-03-20,2026-03-20,0.08329047391972799,0.161822952005302,0.09230623534289584,0.07832618201663166,0.06433756747057462,0.013988614546057043,True,0.03690180935623544,0.013263625860429567,0.0010316666830187948,0.06271260384505029,-0.0016249636255243338,False,-0.015613578171581377,-0.015613578171581377
3,60,0,0,1950-01-03,1953-01-03,0.0938884278542973,0.18267503609939537,0.11281551282363789,0.08553364202653535,0.07269380615387644,0.012839835872658911,True,0.052976408404358466,0.037979205806682244,0.012127999109504684,0.07181882069074974,-0.0008749854631266984,False,-0.01371482133578561,-0.01371482133578561
3,60,6684,1,1968-04-22,1971-04-23,0.100277678986193,0.13914221915691863,0.10590833333448901,0.05223429532259116,0.03778348192513703,0.014450813397454132,True,0.04494290393557798,0.04218075501290073,0.0001963548874581722,0.03429456518394436,-0.0034889167411926714,False,-0.017939730138646803,-0.017939730138646803
3,60,13369,2,1986-08-11,1989-08-11,0.10425900591835568,0.20618232490219277,0.1224900192364724,0.09140118310251055,0.07511756765236233,0.016283615450148226,True,0.039426230824188835,0.030715085050891832,0.0010243192446872662,0.06961460836342015,-0.0055029592889421775,False,-0.021786574739090403,-0.021786574739090403
3,60,20054,3,2004-11-29,2007-11-30,0.08486962309755874,0.16012947245798712,0.09336934256428098,0.04928626369509104,0.03975114596141127,0.009535117733679765,True,0.05232220862419279,0.009068323528517462,0.0010626846178727334,0.03868865729161386,-0.0010624886697974123,False,-0.010597606403477178,-0.010597606403477178
3,60,26739,4,2023-03-20,2026-03-20,0.1075685650617717,0.19606127871682436,0.12521325596942323,0.07850536334102887,0.061355127553863964,0.017150235787164902,True,0.055759141368621146,0.03515474744716133,0.012288180177264296,0.06142334239715752,6.821484329355698e-05,True,-0.017082020943871346,-0.017082020943871346
3,90,0,0,1950-01-03,1953-01-03,0.12903257776061938,0.16565944691401385,0.07389273140724728,0.0857742414424103,0.07091248506044856,0.014861756381961744,True,0.09054790681417058,0.09646839780337968,0.030815026548189905,0.07328613888711777,0.0023736538266692087,True,-0.012488102555292535,-0.012488102555292535
3,90,6684,1,1968-04-22,1971-04-23,0.13848644805979116,0.20077084992778882,0.15035935952459512,0.05421467519876266,0.036912502252465895,0.017302172946296768,True,0.06597719635326493,0.07906647128291597,0.0,0.031346455129138695,-0.0055660471233272,False,-0.022868220069623968,-0.022868220069623968
3,90,13369,2,1986-08-11,1989-08-11,0.16976495827390048,0.3289426962315595,0.2379570837154299,0.09943206947747174,0.07166431239606585,0.027767757081405886,True,0.08881268569484768,0.11225556666458514,0.046560081639595685,0.07346764034721809,0.0018033279511522338,True,-0.025964429130253652,-0.025964429130253652
3,90,20054,3,2004-11-29,2007-11-30,0.12380716337837927,0.18845013906091596,0.14808151531122582,0.05112829184113932,0.03835782527371556,0.012770466567423755,True,0.0937897593444399,0.10062064551791897,0.02345252457785918,0.041687146104404826,0.003329320830689264,True,-0.009441145736734491,-0.009441145736734491
3,90,26739,4,2023-03-20,2026-03-20,0.1543801406957137,0.2817925064238651,0.1881548999322573,0.08047727235459257,0.057845281814866256,0.02263199053972631,True,0.10000059609879997,0.0930625608594,0.03322017642077957,0.06324150280019625,0.005396220985329991,True,-0.01723576955439632,-0.01723576955439632
3,120,0,0,1950-01-03,1953-01-03,0.17674340686761192,0.2905410941473561,0.21302580000668403,0.08617408197030096,0.06557899431806669,0.02059508765223428,True,0.12433544299364585,0.14724158335175133,0.02987298651553405,0.06979269358985563,0.00421369927178894,True,-0.01638138838044534,-0.01638138838044534
3,120,6684,1,1968-04-22,1971-04-23,0.17557118137337113,0.2581641148633318,0.19602240636716428,0.05734054346598172,0.03765488307703069,0.019685660388951032,True,0.08114674191207838,0.11310331372597965,0.012720029377858433,0.02824408839744197,-0.009410794679588719,False,-0.02909645506853975,-0.02909645506853975
3,120,13369,2,1986-08-11,1989-08-11,0.19202947088463374,0.3769248666318328,0.2822523333628555,0.10314707520074529,0.07760410828188746,0.025542966918857823,True,0.08817843197110142,0.16109799327198762,0.16447540559808482,0.07014050260292604,-0.007463605678961427,False,-0.03300657259781925,-0.03300657259781925
3,120,20054,3,2004-11-29,2007-11-30,0.15955888855347466,0.26050444376457355,0.1796771624975435,0.05185370277572021,0.03699893373665164,0.014854769039068572,True,0.11044797248214877,0.06333078308780271,0.012049762395726749,0.036792637528271444,-0.0002062962083801967,False,-0.015061065247448768,-0.015061065247448768
3,120,26739,4,2023-03-20,2026-03-20,0.2136506019340798,0.29828608474203405,0.25037824066414927,0.08425051525488536,0.05281926604629694,0.03143124920858842,True,0.1390434290539544,0.15792105840671714,0.05189384837206812,0.061566654041424584,0.008747387995127642,True,-0.022683861213460776,-0.022683861213460776
4,15,0,0,1950-01-03,1954-01-03,0.023788699723198636,0.04194763256396157,0.018792911375649646,0.03234974480285602,0.028927788100025387,0.003421956702830631,True,0.008791919306755602,-8.626547399770423e-05,-0.0006374896319285561,0.028540444676440346,-0.00038734342358504037,False,-0.003809300126415671,-0.003809300126415671
4,15,6593,1,1968-01-22,1972-01-22,0.02621905767382149,0.04079538678323877,0.017754279226314562,0.029210849275750794,0.025195662680530972,0.004015186595219822,True,0.008444103011726378,-0.00035540982721903535,-0.00021759618956718185,0.024721846085971055,-0.0004738165945599171,False,-0.004489003189779739,-0.004489003189779739
4,15,13187,2,1986-02-10,1990-02-10,0.03387057500190416,0.06175648268321042,0.03499639248126285,0.053435970646348974,0.04737805683203744,0.006057913814311533,True,0.007753291857399036,0.0002735037808034166,-0.0008573930099762261,0.046714531675237536,-0.0006635251567999045,False,-0.0067214389711114375,-0.0067214389711114375
4,15,19780,3,2004-02-29,2008-02-29,0.024624559388309875,0.03878375188199898,0.023844952415514653,0.013912053898288868,0.010349509392681755,0.0035625445056071126,True,0.010158535091382204,9.667938646533021e-05,0.0,0.010311794154176823,-3.771523850493175e-05,False,-0.0036002597441120443,-0.0036002597441120443
4,15,26374,4,2022-03-20,2026-03-20,0.030189326701287378,0.043335986711295515,0.02952620219829294,0.07601432703316702,0.07078167131006863,0.0052326557230983894,True,0.007869122627602199,0.007866649368035916,-0.0005019231028043913,0.07013408876398697,-0.0006475825460816598,False,-0.005880238269180049,-0.005880238269180049
4,30,0,0,1950-01-03,1954-01-03,0.04348364073242994,0.08752297642136685,0.04813851615826836,0.034964282564200255,0.02929001317961699,0.005674269384583264,True,0.018610798714804533,0.004989059384962293,0.0006461060042213251,0.028728165243635084,-0.0005618479359819073,False,-0.006236117320565171,-0.006236117320565171
4,30,6593,1,1968-01-22,1972-01-22,0.04967641635808073,0.08168549738846408,0.05311625747021098,0.031993717122076104,0.024825284930192204,0.0071684321918839,True,0.019730761777672523,0.006400353707871137,0.000842647903015914,0.024548262408562227,-0.0002770225216299771,False,-0.007445454713513877,-0.007445454713513877
4,30,13187,2,1986-02-10,1990-02-10,0.05650358273207101,0.08880929533084919,0.0646913142665555,0.056012058145464616,0.04697735931235658,0.009034698833108035,True,0.017217252762715463,0.007122399370494763,-0.0003357010021880491,0.04604831700572776,-0.0009290423066288245,False,-0.00996374113973686,-0.00996374113973686
4,30,19780,3,2004-02-29,2008-02-29,0.04288991824549537,0.058452574463728986,0.041940259690025794,0.015754757162888655,0.010337258051616782,0.005417499111271873,True,0.0206210272459324,0.003946591144564581,0.00149756617862562,0.010284687176405516,-5.2570875211266355e-05,False,-0.005470069986483139,-0.005470069986483139
4,30,26374,4,2022-03-20,2026-03-20,0.050554247849766254,0.06746036248055833,0.05367502143755831,0.0790141354565379,0.07129502926330256,0.007719106193235348,True,0.015021177528876217,0.0228689195506011,-0.002856850815549372,0.06976585140655467,-0.0015291778567478875,False,-0.009248284049983235,-0.009248284049983235
4,45,0,0,1950-01-03,1954-01-03,0.06493136308071379,0.11765300451617128,0.07327077594285636,0.03623851378715193,0.027929040709022246,0.008309473078129681,True,0.032484893920090796,0.020995519727061318,0.008459096632928986,0.028237264907837067,0.00030822419881482155,True,-0.00800124887931486,-0.00800124887931486
4,45,6593,1,1968-01-22,1972-01-22,0.06575943101797899,0.10470518411268946,0.06575943101797899,0.033992916471919266,0.025513330401113032,0.008479586070806233,True,0.023056581114516028,0.008038208535671935,-0.00014742894310559862,0.02346887512057383,-0.0020444552805392036,False,-0.010524041351345437,-0.010524041351345437
4,45,13187,2,1986-02-10,1990-02-10,0.08476123555900239,0.14745207805099037,0.08948620161506926,0.058526661628578,0.04521465504512645,0.013312006583451552,True,0.030473947872218465,0.022063919071947508,0.0038907862639672164,0.04501782456202452,-0.00019683048310192852,False,-0.01350883706655348,-0.01350883706655348
4,45,19780,3,2004-02-29,2008-02-29,0.06031653984098262,0.08784099522080917,0.061047413573356746,0.0166381150109165,0.009593224349050411,0.007044890661866088,True,0.031468501742330623,0.007533038347409793,0.0037637362035767286,0.009646735001056506,5.351065200609462e-05,True,-0.006991380009859993,-0.006991380009859993
4,45,26374,4,2022-03-20,2026-03-20,0.07222196036100681,0.1069144294106745,0.078761444507631,0.08159321894544314,0.07110210875427336,0.010491110191169772,True,0.020651294101524664,0.03949409930848568,-0.004845832679280071,0.06833747636065146,-0.002764632393621902,False,-0.013255742584791674,-0.013255742584791674
4,60,0,0,1950-01-03,1954-01-03,0.08018323147765027,0.15380797435978502,0.08691923544944014,0.037861829587410245,0.028464397609022196,0.009397431978388049,True,0.044314449647732346,0.032366246930571906,0.009906744787432364,0.029118675600080524,0.0006542779910583274,True,-0.008743153987329721,-0.008743153987329721
4,60,6593,1,1968-01-22,1972-01-22,0.08710800914184169,0.15643402082171629,0.10203471598141767,0.03581548194347883,0.024809730926317553,0.01100575101716128,True,0.03952307292445845,0.02106172526696508,-0.0028906481180014376,0.02428173610609763,-0.0005279948202199236,False,-0.011533745837381204,-0.011533745837381204
4,60,13187,2,1986-02-10,1990-02-10,0.08964205762222455,0.13728617523083828,0.09616650434730811,0.05846661254790919,0.04661039141715251,0.011856221130756683,True,0.030119051743077385,0.02873543705364517,-0.0017282153628122576,0.0436956574627172,-0.0029147339544353112,False,-0.014770955085191995,-0.014770955085191995
4,60,19780,3,2004-02-29,2008-02-29,0.07854455211799216,0.12057637809532264,0.08085969387278502,0.01834343741823985,0.009518660612431784,0.008824776805808066,True,0.04266744870163053,0.021534105665881726,0.004912680064532715,0.009761213294143145,0.00024255268171136102,True,-0.008582224124096705,-0.008582224124096705
4,60,26374,4,2022-03-20,2026-03-20,0.08476136947472157,0.11783296195616079,0.09274882281362729,0.08193424093145651,0.07101730975965026,0.010916931171806254,True,0.03257254965882672,0.046539997308452874,6.604552900979499e-05,0.06867042334497242,-0.00234688641467784,False,-0.013263817586484095,-0.013263817586484095
4,90,0,0,1950-01-03,1954-01-03,0.10911793160902317,0.14293675221502228,0.06785011620940584,0.03913083110403881,0.02801260678059414,0.01111822432344467,True,0.06950256175760972,0.08113692698528502,0.029369304793106954,0.029705732933617668,0.0016931261530235275,True,-0.009425098170421142,-0.009425098170421142
4,90,6593,1,1968-01-22,1972-01-22,0.1233191082621814,0.17765685901213726,0.13065851590216493,0.037055216463062646,0.022713971558613988,0.014341244904448658,True,0.06082256392455809,0.06796557786293542,0.036005878751433684,0.02230979993580573,-0.00040417162280825814,False,-0.014745416527256916,-0.014745416527256916
4,90,13187,2,1986-02-10,1990-02-10,0.14100401793308115,0.25307891751247796,0.18633044971820945,0.06355073899645425,0.04475234321359811,0.018798395782856137,True,0.07033502963684413,0.0951098512196089,0.019270047319312367,0.04667439566429432,0.00192205245069621,True,-0.016876343332159927,-0.016876343332159927
4,90,19780,3,2004-02-29,2008-02-29,0.10284284841542246,0.1293770552265012,0.11010299833869608,0.018805456674551024,0.009351232970373102,0.009454223704177922,True,0.07307131244474108,0.06873244833280157,0.019427006839850547,0.011854262626680656,0.002503029656307554,True,-0.006951194047870368,-0.006951194047870368
4,90,26374,4,2022-03-20,2026-03-20,0.11861843711467657,0.23024926620725455,0.14828266698754278,0.08392588485456809,0.0700584514632352,0.013867433391332895,True,0.05238281065632755,0.04278812761002322,-0.0014917808384221631,0.06750026557875755,-0.0025581858844776484,False,-0.016425619275810543,-0.016425619275810543
4,120,0,0,1950-01-03,1954-01-03,0.15184717140130433,0.24673531187078276,0.17109885801355174,0.03975675005450996,0.023905462660604115,0.015851287393905844,True,0.10755608458582122,0.12937799858814591,0.03216932224524793,0.02959329443002834,0.005687831769424223,True,-0.010163455624481621,-0.010163455624481621
4,120,6593,1,1968-01-22,1972-01-22,0.15876918477715019,0.17642981722651593,0.09952120383036855,0.0391543374700114,0.021801041341863447,0.017353296128147955,True,0.0950849695077789,0.150604503078168,0.08285618053216504,0.024562771392201643,0.002761730050338196,True,-0.014591566077809759,-0.014591566077809759
4,120,13187,2,1986-02-10,1990-02-10,0.16115223012713287,0.24145272360648865,0.1963182540849231,0.05988626524145868,0.04165125625144506,0.018235008990013624,True,0.06969344678701161,0.11392553107801683,0.0,0.038354637632199706,-0.0032966186192453506,False,-0.021531627609258974,-0.021531627609258974
4,120,19780,3,2004-02-29,2008-02-29,0.1363127731925311,0.21986150476346425,0.15119421863765448,0.021627940220701358,0.009497541450722125,0.012130398769979234,True,0.09209587032448652,0.12472037341048776,0.02419687141207638,0.011534103254483785,0.0020365618037616606,True,-0.010093836966217573,-0.010093836966217573
4,120,26374,4,2022-03-20,2026-03-20,0.1607039188488648,0.2229049103835277,0.1760545908374893,0.08581166717259636,0.0672337178277056,0.018577949344890765,True,0.07419174480021518,0.09521910873311032,0.010587378015695093,0.06497357935733761,-0.0022601384703679894,False,-0.020838087815258755,-0.020838087815258755
5,15,0,0,1950-01-03,1955-01-03,0.020854815165191942,0.03767995961134533,0.021369976739767038,0.09831665865065742,0.09559368157863268,0.002722977072024735,True,0.004891870706682733,-0.000143795418547291,-0.0005370978208580901,0.09485965773954264,-0.0007340238390900478,False,-0.0034570009111147826,-0.0034570009111147826
5,15,6502,1,1967-10-23,1972-10-22,0.02310148026361314,0.03908676480290054,0.016798324848867674,0.029853008499002298,0.026844842910239697,0.0030081655887626013,True,0.0067208784259240595,-0.00018993886528567664,-3.7352486156772e-05,0.02652985624839488,-0.00031498666184481827,False,-0.0033231522506074196,-0.0033231522506074196
5,15,13004,2,1985-08-11,1990-08-11,0.028888721354578317,0.03915399524780086,0.029038852048466124,0.047321809108568536,0.043083771099005075,0.004238038009563461,True,0.008265930639161478,0.00170314089429742,0.0015924782637829482,0.04308407517728652,3.0407828144340954e-07,True,-0.004237733931282017,-0.004237733931282017
5,15,19506,3,2003-05-31,2008-05-30,0.02392423646100661,0.03713218249490399,0.02342352547832638,0.02752869018211368,0.02436240959343894,0.0031662805886747414,True,0.007434942394341171,0.0001425521028008747,0.0,0.02419359321992154,-0.00016881637351739975,False,-0.003335096962192141,-0.003335096962192141
5,15,26009,4,2021-03-20,2026-03-20,0.026943888224631785,0.047357495702724184,0.022687869860150922,0.06581460115974047,0.061903978433986095,0.003910622725754376,True,0.006314182510455124,0.000375979153310088,-0.0005994727505921338,0.06149234618689259,-0.00041163224709350743,False,-0.004322254972847883,-0.004322254972847883
5,30,0,0,1950-01-03,1955-01-03,0.037562446042995745,0.07748925404459168,0.04208871926819446,0.10050860468119649,0.09603915372090399,0.004469450960292498,True,0.010575634995920735,0.0040302331811523364,0.0005171702508928178,0.09472250162537321,-0.0013166520955307792,False,-0.005786103055823277,-0.005786103055823277
5,30,6502,1,1967-10-23,1972-10-22,0.0426408197059116,0.07240552266821251,0.04670259892501316,0.03191243753030615,0.026712657659147654,0.005199779871158494,True,0.014569009515091436,0.0031316844363943673,-4.586290782770952e-05,0.026288107662937765,-0.00042454999620988865,False,-0.005624329867368383,-0.005624329867368383
5,30,13004,2,1985-08-11,1990-08-11,0.04955718327286407,0.08386278857743414,0.05329247670078163,0.04986185612211047,0.04318958274952167,0.0066722733725887995,True,0.011300243637763163,0.0018115029066242956,-0.0018511585022937815,0.042084604902534295,-0.0011049778469873761,False,-0.007777251219576176,-0.007777251219576176
5,30,19506,3,2003-05-31,2008-05-30,0.03850571987211682,0.06127066259131954,0.029553155723911817,0.029087076470981854,0.02471663240103128,0.004370444069950574,True,0.016021191219909303,0.0019228530360089493,0.0012272129626396122,0.02458632154296292,-0.00013031085806836096,False,-0.004500754928018935,-0.004500754928018935
5,30,26009,4,2021-03-20,2026-03-20,0.04531823226470855,0.07700977950190944,0.04845717991551157,0.06805756410618202,0.06213004511295872,0.005927518993223302,True,0.01425112982749055,0.004574320634907527,-0.00013832251751400015,0.06162423073113921,-0.0005058143818195138,False,-0.006433333375042816,-0.006433333375042816
5,45,0,0,1950-01-03,1955-01-03,0.05575891005432254,0.10535041331368666,0.06221094378339065,0.10134064926062303,0.09484626022564124,0.0064943890349817845,True,0.019667482808243042,0.017701437285025035,0.007273572189114841,0.09370454812482842,-0.0011417121008128195,False,-0.007636101135794604,-0.007636101135794604
5,45,6502,1,1967-10-23,1972-10-22,0.05631881541586181,0.07175109352261758,0.04937458854509513,0.03342986143324955,0.027220201431647162,0.006209660001602391,True,0.016745941141402598,0.00362672178430867,-0.0015279218727679567,0.025558413361415733,-0.0016617880702314292,False,-0.00787144807183382,-0.00787144807183382
5,45,13004,2,1985-08-11,1990-08-11,0.07357559528675206,0.12404283182398954,0.07616584816042038,0.051534222612298786,0.041829612544509676,0.00970461006778911,True,0.021368591599481013,0.008847385014020312,0.0010693586599606064,0.0410894459944402,-0.0007401665500694765,False,-0.010444776617858587,-0.010444776617858587
5,45,19506,3,2003-05-31,2008-05-30,0.05599267846051115,0.09595229179311211,0.058675925406493246,0.029661972032912765,0.023538241454971853,0.006123730577940911,True,0.024774260226574363,0.006151473624946037,0.0029819932378011282,0.023493098297325377,-4.5143157646476695e-05,False,-0.006168873735587388,-0.006168873735587388
5,45,26009,4,2021-03-20,2026-03-20,0.0658224661024378,0.11353459214266227,0.06894166865900497,0.07006262686110443,0.06172687514749242,0.008335751713612005,True,0.01806252579421397,0.01090034135658183,-0.0008169211101295426,0.060283981511908946,-0.0014428936355834754,False,-0.00977864534919548,-0.00977864534919548
5,60,0,0,1950-01-03,1955-01-03,0.06900017075483444,0.13725931456338994,0.07788175061503888,0.10233449789607163,0.09487749336501206,0.0074570045310595745,True,0.027138910895625257,0.027274243572683276,0.008343644069209843,0.09356148333525849,-0.001316010029753567,False,-0.008773014560813142,-0.008773014560813142
5,60,6502,1,1967-10-23,1972-10-22,0.07711253011013897,0.107831023659697,0.07711253011013897,0.034805128774883176,0.02624250622021229,0.008562622554670885,True,0.027873713478342665,0.023680972445030507,-0.0014602542607544677,0.025154436172237782,-0.0010880700479745098,False,-0.009650692602645394,-0.009650692602645394
5,60,13004,2,1985-08-11,1990-08-11,0.07848839898776672,0.13464249217941568,0.08419625418325505,0.05170560591416007,0.042736554181824093,0.008969051732335975,True,0.019135571923775352,0.008098707869822483,-0.0008288427278826394,0.03985173399018116,-0.002884820191642934,False,-0.01185387192397891,-0.01185387192397891
5,60,19506,3,2003-05-31,2008-05-30,0.06544723436983246,0.12576090018503663,0.07085286664561363,0.030641872470108078,0.0243448827329642,0.0062969897371438766,True,0.031603070863654104,0.009216734433661335,0.0032567972757571173,0.024001187009704772,-0.00034369572325942954,False,-0.006640685460403306,-0.006640685460403306
5,60,26009,4,2021-03-20,2026-03-20,0.07786089252188,0.14447696162060286,0.08442740997733678,0.07055877564060875,0.06155265385703923,0.00900612178356952,True,0.028066196666349796,0.018882089650970282,0.001045505373117983,0.06046690821338174,-0.0010857456436574875,False,-0.010091867427227008,-0.010091867427227008
5,90,0,0,1950-01-03,1955-01-03,0.09259558865259998,0.1339557905350057,0.09523230504719815,0.10307426850915147,0.09433490632554942,0.00873936218360205,True,0.04326640168131157,0.06737521207401351,0.02646192828302163,0.0929275162500054,-0.0014073900755440238,False,-0.010146752259146075,-0.010146752259146075
5,90,6502,1,1967-10-23,1972-10-22,0.10439521524551099,0.16476378067025768,0.11839035624781724,0.03587605458017018,0.025452005714847292,0.010424048865322888,True,0.04723059625633752,0.07507824160911854,0.01945176721568509,0.02490983477798947,-0.000542170936857822,False,-0.01096621980218071,-0.01096621980218071
5,90,13004,2,1985-08-11,1990-08-11,0.12605056213212507,0.2292910516799918,0.15324256669157976,0.05512634575505948,0.04045489178634054,0.01467145396871894,True,0.0510735882947031,0.04170776027681912,0.01210247964659139,0.04066783294983556,0.00021294116349501735,True,-0.014458512805223922,-0.014458512805223922
5,90,19506,3,2003-05-31,2008-05-30,0.09316068466789051,0.15267634487646245,0.09749588393500863,0.03147989126888007,0.023192878358796687,0.00828701291008338,True,0.05694447018341364,0.038135440346287026,0.01018741728867667,0.024544412955935346,0.0013515345971386594,True,-0.006935478312944721,-0.006935478312944721
5,90,26009,4,2021-03-20,2026-03-20,0.11049136324839193,0.2006834580645231,0.12710084967462842,0.07246497339598168,0.06050309031405221,0.01196188308192947,True,0.04366281161574492,0.04138907064590836,0.002893577505617806,0.05921829092121422,-0.0012847993928379875,False,-0.013246682474767457,-0.013246682474767457
5,120,0,0,1950-01-03,1955-01-03,0.12930737746325893,0.2242707252119804,0.15184717140130433,0.10309004071231498,0.09057012529842012,0.012519915413894855,True,0.0699972965386284,0.10897154906268978,0.02987298651553405,0.09125042293823338,0.0006802976398132543,True,-0.011839617774081601,-0.011839617774081601
5,120,6502,1,1967-10-23,1972-10-22,0.14044968525064716,0.21862269547963695,0.15556484986138308,0.03898263602457508,0.025159975338497453,0.013822660686077626,True,0.07257720319000982,0.09070603914691613,0.015519145303617199,0.02629497320337637,0.0011349978648789172,True,-0.012687662821198709,-0.012687662821198709
5,120,13004,2,1985-08-11,1990-08-11,0.15372154271348215,0.25398816855059386,0.18136667183355404,0.05709708923756751,0.04061963297851756,0.01647745625904995,True,0.05342698676517199,0.06525289613123762,0.01342268603290342,0.038020236643902416,-0.002599396334615145,False,-0.019076852593665095,-0.019076852593665095
5,120,19506,3,2003-05-31,2008-05-30,0.12248795184567629,0.2057623301228951,0.14155386005508697,0.0327668772614047,0.022271474892733956,0.010495402368670748,True,0.07537920067812887,0.062434210522485656,0.012609799796493792,0.023938083110349728,0.0016666082176157726,True,-0.008828794151054975,-0.008828794151054975
5,120,26009,4,2021-03-20,2026-03-20,0.14080166519159065,0.17630377128925273,0.15017731624973574,0.07408052373808327,0.05972543377763695,0.014355089960446321,True,0.060095697526652,0.10147699491059811,0.015614812905177855,0.05841494918703205,-0.001310484590604899,False,-0.01566557455105122,-0.01566557455105122
6,15,0,0,1950-01-03,1956-01-04,0.019640079866963367,0.03456024209423512,0.020023149574448063,0.10452706705911341,0.10220616243147362,0.002320904627639786,True,0.0035867979657302484,-0.00014435769474115646,-0.0004706817878631364,0.10161024240959105,-0.0005959200218825789,False,-0.002916824649522365,-0.002916824649522365
6,15,6410,1,1967-07-23,1973-07-23,0.01524287755499154,0.029281812969390465,0.015636850148843306,0.019210252071203637,0.016643156905627343,0.002567095165576294,True,-0.0004400146647978165,-0.00010687612508139112,-0.00034275664172822573,0.0165685698998026,-7.458700582474442e-05,False,-0.0026416821714010386,-0.0026416821714010386
6,15,12821,2,1985-02-09,1991-02-10,0.026427609569665167,0.0371382025182235,0.026568135778598734,0.05582494890771095,0.05244429190838984,0.0033806569993211077,True,0.004533655409643789,-0.0003329382876266521,-0.0006178214011633987,0.05203159924059886,-0.00041269266779098146,False,-0.003793349667112089,-0.003793349667112089
6,15,19232,3,2002-08-30,2008-08-30,0.02369873767721753,0.03448070005150831,0.0243188131118659,0.01659069081975395,0.013781992775741658,0.002808698044012292,True,0.006409370830766203,0.007383856236607981,-0.00016725585533061693,0.013708133566437963,-7.385920930369494e-05,False,-0.002882557253315987,-0.002882557253315987
6,15,25643,4,2020-03-19,2026-03-20,0.03181082366770016,0.058447183734406466,0.03595840844413467,0.06779752161525687,0.0634491116285043,0.004348409986752566,True,0.006739818977448797,0.008570228595276785,0.003696135518321153,0.06342983992058371,-1.9271707920598402e-05,False,-0.0043676816946731645,-0.0043676816946731645
6,30,0,0,1950-01-03,1956-01-04,0.03516857778114102,0.07042576236867652,0.03779759365477342,0.10579804757513034,0.10194299384523564,0.0038550537298946974,True,0.00796977812875177,0.003505692932880453,0.000451669951214706,0.10090285194802262,-0.0010401418972130205,False,-0.004895195627107718,-0.004895195627107718
6,30,6410,1,1967-07-23,1973-07-23,0.026508521129278373,0.06355138749648642,0.04092027539876719,0.02091851151267088,0.016475432795815204,0.004443078716855675,True,-0.0006302906892329263,0.0025991001876291054,-0.0004244445335691571,0.016368601202890742,-0.0001068315929244612,False,-0.004549910309780136,-0.004549910309780136
6,30,12821,2,1985-02-09,1991-02-10,0.04510594714188798,0.07384463784550363,0.0463168809299197,0.05805160169445833,0.05270902259827914,0.00534257909617919,True,0.007520180630736117,0.00013151785097346717,-0.00027753853456546906,0.051602267747268726,-0.0011067548510104164,False,-0.006449333947189606,-0.006449333947189606
6,30,19232,3,2002-08-30,2008-08-30,0.04125614084557938,0.07021621079480361,0.04375094783255262,0.01817318871821727,0.013630712456299099,0.004542476261918171,True,0.014736324670510781,0.022895059825327743,0.0028971499488987806,0.013803615692726368,0.00017290323642726868,True,-0.004369573025490903,-0.004369573025490903
6,30,25643,4,2020-03-19,2026-03-20,0.05713498795460481,0.10997454030516708,0.06538640102743742,0.06985636691691877,0.062402874568820765,0.007453492348098001,True,0.017939994955349814,0.03243850063287827,0.012816496077608264,0.06314227515638904,0.000739400587568273,True,-0.006714091760529728,-0.006714091760529728
6,45,0,0,1950-01-03,1956-01-04,0.05262873006210578,0.0963106818230773,0.056425115321329766,0.10768015888397597,0.10203355997099117,0.0056465989129848015,True,0.015094792947675018,0.015619773708917737,0.006405206001986352,0.10099886894298571,-0.0010346910280054633,False,-0.006681289940990265,-0.006681289940990265
6,45,6410,1,1967-07-23,1973-07-23,0.05021517247694951,0.08931882155271768,0.03299998828618922,0.022114427115424773,0.017290858915979923,0.00482356819944485,True,0.012573348543348573,0.002867195906220608,-0.002807276993616159,0.015914009921547345,-0.001376848994432578,False,-0.006200417193877428,-0.006200417193877428
6,45,12821,2,1985-02-09,1991-02-10,0.06319336259022323,0.09701679251344837,0.0642992939259488,0.05944294587128374,0.05227672320258603,0.007166222668697708,True,0.012918909013820867,0.003452161625226189,-0.0010950332877512903,0.05091042894167819,-0.001366294260907841,False,-0.00853251692960555,-0.00853251692960555
6,45,19232,3,2002-08-30,2008-08-30,0.05746800448267808,0.10622752277774421,0.06413815412288293,0.019243787127550815,0.01327056061256382,0.005973226514986996,True,0.021771439688039296,0.02834472765261671,0.004800282921768595,0.013425729370820427,0.00015516875825660748,True,-0.005818057756730388,-0.005818057756730388
6,45,25643,4,2020-03-19,2026-03-20,0.07434337733492691,0.14301603344052088,0.08455974826217716,0.07216871047561901,0.06307995094219843,0.009088759533420587,True,0.027597628419037568,0.04317160284352039,0.01798834051190601,0.06425049395927362,0.0011705430170751985,True,-0.007918216516345389,-0.007918216516345389
6,60,0,0,1950-01-03,1956-01-04,0.06443851205653073,0.12472342797777773,0.07019536340141785,0.10840663325281796,0.10195231641553293,0.006454316837285035,True,0.025034959490335185,0.025014778256729372,0.00837385311945571,0.10146175459235351,-0.000490561823179414,False,-0.006944878660464449,-0.006944878660464449
6,60,6410,1,1967-07-23,1973-07-23,0.06807378085651705,0.1025027146895343,0.07326724301512422,0.023227376108432285,0.016688342681066448,0.006539033427365837,True,0.025183300139589804,0.02411957699987033,-0.0016326345715022006,0.016260047052839344,-0.00042829562822710443,False,-0.006967329055592941,-0.006967329055592941
6,60,12821,2,1985-02-09,1991-02-10,0.07497231822863504,0.11647810011885276,0.07731814714954255,0.05993594238654176,0.0520218130904464,0.007914129296095362,True,0.016548609020381244,0.0052894010924144355,-0.0011566310058636065,0.05009428274010119,-0.001927530350345208,False,-0.00984165964644057,-0.00984165964644057
6,60,19232,3,2002-08-30,2008-08-30,0.07159753767500687,0.10296282168464417,0.07474848570531001,0.0206117676625015,0.013532784249751018,0.007078983412750484,True,0.0283257075984793,0.04515998987315616,0.00574434121347589,0.013622840718960472,9.005646920945409e-05,True,-0.0069889269435410295,-0.0069889269435410295
6,60,25643,4,2020-03-19,2026-03-20,0.0879060853047906,0.18350913605154026,0.10309879129731359,0.07353520433268734,0.0634127564804674,0.01012244785221994,True,0.031185086153860064,0.07894437717895501,0.0233038213926402,0.06399938695666618,0.0005866304761987795,True,-0.00953581737602116,-0.00953581737602116
6,90,0,0,1950-01-03,1956-01-04,0.0875514209754249,0.1259179243239332,0.09179674471667632,0.10908846052424859,0.10115061638366374,0.007937844140584849,True,0.03735419311006183,0.05982229603524942,0.026461928283021408,0.10038968671250514,-0.0007609296711585944,False,-0.008698773811743443,-0.008698773811743443
6,90,6410,1,1967-07-23,1973-07-23,0.09430541580728247,0.15570759345931817,0.10400731049316225,0.024609932408684365,0.016224006877703978,0.008385925530980387,True,0.034939073743379456,0.04861428176806837,0.009449177643614526,0.015126922738802895,-0.0010970841389010833,False,-0.00948300966988147,-0.00948300966988147
6,90,12821,2,1985-02-09,1991-02-10,0.10487520237597914,0.18571309358775848,0.12695439697498156,0.0625188714988314,0.05212115922134153,0.010397712277489868,True,0.03201953613768205,0.02369169414271771,0.00440576855805741,0.050488258899055616,-0.0016329003222859129,False,-0.01203061259977578,-0.01203061259977578
6,90,19232,3,2002-08-30,2008-08-30,0.10232030461508934,0.16666399157525605,0.11430704298695393,0.02220041942342288,0.012601609316679196,0.009598810106743683,True,0.05130240213722481,0.08610588555201626,0.018456539332394106,0.014157126964167377,0.0015555176474881804,True,-0.008043292459255502,-0.008043292459255502
6,90,25643,4,2020-03-19,2026-03-20,0.1338335846650367,0.2657703564175927,0.1605777219101785,0.07545297410072438,0.060366665381473616,0.015086308719250763,True,0.06620953546441832,0.121243171304991,0.07890442947148424,0.06448933454774441,0.004122669166270798,True,-0.010963639552979965,-0.010963639552979965
6,120,0,0,1950-01-03,1956-01-04,0.11778679125474145,0.2051164647478493,0.1346782135448099,0.10882437352613028,0.09829092889769431,0.010533444628435973,True,0.060614417136968246,0.09804068886667511,0.029872986515533828,0.09916626159443465,0.0008753326967403385,True,-0.009658111931695634,-0.009658111931695634
6,120,6410,1,1967-07-23,1973-07-23,0.11198945463537013,0.1444292535286866,0.11707305690026248,0.027330190028558077,0.0184489428813992,0.008881247147158877,True,0.03812266694617383,0.04695891890785533,-0.011491204571880353,0.015625468440197743,-0.0028234744412014567,False,-0.011704721588360334,-0.011704721588360334
6,120,12821,2,1985-02-09,1991-02-10,0.12960335186306504,0.1903986155175713,0.1562915362459263,0.06221178260735538,0.05025748396904395,0.011954298638311434,True,0.03704203474905232,0.037535490866531976,-0.003953441403045099,0.04715976471289962,-0.0030977192561443267,False,-0.01505201789445576,-0.01505201789445576
6,120,19232,3,2002-08-30,2008-08-30,0.11776269138201956,0.19172687645299533,0.12554828379804905,0.022869820760714532,0.013152142129025268,0.009717678631689264,True,0.056325086530077284,0.0771358813813595,0.013477235887683348,0.013275235778001715,0.0001230936489764467,True,-0.009594584982712817,-0.009594584982712817
6,120,25643,4,2020-03-19,2026-03-20,0.16036850137018543,0.31514057878152996,0.19310501813684344,0.07760773698645296,0.06074206428465301,0.01686567270179995,True,0.0786210025311942,0.16963861855513926,0.09904713632690743,0.06456960899770303,0.003827544713050024,True,-0.013038127988749926,-0.013038127988749926
7,15,0,0,1950-01-03,1957-01-03,0.01937410537980888,0.03221251572748326,0.01941899974651884,0.08403230757367552,0.0819711401419203,0.0020611674317552175,True,0.003261889210312896,-0.00014400073429783402,-0.0004158205051191244,0.081568059870617,-0.00040308027130331325,False,-0.002464247703058531,-0.002464247703058531
7,15,6319,1,1967-04-23,1974-04-23,0.02178196025087531,0.028337539172960086,0.015875552944433213,-0.0061910278417569575,-0.00841574585402416,0.0022247180122672017,True,0.006065099804791085,-2.929874194898515e-05,-0.00023013925663822876,-0.008390004704987963,2.5741149036195843e-05,True,-0.002198976863231006,-0.002198976863231006
7,15,12639,2,1984-08-11,1991-08-12,0.023617326269127048,0.033450606173828085,0.02402275501354989,0.0619980669323823,0.0593479611048342,0.0026501058275480993,True,0.002746599694292362,-0.0008416590755656498,-0.001212722402521793,0.058875230688302915,-0.0004727304165312862,False,-0.0031228362440793855,-0.0031228362440793855
7,15,18958,3,2001-11-29,2008-11-29,0.028157837210759817,0.036109064001695695,0.025130270563025414,-0.03290765771142812,-0.03592992457156685,0.0030222668601387337,True,0.007322983232768587,0.0015628962581975062,0.00027825583812446375,-0.03573273818552991,0.0001971863860369405,True,-0.002825080474101793,-0.002825080474101793
7,15,25278,4,2019-03-20,2026-03-20,0.02807360176186413,0.04246529257870846,0.028797095848308585,0.06807212167565058,0.0647480466612107,0.0033240750144398756,True,0.003442429685715398,-9.426904271846804e-06,-0.00045823917090670463,0.06437873990303777,-0.000369306758172927,False,-0.0036933817726128026,-0.0036933817726128026
7,30,0,0,1950-01-03,1957-01-03,0.03451444098232703,0.06501282421748188,0.03623453014220157,0.08524632596865467,0.081804747800033,0.003441578168621673,True,0.00694584356849437,0.0031044041511929326,0.00032465575950890724,0.08106724854252323,-0.0007374992575097661,False,-0.004179077426131439,-0.004179077426131439
7,30,6319,1,1967-04-23,1974-04-23,0.0389815953834598,0.06175734087876791,0.039099026813091964,-0.004614814363274489,-0.008383406728873721,0.0037685923655992326,True,0.011257565825897542,0.001801407341875104,-0.0004686569514016359,-0.008454448676393,-7.104194751927917e-05,False,-0.0038396343131185118,-0.0038396343131185118
7,30,12639,2,1984-08-11,1991-08-12,0.04097938526201106,0.05651234867604889,0.04300058003608509,0.06346380192840306,0.059144989743319165,0.004318812185083898,True,0.006876696652058145,0.0008305927225222684,-0.0002625670284557291,0.05841198278679305,-0.0007330069565261166,False,-0.0050518191416100144,-0.0050518191416100144
7,30,18958,3,2001-11-29,2008-11-29,0.04771556571291047,0.06294230796275105,0.04347691590589431,-0.031028875662363342,-0.035851494847179644,0.004822619184816301,True,0.012823897697840314,0.009988442508091692,0.00222015693796096,-0.035707325265225354,0.00014416958195428986,True,-0.0046784496028620115,-0.0046784496028620115
7,30,25278,4,2019-03-20,2026-03-20,0.051466957912789546,0.07271658113295107,0.05405961504834078,0.06996294024419725,0.06409635150256587,0.005866588741631373,True,0.009600073793685215,0.007165203352479339,0.002377302321550534,0.06377085705914265,-0.0003254944434232243,False,-0.006192083185054598,-0.006192083185054598
7,45,0,0,1950-01-03,1957-01-03,0.05120735236300433,0.08927455942236992,0.05421235396675339,0.08677170211750829,0.08177837133304822,0.0049933307844600705,True,0.013591425013942837,0.014045203340696071,0.005794906264277699,0.08112961074399183,-0.0006487605890563852,False,-0.005642091373516456,-0.005642091373516456
7,45,6319,1,1967-04-23,1974-04-23,0.051480567032464064,0.07233967696356297,0.034745934794542466,-0.003606759339688015,-0.008223450854616288,0.004616691514928273,True,0.014626998315701023,0.004188969884597281,-0.001502943508406518,-0.008673821147510585,-0.00045037029289429764,False,-0.00506706180782257,-0.00506706180782257
7,45,12639,2,1984-08-11,1991-08-12,0.0564842393272742,0.08578344712426893,0.05787940489329724,0.06508282932877374,0.059426704095269844,0.005656125233503895,True,0.008622501034713626,0.0007921282263597654,-0.0011194060860968413,0.05804727888863903,-0.0013794252066308132,False,-0.007035550440134708,-0.007035550440134708
7,45,18958,3,2001-11-29,2008-11-29,0.06762442482691422,0.08072455850431451,0.05874070187865743,-0.02974666417821925,-0.03634271686971535,0.0065960526914961015,True,0.021633589203010617,0.0308178289812456,0.0025657918965755755,-0.03583261257769865,0.0005101042920166998,True,-0.006085948399479402,-0.006085948399479402
7,45,25278,4,2019-03-20,2026-03-20,0.06774031652655688,0.10827990210435896,0.07345129271451689,0.07185181423031772,0.06455140085559741,0.007300413374720316,True,0.016954363993244126,0.01958208059970682,0.005881863461017822,0.0644164779046339,-0.00013492295096351192,False,-0.007435336325683828,-0.007435336325683828
7,60,0,0,1950-01-03,1957-01-03,0.06262861852317703,0.11487949048638853,0.06655847230767042,0.08755194732506233,0.08178593345061969,0.005766013874442644,True,0.021900963954572195,0.02309521832021021,0.008761612183899814,0.0814976400603129,-0.0002882933903067819,False,-0.006054307264749426,-0.006054307264749426
7,60,6319,1,1967-04-23,1974-04-23,0.06821186302257032,0.10734050889138454,0.046609717281682284,-0.0025778774060402077,-0.008610783810405587,0.006032906404365379,True,0.02471995208602107,0.01395431643912348,0.002138233306154813,-0.008484852218838213,0.0001259315915673742,True,-0.005906974812798005,-0.005906974812798005
7,60,12639,2,1984-08-11,1991-08-12,0.06686496870004155,0.09476906080312193,0.0696672741273654,0.06548093089187557,0.05922488479070087,0.006256046101174695,True,0.014039416156782503,0.005036584490779838,-0.0008617928370142636,0.05777394110099476,-0.0014509436897061079,False,-0.007706989790880803,-0.007706989790880803
7,60,18958,3,2001-11-29,2008-11-29,0.08317481179873432,0.1077497579177683,0.07191511324956257,-0.0282337137668095,-0.03602949361581875,0.0077957798490092545,True,0.025983937549780123,0.03065123589953055,8.462879785375854e-05,-0.03573719874433268,0.00029229487148607625,True,-0.007503484977523178,-0.007503484977523178
7,60,25278,4,2019-03-20,2026-03-20,0.08633593474548551,0.141036581513941,0.0925750335734219,0.07364381080894389,0.06459085233144957,0.009052958477494322,True,0.019313081012214184,0.030647115754760233,0.009038249797714837,0.06392172149045305,-0.0006691308409965124,False,-0.009722089318490834,-0.009722089318490834
7,90,0,0,1950-01-03,1957-01-03,0.08336721970632643,0.11830657818990889,0.08854997998327074,0.08823502731317734,0.0812650257780283,0.00697000153514904,True,0.03372930632053328,0.054333513657506265,0.02437299936779813,0.08096877146072345,-0.00029625431730484486,False,-0.0072662558524538845,-0.0072662558524538845
7,90,6319,1,1967-04-23,1974-04-23,0.0924828254811616,0.141030387795494,0.09338649415618216,-0.0011095423840070673,-0.008697438546610203,0.007587896162603136,True,0.03449208060313369,0.04208353378701361,0.022060770274350494,-0.008864685981969989,-0.00016724743535978526,False,-0.007755143597962921,-0.007755143597962921
7,90,12639,2,1984-08-11,1991-08-12,0.09486199492275338,0.15906018708371056,0.10772161052184703,0.06727439034078819,0.05883453510543468,0.00843985523535351,True,0.024107299313622432,0.014577752853992548,0.0015924995270815145,0.05713001518477734,-0.0017045199206573436,False,-0.010144375156010854,-0.010144375156010854
7,90,18958,3,2001-11-29,2008-11-29,0.12001073103082871,0.14612889822222017,0.10937316916321205,-0.02513570544414423,-0.035975353662602405,0.010839648218458175,True,0.041999907712245266,0.0750730782985686,0.005209250140680188,-0.035141482319879125,0.0008338713427232802,True,-0.010005776875734895,-0.010005776875734895
7,90,25278,4,2019-03-20,2026-03-20,0.11993582193597185,0.1791711578480895,0.12881150086937454,0.07545768179620582,0.06351433341524193,0.011943348380963892,True,0.04472588206527761,0.07176192026343646,0.03612516263596133,0.06483122735628699,0.0013168939410450609,True,-0.010626454439918831,-0.010626454439918831
7,120,0,0,1950-01-03,1957-01-03,0.11500142182740758,0.19005147749666754,0.12423019989415018,0.08824289474571145,0.07859594897964595,0.009646945766065507,True,0.058239966122251685,0.09119630655621877,0.03172215101856102,0.08015118985939007,0.0015552408797441242,True,-0.008091704886321383,-0.008091704886321383
7,120,6319,1,1967-04-23,1974-04-23,0.114101328058269,0.1480021019649656,0.07368851757784389,-8.587594687348155e-05,-0.0088388898580396,0.008753013911166119,True,0.04839902732891499,0.08008622619114043,0.0369755659010913,-0.00873347179785855,0.0001054180601810506,True,-0.008647595850985068,-0.008647595850985068
7,120,12639,2,1984-08-11,1991-08-12,0.1202270530717442,0.20799420571599028,0.14476331444468982,0.06830573810832274,0.05812064776364645,0.010185090344676295,True,0.04053236386779169,0.03190454867734175,0.0065467354632844366,0.057094437025360545,-0.0010262107382859043,False,-0.0112113010829622,-0.0112113010829622
7,120,18958,3,2001-11-29,2008-11-29,0.14533945812453575,0.1636987589449014,0.12967375062539022,-0.02231522137494646,-0.03469567154138775,0.012380450166441292,True,0.04503011607859064,0.08389594261991488,-0.002817765024466068,-0.035036920403761274,-0.00034124886237352214,False,-0.012721699028814815,-0.012721699028814815
7,120,25278,4,2019-03-20,2026-03-20,0.14485093631305768,0.23274694182584565,0.15648357100355592,0.07734652835373135,0.06377418438300642,0.013572343970724932,True,0.05917040748848268,0.132998323031385,0.06475137610916049,0.06544179808673767,0.0016676137037312522,True,-0.01190473026699368,-0.01190473026699368
8,15,0,0,1950-01-03,1958-01-03,0.01919394878384617,0.030413001225699128,0.019056895298370735,0.04925384095895868,0.047436185567103495,0.0018176553918551885,True,0.0034249089245379505,-0.00013977933881921482,-0.0003761926846171937,0.04721070439464725,-0.00022548117245624333,False,-0.002043136564311432,-0.002043136564311432
8,15,6228,1,1967-01-22,1975-01-22,0.023924821913361205,0.033479332403316686,0.016554479689383728,-0.031822038147918064,-0.034059333992640384,0.00223729584472232,True,0.006672744221507099,-8.768207660902203e-06,-0.00029961118965016187,-0.03387703205542991,0.00018230193721047172,True,-0.0020549939075118484,-0.0020549939075118484
8,15,12456,2,1984-02-10,1992-02-10,0.02583168751601539,0.03232009356029885,0.026560707133734374,0.06537645302867157,0.06266821353695606,0.002708239491715503,True,0.0037512690410583804,0.000389222539198702,0.0002480690131261287,0.062482641523228244,-0.0001855720137278194,False,-0.0028938115054433222,-0.0028938115054433222
8,15,18684,3,2001-02-28,2009-02-28,0.029589270789437183,0.037313572022520634,0.024729355974910217,-0.05134924755934844,-0.05419410120981194,0.002844853650463497,True,0.007189657098433555,8.059946882973968e-05,-0.0004660277088550657,-0.053954873380543056,0.0002392278292688843,True,-0.0026056258211946126,-0.0026056258211946126
8,15,24913,4,2018-03-20,2026-03-20,0.025181505901757495,0.03698901039470095,0.02589321185651139,0.06792773423441378,0.06529743209359329,0.002630302140820495,True,0.003042255526652271,0.001061019275063231,-6.656427532902853e-05,0.0650173273569834,-0.00028010473660988744,False,-0.0029104068774303826,-0.0029104068774303826
8,30,0,0,1950-01-03,1958-01-03,0.03393655524008454,0.06081976986815019,0.0349497002613659,0.050441968777273916,0.04741097780940362,0.003030990967870295,True,0.006869123285448531,0.0028396437670676973,0.00031269072314032975,0.046964501230869704,-0.0004464765785339164,False,-0.0034774675464042115,-0.0034774675464042115
8,30,6228,1,1967-01-22,1975-01-22,0.04352827622619815,0.05807707859743599,0.03822789082525335,-0.03024062172761599,-0.03415563141233102,0.003915009684715032,True,0.011731884512110602,0.0015503238927736802,-0.0005525391877009289,-0.0339856784311251,0.00016995298120592306,True,-0.0037450567035091087,-0.0037450567035091087
8,30,12456,2,1984-02-10,1992-02-10,0.043746862730657865,0.05947488551648113,0.04588293653275399,0.06663676085667669,0.06230430640117168,0.004332454455505008,True,0.0074209658882642415,0.0040286965168210235,0.0010709809621640698,0.06192421100423795,-0.00038009539693373284,False,-0.004712549852438741,-0.004712549852438741
8,30,18684,3,2001-02-28,2009-02-28,0.050908207193366195,0.06701799758677468,0.044322315592522976,-0.04940280138091546,-0.05407437065061471,0.0046715692696992495,True,0.016306013530917873,0.008220337874438662,0.0036063077273222888,-0.05337412377755102,0.0007002468730636924,True,-0.003971322396635557,-0.003971322396635557
8,30,24913,4,2018-03-20,2026-03-20,0.045484929025642495,0.06727020784054549,0.0468350594620629,0.06929420397132757,0.064729490965314,0.0045647130060135765,True,0.007447214955992321,0.0068026583808554085,0.002016796005340993,0.06435199433563588,-0.00037749662967812014,False,-0.004942209635691697,-0.004942209635691697
8,45,0,0,1950-01-03,1958-01-03,0.05067566487471464,0.08391993276785771,0.05166047222024295,0.05155613119913838,0.04710575992396926,0.004450371275169118,True,0.013933898190023442,0.01303952401140862,0.004618847462637188,0.04688766100145947,-0.00021809892250979068,False,-0.004668470197678909,-0.004668470197678909
8,45,6228,1,1967-01-22,1975-01-22,0.0563349813421532,0.06313005072713054,0.038900536872519265,-0.02925348217052437,-0.03401234563322997,0.004758863462705598,True,0.01512515551648086,0.004006961080191324,-0.0016506292831631186,-0.03407180568593304,-5.9460052703075306e-05,False,-0.004818323515408673,-0.004818323515408673
8,45,12456,2,1984-02-10,1992-02-10,0.055589384601824054,0.08056232112327236,0.058822781880156993,0.06784256628002816,0.06270328914295642,0.0051392771370717405,True,0.010236240598501922,0.009605609701315455,0.001968957000116456,0.06199682884297397,-0.0007064602999824476,False,-0.005845737437054188,-0.005845737437054188
8,45,18684,3,2001-02-28,2009-02-28,0.06991271463791104,0.09174374007896846,0.06151784058557519,-0.04831694858985103,-0.054493548598771424,0.0061766000089203965,True,0.017593905271100718,0.01868828876005775,0.001417465990442901,-0.05426454275400405,0.00022900584476737151,True,-0.005947594164153025,-0.005947594164153025
8,45,24913,4,2018-03-20,2026-03-20,0.0658417965872613,0.10120180765114853,0.07092635505583011,0.07115346142322854,0.0647110834483009,0.006442377974927638,True,0.01817020515666301,0.020328117971448116,0.009279221611498523,0.06504424549784926,0.00033316204954836337,True,-0.006109215925379274,-0.006109215925379274
8,60,0,0,1950-01-03,1958-01-03,0.061765498994969636,0.10766797555006669,0.06384554969320244,0.052307096211201776,0.04714850791956171,0.005158588291640065,True,0.021847105116322485,0.021942531032298387,0.008761612183899703,0.047278439593684496,0.00012993167412278517,True,-0.00502865661751728,-0.00502865661751728
8,60,6228,1,1967-01-22,1975-01-22,0.07322197173168687,0.10063910016905996,0.06651712991177905,-0.028223199079120853,-0.03428548770707651,0.006062288627955659,True,0.021058978755251312,0.010327607193147051,-0.0013467780542218977,-0.03425879841117274,2.6689295903770116e-05,True,-0.006035599332051889,-0.006035599332051889
8,60,12456,2,1984-02-10,1992-02-10,0.06777632416096369,0.09492614976973791,0.0727354747992186,0.06833776681004577,0.06235068158249013,0.005987085227555644,True,0.011861741603122145,0.009510604046897716,0.0014113689568384657,0.061179111118025986,-0.0011715704644641445,False,-0.007158655692019789,-0.007158655692019789
8,60,18684,3,2001-02-28,2009-02-28,0.08573573717104188,0.10026165840157635,0.07482244231865054,-0.04731814045259253,-0.054632672226040735,0.007314531773448207,True,0.027566481975101365,0.04206779329684654,0.00868355528356446,-0.05385522161963885,0.000777450606401886,True,-0.006537081167046321,-0.006537081167046321
8,60,24913,4,2018-03-20,2026-03-20,0.0788129221436793,0.1257030772983316,0.08601074226429684,0.072221348370199,0.06484289581644243,0.007378452553756576,True,0.014334293393361452,0.017098312371530276,0.002791058030272797,0.06399312327026996,-0.000849772546172467,False,-0.008228225099929043,-0.008228225099929043
8,90,0,0,1950-01-03,1958-01-03,0.08199801256439665,0.11198325721628546,0.0826134153846887,0.05322055897709843,0.04691522410547533,0.006305334871623103,True,0.0318261863575342,0.0499554975207565,0.022687274005240177,0.04698832360472305,7.309949924771963e-05,True,-0.006232235372375383,-0.006232235372375383
8,90,6228,1,1967-01-22,1975-01-22,0.0984042379073986,0.13178928814516874,0.07936137979256519,-0.02627644545587815,-0.033927491587781744,0.007651046131903594,True,0.02935604350396237,0.051740507678353496,0.01855535915716655,-0.034149527706171856,-0.00022203611839011206,False,-0.007873082250293706,-0.007873082250293706
8,90,12456,2,1984-02-10,1992-02-10,0.0958867362528657,0.12821242251591794,0.10548227216608708,0.06958849720202398,0.06149147361758178,0.008097023584442198,True,0.038599956289540494,0.06998891753405276,0.030654828382523647,0.06243422466012216,0.0009427510425403796,True,-0.007154272541901818,-0.007154272541901818
8,90,18684,3,2001-02-28,2009-02-28,0.12371987767728077,0.14640584662728517,0.11192052010563658,-0.04425198622046744,-0.05445969610064805,0.010207709880180604,True,0.041694844783306984,0.09027966358253905,0.013420353283329023,-0.053267465444774564,0.001192230655873483,True,-0.009015479224307121,-0.009015479224307121
8,90,24913,4,2018-03-20,2026-03-20,0.1139736997513463,0.16580718770546965,0.11932177347205863,0.07369407050719423,0.06338782270852672,0.010306247798667512,True,0.05058523843481,0.07583134254402668,0.03830897856349125,0.06585984089578778,0.0024720181872610603,True,-0.007834229611406451,-0.007834229611406451
8,120,0,0,1950-01-03,1958-01-03,0.11369520161358548,0.17851738558907332,0.11913914402115044,0.053504389809911235,0.04473622087472884,0.008768168935182397,True,0.05432464075297361,0.08503864853914146,0.03172215101856102,0.046314757111757254,0.0015785362370284162,True,-0.00718963269815398,-0.00718963269815398
8,120,6228,1,1967-01-22,1975-01-22,0.12164030849161533,0.17210329961379295,0.11741808964997469,-0.025239097824768186,-0.0342135202027567,0.008974422377988511,True,0.044188962664450715,0.07268806250899386,0.031719512162655006,-0.033921409498939625,0.00029211070381707227,True,-0.008682311674171439,-0.008682311674171439
8,120,12456,2,1984-02-10,1992-02-10,0.11377496106905505,0.18373945438534908,0.13032593055802155,0.06988831111636973,0.060974283436977306,0.008914027679392422,True,0.031752705858755226,0.034608501563396954,0.014668490934396816,0.05970678137241725,-0.0012675020645600554,False,-0.010181529743952478,-0.010181529743952478
8,120,18684,3,2001-02-28,2009-02-28,0.14749693706708156,0.16823213923719543,0.12684153959627875,-0.0430749001224674,-0.05458322955057271,0.011508329428105313,True,0.052256708106037886,0.09457781295711701,0.01848674209214307,-0.05338668954379355,0.0011965400067791565,True,-0.010311789421326156,-0.010311789421326156
8,120,24913,4,2018-03-20,2026-03-20,0.13261468470758575,0.17822768303954725,0.1388072927016617,0.07529870373383063,0.06410612897644419,0.011192574757386442,True,0.047842428698248396,0.09163876692973437,0.04124813004938943,0.06489269098486683,0.0007865620084226421,True,-0.0104060127489638,-0.0104060127489638
9,15,0,0,1950-01-03,1959-01-03,0.018359722817103075,0.029034381492845672,0.018611735267095586,0.07420261234884973,0.07257552309805915,0.001627089250790581,True,0.002307982662592689,-0.00013895584130415014,-0.0003478744348066054,0.07230725197386145,-0.0002682711241976943,False,-0.0018953603749882753,-0.0018953603749882753
9,15,6137,1,1966-10-23,1975-10-23,0.023090270917610844,0.027710758041623228,0.018390906106962257,-0.0006450987154155152,-0.0026727130923607234,0.002027614376945208,True,0.004288245128703627,-9.429182227241655e-05,-0.00040274564707898364,-0.002703390962076946,-3.067786971622244e-05,False,-0.0020582922466614306,-0.0020582922466614306
9,15,12274,2,1983-08-12,1992-08-11,0.02307811449401087,0.032950731677500365,0.023366169598994846,0.06011355744425684,0.05796471898612299,0.0021488384581338504,True,0.0026712744213464035,4.9572463821545e-05,-7.983777417119864e-05,0.057742775719268336,-0.0002219432668546517,False,-0.002370781724988502,-0.002370781724988502
9,15,18411,3,2000-05-31,2009-05-31,0.02710452159836718,0.033156003906831884,0.023556871850590078,-0.022168117716375835,-0.02457746451291498,0.002409346796539147,True,0.006469612118935153,0.0026156151031074006,0.0012563706975745603,-0.024372143122405432,0.00020532139050954967,True,-0.002204025406029597,-0.002204025406029597
9,15,24548,4,2017-03-20,2026-03-20,0.02507380651085822,0.03343133616956455,0.02562975590126193,0.06697457946171315,0.06458127703129302,0.00239330243042013,True,0.00201721975446012,4.32443764588768e-06,-0.0005842021978981204,0.0642807737412141,-0.00030050329007891285,False,-0.002693805720499043,-0.002693805720499043
9,30,0,0,1950-01-03,1959-01-03,0.03224955884159342,0.05765152306228699,0.03422152800808442,0.07546318514088735,0.07276398984308119,0.002699195297806156,True,0.004646534551739023,0.0025058054223742457,0.0002879596091593939,0.07222792999176941,-0.0005360598513117765,False,-0.0032352551491179327,-0.0032352551491179327
9,30,6137,1,1966-10-23,1975-10-23,0.04251283741954537,0.05851649643465762,0.03948700457419774,0.0006921143463565205,-0.0029165158180397555,0.003608630164396276,True,0.006793020953562046,0.0010943666497649632,-0.0004998318387939849,-0.0031783077999990583,-0.00026179198195930287,False,-0.003870422146355579,-0.003870422146355579
9,30,12274,2,1983-08-12,1992-08-11,0.03980262117758637,0.05861188274330947,0.04156095785499936,0.06144160444827218,0.05792102865586468,0.0035205757924074987,True,0.005615030191897796,0.0023544911676054267,9.28204138197497e-05,0.05750576713615785,-0.0004152615197068332,False,-0.003935837312114332,-0.003935837312114332
9,30,18411,3,2000-05-31,2009-05-31,0.04808112120747565,0.053792464796844436,0.04162438127499479,-0.020637635853317793,-0.024748228386341053,0.004110592533023261,True,0.012206845857626547,0.01152401902575179,0.0029601104168814896,-0.024422817692435927,0.000325410693905126,True,-0.0037851818391181347,-0.0037851818391181347
9,30,24548,4,2017-03-20,2026-03-20,0.04121627429604624,0.06293397611767669,0.04283507692577948,0.06828732403318183,0.06458331137070261,0.003704012662479217,True,0.00482043988897507,0.002411627239791616,-0.0005481342374461518,0.06407196656239478,-0.0005113448083078342,False,-0.004215357470787051,-0.004215357470787051
9,45,0,0,1950-01-03,1959-01-03,0.04719092298973471,0.07999351599943151,0.050570904612237566,0.07577331977153645,0.071893446951238,0.0038798728202984467,True,0.010162173704405308,0.011944591328631238,0.0041658108488282775,0.07147714538722605,-0.00041630156401195606,False,-0.004296174384310403,-0.004296174384310403
9,45,6137,1,1966-10-23,1975-10-23,0.05292064098763816,0.07114889265098569,0.05048942581691973,0.0016035445191715514,-0.0026139457378876463,0.004217490257059198,True,0.010572858787400552,0.002179435878808735,-0.001706076883020602,-0.0029562641088671793,-0.000342318370979533,False,-0.004559808628038731,-0.004559808628038731
9,45,12274,2,1983-08-12,1992-08-11,0.050281732207264396,0.06166231530029782,0.05224884356255366,0.06186156849609903,0.057686595201206003,0.004174973294893025,True,0.008859691046635865,0.00874851001430577,0.001585136708503132,0.05712436781802288,-0.0005622273831831226,False,-0.004737200678076148,-0.004737200678076148
9,45,18411,3,2000-05-31,2009-05-31,0.06287186172450299,0.07669278613064502,0.056240252349696096,-0.01892232646921488,-0.02407589830479495,0.005153571835580073,True,0.013532926194716799,0.027158201508973717,-5.15724109884097e-06,-0.02409363719423263,-1.773888943767954e-05,False,-0.005171310725017753,-0.005171310725017753
9,45,24548,4,2017-03-20,2026-03-20,0.06172707588596027,0.09042896172800545,0.06513332770075464,0.0688494887135267,0.06336558958255378,0.0054838991309729135,True,0.015268910800304791,0.01487747391550508,0.007741834990427243,0.0635485018098747,0.00018291222732091938,True,-0.005300986903651994,-0.005300986903651994
9,60,0,0,1950-01-03,1959-01-03,0.058392147307592346,0.10215561804685418,0.061765498994969636,0.07714695111569725,0.07255896211111978,0.004587989004577464,True,0.01691855782899032,0.020407639614708376,0.008343644069209732,0.07237155433240594,-0.00018740777871384395,False,-0.004775396783291308,-0.004775396783291308
9,60,6137,1,1966-10-23,1975-10-23,0.07386679844266819,0.10235712460917337,0.06516318686078293,0.00267581373506931,-0.0032044984341754734,0.0058803121692447835,True,0.01837025451684715,0.01204355348919374,0.0014967685004239062,-0.0032206280350426386,-1.6129600867165195e-05,False,-0.005896441770111949,-0.005896441770111949
9,60,12274,2,1983-08-12,1992-08-11,0.0632118177994252,0.08912024869978379,0.06812600394181567,0.06288285921287518,0.057822809563640165,0.00506004964923501,True,0.011354795359154846,0.01638673114613938,0.0021045207890442175,0.05699346537573291,-0.000829344187907255,False,-0.005889393837142265,-0.005889393837142265
9,60,18411,3,2000-05-31,2009-05-31,0.08196565639211317,0.08062568521009596,0.06909138975598128,-0.01805610044966155,-0.02463174104780519,0.0065756405981436394,True,0.01982265562929686,0.03329888362730134,-4.100188135158778e-05,-0.02449295979762134,0.00013878125018385035,True,-0.006436859347959789,-0.006436859347959789
9,60,24548,4,2017-03-20,2026-03-20,0.07340604824193675,0.11359102591883598,0.07930368525637865,0.07049674653307503,0.06427134531151246,0.006225401221562565,True,0.01364272798185917,0.01540348908915137,0.0034246777180144683,0.06370400347356275,-0.0005673418379497086,False,-0.006792743059512274,-0.006792743059512274
9,90,0,0,1950-01-03,1959-01-03,0.07705720479874079,0.10826104032676355,0.08055153119911052,0.07792389903048513,0.07232712445214684,0.005596774578338293,True,0.02439958154641486,0.04584048494115847,0.01714052378607933,0.07193477697592376,-0.0003923474762230761,False,-0.005989122054561369,-0.005989122054561369
9,90,6137,1,1966-10-23,1975-10-23,0.09709956781808571,0.14102910625191606,0.09527872240861912,0.004091312121137669,-0.003167097106056782,0.007258409227194451,True,0.021659842666758022,0.03406746780594803,0.013097238810728218,-0.0038284029814487086,-0.0006613058753919265,False,-0.007919715102586378,-0.007919715102586378
9,90,12274,2,1983-08-12,1992-08-11,0.08205813622028657,0.10353980873700382,0.09001531905366122,0.06401662978731726,0.057949021176672444,0.006067608610644815,True,0.029517391049311392,0.036297382128297785,0.019578635563189284,0.058147851342214674,0.00019883016554222976,True,-0.005868778445102585,-0.005868778445102585
9,90,18411,3,2000-05-31,2009-05-31,0.11446348813481477,0.11258339473502658,0.08882817681249722,-0.01588881646000928,-0.024709287548717374,0.008820471088708093,True,0.029381680381590947,0.08084157841469737,0.004550294896165985,-0.024540178554054437,0.0001691089946629365,True,-0.008651362094045156,-0.008651362094045156
9,90,24548,4,2017-03-20,2026-03-20,0.09998270234959006,0.1497025751611185,0.10443742023096125,0.07128321225171663,0.06323131092312728,0.00805190132858935,True,0.03701415742806646,0.05094673203472779,0.025874000200591052,0.06428884055329531,0.0010575296301680304,True,-0.00699437169842132,-0.00699437169842132
9,120,0,0,1950-01-03,1959-01-03,0.10716116216979454,0.17070068652329534,0.11369520161358548,0.07810544806439434,0.07029289472589628,0.007812553338498063,True,0.04428418189164085,0.07903531773794024,0.030201986167739392,0.07112170091900749,0.000828806193111209,True,-0.006983747145386854,-0.006983747145386854
9,120,6137,1,1966-10-23,1975-10-23,0.11791456456701987,0.17345384110130987,0.11791456456701987,0.005873295616995566,-0.0024881041026832973,0.008361399719678864,True,0.03216267861025002,0.0471295397390309,0.012600662634789206,-0.0030103474155774856,-0.0005222433128941883,False,-0.008883643032573052,-0.008883643032573052
9,120,12274,2,1983-08-12,1992-08-11,0.1078180493617742,0.14405526222716347,0.11995391394734489,0.06456455595936639,0.05678281260236995,0.00778174335699644,True,0.0415663650497502,0.06834947418016878,0.020214686138883886,0.057294699773644764,0.0005118871712748163,True,-0.007269856185721624,-0.007269856185721624
9,120,18411,3,2000-05-31,2009-05-31,0.1442448179145137,0.15359717957110905,0.10592029713770401,-0.014201155474982463,-0.024925349933911267,0.010724194458928804,True,0.030443650756514007,0.08253203232624874,0.0007847610787941051,-0.025616603296272245,-0.0006912533623609773,False,-0.011415447821289781,-0.011415447821289781
9,120,24548,4,2017-03-20,2026-03-20,0.1207632560471974,0.1834398392487229,0.12790667803403455,0.07267546273427206,0.06346068037569852,0.009214782358573537,True,0.047828833517532976,0.07001197285766082,0.03143578967831817,0.06468476455194083,0.0012240841762423127,True,-0.007990698182331224,-0.007990698182331224
10,15,0,0,1950-01-03,1960-01-03,0.018026449421354007,0.027873734793663358,0.018182207344079382,0.06958354788778487,0.06811149765643232,0.0014720502313525508,True,0.0020140091070555144,-0.00013720950395049834,-0.0003266664226885818,0.06788755871474805,-0.0002239389416842652,False,-0.001695989173036816,-0.001695989173036816
10,15,6045,1,1966-07-23,1976-07-22,0.022041097145661714,0.027934713053241318,0.019675456536398128,0.012649685310456293,0.010858168921170419,0.0017915163892858743,True,0.0048607301739407305,0.0029968500065999854,0.0010454922853251336,0.010933246260224738,7.507733905431913e-05,True,-0.0017164390502315552,-0.0017164390502315552
10,15,12091,2,1983-02-10,1993-02-09,0.02220518506378677,0.03299969724363699,0.022651067569804395,0.061305174054211875,0.059411596895877494,0.0018935771583343808,True,0.0031786495722117003,0.0004295560635326289,0.00045537568069398127,0.05931272648037744,-9.887041550005193e-05,False,-0.0019924475738344327,-0.0019924475738344327
10,15,18137,3,1999-08-31,2009-08-30,0.028828837814582675,0.03536525666129633,0.02522913118700565,-0.009645069048022425,-0.01205177023022741,0.0024067011822049844,True,0.006380448484126111,0.0026441150199780386,0.0013930133772654951,-0.011828968607722756,0.00022280162250465363,True,-0.002183899559700331,-0.002183899559700331
10,15,24183,4,2016-03-20,2026-03-20,0.02243819929196733,0.0290350717727579,0.022460502404894056,0.06713966444825448,0.06521086714698132,0.0019287973012731552,True,0.0013528479135174187,0.0004533038695260652,-0.0008521254855196059,0.06491733759821572,-0.0002935295487656031,False,-0.0022223268500387583,-0.0022223268500387583
10,30,0,0,1950-01-03,1960-01-03,0.03155369627562443,0.05490833210831216,0.0331720558233044,0.07071322578141803,0.06826863659214255,0.002444589189275481,True,0.004054546011869942,0.002238228655367543,0.00016683167686615263,0.06782132185138057,-0.00044731474076198374,False,-0.002891903930037465,-0.002891903930037465
10,30,6045,1,1966-07-23,1976-07-22,0.03940439463085177,0.05851461786556164,0.0398487624169348,0.013828895507512318,0.010747675943842294,0.0030812195636700235,True,0.005421761493457078,0.013387662913634876,0.0014511309375569992,0.01046214809210877,-0.0002855278517335247,False,-0.003366747415403548,-0.003366747415403548
10,30,12091,2,1983-02-10,1993-02-09,0.03810174603255234,0.057625275680264626,0.03953441202050567,0.06235697728061518,0.059262883875424555,0.0030940934051906233,True,0.005753433638983507,0.0016622037092357007,0.001073402667521206,0.05899874780590619,-0.00026413606951836144,False,-0.0033582294747089847,-0.0033582294747089847
10,30,18137,3,1999-08-31,2009-08-30,0.048884935006957786,0.05853694571123786,0.04047601787333188,-0.008221180862244992,-0.012133369608313904,0.003912188746068912,True,0.010709895009063608,0.01282020790906088,0.001858451572200881,-0.011893870805579687,0.0002394988027342171,True,-0.003672689943334695,-0.003672689943334695
10,30,24183,4,2016-03-20,2026-03-20,0.03802860085582016,0.049488765528158334,0.039014760687430705,0.06823538558776265,0.06513082881211574,0.003104556775646916,True,0.0037833908850271047,0.004400903860752822,-0.0006227526355601087,0.06465630401672451,-0.00047452479539122905,False,-0.003579081571038145,-0.003579081571038145
10,45,0,0,1950-01-03,1960-01-03,0.04582271923297321,0.07644445206397896,0.049825609787927716,0.0710267952429886,0.06754467151884946,0.003482123724139141,True,0.00918930828753628,0.011061463231591729,0.003995187666060884,0.06721103649233062,-0.00033363502651884147,False,-0.0038157587506579826,-0.0038157587506579826
10,45,6045,1,1966-07-23,1976-07-22,0.05070811070089576,0.07031130209388954,0.051435479811112295,0.014631162308195167,0.010861753619058723,0.0037694086891364442,True,0.009634847816484715,0.009837174217379873,-0.00014089586615906313,0.010590555530897827,-0.0002711980881608955,False,-0.00404060677729734,-0.00404060677729734
10,45,12091,2,1983-02-10,1993-02-09,0.04773724104416077,0.06807289917435426,0.05042607896154383,0.06265147064565935,0.05900567775032206,0.0036457928953372853,True,0.00852145612094235,0.0030904609891543085,0.0005906825348105382,0.05860489271175373,-0.0004007850385683298,False,-0.004046577933905615,-0.004046577933905615
10,45,18137,3,1999-08-31,2009-08-30,0.06270519455374934,0.08414393147408902,0.05364894173507695,-0.006778316636126713,-0.011591774071425531,0.004813457435298818,True,0.011953784176298221,0.011899662807657597,-0.0019047748369882544,-0.011630069777377128,-3.829570595159648e-05,False,-0.0048517531412504145,-0.0048517531412504145
10,45,24183,4,2016-03-20,2026-03-20,0.05511381545907801,0.07568726515465111,0.057060664383176585,0.06887654351658834,0.06446101566786266,0.0044155278487256755,True,0.010978544484480546,0.015702211859910966,0.007398369054638421,0.06431711771072957,-0.00014389795713309894,False,-0.0045594258058587744,-0.0045594258058587744
10,60,0,0,1950-01-03,1960-01-03,0.05690518574311443,0.09739723234324946,0.06068429233174122,0.07220434277932064,0.06804659697342008,0.004157745805900559,True,0.01526222535908861,0.019075372001346576,0.008293461949025804,0.06789882173481088,-0.0001477752386092046,False,-0.004305521044509764,-0.004305521044509764
10,60,6045,1,1966-07-23,1976-07-22,0.06502013243198546,0.1030408856209688,0.06904789701222169,0.015586885739603096,0.01087575102502436,0.004711134714578735,True,0.010318532042714823,0.022829924375186852,0.002517132222198626,0.010242339434713754,-0.0006334115903106063,False,-0.005344546304889342,-0.005344546304889342
10,60,12091,2,1983-02-10,1993-02-09,0.05789469088540811,0.08838572059871257,0.06277918309417707,0.06394263116771182,0.05972111886405673,0.004221512303655084,True,0.007739513356640915,0.004774652427349609,-0.0007635229687751321,0.05878677299974555,-0.0009343458643111813,False,-0.005155858167966265,-0.005155858167966265
10,60,18137,3,1999-08-31,2009-08-30,0.0768588253875766,0.09713661562194745,0.06396876993593237,-0.006130178214763027,-0.011834302412341402,0.005704124197578375,True,0.01659419366610959,0.030817560060305154,0.003444218630892504,-0.011841351594329308,-7.049181987905939e-06,False,-0.005711173379566281,-0.005711173379566281
10,60,24183,4,2016-03-20,2026-03-20,0.06866775113702106,0.08642062744838223,0.07222007222291271,0.07015028121035205,0.0648231095648879,0.005327171645464146,True,0.012252885409261172,0.01799459414435808,0.007191709658809664,0.06435972879610685,-0.00046338076878105205,False,-0.005790552414245198,-0.005790552414245198
10,90,0,0,1950-01-03,1960-01-03,0.07461776418177912,0.1047284900939188,0.07758300573582178,0.07291961436609817,0.06785479137150463,0.005064822994593543,True,0.02229273780178409,0.0424046314036025,0.014335046939669027,0.067572139607178,-0.00028265176432662464,False,-0.005347474758920168,-0.005347474758920168
10,90,6045,1,1966-07-23,1976-07-22,0.08907758652105557,0.13697032383701704,0.09288261608074211,0.016812392977884505,0.010661056627708776,0.006151336350175729,True,0.014376893313450045,0.022166184641853225,0.006301776393667913,0.009607969018124773,-0.0010530876095840025,False,-0.0072044239597597315,-0.0072044239597597315
10,90,12091,2,1983-02-10,1993-02-09,0.07914218563145359,0.10319717512528209,0.08721147504843763,0.06430710446282051,0.058842036405020615,0.005465068057799893,True,0.029544850779077647,0.02790103964560811,0.015709671150445637,0.05931065705669614,0.000468620651675522,True,-0.004996447406124371,-0.004996447406124371
10,90,18137,3,1999-08-31,2009-08-30,0.10697830464894276,0.11396140133883942,0.09115592162155806,-0.00417452247806005,-0.011812354177086926,0.007637831699026876,True,0.02640569090414302,0.05828992457321503,0.005406954369816974,-0.011676824344281744,0.00013552983280518127,True,-0.0075023018662216945,-0.0075023018662216945
10,90,24183,4,2016-03-20,2026-03-20,0.09280751991060665,0.1410183373636909,0.10165785345639189,0.07094792103805392,0.06410682377969645,0.006841097258357465,True,0.03163866060424403,0.058755253895305636,0.022354331194031518,0.06479430026359845,0.0006874764839019942,True,-0.0061536207744554705,-0.0061536207744554705
10,120,0,0,1950-01-03,1960-01-03,0.10332750419698256,0.16361564212921292,0.11129316371361497,0.07310690283803045,0.06608997086705792,0.007016931970972529,True,0.04050971163936512,0.07376907101954731,0.029872986515533828,0.06682876225821133,0.0007387913911534039,True,-0.006278140579819125,-0.006278140579819125
10,120,6045,1,1966-07-23,1976-07-22,0.11005203654176232,0.16265009879527567,0.11523332757703719,0.01791947083464307,0.010650514544442657,0.007268956290200412,True,0.02758858218978455,0.032081058469091976,0.0048012935011043645,0.010086853489517322,-0.0005636610549253351,False,-0.007832617345125747,-0.007832617345125747
10,120,12091,2,1983-02-10,1993-02-09,0.10011593212281955,0.1362121862940353,0.11046092461244372,0.06528005321658403,0.05862859642689067,0.006651456789693366,True,0.023786127730252682,0.05218778705239397,0.009227932680028639,0.057646280056780075,-0.000982316370110592,False,-0.007633773159803958,-0.007633773159803958
10,120,18137,3,1999-08-31,2009-08-30,0.12809755965408587,0.17131823125362666,0.12243384323627104,-0.0022091832322880256,-0.01093172801878639,0.008722544786498365,True,0.021374805072963188,0.10659506235433723,0.02319665922218017,-0.012083146536134293,-0.001151418517347902,False,-0.009873963303846267,-0.009873963303846267
10,120,24183,4,2016-03-20,2026-03-20,0.11147188660490959,0.1534734654604405,0.11880109885972878,0.07186035255627488,0.0640722123210189,0.00778814023525598,True,0.04214218257421298,0.05057006811276475,0.029347880336252574,0.06497621158216949,0.0009039992611505898,True,-0.0068841409741053905,-0.0068841409741053905
12,15,0,0,1950-01-03,1962-01-03,0.017447544191985465,0.026079001651362184,0.017757474629964243,0.06525843649175034,0.06402715269372661,0.0012312837980237301,True,0.0015205465151884034,-0.00013305655827908797,-0.00013430942230963083,0.06385874691925064,-0.00016840577447596594,False,-0.001399689572499696,-0.001399689572499696
12,15,5863,1,1966-01-22,1978-01-22,0.01804804329220344,0.025720572783353383,0.01919754529264317,-0.002062345460613013,-0.0035501125704350267,0.0014877671098220135,True,0.0008171599112005712,0.0012876273044343494,0.0009937982962975322,-0.003482221101510863,6.789146892416387e-05,True,-0.0014198756408978497,-0.0014198756408978497
12,15,11726,2,1982-02-10,1994-02-10,0.022304360092504805,0.03206550602577242,0.023676020679352483,0.05975954098136871,0.05811461942509322,0.0016449215562754915,True,0.0013467183376221215,0.0013633298043665457,-0.0003961217432136288,0.05793184640378102,-0.0001827730213121992,False,-0.0018276945775876907,-0.0018276945775876907
12,15,17589,3,1998-03-01,2010-03-01,0.02904043982287785,0.03706883652017525,0.027626487404972977,-0.0011976111839625547,-0.0032940334600423116,0.002096422276079757,True,0.005083707742545407,0.0014908707656542271,0.0003265393685645268,-0.003156777633340546,0.0001372558267017654,True,-0.0019591664493779914,-0.0019591664493779914
12,15,23452,4,2014-03-20,2026-03-20,0.021689965798346034,0.028914832090501177,0.021808828125572388,0.06574210036964545,0.06414120239738708,0.001600897972258375,True,0.0012262939053961919,2.3714034556693168e-06,-0.0003074502862400186,0.06394672494328368,-0.00019447745410339223,False,-0.0017953754263617672,-0.0017953754263617672
12,30,0,0,1950-01-03,1962-01-03,0.030325139020326963,0.050682935168995184,0.03173080125236871,0.06601114457959723,0.06396561702798054,0.002045527551616688,True,0.0032604752993490305,0.0018785774037552855,4.283565975171655e-05,0.06364906399382253,-0.00031655303415800695,False,-0.002362080585774695,-0.002362080585774695
12,30,5863,1,1966-01-22,1978-01-22,0.02928769960865707,0.04856218250938702,0.031418287824758195,-0.001161782780064291,-0.0035638739298454736,0.0024020911497811825,True,-0.002658845760279749,0.0040821530486027675,0.00031797700650892935,-0.00378512616650839,-0.0002212522366629166,False,-0.002623343386444099,-0.002623343386444099
12,30,11726,2,1982-02-10,1994-02-10,0.03740619952603508,0.056865626178523795,0.03963699374233731,0.06055719743597354,0.057918143993570315,0.0026390534424032275,True,0.003110693105679463,0.0027019889889995045,-0.00038115100888114206,0.05759023136925667,-0.0003279126243136421,False,-0.0029669660667168696,-0.0029669660667168696
12,30,17589,3,1998-03-01,2010-03-01,0.046309825438884955,0.05345311555312576,0.04289393277277087,-6.8558387092299e-05,-0.003267571401667002,0.003199013014574703,True,0.009309936780198536,0.008747265527913734,0.00387414840624678,-0.0030647607082127104,0.0002028106934542917,True,-0.0029962023211204114,-0.0029962023211204114
12,30,23452,4,2014-03-20,2026-03-20,0.037353831765027046,0.051678711883004984,0.038144592589537174,0.06666901202882247,0.064019226195416,0.0026497858334064706,True,0.003776861560040645,0.0020821337227472842,0.0008134073726382418,0.06374827114661863,-0.0002709550487973722,False,-0.0029207408822038428,-0.0029207408822038428
12,45,0,0,1950-01-03,1962-01-03,0.043845164722576824,0.07076087537171574,0.04664837722674142,0.06662835086584051,0.06372976355808779,0.0028985873077527202,True,0.007460470568741107,0.009741063778167334,0.003506449190512795,0.06347948664272574,-0.00025027691536205765,False,-0.003148864223114778,-0.003148864223114778
12,45,5863,1,1966-01-22,1978-01-22,0.04908940992845401,0.0675867990050027,0.049851776998080854,-0.0004346386149892689,-0.0035700506910520957,0.003135412076062827,True,0.01048909055407643,0.008096226023660709,-0.0005993151749824621,-0.003555259898273988,1.4790792778107686e-05,True,-0.003120621283284719,-0.003120621283284719
12,45,11726,2,1982-02-10,1994-02-10,0.050441789348617094,0.07672781888607197,0.054680794042190284,0.06126921438646793,0.05782971435722195,0.0034395000292459788,True,0.006238765359295018,0.008065319162900198,0.0010644439696336772,0.057473892500647716,-0.0003558218565742344,False,-0.003795321885820213,-0.003795321885820213
12,45,17589,3,1998-03-01,2010-03-01,0.06179252475272845,0.08664982883183688,0.06163530357336389,0.0008572745111923297,-0.003280482088057979,0.0041377565992503085,True,0.014001396258262577,0.010202326644858723,0.002395103279354327,-0.0029773822436289787,0.00030309984442900006,True,-0.0038346567548213084,-0.0038346567548213084
12,45,23452,4,2014-03-20,2026-03-20,0.04858739227333175,0.06766523140324814,0.05006381591498221,0.06726379765460822,0.06396151839440156,0.003302279260206653,True,0.007043437239032002,0.010010087153373046,0.005744586817558739,0.06367448681788801,-0.00028703157651355227,False,-0.0035893108367202053,-0.0035893108367202053
12,60,0,0,1950-01-03,1962-01-03,0.053770626520310394,0.08990322539353593,0.0577830944477542,0.06690075707021026,0.0634594159638775,0.0034413411063327626,True,0.012831077051689066,0.017146699873342913,0.007807392442620742,0.06338354121130463,-7.587475257286869e-05,False,-0.0035172158589056313,-0.0035172158589056313
12,60,5863,1,1966-01-22,1978-01-22,0.045548113661469714,0.07700418939725621,0.05016789043900172,0.00019172491133678804,-0.0035172554490910946,0.0037089803604278826,True,-0.0038360415376383905,0.016718314299369964,0.003821603173505661,-0.0038366540967312845,-0.00031939864764019,False,-0.004028379008068073,-0.004028379008068073
12,60,11726,2,1982-02-10,1994-02-10,0.05994654961375945,0.08445903883108964,0.06680328326408236,0.061825017373604574,0.05788476141999954,0.003940255953605032,True,0.011470537206579312,0.017681670562232056,0.00708341175766225,0.057690798165277446,-0.00019396325472209597,False,-0.004134219208327128,-0.004134219208327128
12,60,17589,3,1998-03-01,2010-03-01,0.07337393659531655,0.08961076401519386,0.06724422659871565,0.0018526517495589534,-0.00291267062385292,0.004765322373411873,True,0.010285550922028097,0.014661575126608713,-0.0017581227189452653,-0.003192929688301871,-0.0002802590644489511,False,-0.005045581437860824,-0.005045581437860824
12,60,23452,4,2014-03-20,2026-03-20,0.06442745291878005,0.0917946603353639,0.06633939803903766,0.06780485549360682,0.06346848396882043,0.0043363715247863865,True,0.017175539277807017,0.018274467481569315,0.010981768241138612,0.0637719751568544,0.00030349118803396635,True,-0.00403288033675242,-0.00403288033675242
12,90,0,0,1950-01-03,1962-01-03,0.07001100337726052,0.09807170065710105,0.0744237699202408,0.06813130704657766,0.06395157314742761,0.004179733899150051,True,0.018553431106042018,0.037111339327379395,0.013528760049112298,0.06375335338138322,-0.00019821976604439406,False,-0.004377953665194445,-0.004377953665194445
12,90,5863,1,1966-01-22,1978-01-22,0.082431153235627,0.11532141521944982,0.08279544514551196,0.0011495012050666276,-0.0037311650744723535,0.004880666279538981,True,0.017932322421473135,0.04607176920620877,0.0032923741281511987,-0.003967622318309161,-0.00023645724383680733,False,-0.005117123523375788,-0.005117123523375788
12,90,11726,2,1982-02-10,1994-02-10,0.08492683565911907,0.12912880665243429,0.09790125363355195,0.06290675009371838,0.05752675666646767,0.005379993427250707,True,0.022322360331968882,0.046265254058881815,0.012977712468967617,0.05765521659525641,0.0001284599287887378,True,-0.005251533498461969,-0.005251533498461969
12,90,17589,3,1998-03-01,2010-03-01,0.10245298895648958,0.12257256720859856,0.09070108684793876,0.002969760946063049,-0.003440038967982284,0.006409799914045333,True,0.024012292810183355,0.044431057668974705,0.014427904063899266,-0.0031817342289794937,0.0002583047390027904,True,-0.006151495175042543,-0.006151495175042543
12,90,23452,4,2014-03-20,2026-03-20,0.08650543019718615,0.1208603732960127,0.09189473769050194,0.06911006963619415,0.06356980353617492,0.005540266100019231,True,0.023696149501947428,0.03679337079528798,0.016706434590804342,0.06381804012392323,0.00024823658774830726,True,-0.005292029512270924,-0.005292029512270924
12,120,0,0,1950-01-03,1962-01-03,0.0961899429920885,0.15158139900357032,0.10529045262182524,0.0683438657615083,0.06262210226101561,0.005721763500492694,True,0.03326588175542766,0.06556212124898789,0.029351326783870535,0.06309379602337772,0.00047169376236211313,True,-0.0052500697381305805,-0.0052500697381305805
12,120,5863,1,1966-01-22,1978-01-22,0.10239349525327257,0.14069973458533877,0.10710995601701234,0.0021133151291947705,-0.0037276801235608392,0.00584099525275561,True,0.02572301055906734,0.06122349738603334,0.025331279618481473,-0.003893965857889592,-0.0001662857343287527,False,-0.006007280987084362,-0.006007280987084362
12,120,11726,2,1982-02-10,1994-02-10,0.0984223883993558,0.15166139562675987,0.1114237086205132,0.06313568410500481,0.057262550843458326,0.0058731332615464815,True,0.035786981119912076,0.07639769496117074,0.03753757839515992,0.0579466916140392,0.0006841407705808766,True,-0.005188992490965605,-0.005188992490965605
12,120,17589,3,1998-03-01,2010-03-01,0.12106903084886644,0.1592108659753747,0.11084261680928154,0.0037950101518779977,-0.0034481786565525585,0.007243188808430556,True,0.024777853912194336,0.04723202553291345,-0.004192443851771976,-0.0036909572735479568,-0.00024277861699539827,False,-0.0074859674254259545,-0.0074859674254259545
12,120,23452,4,2014-03-20,2026-03-20,0.10380516740648837,0.1339779457723921,0.10831023180143728,0.0694605273495641,0.06311927740065548,0.006341249948908612,True,0.04003767816181414,0.04983176425284957,0.025816386977821848,0.06417033275919426,0.0010510553585387772,True,-0.005290194590369834,-0.005290194590369834
15,15,0,0,1950-01-03,1965-01-03,0.016980637464998782,0.024240452576856142,0.017369640377866036,0.05654712955800445,0.05555379588324061,0.000993333674763841,True,0.0011327682912694037,-0.0001200070195847951,-0.00012762369467400614,0.05544088172875794,-0.0001129141544826684,False,-0.0011062478292465094,-0.0011062478292465094
15,15,5589,1,1965-04-23,1980-04-23,0.02031859296309957,0.022218965560756955,0.017977593327955788,0.007333404499477503,0.006167040752391495,0.0011663637470860078,True,0.0017563646684108924,-0.0004086585691783317,-0.0006041967459028408,0.006101232135416801,-6.580861697469409e-05,False,-0.0012321723640607019,-0.0012321723640607019
15,15,11178,2,1980-08-11,1995-08-12,0.02090437083068042,0.02956451136746669,0.021459428851061224,0.061883507078974276,0.06061316816075024,0.0012703389182240343,True,0.001326811786676041,0.00020223843848345298,0.00019424434931214485,0.06051345820356624,-9.970995718400211e-05,False,-0.0013700488754080364,-0.0013700488754080364
15,15,16767,3,1995-11-30,2010-11-30,0.026515872976457633,0.032726160538329024,0.025782813992998976,0.00782342923235535,0.006250211693432206,0.001573217538923144,True,0.0033395665685547193,0.0014982657510228003,0.0012833124180873234,0.00629032803258589,4.0116339153684066e-05,True,-0.00153310119976946,-0.00153310119976946
15,15,22356,4,2011-03-20,2026-03-20,0.021638255150703722,0.027594560863721904,0.022012599585628845,0.06675075639807115,0.06542354573704001,0.0013272106610311418,True,0.0014201907928945712,0.0017654350764754014,0.0010061288228142562,0.06533000730195648,-9.353843508352888e-05,False,-0.0014207490961146707,-0.0014207490961146707
15,30,0,0,1950-01-03,1965-01-03,0.02941864515072634,0.046388157107212315,0.030619861176052865,0.057286553183687916,0.05562956499093996,0.0016569881927479546,True,0.0021298512479894782,0.0014793815695844537,3.51044754345331e-05,0.05539358337425293,-0.000235981616687031,False,-0.0018929698094349856,-0.0018929698094349856
15,30,5589,1,1965-04-23,1980-04-23,0.0347865410934336,0.04405403142641262,0.034417686023335614,0.008041135239748032,0.006113295372214722,0.0019278398675333097,True,0.0037475225263516876,0.0028801056925672735,-0.0008883231775882461,0.005996668893846202,-0.00011662647836852003,False,-0.0020444663459018297,-0.0020444663459018297
15,30,11178,2,1980-08-11,1995-08-12,0.033637851789602546,0.04393592262902108,0.03444376866619492,0.06256592686368023,0.060611981764189915,0.0019539450994903174,True,0.005086326862614676,0.009611128081107841,0.0038764965255202455,0.060583268829940806,-2.8712934249108812e-05,False,-0.001982658033739426,-0.001982658033739426
15,30,16767,3,1995-11-30,2010-11-30,0.043550231991520416,0.0575662333319489,0.04354887857919021,0.008673771259582574,0.006178886367066427,0.002494884892516147,True,0.00779687176432331,0.006092488802784622,0.004217013030486383,0.0063323110373709746,0.0001534246703045472,True,-0.0023414602222116,-0.0023414602222116
15,30,22356,4,2011-03-20,2026-03-20,0.035911080179214405,0.04661819984666567,0.0370718531169808,0.06750698171208569,0.0653878856189225,0.0021190960931631864,True,0.004697486923397554,0.008586349374300946,0.004498651354728267,0.06533155748154829,-5.632813737421749e-05,False,-0.002175424230537404,-0.002175424230537404
15,45,0,0,1950-01-03,1965-01-03,0.04219462976087085,0.06496082096369132,0.04461213277945375,0.05778060994696821,0.05544797049667993,0.0023326394502882764,True,0.005851740763812341,0.008360541300730131,0.0030817759716381676,0.055279322228068084,-0.00016864826861184845,False,-0.002501287718900125,-0.002501287718900125
15,45,5589,1,1965-04-23,1980-04-23,0.0473427297581579,0.06136223283936288,0.04800161658339164,0.00866658358262562,0.006112919848832332,0.0025536637337932877,True,0.007051511469458038,0.008364264040435719,5.582919413704701e-05,0.006032187329586103,-8.073251924622937e-05,False,-0.002634396253039517,-0.002634396253039517
15,45,11178,2,1980-08-11,1995-08-12,0.0477509094900499,0.07007319526607605,0.05138544408181511,0.06316596117770934,0.06044627822013737,0.002719682957571967,True,0.007272988205516029,0.012779872490413569,0.004723685505699793,0.060376717610791,-6.95606093463752e-05,False,-0.0027892435669183424,-0.0027892435669183424
15,45,16767,3,1995-11-30,2010-11-30,0.06044803042066271,0.07411144150976884,0.05766886088203749,0.009330499654672364,0.005940904522496071,0.003389595132176293,True,0.015721843864648477,0.01403627877525624,0.010790871314660722,0.006435191075482738,0.0004942865529866669,True,-0.002895308579189626,-0.002895308579189626
15,45,22356,4,2011-03-20,2026-03-20,0.04902478905592256,0.06368585340402495,0.0507869188393304,0.06822820044636835,0.06540924832694905,0.0028189521194192935,True,0.00950688190952631,0.020481945509170117,0.009672342952622648,0.0654967323424056,8.748401545655149e-05,True,-0.002731468103962742,-0.002731468103962742
15,60,0,0,1950-01-03,1965-01-03,0.051857880421326774,0.08226168417492566,0.05504274942567933,0.05805459252175149,0.055261576233981646,0.002793016287769845,True,0.009497024937921594,0.014853931613228703,0.007248740700487533,0.05515763101844939,-0.00010394521553225289,False,-0.002896961503302098,-0.002896961503302098
15,60,5589,1,1965-04-23,1980-04-23,0.05650649357839166,0.07810016936016928,0.05584689539908583,0.008978683424875955,0.006020892898544572,0.002957790526331383,True,0.01072181900324809,0.010058016726957858,0.0009526805148112327,0.006003166256038472,-1.7726642506099566e-05,False,-0.0029755171688374826,-0.0029755171688374826
15,60,11178,2,1980-08-11,1995-08-12,0.05783872663310197,0.08027954498143758,0.062027677722096275,0.06351934522961744,0.06031200687393179,0.0032073383556856516,True,0.014865983866318766,0.02891123568108558,0.012316962694010058,0.06058263456084534,0.0002706276869135493,True,-0.0029367106687721023,-0.0029367106687721023
15,60,16767,3,1995-11-30,2010-11-30,0.07103237114197314,0.09884014801609278,0.07211955225756195,0.009808572495437318,0.005932219499876101,0.0038763529955612164,True,0.016786671197163372,0.021633147681500983,0.014759649732013935,0.00631575401123885,0.00038353451136274863,True,-0.0034928184841984677,-0.0034928184841984677
15,60,22356,4,2011-03-20,2026-03-20,0.06043468039739919,0.0880675279126699,0.06231182587643591,0.06832761249673824,0.06493172484707554,0.003395887649662699,True,0.015066803408226193,0.03562265558386948,0.016210168831326532,0.06521758428473157,0.00028585943765602195,True,-0.003110028212006677,-0.003110028212006677
15,90,0,0,1950-01-03,1965-01-03,0.06731909524083624,0.09123132758226787,0.06908293484282324,0.05899986309810301,0.055571082204739275,0.0034287808933637365,True,0.014261824271199597,0.031463899726196454,0.012859657920489376,0.055404356656190146,-0.00016672554854912924,False,-0.0035955064419128657,-0.0035955064419128657
15,90,5589,1,1965-04-23,1980-04-23,0.07856481738207344,0.10790841321518832,0.07856481738207366,0.010004144516739366,0.00603260524531346,0.003971539271425906,True,0.012463401034293886,0.020567992200044988,0.0009233957990222308,0.0057547947959619705,-0.0002778104493514899,False,-0.004249349720777396,-0.004249349720777396
15,90,11178,2,1980-08-11,1995-08-12,0.07800738539098839,0.10242346545172928,0.0838623106173697,0.06435839644123598,0.06020890631045139,0.004149490130784583,True,0.02629235908377603,0.051977891997156495,0.023798664462623575,0.060875255111670246,0.0006663488012188523,True,-0.003483141329565731,-0.003483141329565731
15,90,16767,3,1995-11-30,2010-11-30,0.09808803240704544,0.12643133463815975,0.09777042570681149,0.010863642561972808,0.005685310977513902,0.005178331584458906,True,0.025978457088865703,0.03647890524152193,0.026812816812168405,0.0062967544256187225,0.0006114434481048203,True,-0.004566888136354086,-0.004566888136354086
15,90,22356,4,2011-03-20,2026-03-20,0.08222336433492505,0.11564532262533474,0.08622845674554624,0.06975795795219453,0.06531013011877729,0.004447827833417239,True,0.018288890197087238,0.03490095806534898,0.012798157597909032,0.06542338402575631,0.00011325390697902726,True,-0.004334573926438212,-0.004334573926438212
15,120,0,0,1950-01-03,1965-01-03,0.0910886987053321,0.13896485384546753,0.09756754914794086,0.05932598794769306,0.054729345583596434,0.004596642364096626,True,0.02555289515108239,0.05623514367932203,0.02852573108226797,0.05495821883271601,0.00022887324911957663,True,-0.004367769114977049,-0.004367769114977049
15,120,5589,1,1965-04-23,1980-04-23,0.09853360537398737,0.12769961580279818,0.0972302345799958,0.010438880227718661,0.005600796654356532,0.004838083573362129,True,0.03056077557838166,0.043992971571642156,0.022248451248462642,0.006145565417025489,0.0005447687626689568,True,-0.004293314810693172,-0.004293314810693172
15,120,11178,2,1980-08-11,1995-08-12,0.09824576817881381,0.13049833699253105,0.10484043104593632,0.06522324880423969,0.060140446592506835,0.005082802211732851,True,0.03598383867835664,0.07854157975027443,0.034543235016235796,0.061086122434684365,0.0009456758421775291,True,-0.004137126369555322,-0.004137126369555322
15,120,16767,3,1995-11-30,2010-11-30,0.12047081825197936,0.14612728597198033,0.12105874169316766,0.011540485111877441,0.005371049205318279,0.006169435906559162,True,0.03723325351180229,0.05458220923218568,0.039378425884072144,0.006348561331606328,0.0009775121262880493,True,-0.005191923780271113,-0.005191923780271113
15,120,22356,4,2011-03-20,2026-03-20,0.09899164153683171,0.14262709731284892,0.10703910231814184,0.06989851443948902,0.06474520438178955,0.005153310057699478,True,0.034566066153179476,0.0729728130758165,0.03280315460012084,0.06559768346109052,0.0008524790793009718,True,-0.004300830978398507,-0.004300830978398507
20,15,0,0,1950-01-03,1970-01-03,0.015602088089755384,0.022288275263182132,0.016710228285953366,0.03868986515405126,0.03788603582470795,0.0008038293293433085,True,-3.656891451964128e-05,-0.00010282988860693294,-0.00011633889171469569,0.03788413781363387,-1.89801107408627e-06,False,-0.0008057273404173948,-0.0008057273404173948
20,15,5132,1,1964-01-22,1984-01-22,0.01843959742517587,0.023532676424275572,0.01721621164883591,0.027177109739570993,0.026344376467642094,0.0008327332719288982,True,0.0019518888113165822,0.0007319769589470319,0.0007692044420982702,0.02633896037406891,-5.416093573185066e-06,False,-0.0008381493655020833,-0.0008381493655020833
20,15,10265,2,1978-02-10,1998-02-10,0.02081594182116775,0.02622620523578587,0.021184858559308184,0.08193451896567017,0.08093143762488242,0.0010030813407877481,True,0.0004165715012196536,-1.3442550464021637e-05,-2.2408872172641203e-05,0.08084308600763657,-8.835161724585205e-05,False,-0.0010914329580336002,-0.0010914329580336002
20,15,15397,3,1992-02-29,2012-02-29,0.021789354015043783,0.022304112819234508,0.019901434563985854,0.023905238627652814,0.0229071515780106,0.0009980870496422156,True,0.0019753684585761544,0.0007348638226961735,0.0007684209590261837,0.022902952467029003,-4.199110981595311e-06,False,-0.001002286160623811,-0.001002286160623811
20,15,20530,4,2006-03-20,2026-03-20,0.024420789527251685,0.029573220923665416,0.025300911075047283,0.06292723062712513,0.06175461423012241,0.0011726163970027237,True,0.0019983705549186936,0.0023721454590366225,0.0019070297752996623,0.061751699383153724,-2.914846968682383e-06,False,-0.001175531243971406,-0.001175531243971406
20,30,0,0,1950-01-03,1970-01-03,0.02850638502655989,0.04187230359946818,0.029105214766059984,0.0391755361671573,0.03792905846425887,0.0012464777028984297,True,0.0015799243843261923,0.0010616454850572732,-0.00016876221751027654,0.0377978491479789,-0.00013120931627996768,False,-0.0013776870191783974,-0.0013776870191783974
20,30,5132,1,1964-01-22,1984-01-22,0.030876809826207996,0.039878885713527094,0.03091807335620045,0.027676954167234813,0.026325927129098536,0.0013510270381362766,True,0.003369109993244912,0.0017855259471332395,0.0011629655134526296,0.026287772208394733,-3.815492070380344e-05,False,-0.00138918195884008,-0.00138918195884008
20,30,10265,2,1978-02-10,1998-02-10,0.03509034799799782,0.045480528486811604,0.03612453318775022,0.08250725088644506,0.08086406610404895,0.001643184782396112,True,0.000944368330564993,0.0008029616164568843,4.094690491662778e-05,0.0806931485732385,-0.0001709175308104438,False,-0.001814102313206556,-0.001814102313206556
20,30,15397,3,1992-02-29,2012-02-29,0.03469976518399975,0.04059468945000975,0.032559404873355735,0.024376114091945844,0.02284005033242642,0.0015360637595194238,True,0.0041756650821942465,0.0023776700562954194,0.0024594135928768246,0.022843129377990712,3.079045564291505e-06,True,-0.0015329847139551322,-0.0015329847139551322
20,30,20530,4,2006-03-20,2026-03-20,0.03936287608620437,0.047317969115312386,0.04099355951167283,0.06362296584727778,0.061789738103369185,0.0018332277439085942,True,0.002243243406098605,0.002827328056310244,0.000946813073874786,0.06169067504213088,-9.906306123830255e-05,False,-0.0019322908051468968,-0.0019322908051468968
20,45,0,0,1950-01-03,1970-01-03,0.040537219243582,0.05883305515402081,0.04177253374379597,0.039490517248973234,0.03774626872734377,0.0017442485216294656,True,0.004461343663530792,0.0068875147432781855,0.0027856891190118915,0.03765792513778532,-8.834358955844834e-05,False,-0.001832592111187914,-0.001832592111187914
20,45,5132,1,1964-01-22,1984-01-22,0.041275024758469,0.05426329895733937,0.04163886989207244,0.028056205647697396,0.026294524664041363,0.0017616809836560332,True,0.0033769209062708416,0.001840651740455643,-0.0006874584541729511,0.0261517054132816,-0.00014281925075976254,False,-0.0019045002344157957,-0.0019045002344157957
20,45,10265,2,1978-02-10,1998-02-10,0.04457659895913069,0.05900092824098584,0.04544752263051044,0.08286446247398893,0.0808382761169828,0.0020261863570061323,True,0.0026705056939051453,0.0022340322907629957,0.0010179623573705054,0.08064985274818803,-0.00018842336879476562,False,-0.002214609725800898,-0.002214609725800898
20,45,15397,3,1992-02-29,2012-02-29,0.046874242183551296,0.053447962875473494,0.04418778894075159,0.024833012291764378,0.022802485122883853,0.002030527168880525,True,0.006548226638582788,0.004933809057673445,0.004365150794777062,0.02282156653624856,1.90814133647077e-05,True,-0.002011445755515817,-0.002011445755515817
20,45,20530,4,2006-03-20,2026-03-20,0.050495124612036424,0.06257387912580678,0.0520710379642797,0.06422162391238184,0.061930284988871875,0.002291338923509967,True,0.0022272377777570185,0.006595624909904496,0.00022824735916637806,0.06172168373143938,-0.0002086012574324947,False,-0.0024999401809424615,-0.0024999401809424615
20,60,0,0,1950-01-03,1970-01-03,0.049593636189483536,0.07406655943491276,0.0523156473094879,0.039888111288106654,0.03780117298621577,0.002086938301890884,True,0.007934771986559896,0.01243227508652852,0.006688211009424183,0.03778420057759613,-1.697240861964211e-05,False,-0.002103910710510526,-0.002103910710510526
20,60,5132,1,1964-01-22,1984-01-22,0.05123133164148008,0.06426768571310808,0.052343882379612516,0.02850922391829802,0.026364804220925242,0.002144419697372779,True,0.004707201345829359,0.004734054152673145,0.000194831263616857,0.026183394370518975,-0.00018140985040626667,False,-0.002325829547779046,-0.002325829547779046
20,60,10265,2,1978-02-10,1998-02-10,0.059644048287330165,0.08496056412631751,0.06282229540800222,0.08336489076205056,0.08067593351338531,0.002688957248665247,True,0.008084423513179395,0.014910090972114305,0.0067021644677309755,0.0806662842275756,-9.649285809709696e-06,False,-0.0026986065344749566,-0.0026986065344749566
20,60,15397,3,1992-02-29,2012-02-29,0.05984177360577059,0.06747790492055855,0.058246945732624456,0.0251909248549973,0.022636119091751006,0.002554805763246293,True,0.012623429634107008,0.010789340522042572,0.009005422985877254,0.022856781784741154,0.00022066269299014785,True,-0.002334143070256145,-0.002334143070256145
20,60,20530,4,2006-03-20,2026-03-20,0.06323829863477237,0.08452056980011502,0.06607720357258184,0.06482577900806952,0.06200301357814997,0.0028227654299195493,True,0.0017981421579418289,0.007957013103801659,-0.0013751754662659765,0.061661423658815995,-0.0003415899193339733,False,-0.0031643553492535226,-0.0031643553492535226
20,90,0,0,1950-01-03,1970-01-03,0.06424950450026601,0.08428675027756521,0.06593830164644054,0.04021389029981637,0.03761626044322064,0.002597629856595729,True,0.011681030019872196,0.025749668149318033,0.011802139951524016,0.037582183139872605,-3.4077303348034604e-05,False,-0.0026317071599437636,-0.0026317071599437636
20,90,5132,1,1964-01-22,1984-01-22,0.06924945498071788,0.09144489134541788,0.06973233961878078,0.028927918629722216,0.02611755104856117,0.002810367581161044,True,0.01173313211300675,0.012168369654984178,0.002008252170611735,0.02608648962163196,-3.10614269292131e-05,False,-0.002841429008090257,-0.002841429008090257
20,90,10265,2,1978-02-10,1998-02-10,0.07622686155912017,0.10264138776016608,0.0803462600674012,0.08359629520076761,0.08028603469440698,0.0033102605063606294,True,0.011974812110725708,0.022919418165923494,0.00978193081373524,0.08026624342761823,-1.9791266788748985e-05,False,-0.0033300517731493784,-0.0033300517731493784
20,90,15397,3,1992-02-29,2012-02-29,0.07597540408436165,0.09376099815810471,0.07512570504600125,0.025758756735801525,0.022636277733844024,0.003122479001957501,True,0.010227300572389408,0.015427129938637787,0.009118741202717384,0.022529146311502934,-0.00010713142234108908,False,-0.00322961042429859,-0.00322961042429859
20,90,20530,4,2006-03-20,2026-03-20,0.07996362757063769,0.10686925452090637,0.08341443751510313,0.06547107166398436,0.06203211097704031,0.003438960686944048,True,0.00746431205058351,0.012061206794966943,0.0026520864678325484,0.061775475343885944,-0.0002566356331543673,False,-0.0036955963200984154,-0.0036955963200984154
20,120,0,0,1950-01-03,1970-01-03,0.08620349277019579,0.12538887564985424,0.0910886987053321,0.04083393271334845,0.037396110140746286,0.003437822572602167,True,0.021714899367544227,0.04652009578466409,0.024081732198512285,0.03765309801289862,0.00025698787215233665,True,-0.0031808347004498305,-0.0031808347004498305
20,120,5132,1,1964-01-22,1984-01-22,0.08154359094164576,0.11243826544334032,0.08307717534086012,0.02957644602683973,0.02639601795371016,0.003180428073129571,True,0.016336350468510785,0.024397433294317043,0.008398220904348497,0.02637933694915562,-1.66810045545418e-05,False,-0.0031971090776841127,-0.0031971090776841127
20,120,10265,2,1978-02-10,1998-02-10,0.09478818133907874,0.1471919973414881,0.10438908635089139,0.08441040306874004,0.08040379113202789,0.0040066119367121455,True,0.024489186702316257,0.05896226436314036,0.02321546671322028,0.08081792616046135,0.00041413502843345995,True,-0.0035924769082786856,-0.0035924769082786856
20,120,15397,3,1992-02-29,2012-02-29,0.09924401610594469,0.11309055778426846,0.09924401610594469,0.026438351895947676,0.022437170968707676,0.00400118092724,True,0.025181308759214982,0.0318495956786093,0.02140329826842846,0.0228637422769975,0.0004265713082898248,True,-0.0035746096189501753,-0.0035746096189501753
20,120,20530,4,2006-03-20,2026-03-20,0.09721103984560608,0.13037211065787424,0.10082485376697914,0.06664538833649414,0.06258695716831708,0.004058431168177057,True,0.00795597679387372,0.012618604636061627,0.001353860969142584,0.06212988771208061,-0.00045706945623646966,False,-0.0045155006244135265,-0.0045155006244135265
