horizon_years,contribution_interval_days,window_stride_days,window_number,start_date,end_date,final_relative_advantage_theoretical,mean_relative_advantage_theoretical,median_relative_advantage_theoretical,annual_return_btd_theoretical,annual_return_dca,annual_alpha_theoretical,theoretical_win,final_relative_advantage_implementable,mean_relative_advantage_implementable,median_relative_advantage_implementable,annual_return_btd_implementable,annual_alpha_implementable,implementable_win,implementable_minus_theoretical_annual_alpha,implementable_minus_theoretical_annual_return
1,15,0,0,1950-09-07,1951-09-07,0.06335487183848887,0.10828111305832105,0.027649444221983233,0.017920730214175284,-0.002854873496796917,0.0207756037109722,True,0.042438295640109924,0.0008028158025241669,0.0,-0.0021157183578142114,0.0007391551389827056,True,-0.020036448571989496,-0.020036448571989496
1,15,6786,1,1969-04-06,1970-04-06,0.07265783719173102,0.12478061279160074,0.07448872215425473,-0.0065617351726753315,-0.03536122134718189,0.02879948617450656,True,0.04235441029836018,0.002389203014394722,-0.0005594369497810003,-0.0347221463003603,0.0006390750468215911,True,-0.02816041112768497,-0.02816041112768497
1,15,13572,2,1987-11-04,1988-11-03,0.06560566183276606,0.11225194145095979,0.037368216442236535,0.026161849044201047,0.0030933543785971462,0.0230684946656039,True,0.04103308626944879,0.0011225763615318237,0.0,0.0024828179418174834,-0.0006105364367796628,False,-0.023679031102383563,-0.023679031102383563
1,15,20358,3,2006-06-03,2007-06-03,0.06291001087978443,0.07721354861464844,0.027506111813589307,0.12485951671645901,0.10211607100322095,0.022743445713238053,True,0.03628822951895194,0.008888804809193226,-0.0024556593689729067,0.09635869668147823,-0.005757374321742725,False,-0.02850082003498078,-0.02850082003498078
1,15,27144,4,2024-12-31,2025-12-31,0.07169120813035534,0.10356469471119537,0.021413040064973687,-0.1835298179148449,-0.20641952305374323,0.02288970513889832,True,0.051610286720994214,0.0059106267455956195,0.0,-0.1988388894706632,0.007580633583080032,True,-0.015309071555818288,-0.015309071555818288
1,30,0,0,1950-09-07,1951-09-07,0.12021903682916402,0.19569216359016517,0.13335513351663342,0.0272900076210838,-0.006558583294599685,0.033848590915683485,True,0.08240188692926131,0.05594201279256301,0.0007510013607514576,-0.007413325714857311,-0.0008547424202576259,False,-0.03470333333594111,-0.03470333333594111
1,30,6786,1,1969-04-06,1970-04-06,0.13677510362970602,0.19027997499423568,0.11029986634002709,0.004396365487197906,-0.04298031600048413,0.04737668148768204,True,0.08631028641361915,0.025662220331534976,-0.0006711661658489465,-0.040341423844463375,0.0026388921560207557,True,-0.04473778933166128,-0.04473778933166128
1,30,13572,2,1987-11-04,1988-11-03,0.12224996375322839,0.18732109152663212,0.06848370199995646,0.041863461169977745,0.005710108374211487,0.03615335279576626,True,0.07512140635716458,0.0346556032706631,-0.0002706467448847505,-0.0019186176427770096,-0.007628726016988496,False,-0.043782078812754754,-0.043782078812754754
1,30,20358,3,2006-06-03,2007-06-03,0.11358291902416728,0.1615617553018953,0.12178773352597516,0.1377722532027179,0.10650676950767579,0.03126548369504212,True,0.06883364313108564,0.07801611669884169,-0.007096573678635032,0.09152374998268709,-0.014983019524988705,False,-0.04624850322003082,-0.04624850322003082
1,30,27144,4,2024-12-31,2025-12-31,0.1339037181064282,0.17388319293639748,0.05148178272669379,-0.16360052524396518,-0.200927642948863,0.03732711770489783,True,0.08859550815362449,0.06730580050426314,-0.004025041635443705,-0.19704357021182417,0.003884072737038835,True,-0.03344304496785899,-0.03344304496785899
1,45,0,0,1950-09-07,1951-09-07,0.15971561640143994,0.2803405970205342,0.18601498761790025,0.032239433698934006,0.0013189211404971424,0.030920512558436863,True,0.12252640053363306,0.038166831203031874,-0.00230906410271442,-0.0008842402480045974,-0.00220316138850174,False,-0.0331236739469386,-0.0331236739469386
1,45,6786,1,1969-04-06,1970-04-06,0.17882784426623743,0.2116507315844016,0.06507108775050874,0.014997156425697655,-0.03150527790466129,0.046502434330358944,True,0.11935457629573643,0.020501530795177723,-0.00969755316471177,-0.03638198162242168,-0.004876703717760389,False,-0.05137913804811933,-0.05137913804811933
1,45,13572,2,1987-11-04,1988-11-03,0.17547047016246076,0.16830685024719255,0.09991788752759301,0.04714238556896477,0.0021517377175643837,0.04499064785140039,True,0.13154471277717295,0.10120975130426749,0.0,0.007985782747634396,0.005834045030070012,True,-0.03915660282133038,-0.03915660282133038
1,45,20358,3,2006-06-03,2007-06-03,0.16126954128631832,0.2722540757895866,0.18017786066234476,0.13848299160773214,0.10251320090017191,0.035969790707560234,True,0.11539549682418837,0.17284593854149072,0.002008852479257306,0.09299034274418805,-0.00952285815598386,False,-0.045492648863544094,-0.045492648863544094
1,45,27144,4,2024-12-31,2025-12-31,0.1855099042768853,0.2101350918472508,0.045650131182746634,-0.15086265821783884,-0.19423260161862443,0.04336994340078559,True,0.13134588315413254,0.106142973048109,0.0,-0.18968431904994787,0.004548282568676565,True,-0.03882166083210903,-0.03882166083210903
1,60,0,0,1950-09-07,1951-09-07,0.2237593980777841,0.3396438623252077,0.2491473194164079,0.03833023908893973,-0.010143954587417015,0.04847419367635675,True,0.17462802582134485,0.08666583851086741,-0.0010339610562671853,-0.0033845126894580524,0.006759441897958962,True,-0.041714751778397785,-0.041714751778397785
1,60,6786,1,1969-04-06,1970-04-06,0.25774234600173673,0.408869600757168,0.14261339802541384,0.02331698200491794,-0.051028470564991824,0.07434545256990976,True,0.17578757142420365,0.15673108732711788,0.0906791361323479,-0.04358391167221609,0.007444558892775732,True,-0.06690089367713403,-0.06690089367713403
1,60,13572,2,1987-11-04,1988-11-03,0.24889875543073425,0.3597238870430123,0.2883866304908229,0.057905612419475005,-0.011796887577987691,0.0697024999974627,True,0.16391252534031708,0.21867297873900954,0.0,-0.014131327268028016,-0.002334439690040324,False,-0.07203693968750302,-0.07203693968750302
1,60,20358,3,2006-06-03,2007-06-03,0.2151192919761371,0.32325940845024187,0.2507652671300198,0.15322548101086353,0.10671055507685301,0.04651492593401052,True,0.12118569799937196,0.03968033992859319,-0.03477598255974934,0.06306912088293215,-0.04364143419392086,False,-0.09015636012793138,-0.09015636012793138
1,60,27144,4,2024-12-31,2025-12-31,0.2486338126772938,0.2750361474704657,0.051044632248212984,-0.14162849479396988,-0.19801398888388977,0.056385494089919885,True,0.1818620389565031,0.1729164573157601,-0.004257718025513002,-0.1875612371080324,0.01045275177585736,True,-0.045932742314062525,-0.045932742314062525
1,90,0,0,1950-09-07,1951-09-07,0.30444480525766715,0.4925227202764681,0.4158898840023868,0.0457705793943084,0.0020930338703541995,0.0436775455239542,True,0.24711559392874838,0.19256743078782387,0.06272352148537474,-0.00022090268884644715,-0.0023139365592006467,False,-0.045991482083154844,-0.045991482083154844
1,90,6786,1,1969-04-06,1970-04-06,0.35010973518158983,0.4159072891570262,0.18461386215217113,0.024323970415846885,-0.05187984372183929,0.07620381413768618,True,0.25108389501086514,0.28914415518284786,0.0,-0.0510548890790794,0.0008249546427598897,True,-0.07537885949492629,-0.07537885949492629
1,90,13572,2,1987-11-04,1988-11-03,0.3332072278283369,0.3015862876583125,0.10086896084954877,0.06437613451714941,-0.0020970370241504277,0.06647317154129984,True,0.26176649056159307,0.40526714193111374,0.3305383313128367,0.007302879691516884,0.009399916715667311,True,-0.057073254825632525,-0.057073254825632525
1,90,20358,3,2006-06-03,2007-06-03,0.31532061760987684,0.5917927192164564,0.5611495926654109,0.14847730326267028,0.09078804050564782,0.057689262757022464,True,0.23682042797534542,0.3144738973922509,0.30319590551912534,0.07915247123699376,-0.011635569268654056,False,-0.06932483202567652,-0.06932483202567652
1,90,27144,4,2024-12-31,2025-12-31,0.3240874795019728,0.04988600684897001,0.03564094934660034,-0.12649518988670727,-0.17540346206808477,0.0489082721813775,True,0.25766575782059276,0.40366854323170487,0.5243939346969184,-0.17034306192640403,0.005060400141680743,True,-0.043847872039696756,-0.043847872039696756
1,120,0,0,1950-09-07,1951-09-07,0.42163687753547086,0.3384294705954608,0.1416638198096185,0.03717566820226592,-0.027290179621629496,0.06446584782389542,True,0.37766572977281165,0.4235498354193361,0.5968813891510114,0.005074254916593857,0.03236443453822335,True,-0.032101413285672065,-0.032101413285672065
1,120,6786,1,1969-04-06,1970-04-06,0.49667768538850177,0.6269172231629422,0.2518557935655734,0.03926331157490637,-0.0745271243042569,0.11379043587916327,True,0.36459140633238185,0.7144409161332614,0.5557294785635358,-0.05275537388991791,0.021771750414338986,True,-0.09201868546482428,-0.09201868546482428
1,120,13572,2,1987-11-04,1988-11-03,0.41415533237581736,0.5835206628464036,0.587546312180967,0.06172767029594173,0.0010073153461809259,0.0607203549497608,True,0.32744499483025846,0.3160255990721896,-0.005171153179501342,-0.003416408269427129,-0.004423723615608055,False,-0.06514407856536886,-0.06514407856536886
1,120,20358,3,2006-06-03,2007-06-03,0.45383633907863064,0.4151763738535918,0.11245430334823325,0.141460084332393,0.045782957089037346,0.09567712724335564,True,0.36067684549689427,0.49665179539139065,0.5219643366803399,0.06748458016060255,0.0217016230715652,True,-0.07397550417179044,-0.07397550417179044
1,120,27144,4,2024-12-31,2025-12-31,0.476848440274833,0.22632498562189135,0.11241144486102206,-0.096447354203675,-0.18430864249821965,0.08786128829454465,True,0.3401036631838741,0.6521734722202317,0.534153741499751,-0.18016392374257073,0.004144718755648924,True,-0.08371656953889572,-0.08371656953889572
2,15,0,0,1950-09-07,1952-09-06,0.04538653987079466,0.06967079170505353,0.024409737878009374,-0.06299693512266402,-0.0740887489255938,0.011091813802929784,True,0.02317332271014494,0.0007650661950310358,0.0,-0.0730259699610637,0.001062778964530109,True,-0.010029034838399675,-0.010029034838399675
2,15,6694,1,1969-01-04,1971-01-04,0.04309579236785588,0.06988550547609215,0.03015113592605978,0.17411713872052692,0.16147713492125337,0.012640003799273547,True,0.0143505574898537,0.0027044984336511107,-0.001146348266915398,0.1577706312029512,-0.0037065037183021676,False,-0.016346507517575715,-0.016346507517575715
2,15,13389,2,1987-05-05,1989-05-04,0.04969985854881176,0.08017598048083383,0.031219425098842235,-0.022352900626548267,-0.035898362035754916,0.01354546140920665,True,0.020641549934204972,0.00023804007930466593,-0.0023705793393873353,-0.03598899094213237,-9.062890637745458e-05,False,-0.013636090315584104,-0.013636090315584104
2,15,20084,3,2005-09-02,2007-09-02,0.04253459205391219,0.04731513624863914,0.020155907980923926,0.004442999616874221,-0.006102050916998669,0.01054505053387289,True,0.020019784540104446,0.0022460235229088774,-9.368652867935978e-05,-0.006499531262086022,-0.0003974803450873532,False,-0.010942530878960244,-0.010942530878960244
2,15,26779,4,2024-01-01,2025-12-31,0.05133114075540335,0.07448585212812807,0.02967380314797463,-0.1202202794954138,-0.13308358627767058,0.012863306782256778,True,0.028720997495618183,0.004229741743302338,0.0005266684669464894,-0.12973853917989486,0.003345047097775722,True,-0.009518259684481056,-0.009518259684481056
2,30,0,0,1950-09-07,1952-09-06,0.081739646221336,0.12202995792972617,0.046907331979898936,-0.05460868431327126,-0.07232094283327306,0.0177122585200018,True,0.04370918323429507,0.030576032121537026,-0.0012671446503262906,-0.071410012905323,0.0009109299279500549,True,-0.016801328592051745,-0.016801328592051745
2,30,6694,1,1969-01-04,1971-01-04,0.07986627309407113,0.11247264023132432,0.08638584158515217,0.17853331562416064,0.15742911379814695,0.02110420182601369,True,0.028547263898530018,0.04502882026970547,-0.0033894533775510327,0.1500922953348669,-0.007336818463280048,False,-0.02844102028929374,-0.02844102028929374
2,30,13389,2,1987-05-05,1989-05-04,0.08432243689067986,0.13887564301302055,0.07214050495994129,-0.014573304016211375,-0.034163718171735136,0.01959041415552376,True,0.04206068893354553,0.010062501171881443,-0.002184392863904372,-0.03398094104612337,0.00018277712561176607,True,-0.019407637029911995,-0.019407637029911995
2,30,20084,3,2005-09-02,2007-09-02,0.07201829539309323,0.08713634739785552,0.030493924909499093,0.0096661632846049,-0.004778683198596978,0.014444846483201879,True,0.045214082546154444,0.012698702169854,0.0004180330725107595,-0.0030796813811256873,0.0016990018174712906,True,-0.012745844665730588,-0.012745844665730588
2,30,26779,4,2024-01-01,2025-12-31,0.09252485169597158,0.10196809787819579,0.04937324876276816,-0.1110237902486173,-0.13197592629775134,0.02095213604913404,True,0.052960728532458035,0.028806603308858796,0.0032212357238603495,-0.127279701228596,0.004696225069155346,True,-0.016255910979978694,-0.016255910979978694
2,45,0,0,1950-09-07,1952-09-06,0.112210093377898,0.16733061295170704,0.040685191474999716,-0.05036578244284229,-0.07187391583522595,0.021508133392383666,True,0.07046715974916462,0.0452700399456288,0.004515505862154212,-0.06839347647620464,0.0034804393590213145,True,-0.01802769403336235,-0.01802769403336235
2,45,6694,1,1969-01-04,1971-01-04,0.10309938823620812,0.12194015233188936,0.10880850917829332,0.1811338713622419,0.15911975694395442,0.02201411441828749,True,0.04156515652150583,0.030374218013439366,-0.010106189584724534,0.14760444320202692,-0.011515313741927491,False,-0.03352942816021498,-0.03352942816021498
2,45,13389,2,1987-05-05,1989-05-04,0.11527842550504674,0.16161656409898473,0.07788796520718821,-0.01101969585072582,-0.03472012663148172,0.0237004307807559,True,0.0643575282570843,0.04319888839386871,0.0,-0.033876136157288794,0.0008439904741929238,True,-0.022856440306562975,-0.022856440306562975
2,45,20084,3,2005-09-02,2007-09-02,0.09474244187669356,0.09328807475775881,0.0311355209892461,0.014856737961836286,-0.000251091091789557,0.015107829053625843,True,0.06497920272375524,0.10711155708833206,0.005407326347613095,0.0009186254568920305,0.0011697165486815875,True,-0.013938112504944256,-0.013938112504944256
2,45,26779,4,2024-01-01,2025-12-31,0.12427145117884364,0.13697332172031687,0.0740420459567308,-0.10546580989738252,-0.13040423190052552,0.024938422003143,True,0.06947160442887967,0.0894280680824114,0.00303725843275382,-0.12755401174595427,0.002850220154571259,True,-0.022088201848571742,-0.022088201848571742
2,60,0,0,1950-09-07,1952-09-06,0.14196972976610334,0.19764708337286732,0.05688846675670045,-0.04470955896073958,-0.06960870757478044,0.024899148614040856,True,0.08725696432581165,0.07455746592676145,0.0138951067912918,-0.0679219118521498,0.0016867957226306407,True,-0.023212352891410215,-0.023212352891410215
2,60,6694,1,1969-01-04,1971-01-04,0.13565131838300348,0.18397198879459573,0.14574279363473486,0.1818326547320528,0.1541954667365073,0.027637187995545487,True,0.06290612281577634,0.10521690015333242,0.00016932416727621913,0.14322462466983787,-0.010970842066669428,False,-0.038608030062214915,-0.038608030062214915
2,60,13389,2,1987-05-05,1989-05-04,0.1495657740506131,0.19362132119135514,0.14935619930449118,-0.005744894203912554,-0.034831488766795204,0.02908659456288265,True,0.09148388337300006,0.082366521776708,0.008261201985645172,-0.031205041965941427,0.0036264468008537776,True,-0.025460147762028873,-0.025460147762028873
2,60,20084,3,2005-09-02,2007-09-02,0.13268811770859323,0.11616538043284724,0.039975544529387896,0.0182160364367423,-0.00429063476503122,0.02250667120177352,True,0.0907837495985222,0.09247370565814768,0.01040609106914192,-0.0008608438142398978,0.0034297909507913227,True,-0.019076880250982198,-0.019076880250982198
2,60,26779,4,2024-01-01,2025-12-31,0.1632581542778564,0.22047874157666295,0.08674357924867748,-0.09954971449671712,-0.13105527033178832,0.0315055558350712,True,0.09731575289651806,0.0966668616992108,0.028131387487617454,-0.1254617388452961,0.00559353148649222,True,-0.025912024348578977,-0.025912024348578977
2,90,0,0,1950-09-07,1952-09-06,0.20543436344312394,0.2852119638863892,0.06902488594059797,-0.036834276727181425,-0.069589418291365,0.032755141564183576,True,0.12816533983359601,0.16949578920607658,0.1579142312057733,-0.0682787263746868,0.0013106919166782083,True,-0.03144444964750537,-0.03144444964750537
2,90,6694,1,1969-01-04,1971-01-04,0.18741566274010601,0.32450163493449646,0.23152798434264077,0.18652981754682485,0.15481726005421792,0.03171255749260693,True,0.07843653212807311,0.045959428493099044,-0.02452362680197584,0.13058385537237815,-0.024233404681839765,False,-0.055945962174446695,-0.055945962174446695
2,90,13389,2,1987-05-05,1989-05-04,0.2102843410726638,0.33391687745849374,0.2155470888155535,0.0006732626420065113,-0.03525178919824912,0.03592505184025563,True,0.12658198937198062,0.20810670617402494,0.1452987632883862,-0.03457324226387959,0.0006785469343695283,True,-0.0352465049058861,-0.0352465049058861
2,90,20084,3,2005-09-02,2007-09-02,0.17813980250218564,0.26167025846256553,0.22801813750133837,0.02194767728451641,-0.0014447688869014819,0.02339244617141789,True,0.12827243126239152,0.25438578735493006,0.194505287174783,1.1476464920612273e-05,0.0014562453518220941,True,-0.021936200819595797,-0.021936200819595797
2,90,26779,4,2024-01-01,2025-12-31,0.22101141204450037,0.2890782324654436,0.12190095041039029,-0.09176995526141718,-0.12823368548754577,0.03646373022612859,True,0.14583574589930115,0.20519332775093552,0.15353254405315542,-0.12019234755742014,0.008041337930125625,True,-0.028422392296002963,-0.028422392296002963
2,120,0,0,1950-09-07,1952-09-06,0.2532918316255275,0.24143181387771917,0.1416638198096185,-0.035085467796000525,-0.06909763002097324,0.03401216222497272,True,0.17222187780326048,0.3126706925335673,0.2953497089175734,-0.06687940494953948,0.002218225071433766,True,-0.031793937153538954,-0.031793937153538954
2,120,6694,1,1969-01-04,1971-01-04,0.25443179437648,0.4178335881734856,0.3336556716508994,0.19324032337928743,0.1505982323178059,0.042642091061481535,True,0.11550847120601837,0.08634579611217723,-0.019068771094643666,0.12500203138840105,-0.025596200929404844,False,-0.06823829199088638,-0.06823829199088638
2,120,13389,2,1987-05-05,1989-05-04,0.2906168238150131,0.3112962887841058,0.1322810428619854,0.005903359850951029,-0.04365195316353154,0.04955531301448257,True,0.18828123840655442,0.31888516317212595,0.2709827325158145,-0.03482751902124459,0.008824434142286952,True,-0.04073087887219562,-0.04073087887219562
2,120,20084,3,2005-09-02,2007-09-02,0.20875144976954596,0.3103532786890681,0.24597475884562003,0.028045697355629784,0.009929097666050435,0.01811659968957935,True,0.12988633354064483,0.2577144845218734,0.2075459987529935,-0.006172566688419923,-0.016101664354470357,False,-0.03421826404404971,-0.03421826404404971
2,120,26779,4,2024-01-01,2025-12-31,0.30946084080811675,0.37064952505122256,0.16169118739057042,-0.07662169054331847,-0.128455367732087,0.05183367718876852,True,0.2031767631697412,0.43133672915090027,0.3000926064893268,-0.11491386264347414,0.013541505088612849,True,-0.038292172100155675,-0.038292172100155675
3,15,0,0,1950-09-07,1953-09-07,0.02375728412744782,0.05645647128286879,0.02366589453584078,-0.038076092018932806,-0.045573492292141804,0.007497400273208998,True,-0.0011049688247161127,0.00027038943368983345,0.0,-0.04592507882854879,-0.0003515865364069892,False,-0.007848986809615988,-0.007848986809615988
3,15,6603,1,1968-10-05,1971-10-06,0.025709974157465787,0.04687756689865066,0.03493134375893603,0.16424600183498317,0.15442046521484465,0.00982553662013852,True,-0.0006458912544253792,0.009706384070565824,-0.0011863247410834887,0.1541714707029287,-0.00024899451191595645,False,-0.010074531132054476,-0.010074531132054476
3,15,13206,2,1986-11-03,1989-11-03,0.04095542879236058,0.055764663277329506,0.031019910403975448,-0.006771427888550785,-0.015515259622282174,0.008743831733731389,True,0.013253473579308395,0.0031315055220883237,-0.0013108766941903882,-0.015659357029151222,-0.00014409740686904815,False,-0.008887929140600437,-0.008887929140600437
3,15,19809,3,2004-12-01,2007-12-02,0.023463135441391225,0.060961357653813934,0.02669940841211127,0.038634580797297646,0.030623417359386007,0.00801116343791164,True,0.0012926804214909993,0.0025089815828296703,0.0013090636943806633,0.031068025273332633,0.00044460791394662635,True,-0.007566555523965013,-0.007566555523965013
3,15,26413,4,2022-12-31,2025-12-31,0.020957302478853412,0.04896665849783266,0.025274381329437157,-0.08053238546965202,-0.08687736682287428,0.0063449813532222565,True,0.0007925408132289924,0.007412860711944826,0.0035283673257695547,-0.08663581571071033,0.0002415511121639513,True,-0.006103430241058305,-0.006103430241058305
3,30,0,0,1950-09-07,1953-09-07,0.06933615288230666,0.09667671808417495,0.03687165393541236,-0.032719832593328,-0.04541358387139305,0.012693751278065046,True,0.027366472039642487,0.020687302116409,-0.0016208325752140595,-0.04554091025803808,-0.00012732638664503249,False,-0.012821077664710079,-0.012821077664710079
3,30,6603,1,1968-10-05,1971-10-06,0.06098640487779505,0.10150705615120187,0.06707558432246552,0.16797042132460116,0.1556356972088231,0.012334724115778073,True,0.01361536563478083,0.01385517324481552,-0.008718059454951077,0.15029453418543692,-0.005341163023386164,False,-0.017675887139164237,-0.017675887139164237
3,30,13206,2,1986-11-03,1989-11-03,0.07262373011271661,0.10178375221119253,0.05442554176233161,-0.0018605905321810168,-0.015966490963165825,0.014105900430984808,True,0.030459596435590708,0.010529293170220862,-0.001608867074171294,-0.015111537763228933,0.000854953199936892,True,-0.013250947231047916,-0.013250947231047916
3,30,19809,3,2004-12-01,2007-12-02,0.06382602231572854,0.09103063789446747,0.05918964040022079,0.042017825008085596,0.030093633971493894,0.011924191036591703,True,0.03427280717530734,0.030601897280981713,0.005841672370649809,0.03226243461729705,0.0021688006458031595,True,-0.009755390390788543,-0.009755390390788543
3,30,26413,4,2022-12-31,2025-12-31,0.070157759512391,0.09006380626301377,0.044240979907194555,-0.07555479321359249,-0.08794234933382461,0.012387556120232124,True,0.03513234595425896,0.019558737115299665,0.0017979616026739809,-0.08576854256082422,0.0021738067730003863,True,-0.010213749347231738,-0.010213749347231738
3,45,0,0,1950-09-07,1953-09-07,0.09361996804106365,0.134759715175979,0.04452469793953795,-0.029460384982292753,-0.04507560985732317,0.01561522487503042,True,0.04186481308214973,0.033696395531631215,-0.001927711888346506,-0.04501507875659927,6.0531100723904e-05,True,-0.015554693774306516,-0.015554693774306516
3,45,6603,1,1968-10-05,1971-10-06,0.07978742824358331,0.10609149268280046,0.07620097346555044,0.16992572001994244,0.15597062726909727,0.013955092750845166,True,0.017943140869132845,0.033212084624519016,-0.01841957403219696,0.14711347623835436,-0.008857151030742916,False,-0.022812243781588082,-0.022812243781588082
3,45,13206,2,1986-11-03,1989-11-03,0.10433600614588956,0.16907482654758854,0.08428392678790186,0.0015937970186776784,-0.017718268794744807,0.019312065813422485,True,0.047499857229019726,0.041177702710779696,0.0066710286437923205,-0.015888550884121333,0.001829717910623474,True,-0.01748234790279901,-0.01748234790279901
3,45,19809,3,2004-12-01,2007-12-02,0.08493626267750143,0.10785306669740566,0.04826462853019531,0.04587937798534236,0.03176396490041333,0.01411541308492903,True,0.04361576632352193,0.0638093279454018,0.009072447072650425,0.03240811647860209,0.0006441515781887563,True,-0.013471261506740273,-0.013471261506740273
3,45,26413,4,2022-12-31,2025-12-31,0.09574633291694412,0.154303762476212,0.0546151711377072,-0.07183277700258794,-0.08738538210833813,0.015552605105750184,True,0.04533852940926697,0.06223655691136045,0.007289213810550033,-0.08631260670769403,0.0010727754006440993,True,-0.014479829705106084,-0.014479829705106084
3,60,0,0,1950-09-07,1953-09-07,0.11684662402685331,0.16119730762911774,0.05688846675670045,-0.02523119751826608,-0.04339494477045813,0.018163747252192053,True,0.049140880219287864,0.053372373415967,0.0023901213141879207,-0.045336223331321035,-0.0019412785608629024,False,-0.020105025813054955,-0.020105025813054955
3,60,6603,1,1968-10-05,1971-10-06,0.11662814797470511,0.16364351294978977,0.12987351526416435,0.17178787186294486,0.1499884588682323,0.021799412994712553,True,0.04057848578103096,0.08426945260199929,-0.00019392721137756475,0.14451482234542645,-0.005473636522805858,False,-0.02727304951751841,-0.02727304951751841
3,60,13206,2,1986-11-03,1989-11-03,0.12374052694564952,0.20540248819219778,0.13526229071352414,0.004980540680807888,-0.015766664361966276,0.020747205042774164,True,0.07022487060679383,0.05573138703065686,0.006808275868665614,-0.011229283782772215,0.004537380579194061,True,-0.016209824463580103,-0.016209824463580103
3,60,19809,3,2004-12-01,2007-12-02,0.11263871212533516,0.18743248845578134,0.12225821277688143,0.046511326473324344,0.02827050845000345,0.018240818023320893,True,0.08687696793289135,0.15438930211841326,0.10166069150757506,0.03835832243931869,0.010087813989315242,True,-0.008153004034005651,-0.008153004034005651
3,60,26413,4,2022-12-31,2025-12-31,0.12507311050868863,0.186267412712701,0.10101323599646217,-0.0678355139729876,-0.08747542997438185,0.019639916001394253,True,0.059416594428931324,0.034833024299533784,0.002029537349358179,-0.0863623863209213,0.0011130436534605437,True,-0.01852687234793371,-0.01852687234793371
3,90,0,0,1950-09-07,1953-09-07,0.1598388521575027,0.23377883502930222,0.17086956079732518,-0.020475387290003866,-0.04249932029784809,0.02202393300784422,True,0.06694194011009369,0.1144725717379231,0.0712111075092734,-0.0473519387261675,-0.004852618428319411,False,-0.02687655143616363,-0.02687655143616363
3,90,6603,1,1968-10-05,1971-10-06,0.13748349186464037,0.16949870220354232,0.15111201288717058,0.1746995461777694,0.1557249984188942,0.018974547758875193,True,0.03619485481293072,0.03271339539053692,-0.03002769093892821,0.13868599785912483,-0.01703900055976937,False,-0.03601354831864456,-0.03601354831864456
3,90,13206,2,1986-11-03,1989-11-03,0.19469940003347297,0.29478391464806725,0.21208118800263187,0.008718990466310972,-0.023644639215561147,0.03236362968187212,True,0.10831233513160021,0.1938041974960252,0.12938661883763314,-0.016199174614708545,0.007445464600852603,True,-0.024918165081019517,-0.024918165081019517
3,90,19809,3,2004-12-01,2007-12-02,0.1486462502826229,0.18989082345448685,0.1598801905684848,0.0496897907220033,0.029372794079395748,0.020316996642607554,True,0.09828263209645671,0.17886285192495008,0.14143316977003484,0.0340936295767611,0.00472083549736535,True,-0.015596161145242204,-0.015596161145242204
3,90,26413,4,2022-12-31,2025-12-31,0.1726103237167127,0.2637285529032115,0.1877138956892721,-0.06212300805313642,-0.08659438968204869,0.02447138162891227,True,0.09298549236879805,0.08422320193767469,0.018902236349032986,-0.08388535475033898,0.0027090349317097084,True,-0.02176234669720256,-0.02176234669720256
3,120,0,0,1950-09-07,1953-09-07,0.19932869651427887,0.19662308589253183,0.07737907480722317,-0.01795307864450635,-0.04264167875589042,0.024688600111384074,True,0.11210315618093869,0.22909953367573613,0.13973864458120744,-0.04235690571177142,0.00028477304411900217,True,-0.02440382706726507,-0.02440382706726507
3,120,6603,1,1968-10-05,1971-10-06,0.2036029574706424,0.332315594718189,0.24912952411710587,0.17601724998085988,0.1450380641213953,0.030979185859464575,True,0.10681060133685039,0.18930641616662983,0.12131877525947554,0.14355651526442803,-0.0014815488569672741,False,-0.03246073471643185,-0.03246073471643185
3,120,13206,2,1986-11-03,1989-11-03,0.20087166442202897,0.33771373501782165,0.24283763733253805,0.011361751217704219,-0.014486174264279894,0.025847925481984113,True,0.14224510359224718,0.23084245970285347,0.17450563965047783,-0.0053680318396274185,0.009118142424652476,True,-0.016729783057331638,-0.016729783057331638
3,120,19809,3,2004-12-01,2007-12-02,0.1789170854746458,0.2665021745525489,0.2179963513771621,0.05319526006891118,0.032570995059684416,0.02062426500922676,True,0.131360352706116,0.2644557760431479,0.1908343518999398,0.0388159089462381,0.006244913886553682,True,-0.014379351122673079,-0.014379351122673079
3,120,26413,4,2022-12-31,2025-12-31,0.23084505856968351,0.24364441431050557,0.14366114115524953,-0.05569734505191015,-0.0874173388256827,0.03171999377377255,True,0.13684036751006312,0.2286667046194586,0.17769836636839664,-0.08041577445601766,0.0070015643696650365,True,-0.02471842940410751,-0.02471842940410751
4,15,0,0,1950-09-07,1954-09-07,0.03559903893444827,0.05003773117354262,0.0250197144330786,-0.006399797708884103,-0.012522186087988718,0.006122388379104615,True,0.011044383298353555,0.00042008382386719373,-0.0001625306388181036,-0.012342611906191792,0.00017957418179692652,True,-0.005942814197307689,-0.005942814197307689
4,15,6512,1,1968-07-06,1972-07-06,0.032923788130452714,0.04447133594791007,0.027066977165268735,0.08348854577914411,0.0775006611601694,0.005987884618974704,True,0.006460122090307108,0.0007062114825290791,-0.0016079499156615995,0.0764714966275557,-0.0010291645326137022,False,-0.007017049151588406,-0.007017049151588406
4,15,13024,2,1986-05-05,1990-05-05,0.0356268964302473,0.0548092550114207,0.02965242229694942,0.004135376412184089,-0.002062868257873496,0.006198244670057584,True,0.011239692414325209,0.004318228578153793,0.0012963767917082425,-0.0018330351532522826,0.0002298331046212132,True,-0.005968411565436371,-0.005968411565436371
4,15,19536,3,2004-03-03,2008-03-03,0.03406948873512561,0.04790295824699645,0.026662489780510334,0.02735436096763677,0.021401339662198815,0.0059530213054379555,True,0.010067540050461732,0.01162942175020206,0.0015067992921766749,0.02134023610051594,-6.110356168287367e-05,False,-0.006014124867120829,-0.006014124867120829
4,15,26048,4,2021-12-31,2025-12-31,0.036971531122497625,0.05225642526157571,0.032420025063443325,-0.05715030456756931,-0.06327018808200713,0.006119883514437818,True,0.011076416301232683,-0.0007620400640099849,-0.0023203138442393634,-0.06309242161016504,0.00017776647184208905,True,-0.005942117042595729,-0.005942117042595729
4,30,0,0,1950-09-07,1954-09-07,0.059949503629280754,0.08488965503005327,0.03784608924946786,-0.002854300425878531,-0.012184043205707762,0.009329742779829231,True,0.021027095601632295,0.016362009750069784,-0.0016208325752140595,-0.012137172714673405,4.6870491034356476e-05,True,-0.009282872288794874,-0.009282872288794874
4,30,6512,1,1968-07-06,1972-07-06,0.05636340288797137,0.07246378486690629,0.05760666051522967,0.08735958988245152,0.07808616044125483,0.00927342944119669,True,0.011344734593073724,0.004633693072925365,-0.007604462249168109,0.07556874826997118,-0.0025174121712836506,False,-0.01179084161248034,-0.01179084161248034
4,30,13024,2,1986-05-05,1990-05-05,0.06436293201336896,0.09172507869235844,0.05072955015425862,0.0074481868086542224,-0.0030212776600555546,0.010469464468709777,True,0.02748536919886213,0.03285927763874965,0.012062044430584562,-0.0013999726587901051,0.0016213050012654495,True,-0.008848159467444328,-0.008848159467444328
4,30,19536,3,2004-03-03,2008-03-03,0.061327575722005534,0.0937347544225684,0.06509193945509706,0.03017753469333262,0.020207292271790855,0.009970242421541764,True,0.026262405078529172,0.03584438095219683,0.0054848962333682305,0.021561030994246,0.0013537387224551445,True,-0.00861650369908662,-0.00861650369908662
4,30,26048,4,2021-12-31,2025-12-31,0.061662270360943294,0.0871169216762361,0.06113317730855217,-0.05397061247180279,-0.06320030139016142,0.009229688918358625,True,0.01978574246617737,0.009564276356238827,-0.004684215125427715,-0.06344073258192817,-0.00024043119176675454,False,-0.00947012011012538,-0.00947012011012538
4,45,0,0,1950-09-07,1954-09-07,0.07935835404323344,0.11732140430147493,0.047721375685346734,-0.0007398306200770977,-0.012065497799586211,0.011325667179509114,True,0.030024118989124826,0.026755266278690158,-0.0020654042432008968,-0.012359226380073474,-0.00029372858048726247,False,-0.011619395759996376,-0.011619395759996376
4,45,6512,1,1968-07-06,1972-07-06,0.07916266971161012,0.104488172062973,0.07743715381004268,0.08901732132554319,0.07670638958021869,0.012310931745324494,True,0.018120884214931188,0.04904342052077566,-0.0054626550268838114,0.07325823495537298,-0.0034481546248457118,False,-0.015759086370170206,-0.015759086370170206
4,45,13024,2,1986-05-05,1990-05-05,0.08252260087254015,0.12082576266356679,0.07238816150340033,0.010184534315497151,-0.0020038768788935846,0.012188411194390736,True,0.03207929913174379,0.06450138645592948,0.011797293935941866,-0.0018031606094788266,0.00020071626941475795,True,-0.011987694924975978,-0.011987694924975978
4,45,19536,3,2004-03-03,2008-03-03,0.07714432730204868,0.11398736000710341,0.055898173426109476,0.03249010352884674,0.021311949743280767,0.01117815378556597,True,0.03443725897997041,0.03606735102632351,0.007712197092181738,0.022100172700812992,0.0007882229575322253,True,-0.010389930828033744,-0.010389930828033744
4,45,26048,4,2021-12-31,2025-12-31,0.08979124087850421,0.11404174696435022,0.09049151949555068,-0.050721011769423896,-0.06373447911707675,0.013013467347652852,True,0.032248391669527976,0.026547918351856305,-0.0024814695876690385,-0.0635079529298963,0.00022652618718044248,True,-0.01278694116047241,-0.01278694116047241
4,60,0,0,1950-09-07,1954-09-07,0.09702014579635665,0.14025354152259298,0.05688846675670067,0.002273558335308623,-0.010616156633086682,0.012889714968395305,True,0.0379994405102928,0.043684273504387965,-0.0007047616262533807,-0.011488099252937256,-0.0008719426198505742,False,-0.01376165758824588,-0.01376165758824588
4,60,6512,1,1968-07-06,1972-07-06,0.0856714554851219,0.11170177058072972,0.08797797385148387,0.0908774285827858,0.07963606712092375,0.011241361461862054,True,0.01735505593878295,0.018852531184833286,-0.014969822599562366,0.073272038137987,-0.0063640289829367536,False,-0.017605390444798807,-0.017605390444798807
4,60,13024,2,1986-05-05,1990-05-05,0.11325363020660384,0.15157910850307527,0.11513011965297348,0.012937977359039676,-0.0037655098043696267,0.016703487163409303,True,0.05907735471391784,0.10608788475719994,0.035501922331895974,0.0003743198537531356,0.004139829658122762,True,-0.01256365750528654,-0.01256365750528654
4,60,19536,3,2004-03-03,2008-03-03,0.10089777078075945,0.16721566559847853,0.10454296538617425,0.034581066167080454,0.020375376603058548,0.014205689564021906,True,0.03934436800747387,0.052075949585011966,0.008007907754643773,0.019806192599757688,-0.0005691840033008599,False,-0.014774873567322766,-0.014774873567322766
4,60,26048,4,2021-12-31,2025-12-31,0.1147983345538961,0.1410984849017393,0.11511581178388797,-0.0483253093259951,-0.06433230860620154,0.016006999280206435,True,0.047060440188635866,0.08917628641708762,0.014992545426902426,-0.06312342632930279,0.0012088822768987484,True,-0.014798117003307687,-0.014798117003307687
4,90,0,0,1950-09-07,1954-09-07,0.13681095965559265,0.2042481477488281,0.14413111065935258,0.0056017316652752225,-0.011250710879880499,0.01685244254515572,True,0.04817389100848857,0.08896152017656686,0.06272352148537474,-0.014600621573661932,-0.0033499106937814327,False,-0.020202353238937154,-0.020202353238937154
4,90,6512,1,1968-07-06,1972-07-06,0.1264881866223002,0.15497919314414224,0.13890228995894982,0.09393372737692318,0.07803505400924649,0.015898673367676697,True,0.02673532315415783,0.0759371376641449,-0.012778895391091782,0.0688337969975612,-0.009201257011685282,False,-0.02509993037936198,-0.02509993037936198
4,90,13024,2,1986-05-05,1990-05-05,0.15808255470482346,0.19216145848925048,0.128523589774993,0.015544674795278324,-0.006106198521823369,0.021650873317101693,True,0.07349104036807996,0.16163717007702172,0.09689115821860828,-0.0035440178883414664,0.002562180633481903,True,-0.01908869268361979,-0.01908869268361979
4,90,19536,3,2004-03-03,2008-03-03,0.13582215270765974,0.21385839448909588,0.13582215270765974,0.03666564352761381,0.019514382097707728,0.017151261429906084,True,0.07568464323594881,0.1169030895950674,0.09746151451625029,0.022662577772139203,0.0031481956744314754,True,-0.014003065755474609,-0.014003065755474609
4,90,26048,4,2021-12-31,2025-12-31,0.156702938156962,0.2501173976855199,0.17390825763168682,-0.043309394095340736,-0.06341265692848053,0.02010326283313979,True,0.06210212768587153,0.13339799198124658,0.06355317062663923,-0.06350034975518093,-8.76928267004029e-05,False,-0.020190955659840193,-0.020190955659840193
4,120,0,0,1950-09-07,1954-09-07,0.16342408710613943,0.1849151768831406,0.1416638198096185,0.0069799583363239215,-0.010816551790248208,0.01779651012657213,True,0.09348271596163227,0.19102216695995242,0.12094909315297864,-0.00850781612266338,0.002308735667584827,True,-0.015487774458987302,-0.015487774458987302
4,120,6512,1,1968-07-06,1972-07-06,0.15560913510243335,0.18476528989509786,0.17828137652877363,0.09171314004617237,0.07420386394958811,0.01750927609658426,True,0.08010239943416719,0.17962878005067276,0.08554811893048075,0.07340094135957931,-0.0008029225900088033,False,-0.018312198686593062,-0.018312198686593062
4,120,13024,2,1986-05-05,1990-05-05,0.20213738460742015,0.23804307432402258,0.1651416429382313,0.019034735198625086,-0.00715089150425452,0.026185626702879605,True,0.11301935400334862,0.2455630286711741,0.15955419143526095,-0.00041342874372396476,0.006737462760530555,True,-0.01944816394234905,-0.01944816394234905
4,120,19536,3,2004-03-03,2008-03-03,0.16415568630772892,0.24037329013397363,0.1627337357459686,0.03738804702888432,0.018893989394457966,0.018494057634426353,True,0.0965164168789423,0.24480862753463456,0.16012240682209544,0.021979674030314644,0.003085684635856678,True,-0.015408372998569675,-0.015408372998569675
4,120,26048,4,2021-12-31,2025-12-31,0.19473619675964415,0.2749047975627127,0.20405149829991043,-0.04008280476577064,-0.063287550059822,0.023204745294051365,True,0.10695774860709184,0.234315831022113,0.15853237854462932,-0.05822203027311379,0.005065519786708217,True,-0.01813922550734315,-0.01813922550734315
5,15,0,0,1950-09-07,1955-09-07,0.03338884040296075,0.04608458907346258,0.025594823602755223,0.024875383733074408,0.019842033964395878,0.00503334976867853,True,0.007651818947074229,0.00041357117584611697,0.0,0.01971805112927494,-0.00012398283512093933,False,-0.005157332603799469,-0.005157332603799469
5,15,6420,1,1968-04-05,1973-04-05,0.03131900491861472,0.04085039398944826,0.025239920586099585,0.07179235716962462,0.06695640498510502,0.0048359521845195985,True,0.006576203912826761,0.0007985602400678861,-0.0001498956837313603,0.06659880970761645,-0.000357595277488576,False,-0.0051935474620081745,-0.0051935474620081745
5,15,12841,2,1985-11-03,1990-11-03,0.03110669194390514,0.044921245443996144,0.024131048167862712,0.01699665676996398,0.012444664302124542,0.0045519924678394386,True,0.007067913950903781,0.001043415281960103,-0.0006628530592205362,0.012203951684552683,-0.0002407126175718588,False,-0.004792705085411297,-0.004792705085411297
5,15,19262,3,2003-06-03,2008-06-02,0.03383851362495616,0.04351823045923982,0.03155044990298528,0.010011099288635306,0.004963293174313321,0.005047806114321984,True,0.009636786676867404,0.0060302127717803845,0.002417699321120237,0.005236747942478193,0.00027345476816487135,True,-0.004774351346157113,-0.004774351346157113
5,15,25683,4,2020-12-31,2025-12-31,0.03401855621926253,0.053016631475082496,0.03248152476196231,-0.03558253507217646,-0.040435898349907684,0.004853363277731226,True,0.010453856527632643,0.0029106020298000452,0.00031242682140497635,-0.040019474138681344,0.00041642421122634055,True,-0.004436939066504886,-0.004436939066504886
5,30,0,0,1950-09-07,1955-09-07,0.054490443209232575,0.07748819137048082,0.03966529456781087,0.027617989169179902,0.02013688641458189,0.0074811027545980124,True,0.014611921392800653,0.013321777571340796,-0.0011478033046061764,0.019724144404806854,-0.0004127420097750356,False,-0.007893844764373048,-0.007893844764373048
5,30,6420,1,1968-04-05,1973-04-05,0.05376531921459082,0.06929174934496234,0.054548816303712444,0.07492522290411863,0.06724656111831018,0.007678661785808449,True,0.01198306685714945,0.013415392744345002,-0.002029037282895496,0.0662612868329775,-0.0009852742853326824,False,-0.008663936071141132,-0.008663936071141132
5,30,12841,2,1985-11-03,1990-11-03,0.055699787359213104,0.0711515712558504,0.04111124094805407,0.019684558745495462,0.012020794418382108,0.007663764327113354,True,0.016804397783399372,0.01587040216440344,0.002980641041514076,0.012048247100761689,2.745268237958065e-05,True,-0.007636311644733773,-0.007636311644733773
5,30,19262,3,2003-06-03,2008-06-02,0.058757638792164224,0.0824629990669432,0.06104782331823788,0.012685808923042163,0.004501633396034155,0.008184175527008009,True,0.020642922823349563,0.023338434829473856,0.006968882622528927,0.005286250063619269,0.0007846166675851141,True,-0.0073995588594228945,-0.0073995588594228945
5,30,25683,4,2020-12-31,2025-12-31,0.058615763085013484,0.08656407411136045,0.05893173905816962,-0.03314867568054536,-0.04093672460912867,0.007788048928583313,True,0.018260922220863618,0.013259832239355852,0.0005812996160485806,-0.040636086634921464,0.0003006379742072074,True,-0.007487410954376106,-0.007487410954376106
5,45,0,0,1950-09-07,1955-09-07,0.07553399169106112,0.10633208721074996,0.05095641314397281,0.029558488342779743,0.019695249919142066,0.009863238423637677,True,0.021901981591435415,0.02254646757092496,-0.0020654042432008968,0.019078021877209972,-0.0006172280419320941,False,-0.010480466465569771,-0.010480466465569771
5,45,6420,1,1968-04-05,1973-04-05,0.0735964534995992,0.10406254351107427,0.07518080187677734,0.07681009970982267,0.0668789069344422,0.00993119277538046,True,0.015042849168817485,0.04835682125791773,-0.0019649421087156727,0.06479772578728982,-0.002081181147152389,False,-0.012012373922532849,-0.012012373922532849
5,45,12841,2,1985-11-03,1990-11-03,0.0738890783534516,0.1161016093536878,0.07514805643686095,0.021708274243349424,0.012219748420351229,0.009488525822998195,True,0.02365188609604063,0.04451380727432479,0.004891007398188929,0.011953018676179372,-0.00026672974417185635,False,-0.009755255567170051,-0.009755255567170051
5,45,19262,3,2003-06-03,2008-06-02,0.07786792649698082,0.13392760315685595,0.0816062275441809,0.014342156540775308,0.004189186788501997,0.010152969752273311,True,0.030817328993595128,0.04880270112767577,0.013876947803218354,0.005326607392916127,0.00113742060441413,True,-0.009015549147859181,-0.009015549147859181
5,45,25683,4,2020-12-31,2025-12-31,0.0817911388633632,0.13324206686556003,0.08142188003847539,-0.030363900696843804,-0.04076675154659992,0.010402850849756118,True,0.02546984216849424,0.035878222472221805,-0.0008754908915833415,-0.04067881646113114,8.793508546878215e-05,True,-0.010314915764287336,-0.010314915764287336
5,60,0,0,1950-09-07,1955-09-07,0.08680716088196294,0.12708859888232432,0.06010579635476021,0.03116653021214444,0.02081207296142895,0.010354457250715488,True,0.031629938159011495,0.03791416690461852,0.0016084854570606044,0.020475253818551087,-0.0003368191428778644,False,-0.010691276393593352,-0.010691276393593352
5,60,6420,1,1968-04-05,1973-04-05,0.09558541434291135,0.13329567951452045,0.10126150951364976,0.07828972686115798,0.06574575479476774,0.012543972066390241,True,0.029442874093288607,0.040138034798248706,0.003961596665666756,0.06494193536687343,-0.0008038194278943145,False,-0.013347791494284555,-0.013347791494284555
5,60,12841,2,1985-11-03,1990-11-03,0.09689074352887439,0.14420985222331326,0.10241855506282027,0.023985941922794574,0.011819424116392696,0.012166517806401878,True,0.0363289677375942,0.03596232649305767,0.008968130816874531,0.012406121165223993,0.0005866970488312973,True,-0.01157982075757058,-0.01157982075757058
5,60,19262,3,2003-06-03,2008-06-02,0.10037188078834136,0.16353797235386874,0.11653108238616428,0.01590452386854513,0.003211120946345014,0.012693402922200114,True,0.05534735941396107,0.07240504471693528,0.03338046744217227,0.007450197281637871,0.004239076335292857,True,-0.008454326586907257,-0.008454326586907257
5,60,25683,4,2020-12-31,2025-12-31,0.10479077677683657,0.1643910899346148,0.10805080489016317,-0.029325443413465657,-0.04222183785428257,0.012896394440816916,True,0.05038644927705782,0.07073747024781073,0.03323814623106558,-0.039080825371222594,0.0031410124830599795,True,-0.009755381957756937,-0.009755381957756937
5,90,0,0,1950-09-07,1955-09-07,0.12287428442879378,0.184642917590559,0.1325704697451754,0.03418083681530093,0.020392647868964664,0.013788188946336266,True,0.03803168448239003,0.07552263878746307,0.04191494632391923,0.018055481504551274,-0.00233716636441339,False,-0.016125355310749656,-0.016125355310749656
5,90,6420,1,1968-04-05,1973-04-05,0.11732172899276772,0.14308225762803595,0.12399923148626057,0.08085987669983985,0.06750733365555561,0.013352543044284237,True,0.029048385997410664,0.0772195261690321,-0.002296693662793503,0.06321214021019728,-0.004295193445358336,False,-0.017647736489642574,-0.017647736489642574
5,90,12841,2,1985-11-03,1990-11-03,0.13407742741908324,0.2017595616410039,0.13684965711957364,0.025728039365751965,0.010027719406481728,0.015700319959270237,True,0.05233831315765558,0.08270606956377474,0.018270181442586297,0.010477733025949343,0.0004500136194676152,True,-0.015250306339802622,-0.015250306339802622
5,90,19262,3,2003-06-03,2008-06-02,0.1311434268496039,0.21531173127162018,0.13089367711809907,0.018408393321475147,0.0033568253366829115,0.015051567984792236,True,0.059838185846170955,0.06912897051308618,0.06684408946738207,0.005230305171173066,0.0018734798344901549,True,-0.01317808815030208,-0.01317808815030208
5,90,25683,4,2020-12-31,2025-12-31,0.15021459120833924,0.21242182424057854,0.1535234120430231,-0.02567495303686662,-0.04327996594202832,0.0176050129051617,True,0.06492558854451613,0.106665306057834,0.06576326359652396,-0.040575004221593214,0.002704961720435106,True,-0.014900051184726593,-0.014900051184726593
5,120,0,0,1950-09-07,1955-09-07,0.14898804943964272,0.17209355811173507,0.1416638198096185,0.034836536416910535,0.01956169826906451,0.015274838147846026,True,0.07530779587476277,0.16432862096497758,0.11172927638816899,0.021208502703057963,0.001646804433993454,True,-0.013628033713852572,-0.013628033713852572
5,120,6420,1,1968-04-05,1973-04-05,0.1634117471603782,0.21214845489646697,0.1634117471603782,0.08162397567021018,0.0630026049480612,0.018621370722148978,True,0.0450617472254522,0.11752099722616251,0.052557792987026675,0.05866055293661221,-0.0043420520114489936,False,-0.02296342273359797,-0.02296342273359797
5,120,12841,2,1985-11-03,1990-11-03,0.1551305158487628,0.24447484146303639,0.1814851410272622,0.02688249340476112,0.010628977494477665,0.016253515910283456,True,0.08520494371115817,0.17628632973631433,0.11749132210650504,0.014121991539542078,0.003493014045064413,True,-0.012760501865219043,-0.012760501865219043
5,120,19262,3,2003-06-03,2008-06-02,0.16846078181012047,0.29313399855318195,0.18622604229429163,0.01917982510340077,0.0007662502751593081,0.018413574828241464,True,0.10457608439782629,0.19196218520973576,0.1523790696114955,0.007781655288086942,0.0070154050129276335,True,-0.01139816981531383,-0.01139816981531383
5,120,25683,4,2020-12-31,2025-12-31,0.18211890147847476,0.31063574633667457,0.21523335321009918,-0.02299729598195921,-0.042876331402822654,0.019879035420863445,True,0.10655070679930234,0.25865090368886073,0.14736447977656075,-0.03582245738227119,0.007053874020551465,True,-0.01282516140031198,-0.01282516140031198
6,15,0,0,1950-09-07,1956-09-07,0.031051563988670816,0.04321626086941192,0.025836299773316806,0.04854621019931438,0.044404295488445156,0.004141914710869221,True,0.005446218837319661,0.00039956774643705445,0.00015492389707505438,0.044161638039276196,-0.00024265744916895926,False,-0.00438457216003818,-0.00438457216003818
6,15,6329,1,1968-01-05,1974-01-05,0.030835302517839835,0.04632034302829186,0.02768461487600571,0.053627211579796,0.04950003040901385,0.004127181170782146,True,0.0057107527103519296,0.0010383404061678051,-4.037960756975156e-05,0.04930209323875534,-0.00019793717025851087,False,-0.004325118341040657,-0.004325118341040657
6,15,12658,2,1985-05-04,1991-05-05,0.030315446339734597,0.041820731395094644,0.030182504998976345,0.024141187789628038,0.020217911840091363,0.003923275949536675,True,0.0063025275036432404,0.001579094851832431,-7.799044838052716e-06,0.02011741280366075,-0.00010049903643061242,False,-0.004023774985967288,-0.004023774985967288
6,15,18987,3,2002-09-01,2008-09-01,0.02420950412973144,0.04347610627759702,0.028783115175707197,0.013797229942951628,0.00976250026558012,0.004034729677371507,True,-0.00019198117032748208,0.004351158072346056,1.4039802124887757e-05,0.00973018107605772,-3.231918952240065e-05,False,-0.0040670488668939075,-0.0040670488668939075
6,15,25317,4,2019-12-31,2025-12-31,0.031038937699029656,0.037102068072165734,0.024814402274091263,-0.017642142664806904,-0.021520606823825172,0.003878464159018269,True,0.007444612781789095,0.0007151272496307981,-0.00018758347422298538,-0.021424231882944067,9.637494088110543e-05,True,-0.0037820892181371635,-0.0037820892181371635
6,30,0,0,1950-09-07,1956-09-07,0.05031486795085249,0.07224190788551516,0.0397887878698453,0.05048690578568049,0.04429401000282218,0.00619289578285831,True,0.011128723903952364,0.011327931817205256,-0.0010463429793112766,0.04385239875569735,-0.000441611247124829,False,-0.006634507029983139,-0.006634507029983139
6,30,6329,1,1968-01-05,1974-01-05,0.051437765745595554,0.06753095557402315,0.05300252276729189,0.05578971131678645,0.04937577999674403,0.006413931320042421,True,0.009170048605919856,0.0049478021369254695,-0.002693281926994362,0.04859281555980188,-0.0007829644369421462,False,-0.007196895756984567,-0.007196895756984567
6,30,12658,2,1985-05-04,1991-05-05,0.053390832768446694,0.07917009044258774,0.04731361176526305,0.026200058869593867,0.019673379382070033,0.006526679487523834,True,0.016014758124377693,0.02045014183231933,0.004575377938785152,0.02002997105206572,0.00035659166999568725,True,-0.006170087817528147,-0.006170087817528147
6,30,18987,3,2002-09-01,2008-09-01,0.037655126640185665,0.06247368355336408,0.043009280046149234,0.016098899028018643,0.009856962798319602,0.006241936229699041,True,0.0009996298298393658,0.003260721872440111,0.0002629313112394449,0.010025178336982243,0.0001682155386626416,True,-0.0060737206910363994,-0.0060737206910363994
6,30,25317,4,2019-12-31,2025-12-31,0.055229731572133955,0.06960695193002905,0.054680968278757014,-0.015202815080503806,-0.021769720634286727,0.00656690555378292,True,0.012676326141458638,0.005367718423236319,-0.001676736675212842,-0.02193417467529324,-0.00016445404100651206,False,-0.006731359594789432,-0.006731359594789432
6,45,0,0,1950-09-07,1956-09-07,0.06838584969682726,0.09889128732120273,0.05199493210982742,0.05247328365850912,0.04451885654326593,0.00795442711524319,True,0.01575539093858147,0.01900661384740414,-0.0015239194407925538,0.043651293850451856,-0.0008675626928140723,False,-0.008821989808057262,-0.008821989808057262
6,45,6329,1,1968-01-05,1974-01-05,0.07272431072699659,0.10242644381900853,0.07601071401360371,0.05804890014120323,0.04933954787518746,0.008709352266015769,True,0.01654552662294617,0.04468583425288433,0.003940508760203354,0.048603500837754554,-0.0007360470374329076,False,-0.009445399303448676,-0.009445399303448676
6,45,12658,2,1985-05-04,1991-05-05,0.06958049921442266,0.11581384908584007,0.07345348406413033,0.028180019568579295,0.020204700233098505,0.00797531933548079,True,0.01550544467731596,0.01263840900991504,-0.0035976575707500347,0.019313907529831864,-0.0008907927032666407,False,-0.008866112038747431,-0.008866112038747431
6,45,18987,3,2002-09-01,2008-09-01,0.0759755034127716,0.11587459139098873,0.07808238945104584,0.0174957039496062,0.008611212250496436,0.008884491699109764,True,0.024065247467625506,0.028540316954028026,0.007038568218490582,0.009142836112797426,0.0005316238623009895,True,-0.008352867836808775,-0.008352867836808775
6,45,25317,4,2019-12-31,2025-12-31,0.07492552363700078,0.09014931532586959,0.07150519393479993,-0.013502999253362957,-0.021953808538233366,0.008450809284870409,True,0.024701520810168187,0.03888834411728365,0.006013972798872613,-0.021337246134355725,0.0006165624038776407,True,-0.007834246880992768,-0.007834246880992768
6,60,0,0,1950-09-07,1956-09-07,0.07875954222226644,0.11814391356769356,0.08061852545591974,0.0536848233961611,0.04521897725227286,0.008465846143888234,True,0.024727513624959396,0.03312288097114961,0.0021380028558966035,0.044701450383762165,-0.0005175268685106982,False,-0.008983373012398932,-0.008983373012398932
6,60,6329,1,1968-01-05,1974-01-05,0.07938542721082764,0.12348567476436902,0.08133568130402158,0.05932018141407269,0.05070358914246009,0.0086165922716126,True,0.011917682207072344,0.029429230841656676,-0.009124633921128611,0.04798311602430183,-0.002720473118158262,False,-0.011337065389770862,-0.011337065389770862
6,60,12658,2,1985-05-04,1991-05-05,0.09277599868677577,0.14008293486814205,0.0962534375217794,0.029858131016466283,0.019369529950310715,0.010488601066155567,True,0.03593882640012769,0.04351839889270584,0.013664322668419215,0.020716287600975214,0.0013467576506644985,True,-0.009141843415491069,-0.009141843415491069
6,60,18987,3,2002-09-01,2008-09-01,0.08117797447584385,0.09576658079761294,0.07028741999474741,0.018518108917944254,0.009953993050762389,0.008564115867181865,True,0.02233197280718202,0.03599767305875611,0.0014186410168530728,0.009059919752882228,-0.0008940732978801602,False,-0.009458189165062025,-0.009458189165062025
6,60,25317,4,2019-12-31,2025-12-31,0.0921795187851413,0.10035821628499551,0.09078180178842077,-0.012815788403502504,-0.022762621021296003,0.0099468326177935,True,0.0325429595572817,0.04680032539446023,0.009045785995342337,-0.022009104922786404,0.000753516098509599,True,-0.0091933165192839,-0.0091933165192839
6,90,0,0,1950-09-07,1956-09-07,0.11238311363165843,0.17037062098515104,0.12287428442879356,0.05583930004108972,0.04434655262380982,0.011492747417279903,True,0.027217164306462482,0.0629855181161544,0.03232800043852935,0.04191858536409243,-0.0024279672597173896,False,-0.013920714676997292,-0.013920714676997292
6,90,6329,1,1968-01-05,1974-01-05,0.11217900081300991,0.14712319004770494,0.11814120347960455,0.06157330843779163,0.05004502375202713,0.0115282846857645,True,0.035466706190733,0.08094145167902224,0.03989786570535925,0.04900055486563448,-0.0010444688863926466,False,-0.012572753572157147,-0.012572753572157147
6,90,12658,2,1985-05-04,1991-05-05,0.12425891627345931,0.1957834112267236,0.12774084126460417,0.030986410475120962,0.017937648901201753,0.01304876157391921,True,0.05225505132571606,0.11174227337224076,0.056337243949951876,0.01965766973937444,0.0017200208381726867,True,-0.011328740735746523,-0.011328740735746523
6,90,18987,3,2002-09-01,2008-09-01,0.12082134074423756,0.17111396175581378,0.11419962334228284,0.020605905020670612,0.008220668485456883,0.012385236535213728,True,0.0459315526855919,0.0998918454715333,0.04933810470780764,0.0089076459191062,0.0006869774336493162,True,-0.011698259101564412,-0.011698259101564412
6,90,25317,4,2019-12-31,2025-12-31,0.13113973241910237,0.15167332256280566,0.1314213697444322,-0.009668630117185995,-0.02317376571393759,0.013505135596751594,True,0.045982928271760315,0.0948413316328861,0.04532493183352182,-0.022500483123939374,0.0006732825899982142,True,-0.01283185300675338,-0.01283185300675338
6,120,0,0,1950-09-07,1956-09-07,0.13558146790017123,0.16351096133489876,0.14166381980961873,0.05626925737917188,0.04348524625259387,0.01278401112657801,True,0.06292429548311129,0.1435364818340873,0.09940407770250581,0.04469553323653175,0.0012102869839378805,True,-0.01157372414264013,-0.01157372414264013
6,120,6329,1,1968-01-05,1974-01-05,0.13583198053510137,0.15438711399256058,0.14090302999187543,0.06389963693864531,0.0509787874611245,0.012920849477520813,True,0.01912863209016158,0.09436657782658138,0.025209599590000575,0.04484376374952004,-0.006135023711604459,False,-0.019055873189125272,-0.019055873189125272
6,120,12658,2,1985-05-04,1991-05-05,0.15303982169640173,0.20627395218092942,0.16739182097470873,0.03326855124731032,0.01814378610264078,0.015124765144669539,True,0.06865522171785665,0.15089982800026275,0.1026454026450132,0.020242229747173157,0.0020984436445323773,True,-0.013026321500137161,-0.013026321500137161
6,120,18987,3,2002-09-01,2008-09-01,0.1299604354577275,0.17669954550826641,0.14071212769111696,0.021854062254398787,0.010316378964088546,0.011537683290310241,True,0.04930476752445134,0.10244551117928596,0.05219884007549469,0.009316533184238196,-0.0009998457798503502,False,-0.012537529070160591,-0.012537529070160591
6,120,25317,4,2019-12-31,2025-12-31,0.15948280247468594,0.20799709185243417,0.17668946616940828,-0.007528231889384451,-0.022937130440891518,0.015408898551507066,True,0.07488652061368395,0.1500042915891744,0.09678633537366088,-0.019978064023426834,0.002959066417464684,True,-0.012449832134042382,-0.012449832134042382
7,15,0,0,1950-09-07,1957-09-07,0.029821751874709035,0.04108311349674852,0.027649444221983233,0.05316235810547476,0.049628544273200736,0.0035338138322740242,True,0.004550051103700881,0.00039052444187057355,0.00016332286684739294,0.04942976683373246,-0.00019877743946827842,False,-0.0037325912717423027,-0.0037325912717423027
7,15,6238,1,1967-10-06,1974-10-06,0.03070653864111139,0.03924575692612889,0.02608408636059978,-0.015313402595541148,-0.018739217704271116,0.003425815108729968,True,0.005983643859731602,-0.00029987195869973733,-0.0011881578966696504,-0.018725092707968072,1.4124996303044313e-05,True,-0.003411690112426924,-0.003411690112426924
7,15,12476,2,1984-11-03,1991-11-04,0.029599952537117558,0.03845095016574888,0.029708838811389304,0.04058764130269954,0.037126591959811606,0.003461049342887934,True,0.004741182566050384,0.004039418778619512,0.0005384432849140364,0.03695830687646451,-0.00016828508334709724,False,-0.0036293344262350313,-0.0036293344262350313
7,15,18714,3,2001-12-02,2008-12-02,0.033155799767812244,0.04804964753367087,0.031134585180973007,-0.003740019170022757,-0.007541412008793769,0.0038013928387710116,True,0.006675617992610183,0.0008184473512843557,0.0,-0.007429605735614797,0.00011180627317897152,True,-0.00368958656559204,-0.00368958656559204
7,15,24952,4,2018-12-31,2025-12-31,0.03149068619726547,0.039073478116049366,0.026647190108740393,-0.009026904144436187,-0.012579169747570562,0.0035522656031343747,True,0.005033715499217495,0.0002312624148276808,-0.001462082722637037,-0.01269821000774396,-0.00011904026017339753,False,-0.003671305863307772,-0.003671305863307772
7,30,0,0,1950-09-07,1957-09-07,0.048230020831064424,0.0683372902405215,0.047148683023038984,0.05482770601823783,0.049504149043472,0.005323556974765831,True,0.010393847461725558,0.01001164971497028,-0.00048119179330075035,0.04930082959387083,-0.0002033194496011692,False,-0.005526876424367,-0.005526876424367
7,30,6238,1,1967-10-06,1974-10-06,0.050574185530612104,0.07138409424376964,0.04939802213271416,-0.013220215692328563,-0.018515760989413432,0.005295545297084869,True,0.010270769137151081,0.0024594831089421805,-0.0021596423665470876,-0.0187230662364265,-0.00020730524701306763,False,-0.005502850544097937,-0.005502850544097937
7,30,12476,2,1984-11-03,1991-11-04,0.04726108555640085,0.056848533717733005,0.03978852229067775,0.04207256729093989,0.03694840807764477,0.005124159213295121,True,0.009081371687688966,0.015792147768177344,-0.00010401715715768756,0.03655481648363845,-0.00039359159400631505,False,-0.005517750807301436,-0.005517750807301436
7,30,18714,3,2001-12-02,2008-12-02,0.05196713230739114,0.07032819171061479,0.04550485822908423,-0.0016280896845339843,-0.007171756458449252,0.005543666773915268,True,0.011367727912464431,0.004209696349527621,-0.001305590335418938,-0.007227431867460887,-5.5675409011635146e-05,False,-0.005599342182926903,-0.005599342182926903
7,30,24952,4,2018-12-31,2025-12-31,0.05701552565761103,0.07180393631268546,0.056655705571259984,-0.006984756588651386,-0.013171617342736308,0.006186860754084922,True,0.010709947031870115,0.02035891820836342,0.0018777869119364077,-0.013318634798196505,-0.00014701745546019662,False,-0.0063338782095451185,-0.0063338782095451185
7,45,0,0,1950-09-07,1957-09-07,0.06416496863103971,0.09351185928000824,0.06426993530020653,0.0564622371860346,0.0497668729804861,0.006695364205548504,True,0.013768497759791165,0.016592881677108866,-0.0007941009686562861,0.04916325292667212,-0.0006036200538139802,False,-0.007298984259362484,-0.007298984259362484
7,45,6238,1,1967-10-06,1974-10-06,0.07303960940961951,0.10579824721158237,0.07158434925383039,-0.011892866569550131,-0.019322456819577893,0.007429590250027762,True,0.01623715061487485,0.020810789444133386,0.0015617392081068715,-0.019545735906240536,-0.00022327908666264218,False,-0.007652869336690404,-0.007652869336690404
7,45,12476,2,1984-11-03,1991-11-04,0.06298645885118459,0.09508458943130547,0.06508883277664235,0.0441622526664005,0.03770662136420988,0.006455631302190623,True,0.010511245751496201,0.027982356886661713,-0.0034265060711181627,0.036632683922410036,-0.0010739374417998437,False,-0.007529568743990467,-0.007529568743990467
7,45,18714,3,2001-12-02,2008-12-02,0.07900462224678662,0.10199622837945091,0.0780467955075963,-0.0005355852167616693,-0.00883312981701112,0.008297544600249451,True,0.03065155206098713,0.04630408412091424,0.01585580718741908,-0.007062279335003252,0.0017708504820078685,True,-0.006526694118241583,-0.006526694118241583
7,45,24952,4,2018-12-31,2025-12-31,0.07241489539536627,0.07770307582859337,0.057662368769876515,-0.005694192143587351,-0.013082470161988269,0.007388278018400918,True,0.018618048817497845,0.025537553301364754,0.003821228691206713,-0.012977117523440662,0.00010535263854760668,True,-0.007282925379853311,-0.007282925379853311
7,60,0,0,1950-09-07,1957-09-07,0.0747836961810322,0.11112938788535665,0.07510067421601296,0.057420682774111276,0.05010411041478635,0.007316572359324924,True,0.023074841096454524,0.029837629569796516,0.0033587906153385028,0.04999639546449086,-0.00010771495029548994,False,-0.007424287309620414,-0.007424287309620414
7,60,6238,1,1967-10-06,1974-10-06,0.09144436398052025,0.12493151638528947,0.09212629567372899,-0.010557394264237407,-0.019564632610882482,0.009007238346645075,True,0.0283358988574669,0.03271945783405702,0.010755198095991458,-0.0189461487972703,0.0006184838136121806,True,-0.008388754533032894,-0.008388754533032894
7,60,12476,2,1984-11-03,1991-11-04,0.08296127415292864,0.1010304665125081,0.08296127415292864,0.04555989289002427,0.03719808351047149,0.008361809379552776,True,0.026612818492536938,0.03534596049014584,0.008789401025909527,0.037603593543039215,0.0004055100325677241,True,-0.007956299346985052,-0.007956299346985052
7,60,18714,3,2001-12-02,2008-12-02,0.0885533041490092,0.10542692958168245,0.08855330414900897,0.0008820752180562774,-0.007849779879305352,0.00873185509736163,True,0.030826768374479396,0.04594881854382269,0.008230251057077975,-0.006880872811037664,0.0009689070682676881,True,-0.007762948029093941,-0.007762948029093941
7,60,24952,4,2018-12-31,2025-12-31,0.08826895238704413,0.10264300602093623,0.07259577719120913,-0.004779981603836747,-0.01342224252935964,0.008642260925522893,True,0.025597242060111602,0.05303729132505252,0.005736600398014158,-0.013176349653471586,0.0002458928758880541,True,-0.00839636804963484,-0.00839636804963484
7,90,0,0,1950-09-07,1957-09-07,0.10504795792738286,0.15975779455791153,0.11238311363165843,0.059178730592351236,0.04941654216421876,0.009762188428132479,True,0.024668989930373364,0.05531503171262597,0.024668989930373364,0.04780994084927359,-0.0016066013149451663,False,-0.011368789743077645,-0.011368789743077645
7,90,6238,1,1967-10-06,1974-10-06,0.11360287416591719,0.16049375299627572,0.11179549858193627,-0.008099791049779315,-0.01832829073710973,0.010228499687330417,True,0.032227853081073565,0.05743550070887685,0.01562527765989352,-0.018801370347603652,-0.00047307961049392055,False,-0.010701579297824337,-0.010701579297824337
7,90,12476,2,1984-11-03,1991-11-04,0.10836625004137135,0.15199448627235473,0.11112356053888184,0.04628040627466201,0.03618910576553658,0.010091300509125434,True,0.045231348616761036,0.10414345213634954,0.05258408250223501,0.03754491174104557,0.0013558059755089946,True,-0.008735494533616439,-0.008735494533616439
7,90,18714,3,2001-12-02,2008-12-02,0.12103920531599988,0.16958637542830562,0.11195274450019488,0.0027363571392882147,-0.008543252285190595,0.01127960942447881,True,0.04065285983985145,0.10375912826540844,0.04324965408558823,-0.007869067405782748,0.0006741848794078464,True,-0.010605424545070963,-0.010605424545070963
7,90,24952,4,2018-12-31,2025-12-31,0.12622123764174797,0.1459235609482775,0.1253763629553153,-0.0024689933770523087,-0.014335230135981591,0.011866236758929283,True,0.04622860449968558,0.09886780788379011,0.050496373462147304,-0.012912088633624808,0.001423141502356784,True,-0.010443095256572499,-0.010443095256572499
7,120,0,0,1950-09-07,1957-09-07,0.1242873368360422,0.1567699903887271,0.135581467900171,0.059533166752170574,0.04889322403008056,0.010639942722090012,True,0.053696089208328024,0.12743942394543595,0.09003894791849554,0.049760530074848264,0.0008673060447677017,True,-0.00977263667732231,-0.00977263667732231
7,120,6238,1,1967-10-06,1974-10-06,0.14983914976039658,0.16510351445610855,0.15436676633826574,-0.00548865783048702,-0.018637314841560504,0.013148657011073484,True,0.04297479101543389,0.10067793316348136,0.054921032728298735,-0.019260429830264547,-0.0006231149887040432,False,-0.013771771999777527,-0.013771771999777527
7,120,12476,2,1984-11-03,1991-11-04,0.1279835397191651,0.16351066643428847,0.14064964804514335,0.048054356849274615,0.03703888652102516,0.011015470328249455,True,0.05399192387373941,0.08161726930548246,0.06743477410345888,0.03793837814852008,0.0008994916274949194,True,-0.010115978700754535,-0.010115978700754535
7,120,18714,3,2001-12-02,2008-12-02,0.14491665881621918,0.19477011086902926,0.14477726100145705,0.0040324973202381376,-0.008629290840084014,0.012661788160322152,True,0.059584865863441694,0.12553855944156672,0.0723192908220025,-0.007019058954603752,0.0016102318854802622,True,-0.01105155627484189,-0.01105155627484189
7,120,24952,4,2018-12-31,2025-12-31,0.14518801936621073,0.18409374429018105,0.14736352613903225,-0.0006373251378013478,-0.013268728013612563,0.012631402875811215,True,0.05950385896767307,0.13624628169572325,0.07325246181791378,-0.011677452548819578,0.001591275464792985,True,-0.01104012741101823,-0.01104012741101823
8,15,0,0,1950-09-07,1958-09-07,0.029411367569508018,0.0394034682279633,0.027649444221983233,0.04792366280033766,0.044802614437877475,0.003121048362460188,True,0.003873945714167437,0.00038989006769716986,0.0001698458827066318,0.04463600633277265,-0.00016660810510482627,False,-0.0032876564675650144,-0.0032876564675650144
8,15,6146,1,1967-07-06,1975-07-06,0.03004124177104872,0.03603034473885663,0.027416409107348105,0.0026107815636569054,-0.0004517927880163253,0.0030625743516732307,True,0.004731545144646576,0.0013639732095433199,-0.0004917310896069838,-0.0005044302713986815,-5.263748338235619e-05,False,-0.003115211835055587,-0.003115211835055587
8,15,12293,2,1984-05-04,1992-05-04,0.030165899514095207,0.03587577161397164,0.027783380003908453,0.0662158186813877,0.06294510308431711,0.0032707155970705948,True,0.0037759237694872105,0.0013236727752116073,0.0005121358940265441,0.06276274569811124,-0.00018235738620586694,False,-0.0034530729832764617,-0.0034530729832764617
8,15,18440,3,2001-03-03,2009-03-03,0.030569502615901856,0.04059021626071591,0.02685633560888756,-0.009573272021742851,-0.012661953159344264,0.0030886811376014123,True,0.0072899742245498,0.0017947941032589478,0.0014687940388526943,-0.012399831360765723,0.0002621217985785407,True,-0.0028265593390228716,-0.0028265593390228716
8,15,24587,4,2017-12-31,2025-12-31,0.029754376467454602,0.04196952980227275,0.028858198411945146,-0.005321336022757417,-0.008324103747289535,0.0030027677245321183,True,0.005011304111861792,0.00028007720881522834,-0.000413234479386293,-0.008341787526390032,-1.76837791004969e-05,False,-0.003020451503632615,-0.003020451503632615
8,30,0,0,1950-09-07,1958-09-07,0.0473257409752168,0.0651756699290784,0.04044976632795705,0.04936431479697401,0.044651720299329956,0.0047125944976440515,True,0.00906522271304877,0.009112989984711377,-0.00033629185302785913,0.04449073047863772,-0.00016098982069223666,False,-0.004873584318336288,-0.004873584318336288
8,30,6146,1,1967-07-06,1975-07-06,0.04976821774182416,0.06340713493796755,0.04321799560117534,0.004381838179493558,-0.0004200379220408168,0.004801876101534375,True,0.010392008856719093,0.0041582624406197154,0.00024864210398822806,-0.00040979979066213534,1.0238131378681459e-05,True,-0.004791637970155693,-0.004791637970155693
8,30,12293,2,1984-05-04,1992-05-04,0.04878050277585677,0.06263208919667156,0.049502567367122996,0.06770979465664051,0.0627336785382151,0.004976116118425411,True,0.005371361534062258,0.00784158060561422,-0.00035119600378430427,0.06208301812656081,-0.0006506604116542913,False,-0.005626776530079702,-0.005626776530079702
8,30,18440,3,2001-03-03,2009-03-03,0.04854866632880128,0.06352314465850699,0.04089889214430409,-0.007801871824618778,-0.012401911499090201,0.004600039674471423,True,0.01024307001010305,0.004569699982609713,-0.0010766395695478437,-0.012410007274002544,-8.095774912342257e-06,False,-0.004608135449383766,-0.004608135449383766
8,30,24587,4,2017-12-31,2025-12-31,0.050346266290205,0.06985555865361888,0.04226461285187488,-0.0035103992002240014,-0.008341179293029133,0.004830780092805131,True,0.009504181945422019,0.005541051851336912,-0.0005893266799131824,-0.008440026851103566,-9.884755807443302e-05,False,-0.0049296276508795644,-0.0049296276508795644
8,45,0,0,1950-09-07,1958-09-07,0.06232865169668611,0.08876587547558604,0.06229035183553866,0.050685532079364215,0.04479332989535467,0.005892202184009543,True,0.013440529180972716,0.015434955556105846,-0.00028574649918688966,0.0445119716678819,-0.00028135822747277217,False,-0.006173560411482315,-0.006173560411482315
8,45,6146,1,1967-07-06,1975-07-06,0.06774179180279782,0.08197955844671058,0.05693964612393798,0.005574705710290839,-0.0007000343110755702,0.0062747400213664095,True,0.012076999990016102,0.013805169989425527,-0.0010277404306232585,-0.001137373219468718,-0.0004373389083931478,False,-0.006712078929759557,-0.006712078929759557
8,45,12293,2,1984-05-04,1992-05-04,0.06187529001021996,0.08671663490465649,0.06375372369323751,0.06932935884912905,0.0633934334739521,0.005935925375176954,True,0.011974870602668108,0.02053623629371738,0.002409482411905417,0.06291495463789998,-0.0004784788360521208,False,-0.0064144042112290744,-0.0064144042112290744
8,45,18440,3,2001-03-03,2009-03-03,0.07144514019550807,0.08803066543872452,0.07087045574951967,-0.006766353936578207,-0.013391474533276049,0.006625120596697842,True,0.020441545304266118,0.028255039898439683,0.004851902625645055,-0.012807417523605591,0.0005840570096704578,True,-0.006041063587027384,-0.006041063587027384
8,45,24587,4,2017-12-31,2025-12-31,0.06928471135884395,0.09194945743274024,0.06809775646758731,-0.002495032264935304,-0.008896263324314813,0.0064012310593795085,True,0.014848374023237243,0.025064475943660486,0.000784175811002874,-0.008991061862639538,-9.479853832472518e-05,False,-0.006496029597704234,-0.006496029597704234
8,60,0,0,1950-09-07,1958-09-07,0.07212768351117815,0.10542273413528767,0.07291694082819355,0.05159121554079782,0.04516213707999883,0.006429078460798987,True,0.020821335321086876,0.02746334566536326,0.005788697826243805,0.04516060052633497,-1.5365536638611843e-06,False,-0.006430615014462848,-0.006430615014462848
8,60,6146,1,1967-07-06,1975-07-06,0.08159120454046498,0.10522758336083747,0.08159120454046498,0.006990451397231867,-0.0002655340014460217,0.007255985398677889,True,0.012846841213582039,0.026538763841442853,-0.002006702116766901,-0.0012472465869106664,-0.0009817125854646447,False,-0.008237697984142534,-0.008237697984142534
8,60,12293,2,1984-05-04,1992-05-04,0.07759270553334274,0.0840333661004071,0.06484332340899623,0.07008858659481243,0.06287515870781868,0.007213427886993751,True,0.023448830842115242,0.03366841182378862,0.01112611540481212,0.06321517946590949,0.0003400207580908088,True,-0.006873407128902942,-0.006873407128902942
8,60,18440,3,2001-03-03,2009-03-03,0.07486059722325833,0.10048179396554627,0.07279980769832672,-0.005859193176496413,-0.012251632164998583,0.006392438988502169,True,0.013513487254132706,0.02946159981990744,-0.0074361417152444265,-0.013140356489620975,-0.0008887243246223919,False,-0.007281163313124561,-0.007281163313124561
8,60,24587,4,2017-12-31,2025-12-31,0.07587888324427006,0.10422622537215523,0.07502584787538735,-0.001495279075381939,-0.008031048768816218,0.006535769693434279,True,0.017439130353273047,0.023241955872003565,0.0,-0.00844406991586788,-0.00041302114705166204,False,-0.006948790840485941,-0.006948790840485941
8,90,0,0,1950-09-07,1958-09-07,0.10096646096977957,0.15080353544796488,0.10629527441737063,0.053011555193642534,0.04443024214649727,0.008581313047145267,True,0.024785230689885474,0.05054524259159066,0.02422871130449611,0.04360900247826316,-0.0008212396682341083,False,-0.009402552715379375,-0.009402552715379375
8,90,6146,1,1967-07-06,1975-07-06,0.10493029602998538,0.14370378283297583,0.10744945882733892,0.00856666423319985,-0.00010204886801357116,0.008668713101213421,True,0.026231284839896896,0.03315594217907398,0.004764274823649828,-0.0007120323286083918,-0.0006099834605948207,False,-0.009278696561808242,-0.009278696561808242
8,90,12293,2,1984-05-04,1992-05-04,0.10266906026854605,0.12604613306258045,0.10686664291049086,0.07102590650896645,0.06209856599737451,0.008927340511591941,True,0.039103947673232,0.09150106747503835,0.04922406476071872,0.06310632404502758,0.0010077580476530734,True,-0.007919582463938868,-0.007919582463938868
8,90,18440,3,2001-03-03,2009-03-03,0.10570707313466365,0.12290562792132627,0.08607650168578851,-0.0037149759894254952,-0.012364949805196979,0.008649973815771483,True,0.03237494828813392,0.05318521131813439,0.033150722592284465,-0.012230250514236318,0.00013469929096066036,True,-0.008515274524810823,-0.008515274524810823
8,90,24587,4,2017-12-31,2025-12-31,0.10994994099704125,0.13178600701949764,0.08067068946928146,0.00025081482078359585,-0.008905381080147046,0.009156195900930642,True,0.029822318448218477,0.05926937188340325,0.029619868423134132,-0.009077055011220803,-0.00017167393107375695,False,-0.009327869832004398,-0.009327869832004398
8,120,0,0,1950-09-07,1958-09-07,0.11693522523332511,0.1511077245492926,0.12428733683604243,0.05338705145194744,0.04423435886463767,0.009152692587309774,True,0.04941377963710725,0.11573522958395162,0.06843881561102227,0.04520265402409751,0.0009682951594598421,True,-0.008184397427849932,-0.008184397427849932
8,120,6146,1,1967-07-06,1975-07-06,0.12818156246581403,0.18316354859042802,0.13273949524205242,0.009747905028865356,-0.0002792293624073183,0.010027134391272674,True,0.03424443139277056,0.06543069040216663,0.04627356677205241,-0.001173048571416313,-0.0008938192090089947,False,-0.010920953600281669,-0.010920953600281669
8,120,12293,2,1984-05-04,1992-05-04,0.13530129344375053,0.19282900732455904,0.14713557545155465,0.07240477129464717,0.060928074242029506,0.011476697052617668,True,0.060110838524938925,0.14520261564305334,0.09316869165256692,0.06325823569523004,0.00233016145320053,True,-0.009146535599417138,-0.009146535599417138
8,120,18440,3,2001-03-03,2009-03-03,0.12542823490480215,0.1365408851159231,0.08788460583719937,-0.003517842358229717,-0.013111652427068798,0.009593810068839081,True,0.04617645983177976,0.0865807529026246,0.06012014212886663,-0.012578216610765525,0.0005334358163032737,True,-0.009060374252535808,-0.009060374252535808
8,120,24587,4,2017-12-31,2025-12-31,0.1254804360179278,0.13957842146605423,0.09009325784142952,0.001753781045261027,-0.007893250663008389,0.009647031708269416,True,0.04114755231706191,0.10951278814360847,0.047710893562187495,-0.007955087325555277,-6.183666254688802e-05,False,-0.009708868370816304,-0.009708868370816304
9,15,0,0,1950-09-07,1959-09-07,0.02886594813973664,0.03804265458460777,0.025936999568056285,0.037970325939567395,0.035217229415269724,0.0027530965242976713,True,0.003735929575094721,0.000424513073959765,0.00018894087331311482,0.03512211904922413,-9.511036604559209e-05,False,-0.0028482068903432634,-0.0028482068903432634
9,15,6055,1,1967-04-06,1976-04-05,0.02896353589694911,0.03983149945380524,0.02741430993534233,0.02308241505537545,0.020358053211774862,0.0027243618436005868,True,0.003386686184965182,1.467868706513953e-05,-0.0006190116583915106,0.02022485511338834,-0.0001331980983865222,False,-0.002857559941987109,-0.002857559941987109
9,15,12111,2,1983-11-04,1992-11-03,0.029135557233465503,0.04260042856307715,0.029649865818462406,0.06296153865652743,0.06011129076239885,0.002850247894128577,True,0.002994068322957899,0.0009038928897002013,0.00028359772872588174,0.05992680732882372,-0.0001844834335751333,False,-0.0030347313277037102,-0.0030347313277037102
9,15,18166,3,2000-06-02,2009-06-02,0.029129317538527877,0.037623648851980634,0.026998925352775816,0.006065608953713886,0.003368599021384977,0.0026970099323289087,True,0.004529644214785078,0.002598030010717074,0.00030089460692206416,0.0033645406206113115,-4.0584007736654826e-06,False,-0.002701068333102574,-0.002701068333102574
9,15,24222,4,2016-12-31,2025-12-31,0.028869304843880395,0.03315300428878686,0.025535518660849466,-0.001863975420740016,-0.004513386865788616,0.0026494114450485995,True,0.004998955861397203,0.003220684644897925,0.00016951952654253866,-0.004465715075806065,4.767178998255073e-05,True,-0.0026017396550660488,-0.0026017396550660488
9,30,0,0,1950-09-07,1959-09-07,0.046751170465090475,0.06264264257483342,0.04028111434202186,0.03942364082992422,0.03520965825680511,0.004213982573119113,True,0.00924774225000724,0.00854822443114295,0.0005464329717521643,0.03521802803685614,8.369780051031839e-06,True,-0.004205612793068081,-0.004205612793068081
9,30,6055,1,1967-04-06,1976-04-05,0.048731726770783856,0.06678140827003201,0.047092826968282875,0.024700312538950442,0.02033167690379334,0.004368635635157103,True,0.009195174157422548,0.0026012785321206646,3.4664519821703266e-05,0.020334020714096734,2.343810303395699e-06,True,-0.0043662918248537075,-0.0043662918248537075
9,30,12111,2,1983-11-04,1992-11-03,0.04803154318329628,0.0749490546820549,0.049630233388336276,0.06452260487452754,0.0600628617460266,0.004459743128500948,True,0.004755871102855691,0.0041936528470138835,0.0,0.05954612232719536,-0.0005167394188312358,False,-0.004976482547332184,-0.004976482547332184
9,30,18166,3,2000-06-02,2009-06-02,0.04902530808347838,0.06610759097447662,0.04865280679512107,0.007494770963874631,0.003168286816215282,0.0043264841476593485,True,0.01279612371172667,0.017069786871582927,0.004110700746949858,0.0035677091055124066,0.0003994222892971244,True,-0.003927061858362224,-0.003927061858362224
9,30,24222,4,2016-12-31,2025-12-31,0.04746381656182952,0.057872684965226115,0.0399138953131597,-0.00037795277434804486,-0.004508370022783259,0.004130417248435214,True,0.008114681330129159,0.005558569245374049,-0.0012556694570006188,-0.004624644261826294,-0.00011627423904303491,False,-0.004246691487478249,-0.004246691487478249
9,45,0,0,1950-09-07,1959-09-07,0.058960811359553666,0.08497924300430348,0.05312489989650082,0.04007756324761602,0.03504129069880446,0.00503627254881156,True,0.011765826903332277,0.014291670549875011,0.0007690803476494423,0.034821810527610575,-0.00021948017119388652,False,-0.005255752720005447,-0.005255752720005447
9,45,6055,1,1967-04-06,1976-04-05,0.06464930147295944,0.088443673230965,0.06529939072348001,0.0255206547857858,0.019947503269879485,0.005573151515906316,True,0.011191911656927678,0.011189998635819392,-0.0010813470558334037,0.019666932239138513,-0.00028057103074097256,False,-0.005853722546647289,-0.005853722546647289
9,45,12111,2,1983-11-04,1992-11-03,0.05945596427644495,0.09067831056298796,0.061639071768652354,0.06533587210616165,0.060122223480084225,0.005213648626077427,True,0.010831642938582409,0.019936110414098727,0.0071902320777263995,0.05978863589043604,-0.0003335875896481877,False,-0.005547236215725615,-0.005547236215725615
9,45,18166,3,2000-06-02,2009-06-02,0.06432549747803162,0.08744598454606893,0.06546068632822855,0.008668305666049259,0.003220647071284999,0.00544765859476426,True,0.016564197110300327,0.03566797921888194,0.0032506549802875373,0.0035353810860552226,0.0003147340147702238,True,-0.005132924579994036,-0.005132924579994036
9,45,24222,4,2016-12-31,2025-12-31,0.062093410232210156,0.08905077848185383,0.06218011471429441,0.0007503789920400017,-0.004425433011072677,0.005175812003112679,True,0.011835392966822234,0.022013049696829032,0.001134335949734111,-0.004629063564350555,-0.00020363055327787816,False,-0.005379442556390557,-0.005379442556390557
9,60,0,0,1950-09-07,1959-09-07,0.0714534013412853,0.1009241611358241,0.07221439753229297,0.04139683997738097,0.03555016183500359,0.005846678142377382,True,0.021112620653028102,0.026143596160108574,0.006888150430361284,0.03584290631022813,0.00029274447522453784,True,-0.005553933667152844,-0.005553933667152844
9,60,6055,1,1967-04-06,1976-04-05,0.08355178820639275,0.12595168897809308,0.08712866400491559,0.026928534670652038,0.01988979220147158,0.007038742469180459,True,0.02186426500726757,0.020894381460102553,0.009332054781588939,0.020261528239770454,0.00037173603829887547,True,-0.0066670064308815835,-0.0066670064308815835
9,60,12111,2,1983-11-04,1992-11-03,0.07378096007225787,0.11283819709586254,0.07476219423491792,0.06666897790226445,0.060424686979059894,0.006244290923204554,True,0.015771570997072493,0.020599863805231766,0.006389559413171986,0.06010650694354003,-0.00031818003551986607,False,-0.00656247095872442,-0.00656247095872442
9,60,18166,3,2000-06-02,2009-06-02,0.08203846891802802,0.120055890886741,0.0824282035899182,0.00973479032105784,0.002969647008498111,0.006765143312559729,True,0.027978943499004094,0.04111087702865935,0.01260089094476391,0.004000588321279475,0.0010309413127813638,True,-0.0057342019997783655,-0.0057342019997783655
9,60,24222,4,2016-12-31,2025-12-31,0.07351786941863292,0.09910280607542772,0.07201423438921406,0.001994306633793519,-0.003847798344373432,0.005842104978166951,True,0.008077913316947072,-0.0016305166785493875,-0.009682674309865358,-0.0049883738473752715,-0.0011405755030018394,False,-0.00698268048116879,-0.00698268048116879
9,90,0,0,1950-09-07,1959-09-07,0.0985146991109187,0.14364007234043016,0.10171441273533977,0.04266803391782914,0.034984783930889884,0.007683249986939256,True,0.02618803903692224,0.0470379781231923,0.02449421871948254,0.03480677173266167,-0.0001780121982282168,False,-0.007861262185167472,-0.007861262185167472
9,90,6055,1,1967-04-06,1976-04-05,0.10536369548344204,0.15441500536704636,0.110442985723616,0.028445005126341183,0.02016173903452967,0.008283266091811514,True,0.023203098842464076,0.04498290055638444,0.0074988130883753,0.01965616863300701,-0.0005055704015226592,False,-0.008788836493334173,-0.008788836493334173
9,90,12111,2,1983-11-04,1992-11-03,0.09987377499713523,0.14014897764207168,0.10263508797898524,0.06766328448995518,0.05965025166413218,0.008013032825822997,True,0.029049941734925477,0.07815591770652773,0.04262759375884628,0.059795917644561714,0.00014566598042953238,True,-0.007867366845393464,-0.007867366845393464
9,90,18166,3,2000-06-02,2009-06-02,0.10124188286863034,0.13629812862417112,0.10325410122031742,0.011358177361740607,0.0036290818954061166,0.00772909546633449,True,0.03079790518896197,0.060947547730929294,0.029563648394294928,0.0039563647796017065,0.00032728288419558993,True,-0.0074018125821389,-0.0074018125821389
9,90,24222,4,2016-12-31,2025-12-31,0.09987743331934773,0.13615763552744742,0.09669131393135655,0.003135410438616981,-0.004398262051374391,0.007533672489991372,True,0.02096918187384711,0.05472343605359953,0.022034279158455128,-0.005133758977959424,-0.0007354969265850331,False,-0.008269169416576405,-0.008269169416576405
9,120,0,0,1950-09-07,1959-09-07,0.11487807536189365,0.14510571174966305,0.11840011663248817,0.043020146170014595,0.034665251458954494,0.008354894711060101,True,0.049449771906495466,0.10770803208466562,0.056526292703958925,0.03603412859632149,0.0013688771373669972,True,-0.006986017573693104,-0.006986017573693104
9,120,6055,1,1967-04-06,1976-04-05,0.1400526302859404,0.19773882846664842,0.1433738846697694,0.02941721319738,0.018640661137066195,0.010776552060313804,True,0.038009374610082025,0.08616149569312466,0.05269335804537523,0.018746746000751546,0.00010608486368535175,True,-0.010670467196628453,-0.010670467196628453
9,120,12111,2,1983-11-04,1992-11-03,0.11415467591666673,0.16606579515819042,0.11918926924964968,0.06877987779026085,0.06029511053521808,0.008484767255042769,True,0.03333875676217146,0.08448001528553024,0.054015224113405536,0.05987427522156463,-0.00042083531365344484,False,-0.008905602568696214,-0.008905602568696214
9,120,18166,3,2000-06-02,2009-06-02,0.1205159495670336,0.18107420156833398,0.12334951999010713,0.012254503284563789,0.0035833749446212426,0.008671128339942547,True,0.04661069701688825,0.12315258412138091,0.055592760021884846,0.0046086785487595705,0.0010253036041383279,True,-0.007645824735804219,-0.007645824735804219
9,120,24222,4,2016-12-31,2025-12-31,0.1105127520553657,0.16348301184063,0.11221229042446135,0.004408503861239588,-0.0032072630258974666,0.007615766887137054,True,0.022967352700657973,0.035731706705938726,0.023385174643826945,-0.004720067866293531,-0.0015128048403960648,False,-0.009128571727533119,-0.009128571727533119
10,15,0,0,1950-09-07,1960-09-06,0.02830246389987101,0.03696116405104669,0.025949432918794146,0.05333243963345402,0.050827877073501115,0.0025045625599529053,True,0.0028008722504331285,0.0004217155489234854,0.0002051803169924593,0.05069022720013483,-0.00013764987336628565,False,-0.002642212433319191,-0.002642212433319191
10,15,5964,1,1967-01-05,1977-01-04,0.028971441790198726,0.0414325707971695,0.0294832413845163,0.039854425404209914,0.03731443664438139,0.0025399887598285265,True,0.0015158598463340667,-0.0006487902233142815,-0.0013173739772260884,0.0370455555371243,-0.0002688811072570907,False,-0.002808869867085617,-0.002808869867085617
10,15,11928,2,1983-05-05,1993-05-04,0.027838562422764612,0.03562457575601306,0.027969062510892595,0.060541916289217124,0.05806796058466057,0.002473955704556552,True,0.0027623386158555086,0.0010468638000439411,0.0003577159770735694,0.057925296492344014,-0.00014266409231655786,False,-0.0026166197968731097,-0.0026166197968731097
10,15,17892,3,1999-09-02,2009-09-01,0.02933451343840776,0.03742475937663512,0.027894180526807144,0.012088972024287159,0.009581182035302893,0.002507789988984266,True,0.0035897077586826143,0.0006632269786602006,-0.00015085415127713553,0.009528324424707746,-5.2857610595147264e-05,False,-0.002560647599579413,-0.002560647599579413
10,15,23857,4,2016-01-01,2025-12-31,0.02814906677785589,0.03436949112419687,0.024366196218228442,0.002060557154457854,-0.00030717765049814716,0.002367734804956001,True,0.003359067324953724,0.0006789149926098841,-0.000348269318700245,-0.0003824963521793512,-7.531870168120403e-05,False,-0.002443053506637205,-0.002443053506637205
10,30,0,0,1950-09-07,1960-09-06,0.04577654534399489,0.06074089943431358,0.04036408391841162,0.05468215784821706,0.05083598926437438,0.0038461685838426796,True,0.007394980297134923,0.00806842812206261,0.0006310991098494867,0.05074532223754202,-9.066702683235839e-05,False,-0.003936835610675038,-0.003936835610675038
10,30,5964,1,1967-01-05,1977-01-04,0.04896288613544897,0.07401207481691482,0.05086455385989719,0.04136578690598425,0.03725253221650271,0.004113254689481538,True,0.006102127085758191,0.0016636517375143024,-6.388645569188611e-05,0.03702983637338342,-0.00022269584311929158,False,-0.00433595053260083,-0.00433595053260083
10,30,11928,2,1983-05-05,1993-05-04,0.04613197560961235,0.06728564416899006,0.047146328536702864,0.06204865705956086,0.0581396620114647,0.003908995048096164,True,0.0027510154658867414,0.0018288612905796038,-0.0022816616852924243,0.057559536088485075,-0.0005801259229796241,False,-0.0044891209710757884,-0.0044891209710757884
10,30,17892,3,1999-09-02,2009-09-01,0.04933058799679446,0.06106894837514616,0.04707728981180259,0.013350084325134848,0.009312108352580672,0.004037975972554175,True,0.013564431726292181,0.017984538760151624,0.005947172089018293,0.009841477612837934,0.0005293692602572619,True,-0.0035086067122969133,-0.0035086067122969133
10,30,23857,4,2016-01-01,2025-12-31,0.04584008765021741,0.06182831670721401,0.04477169416082427,0.003387749280586716,-0.0002774361744626308,0.003665185455049347,True,0.0052397728976334434,0.005115112469841227,-0.002145089052024707,-0.0005777894244238801,-0.00030035324996124935,False,-0.003965538705010596,-0.003965538705010596
10,45,0,0,1950-09-07,1960-09-06,0.05722868887610644,0.08203361104191037,0.05832493450882814,0.05520041523908148,0.050632146457781024,0.004568268781300455,True,0.00946948359613664,0.013294630400326262,0.0015591042420732837,0.05033322603975332,-0.00029892041802770386,False,-0.004867189199328159,-0.004867189199328159
10,45,5964,1,1967-01-05,1977-01-04,0.06358235944351076,0.09523743171430095,0.06626660358751102,0.042113214150482525,0.036979999402513286,0.005133214747969239,True,0.0058063166990243165,0.004980910111623566,-0.0029530838810768456,0.036308103265110026,-0.0006718961374032606,False,-0.0058051108853725,-0.0058051108853725
10,45,11928,2,1983-05-05,1993-05-04,0.059953954750624705,0.08884648765037007,0.06116211052409315,0.06273706671164914,0.05786375779253983,0.004873308919109309,True,0.01182881988182194,0.01886372531569777,0.007431253005159677,0.057809728117938164,-5.40296746016633e-05,False,-0.004927338593710973,-0.004927338593710973
10,45,17892,3,1999-09-02,2009-09-01,0.057983937081822035,0.06887273620811232,0.058885902916723465,0.014191538484610078,0.009728690752330849,0.004462847732279229,True,0.017199006652913074,0.028483446993169455,0.005810284203944915,0.010211793871902408,0.0004831031195715596,True,-0.00397974461270767,-0.00397974461270767
10,45,23857,4,2016-01-01,2025-12-31,0.0597746496337348,0.08391023809787129,0.05920339451818557,0.0043723862875488795,-0.0002163680993240158,0.004588754386872895,True,0.009506873023154672,0.01744338929441198,0.00013415411801176447,-0.0004971189021518718,-0.00028075080282785603,False,-0.004869505189700751,-0.004869505189700751
10,60,0,0,1950-09-07,1960-09-06,0.0700294938667585,0.09747806511231696,0.07152389321948927,0.056512348246381405,0.05112062235688608,0.005391725889495325,True,0.017161168062578502,0.02476525436576736,0.007124350887361741,0.05117174413049419,5.112177360810932e-05,True,-0.005340604115887215,-0.005340604115887215
10,60,5964,1,1967-01-05,1977-01-04,0.07928294891575005,0.11644683716596207,0.0861447119987615,0.04351884915551185,0.03729974148325099,0.00621910767226086,True,0.007382143401436725,0.023033719301076273,0.0,0.03634840058875222,-0.0009513408944987756,False,-0.007170448566759635,-0.007170448566759635
10,60,11928,2,1983-05-05,1993-05-04,0.07285683995600034,0.10006877431732024,0.07339727726108514,0.063888521978259,0.058179843172578405,0.0057086788056806,True,0.014647977496649256,0.03625022961241958,0.007082591454730336,0.05796951465160616,-0.0002103285209722472,False,-0.005919007326652848,-0.005919007326652848
10,60,17892,3,1999-09-02,2009-09-01,0.07560784359092709,0.0914536627395041,0.07725042444944408,0.015066436585577936,0.009361174209051137,0.0057052623765267985,True,0.024174452698418003,0.04128141061687866,0.010591730284377876,0.010104194195871496,0.0007430199868203591,True,-0.004962242389706439,-0.004962242389706439
10,60,23857,4,2016-01-01,2025-12-31,0.07317278551368345,0.09935289683564374,0.07283778710646205,0.005495352880581228,7.055254945997902e-05,0.005424800331121249,True,0.009336867445819186,0.028855725424349197,0.005686443693746934,-0.0006529111273712029,-0.000723463676831182,False,-0.006148264007952431,-0.006148264007952431
10,90,0,0,1950-09-07,1960-09-06,0.09603284193816575,0.13827475232812997,0.09924897109855291,0.05763450343140253,0.0505705971379844,0.007063906293418132,True,0.021368984747010877,0.04386598249873113,0.02449421871948254,0.05019779172534111,-0.0003728054126432845,False,-0.007436711706061416,-0.007436711706061416
10,90,5964,1,1967-01-05,1977-01-04,0.10398122992227221,0.16800005015965727,0.1125652881770256,0.04493437375676268,0.037205454554567696,0.007728919202194984,True,0.014872422742743696,0.02508161693491134,0.0004683750276577303,0.03617591096797379,-0.0010295435865939062,False,-0.00875846278878889,-0.00875846278878889
10,90,11928,2,1983-05-05,1993-05-04,0.09572287920067635,0.1373200343726107,0.0992029736613329,0.06494187652728378,0.057859089135866126,0.007082787391417655,True,0.021993865616641628,0.05891831768801876,0.022601131988064127,0.05754838599086942,-0.0003107031449967046,False,-0.00739349053641436,-0.00739349053641436
10,90,17892,3,1999-09-02,2009-09-01,0.09556404093402882,0.11659323752699126,0.0975821093503122,0.016665842010889165,0.009918775084011067,0.006747066926878098,True,0.03178040800931381,0.06491669819475616,0.03113193259283986,0.010584950451673736,0.0006661753676626692,True,-0.006080891559215429,-0.006080891559215429
10,90,23857,4,2016-01-01,2025-12-31,0.09810466937553408,0.12145981092413337,0.0954211219992116,0.0065577549076580866,-0.0003538395564328667,0.006911594464090953,True,0.019314858656779954,0.0628310165473135,0.020128375884093552,-0.0009097560611274202,-0.0005559165046945536,False,-0.007467510968785507,-0.007467510968785507
10,120,0,0,1950-09-07,1960-09-06,0.11069793425074237,0.14087613596663462,0.1163225977565503,0.058083902766861595,0.05047114026019783,0.007612762506663762,True,0.039330722403151386,0.10012594521916146,0.05362626279582927,0.05107932257388814,0.0006081823136903086,True,-0.007004580192973453,-0.007004580192973453
10,120,5964,1,1967-01-05,1977-01-04,0.13525850473959178,0.20911853083145548,0.14840713389727989,0.04647330790019133,0.03667389753529848,0.009799410364892847,True,0.019292588884892492,0.05948887592825442,0.029427247063881,0.035256402230439576,-0.0014174953048589067,False,-0.011216905669751753,-0.011216905669751753
10,120,11928,2,1983-05-05,1993-05-04,0.1250756945641993,0.19352676437883268,0.1363926007442262,0.06573783545419909,0.056709831609701444,0.009028003844497645,True,0.04704741526346101,0.1218707503631413,0.06846747964128563,0.058104149404712535,0.0013943177950110908,True,-0.007633686049486554,-0.007633686049486554
10,120,17892,3,1999-09-02,2009-09-01,0.11798361753960918,0.13076900569292066,0.11998122243170106,0.017800353069558073,0.009816886808292846,0.007983466261265226,True,0.039698472743533664,0.08975916707741233,0.04386756019154414,0.010437282500035838,0.000620395691742992,True,-0.007363070569522234,-0.007363070569522234
10,120,23857,4,2016-01-01,2025-12-31,0.1088527312228369,0.16239950416997312,0.11155579337642707,0.0074629167740831726,0.00038070546868262944,0.007082211305400543,True,0.027605139483586116,0.07937778247510688,0.028360626776136266,-0.00017531123298741846,-0.0005560167016700479,False,-0.007638228007070591,-0.007638228007070591
12,15,0,0,1950-09-07,1962-09-07,0.027550289977592124,0.035322226867688364,0.027560248354403072,0.10900167611332878,0.10680813558745172,0.002193540525877058,True,0.001285882469393984,0.00040135429238422884,0.00024188504594291338,0.1066113487325957,-0.00019678685485602365,False,-0.0023903273807330816,-0.0023903273807330816
12,15,5781,1,1966-07-06,1978-07-06,0.028612630490334023,0.03953816100942325,0.029494940366608824,0.05221293644947922,0.05004129748814101,0.002171638961338207,True,0.001642771563794998,-0.000232356692938614,-0.000632744724958334,0.04988578187115955,-0.00015551561698146088,False,-0.002327154578319668,-0.002327154578319668
12,15,11563,2,1982-05-05,1994-05-05,0.027410263061812046,0.03715588455871387,0.02789631404777615,0.05798442911661916,0.055903789367123036,0.002080639749496127,True,0.002006667546817331,0.000637611197264111,0.00016000756901346502,0.055779362848308756,-0.00012442651881428013,False,-0.002205066268310407,-0.002205066268310407
12,15,17344,3,1998-03-03,2010-03-03,0.026614195810028995,0.03306789480531818,0.02487426882952959,0.008147706337961802,0.006230070280869082,0.0019176360570927198,True,0.003184522370242915,0.0006090331211198087,6.422286201601679e-05,0.006210000867516552,-2.006941335253032e-05,False,-0.00193770547044525,-0.00193770547044525
12,15,23126,4,2013-12-31,2025-12-31,0.028326963724402576,0.03305568461185186,0.0257189160545912,0.009016942261206973,0.006957761919080152,0.0020591803421268207,True,0.002633083889591825,0.0011731185230075493,-0.00037759657090374876,0.006891541238175813,-6.622068090433864e-05,False,-0.0021254010230311593,-0.0021254010230311593
12,30,0,0,1950-09-07,1962-09-07,0.04419636500644564,0.05781878888705395,0.044196365006445415,0.10996532815159266,0.10660154312439007,0.0033637850272025815,True,0.0044760256916369645,0.007170689521088171,0.0017859956796557608,0.10638393961807391,-0.00021760350631616632,False,-0.003581388533518748,-0.003581388533518748
12,30,5781,1,1966-07-06,1978-07-06,0.0481484351743231,0.06041312352115195,0.0494571859599473,0.05335664060965084,0.049833865757068274,0.0035227748525825664,True,0.0033380287158599753,9.760653904236874e-05,-0.003192372044319991,0.04952827777660618,-0.00030558798046209645,False,-0.003828362833044663,-0.003828362833044663
12,30,11563,2,1982-05-05,1994-05-05,0.04648557161664901,0.06640198793604431,0.048216079094142605,0.05904963542176489,0.055647486271950486,0.003402149149814404,True,0.006763238168931984,0.015822131219210354,0.005548460107901887,0.05563996525051862,-7.521021431866615e-06,False,-0.0034096701712462707,-0.0034096701712462707
12,30,17344,3,1998-03-03,2010-03-03,0.044083135336213886,0.053699057524379694,0.03967012417329885,0.009323702744352014,0.006274008920672536,0.003049693823679478,True,0.007203060517005033,0.004348042930343905,0.0008019060683304158,0.006303466120887169,2.945720021463316e-05,True,-0.0030202366234648448,-0.0030202366234648448
12,30,23126,4,2013-12-31,2025-12-31,0.047497095372851295,0.05641656574680764,0.04639278961113669,0.010100279842095938,0.006774319258106232,0.0033259605839897066,True,0.0024492290307216447,0.0018909259747237669,-0.0038200615165433494,0.006406936288332776,-0.0003673829697734554,False,-0.003693343553763162,-0.003693343553763162
12,45,0,0,1950-09-07,1962-09-07,0.05516881245506555,0.07731257595301322,0.05567166123041023,0.11076157136848641,0.10674749021077723,0.004014081157709182,True,0.0061278383435610095,0.01167972847920462,0.002007648710156129,0.10636504955139814,-0.0003824406593790908,False,-0.0043965218170882725,-0.0043965218170882725
12,45,5781,1,1966-07-06,1978-07-06,0.06338191015059236,0.08756913031840173,0.0653811765328498,0.05421791081382943,0.04972968802404809,0.004488222789781338,True,0.010801802734296873,0.016756886168933147,0.004721843270069748,0.04977232364678996,4.263562274187116e-05,True,-0.0044455871670394664,-0.0044455871670394664
12,45,11563,2,1982-05-05,1994-05-05,0.06111560701886409,0.08689528689518096,0.0637131794675454,0.05996593392698912,0.05564090669196742,0.004325027235021706,True,0.007661038979236645,0.01551644161469188,0.0038665460318045852,0.055410040584719766,-0.00023086610724765144,False,-0.004555893342269357,-0.004555893342269357
12,45,17344,3,1998-03-03,2010-03-03,0.05535012975706133,0.06371391735841272,0.04920838159134533,0.009913940948907296,0.006249895823126739,0.0036640451257805573,True,0.014500598571945522,0.025869592144604964,0.00699281193546053,0.006597109423189806,0.0003472136000630677,True,-0.0033168315257174896,-0.0033168315257174896
12,45,23126,4,2013-12-31,2025-12-31,0.05805192950174565,0.07289122315980652,0.05729553426578038,0.011014403464414624,0.007131754482056163,0.003882648982358461,True,0.0013391362926871153,0.005437150239088392,-0.008701193638362192,0.0063835440007575794,-0.0007482104812985835,False,-0.004630859463657044,-0.004630859463657044
12,60,0,0,1950-09-07,1962-09-07,0.06639221752950242,0.09215760169497865,0.06842297143243659,0.11118720618489286,0.10650459941041057,0.00468260677448229,True,0.01054528401067878,0.021909480760403624,0.006931384531612572,0.10621735290843315,-0.00028724650197742285,False,-0.0049698532764597125,-0.0049698532764597125
12,60,5781,1,1966-07-06,1978-07-06,0.07340835701548065,0.09952454645347758,0.07593739012337286,0.05483340617513632,0.04981441693080124,0.005018989244335081,True,0.007340208015718774,0.006671846261933641,-0.00201050439702799,0.04926408646590219,-0.0005503304648990515,False,-0.005569319709234133,-0.005569319709234133
12,60,11563,2,1982-05-05,1994-05-05,0.07174964215320179,0.10082079961292167,0.0736271683638281,0.06033022909354613,0.055421091801271194,0.004909137292274934,True,0.016766800489667277,0.04341464761715588,0.015530222496151103,0.055686927564600586,0.00026583576332939174,True,-0.004643301528945543,-0.004643301528945543
12,60,17344,3,1998-03-03,2010-03-03,0.06474781991852008,0.08258065612690883,0.05726173302381721,0.010770992208328556,0.006640991650489925,0.004130000557838631,True,0.012674269281981898,0.025414395727823256,0.0025383395078519833,0.00655618328203178,-8.480836845814466e-05,False,-0.004214808926296776,-0.004214808926296776
12,60,23126,4,2013-12-31,2025-12-31,0.07657498912814686,0.08470272762407605,0.07529119187076216,0.011680241877912945,0.006619446456038958,0.005060795421873987,True,0.011751798372097388,0.027781109525391253,0.0011224941536609467,0.006458201470168401,-0.0001612449858705567,False,-0.005222040407744544,-0.005222040407744544
12,90,0,0,1950-09-07,1962-09-07,0.09175340846566549,0.13029367861574137,0.09533471712542663,0.11297575352169087,0.10676366728110276,0.0062120862405881105,True,0.016244523032835856,0.0385764264272367,0.020537865058456672,0.10634822056437954,-0.0004154467167232223,False,-0.006627532957311333,-0.006627532957311333
12,90,5781,1,1966-07-06,1978-07-06,0.09902847965872708,0.14168864557490918,0.10491210857879141,0.056373383386888465,0.049895984664131365,0.0064773987227570995,True,0.02167740824144837,0.021956551103379192,0.010644431755429284,0.0499682993736994,7.231470956803321e-05,True,-0.006405084013189066,-0.006405084013189066
12,90,11563,2,1982-05-05,1994-05-05,0.09056621780693219,0.13263184161479677,0.09396573687240184,0.06189396158328275,0.05606273498360492,0.00583122659967783,True,0.017502887217604846,0.05306931240696371,0.01751230107274071,0.05577518965792638,-0.00028754532567853985,False,-0.00611877192535637,-0.00611877192535637
12,90,17344,3,1998-03-03,2010-03-03,0.0880905220871071,0.11797073399126394,0.07380702543301187,0.011877997734043966,0.006512031487638348,0.005365966246405618,True,0.019193274284986073,0.0400282693534961,0.018251265347535517,0.006377177941480516,-0.00013485354615783152,False,-0.0055008197925634494,-0.0055008197925634494
12,90,23126,4,2013-12-31,2025-12-31,0.08923620958986245,0.09294819904199586,0.086982699557834,0.012984818560548783,0.007524620759347345,0.0054601978012014385,True,0.005574942370972336,0.03185689560842461,-0.009740137310940922,0.006260984947892734,-0.001263635811454611,False,-0.006723833612656049,-0.006723833612656049
12,120,0,0,1950-09-07,1962-09-07,0.10327060895048379,0.1345554938662913,0.11069793425074215,0.11329642326561551,0.10673992803072241,0.0065564952348931005,True,0.028563044718693753,0.08721736279215894,0.04941377963710725,0.10681036982129899,7.044179057658084e-05,True,-0.00648605344431652,-0.00648605344431652
12,120,5781,1,1966-07-06,1978-07-06,0.12078985039533285,0.16759998508326707,0.13252933685994672,0.056935508199114526,0.04933238049623956,0.007603127702874968,True,0.03734469014929376,0.09572787861396782,0.05268231577145932,0.05014289088763535,0.0008105103913957912,True,-0.006792617311479177,-0.006792617311479177
12,120,11563,2,1982-05-05,1994-05-05,0.11676624775506372,0.17305496653296146,0.12058979702373107,0.06231820060882254,0.05499248870523621,0.007325711903586329,True,0.04753740055542699,0.12407566329667966,0.06556459394148573,0.05666801200031668,0.0016755232950804722,True,-0.005650188608505857,-0.005650188608505857
12,120,17344,3,1998-03-03,2010-03-03,0.10740663516745008,0.13650523366167586,0.09221476380675675,0.012728988307281863,0.006450878344957944,0.006278109962323919,True,0.0205756046808947,0.059417962547090704,0.028053076133579102,0.005861255164979706,-0.0005896231799782381,False,-0.006867733142302157,-0.006867733142302157
12,120,23126,4,2013-12-31,2025-12-31,0.11411690664216345,0.14215067845470944,0.11531372169444531,0.013736544045232835,0.006945133857785057,0.006791410187447777,True,0.015948631172125083,0.04810349116477402,0.015513537964698454,0.005974220216079074,-0.0009709136417059838,False,-0.007762323829153761,-0.007762323829153761
15,15,0,0,1950-09-07,1965-09-07,0.027021934340994314,0.03362814864137789,0.02705860067159871,0.12621229628653485,0.12441732825528895,0.0017949680312459027,True,0.000737952068788017,0.0003792780145145006,0.00024891073977961753,0.12426755019753966,-0.00014977805774929465,False,-0.0019447460889951973,-0.0019447460889951973
15,15,5507,1,1965-10-05,1980-10-05,0.026743453493675018,0.030564937659220918,0.02595458088047664,0.06841284433068351,0.06672866807033695,0.0016841762603465593,True,0.0009288687658579597,0.00013890054895265624,-0.0005425255847658628,0.06660009094338903,-0.00012857712694791523,False,-0.0018127533872944745,-0.0018127533872944745
15,15,11015,2,1980-11-03,1995-11-04,0.028493903759326367,0.03678863191386873,0.029655329489111537,0.051928032929060564,0.0501508661345722,0.0017771667944883607,True,0.0016578444020804994,0.0011132027443041086,0.00036564509375636156,0.05007528208141254,-7.558405315966077e-05,False,-0.0018527508476480214,-0.0018527508476480214
15,15,16522,3,1995-12-02,2010-12-02,0.027209061087920094,0.030766625303090767,0.02576233331041,0.014366081095988914,0.012736480274098794,0.0016296008218901203,True,0.0028064892900119265,0.0006255281674729063,0.0005317080248257167,0.012740976827706696,4.496553607902243e-06,True,-0.001625104268282218,-0.001625104268282218
15,15,22030,4,2010-12-31,2025-12-31,0.026569047679462665,0.02811801794333888,0.024342973428912007,0.010818722504080336,0.00923734422992828,0.0015813782741520566,True,0.0023825418874616755,0.0023857811305630205,0.00015621920590369598,0.009213374762438331,-2.3969467489948215e-05,False,-0.0016053477416420048,-0.0016053477416420048
15,30,0,0,1950-09-07,1965-09-07,0.043310005467316115,0.05484464968656901,0.04339724542437606,0.12718001555378056,0.12440927074402497,0.0027707448097555876,True,0.0035661754711042715,0.006272618157425495,0.0021461768927204528,0.1242653895637249,-0.00014388118030006503,False,-0.0029146259900556526,-0.0029146259900556526
15,30,5507,1,1965-10-05,1980-10-05,0.04515360169739169,0.04805297721824993,0.04515360169739169,0.06947825392330742,0.06672278706891155,0.0027554668543958716,True,0.0018818711570582902,0.0040207127056833825,-0.0015494105300254413,0.06646676783392591,-0.0002560192349856383,False,-0.00301148608938151,-0.00301148608938151
15,30,11015,2,1980-11-03,1995-11-04,0.04685830601582874,0.05763171188226941,0.04866109552383602,0.05291699082573853,0.05009057537694428,0.0028264154487942506,True,0.0060208842330533585,0.007303043228813299,0.0037392362560104697,0.05012721976890355,3.664439195927294e-05,True,-0.0027897710568349776,-0.0027897710568349776
15,30,16522,3,1995-12-02,2010-12-02,0.042664974807747,0.045229624217596874,0.03885556188358397,0.015299334731257774,0.01284446767898495,0.0024548670522728244,True,0.005025684229113869,0.004396593022386512,0.001231574442370098,0.012812967548120335,-3.150013086461456e-05,False,-0.002486367183137439,-0.002486367183137439
15,30,22030,4,2010-12-31,2025-12-31,0.041267956455538934,0.046323799141003826,0.04060369740196035,0.011716061959050172,0.00936096270064124,0.0023550992584089325,True,0.0028288568007810433,0.006252835373351151,-0.0016519779111002775,0.00918235650296273,-0.00017860619767851027,False,-0.002533705456087443,-0.002533705456087443
15,45,0,0,1950-09-07,1965-09-07,0.05397366436202389,0.07250489773524225,0.05426723990342608,0.1278414440490765,0.12451284663345707,0.0033285974156194165,True,0.004762366641635651,0.010018602690795428,0.0027541711193472818,0.12425204403321355,-0.00026080260024352597,False,-0.0035894000158629424,-0.0035894000158629424
15,45,5507,1,1965-10-05,1980-10-05,0.05876942738217883,0.06695816250080147,0.059261569185445895,0.07019654543543408,0.06671392337927262,0.003482622056161455,True,0.005288660964774872,0.014110208307082945,-4.36776452544807e-05,0.06650367925190426,-0.00021024412736836418,False,-0.0036928661835298193,-0.0036928661835298193
15,45,11015,2,1980-11-03,1995-11-04,0.06268477265958294,0.07852877033506998,0.06546868469916434,0.053697489720326175,0.05001073022590097,0.003686759494425207,True,0.007566912196739439,0.0191787383619996,0.0055737612694639616,0.049962279147121924,-4.8451078779043755e-05,False,-0.0037352105732042507,-0.0037352105732042507
15,45,16522,3,1995-12-02,2010-12-02,0.05510510235871591,0.06532140198656726,0.052090681411482764,0.0159601015142552,0.012888130399425712,0.003071971114829486,True,0.0103488877171527,0.015220580744766355,0.005751511799470199,0.013027639370332356,0.00013950897090664327,True,-0.0029324621439228427,-0.0029324621439228427
15,45,22030,4,2010-12-31,2025-12-31,0.055999392867135844,0.061062046021616675,0.04932431075869159,0.012355187528369838,0.009238229843471446,0.0031169576848983915,True,0.005787604883161546,0.01536915713060186,-0.0005317372568555134,0.00907276427707715,-0.0001654655663942961,False,-0.0032824232512926876,-0.0032824232512926876
15,60,0,0,1950-09-07,1965-09-07,0.06507849402580512,0.08658667965699915,0.06588540618657257,0.1281990178346042,0.12428592600874522,0.003913091825858972,True,0.008654945047276819,0.019002241655137152,0.006673141720765052,0.1241127049310915,-0.00017322107765371797,False,-0.00408631290351269,-0.00408631290351269
15,60,5507,1,1965-10-05,1980-10-05,0.07439990012095565,0.08667833397537539,0.07716091489256605,0.0706380036682781,0.06630339209548675,0.004334611572791358,True,0.00794529641600672,0.017235933479183174,0.003538293632884937,0.06608900597148226,-0.0002143861240044842,False,-0.004548997696795842,-0.004548997696795842
15,60,11015,2,1980-11-03,1995-11-04,0.07224327463082525,0.08810096695022512,0.07476657087181371,0.053964350359679836,0.04983866082357058,0.004125689536109256,True,0.010577769830711015,0.01476239020810499,0.0056706032943120155,0.04981018191437814,-2.8478909192442003e-05,False,-0.004154168445301698,-0.004154168445301698
15,60,16522,3,1995-12-02,2010-12-02,0.0651533108689275,0.07941838197192343,0.06520270860680899,0.016411872306155262,0.012880477805418789,0.0035313945007364733,True,0.009845756578995557,0.0162939890816163,0.0031381621258452785,0.0128040535138354,-7.642429158338793e-05,False,-0.0036078187923198612,-0.0036078187923198612
15,60,22030,4,2010-12-31,2025-12-31,0.0671638952544793,0.07869542643936461,0.06600405442666601,0.012809257636852367,0.009164786388548674,0.0036444712483036934,True,0.008363278580218347,0.01564774827694801,8.502438115542965e-05,0.00898984926505264,-0.00017493712349603285,False,-0.0038194083717997263,-0.0038194083717997263
15,90,0,0,1950-09-07,1965-09-07,0.08914401641344205,0.12177857453794241,0.09092610209047458,0.12962851102257678,0.1244546750641895,0.005173835958387274,True,0.014790716517210756,0.033463585405762976,0.015262874226136702,0.12431623944737025,-0.00013843561681925465,False,-0.005312271575206529,-0.005312271575206529
15,90,5507,1,1965-10-05,1980-10-05,0.09217372858339501,0.11031098054715024,0.09313404896040578,0.07197201770683703,0.06686281120301807,0.005109206503818964,True,0.010943126980173634,0.028417095925604617,0.004680993625265417,0.06646121853460829,-0.00040159266840977814,False,-0.005510799172228742,-0.005510799172228742
15,90,11015,2,1980-11-03,1995-11-04,0.09030491592540901,0.1205886438173499,0.09354907860026973,0.055273022675551786,0.05036425284324797,0.0049087698323038165,True,0.021090214363801207,0.05053480699110253,0.022347331112213098,0.050668355360221407,0.0003041025169734368,True,-0.00460466731533038,-0.00460466731533038
15,90,16522,3,1995-12-02,2010-12-02,0.08325208159846809,0.09472193664954898,0.07101796224367685,0.01742763477352982,0.013132419763642877,0.0042952150098869435,True,0.014173710779777249,0.037117262823621565,0.016821986174381465,0.012966557662633882,-0.00016586210100899557,False,-0.004461077110895939,-0.004461077110895939
15,90,22030,4,2010-12-31,2025-12-31,0.0809808938193779,0.09706729089842114,0.07877755491587735,0.013742347253131504,0.00960549942879707,0.004136847824334433,True,0.010962893286921016,0.03539345366507478,0.009706441216937645,0.009226913924219149,-0.00037858550457792184,False,-0.004515433328912355,-0.004515433328912355
15,120,0,0,1950-09-07,1965-09-07,0.10047817068212073,0.1274508845262181,0.10363160739679023,0.12995690375216684,0.12441397950547084,0.005542924246696002,True,0.024322455618601246,0.07412859308905306,0.028563044718693753,0.12456783795447612,0.00015385844900528411,True,-0.0053890657976907175,-0.0053890657976907175
15,120,5507,1,1965-10-05,1980-10-05,0.11174791264981354,0.13042794518608564,0.11576411480454585,0.07276961667296478,0.0667802199281593,0.005989396744805475,True,0.017601951339277555,0.03637007796343538,0.02101482518786857,0.0664579926654052,-0.0003222272627541045,False,-0.00631162400755958,-0.00631162400755958
15,120,11015,2,1980-11-03,1995-11-04,0.11073201560498469,0.16440268430174665,0.11933391964698781,0.05612857479977196,0.050297179321258545,0.0058313954785134126,True,0.017413429072491216,0.029344514396132566,0.01832677782829406,0.04996701782147639,-0.0003301614997821556,False,-0.006161556978295568,-0.006161556978295568
15,120,16522,3,1995-12-02,2010-12-02,0.10412200012694872,0.12808073888292104,0.09186112207735109,0.017610123003900302,0.012393285019605127,0.005216837984295175,True,0.030074998093231997,0.07052527916862573,0.03755655398272317,0.012910085161797591,0.000516800142192464,True,-0.004700037842102711,-0.004700037842102711
15,120,22030,4,2010-12-31,2025-12-31,0.10254003806995304,0.13160197187834774,0.10032196900447543,0.014536272309048526,0.009433566039490415,0.0051027062695581105,True,0.015417821469855042,0.04477223283097066,0.019448917987311853,0.008984237486932445,-0.00044932855255797044,False,-0.005552034822116081,-0.005552034822116081
20,15,0,0,1950-09-07,1970-09-07,0.026396226384222787,0.03187809085930626,0.02672261372752427,0.0980811474192671,0.0966516162404083,0.0014295311788588005,True,0.00023017683411019618,0.00035113511816375345,0.0002519089508483674,0.09666423605054719,1.2619810138891907e-05,True,-0.0014169113687199086,-0.0014169113687199086
20,15,5051,1,1964-07-06,1984-07-06,0.02679510251499484,0.0324277619806183,0.02694676226236359,0.07891530700896654,0.07760031152186686,0.0013149954870996794,True,6.69445556664705e-05,-0.000129717656785182,-0.00042936726943054726,0.07749340053099485,-0.00010691099087201117,False,-0.0014219064779716906,-0.0014219064779716906
20,15,10102,2,1978-05-05,1998-05-05,0.02731074580617654,0.03181066954241942,0.027455789640653983,0.042825336815786264,0.041528182369841904,0.0012971544459443596,True,0.0011380092030304212,0.00043160499155396826,0.0001999469917099983,0.041480589753702723,-4.759261613918042e-05,False,-0.00134474706208354,-0.00134474706208354
20,15,15153,3,1992-03-03,2012-03-03,0.02362629932159166,0.031209724419156197,0.025439461954644527,-0.003299522963866819,-0.004462726454970811,0.0011632034911039923,True,0.0003054804628639385,0.0007452478666716433,0.0003990954252637291,-0.004447520720028408,1.5205734942402849e-05,True,-0.0011479977561615895,-0.0011479977561615895
20,15,20204,4,2005-12-31,2025-12-31,0.025821742176952434,0.029026594363969233,0.02433009060959046,0.008672236899927688,0.007490518137993174,0.0011817187619345138,True,0.0014807825938378816,0.00019397000496835365,-0.0003240219454403448,0.007461504362372473,-2.9013775620700955e-05,False,-0.0012107325375552147,-0.0012107325375552147
20,30,0,0,1950-09-07,1970-09-07,0.04277861638886571,0.05177740042490017,0.042823732436617634,0.0986982733339774,0.09662467535021824,0.002073597983759168,True,0.003025062101529752,0.005373670006453555,0.0024256859199212055,0.09656511455818406,-5.9560792034174526e-05,False,-0.0021331587757933423,-0.0021331587757933423
20,30,5051,1,1964-07-06,1984-07-06,0.04438455551024245,0.057866882799424445,0.044743410520970306,0.0797079486321246,0.07758727483215044,0.00212067379997416,True,-0.00028616871901410157,0.0020357358659222314,-0.0015342954982427992,0.07735060923113446,-0.000236665601015984,False,-0.002357339400990144,-0.002357339400990144
20,30,10102,2,1978-05-05,1998-05-05,0.043971722797003565,0.050386488197124775,0.0440994354010098,0.043488484575580744,0.04145953776663758,0.002028946808943166,True,0.003272183296962883,0.004904277019669454,0.001819898669744413,0.04141580047774518,-4.373728889239814e-05,False,-0.0020726840978355643,-0.0020726840978355643
20,30,15153,3,1992-03-03,2012-03-03,0.04228372402902414,0.05390218794603433,0.04204878658166811,-0.002592282595441864,-0.004451337678472278,0.0018590550830304142,True,0.006467573897102508,0.005131589479821894,0.002107854918948826,-0.004334837367973354,0.00011650031049892373,True,-0.0017425547725314905,-0.0017425547725314905
20,30,20204,4,2005-12-31,2025-12-31,0.040123992470371794,0.04967355948560107,0.03720835619520524,0.009295368226845735,0.007518414739578816,0.001776953487266919,True,0.0022109254246951426,0.003159848596534222,-0.00018100645587648678,0.007422764630815593,-9.565010876322333e-05,False,-0.0018726035960301424,-0.0018726035960301424
20,45,0,0,1950-09-07,1970-09-07,0.05354061239996555,0.06763246496288393,0.053727819109908426,0.09909547368027916,0.09657031433754204,0.0025251593427371155,True,0.003920404706074132,0.00838061214458025,0.002985012204043125,0.09644744363012991,-0.00012287070741212602,False,-0.0026480300501492415,-0.0026480300501492415
20,45,5051,1,1964-07-06,1984-07-06,0.05857050473883185,0.0791460069315957,0.05989807789251511,0.0801837702610253,0.0774454407855667,0.0027383294754586007,True,0.002444967223176997,0.006004494499164997,0.0004956993156577383,0.07724549180127926,-0.00019994898428743468,False,-0.0029382784597460354,-0.0029382784597460354
20,45,10102,2,1978-05-05,1998-05-05,0.059194453812794645,0.07231510195344025,0.05949509873222203,0.04397012386774435,0.04129291844674721,0.002677205420997142,True,0.00834027078188515,0.014591146854535879,0.005621040919769893,0.04140495808128364,0.00011203963453643162,True,-0.0025651657864607103,-0.0025651657864607103
20,45,15153,3,1992-03-03,2012-03-03,0.05536256593515909,0.07185582714087435,0.05479134353849191,-0.0021039393994471967,-0.004482929406907754,0.0023789900074605574,True,0.007064894579575043,0.005567830076875226,-0.00034499128815990154,-0.004438811548306609,4.411785860114481e-05,True,-0.0023348721488594126,-0.0023348721488594126
20,45,20204,4,2005-12-31,2025-12-31,0.05189611630619839,0.06371659658066313,0.05134548479916834,0.0097818904001159,0.007540007930032067,0.0022418824700838336,True,0.001268226639081993,0.009715785766603936,-0.002273058524694449,0.0072938062876612975,-0.00024620164237076914,False,-0.0024880841124546027,-0.0024880841124546027
20,60,0,0,1950-09-07,1970-09-07,0.06463903485177958,0.08093943379907567,0.0650784940258049,0.09970635071179923,0.0967189227076195,0.0029874280041797263,True,0.00704492163272441,0.015943386020208103,0.006580689635960146,0.09665255802971973,-6.636467789977729e-05,False,-0.0030537926820795036,-0.0030537926820795036
20,60,5051,1,1964-07-06,1984-07-06,0.0721097408538367,0.09814125521187432,0.07479841970316614,0.08073013968164644,0.07741749742686199,0.003312642254784448,True,0.006581119036494609,0.02103382026389904,0.005573119529675097,0.07732748612709073,-9.001129977126432e-05,False,-0.0034026535545557124,-0.0034026535545557124
20,60,10102,2,1978-05-05,1998-05-05,0.0718605247156816,0.09123098233306395,0.07380539631277383,0.04441836153995715,0.04122912497938924,0.0031892365605679096,True,0.014308816045458528,0.028990764747157123,0.01550856298377834,0.041540338220920736,0.0003112132415314939,True,-0.0028780233190364157,-0.0028780233190364157
20,60,15153,3,1992-03-03,2012-03-03,0.06673579887914327,0.08804664238408874,0.06792958163787821,-0.0016760891364284713,-0.004486428593247993,0.0028103394568195217,True,0.009769972679126271,0.013589335646840402,0.001343651345199648,-0.0044121475563473345,7.428103690065857e-05,True,-0.002736058419918863,-0.002736058419918863
20,60,20204,4,2005-12-31,2025-12-31,0.06159791400242698,0.07191671075515835,0.060569443663225586,0.010207525326837663,0.007606622041461897,0.0026009032853757663,True,0.003591794754068678,0.023616626888001487,0.003684994712121359,0.0073725614766677605,-0.00023406056479413628,False,-0.0028349638501699026,-0.0028349638501699026
20,90,0,0,1950-09-07,1970-09-07,0.08768743935936851,0.11300143837602442,0.08902707052567704,0.10011848122153943,0.09617702810588269,0.003941453115656746,True,0.012726919548399218,0.02814170069906802,0.013567991122632073,0.09619766494906679,2.063684318409642e-05,True,-0.003920816272472649,-0.003920816272472649
20,90,5051,1,1964-07-06,1984-07-06,0.08894530008337576,0.12377932412383838,0.09105420287986488,0.0812689248595746,0.07733274494795928,0.003936179911615323,True,0.005268202688835322,0.028053485700670427,0.005292777031705498,0.07695489806884281,-0.0003778468791164613,False,-0.004314026790731784,-0.004314026790731784
20,90,10102,2,1978-05-05,1998-05-05,0.08905618823621397,0.11906665952035872,0.09096494246403086,0.04501396913835909,0.04120446829382374,0.0038095008445353518,True,0.018181393574899563,0.027325163336809462,0.01789466031118936,0.04150375324899924,0.000299284955175505,True,-0.0035102158893598467,-0.0035102158893598467
20,90,15153,3,1992-03-03,2012-03-03,0.0840321976740348,0.10425696442022006,0.08573758079530536,-0.0011206688195030123,-0.004532339037569888,0.0034116702180668756,True,0.022064785792488495,0.03190931496521466,0.02150316874913205,-0.004056586135307572,0.00047575290226231637,True,-0.0029359173158045593,-0.0029359173158045593
20,90,20204,4,2005-12-31,2025-12-31,0.08463104793776366,0.0978822147075376,0.08477593463020794,0.010772333430197456,0.007291747622307332,0.003480585807890124,True,0.006395418181547319,0.02480341373557562,0.005344877995748565,0.006994808916142903,-0.0002969387061644291,False,-0.0037775245140545533,-0.0037775245140545533
20,120,0,0,1950-09-07,1970-09-07,0.09908685511663307,0.12002160895404163,0.1004781706821205,0.10101201128653314,0.09672914657295384,0.004282864713579304,True,0.020923953718665178,0.06071526622650575,0.024322455618601246,0.09695831848569525,0.00022917191274141047,True,-0.004053692800837894,-0.004053692800837894
20,120,5051,1,1964-07-06,1984-07-06,0.11767695814861501,0.17043362685109636,0.1238045457254302,0.08229214783784178,0.07717836468326844,0.005113783154573337,True,0.022630891392263708,0.06810453475910626,0.025358386892597506,0.07749344826193894,0.0003150835786704942,True,-0.004798699575902843,-0.004798699575902843
20,120,10102,2,1978-05-05,1998-05-05,0.11213729577512499,0.15344716262200828,0.11750853949267981,0.045479581652702494,0.040798276490507046,0.004681305162195448,True,0.04172412307054163,0.06897551147601155,0.0470648019611124,0.04206610803215671,0.0012678315416496666,True,-0.0034134736205457816,-0.0034134736205457816
20,120,15153,3,1992-03-03,2012-03-03,0.10252370155079249,0.13854121797314736,0.10454480252414533,-0.0003225648749758392,-0.0043672338832818625,0.004044669008306023,True,0.012212663737986684,0.0513463631793308,0.013478545605324355,-0.004585811626989789,-0.00021857774370792615,False,-0.004263246752013949,-0.004263246752013949
20,120,20204,4,2005-12-31,2025-12-31,0.09266641935914333,0.10879081846400714,0.08995781507796563,0.011344478721472706,0.007704571000824778,0.003639907720647928,True,0.013938603945968575,0.05055464657802405,0.0162054254858095,0.007569160585393586,-0.00013541041543119192,False,-0.00377531813607912,-0.00377531813607912
