date,year,investment_signal_a,investment_signal_b,wealth_a,wealth_b,wealth_return_a,wealth_return_b,relative_advantage
1994-07-04,1994,False,False,0.05,0.05,0.0,0.0,0.0
1994-07-05,1994,False,False,0.1,0.1,0.0,0.0,0.0
1994-07-06,1994,False,False,0.15000000000000002,0.15000000000000002,0.0,0.0,0.0
1994-07-07,1994,False,False,0.2,0.2,0.0,0.0,0.0
1994-07-08,1994,False,False,0.25,0.25,0.0,0.0,0.0
1994-07-11,1994,False,False,0.30000000000000004,0.30000000000000004,0.0,0.0,0.0
1994-07-12,1994,False,False,0.35000000000000003,0.35000000000000003,0.0,0.0,0.0
1994-07-13,1994,True,False,0.4,0.4,0.0,0.0,0.0
1994-07-14,1994,False,False,0.46828738056184754,0.45,0.040638623470772295,0.0,0.040638623470772295
1994-07-15,1994,False,False,0.5248899997396446,0.5,0.04977999947928913,0.0,0.04977999947928913
1994-07-18,1994,False,False,0.5712866776016039,0.55,0.0387030501847343,0.0,0.0387030501847343
1994-07-19,1994,True,False,0.6035200083313808,0.6000000000000001,0.005866680552301107,0.0,0.005866680552301107
1994-07-20,1994,False,False,0.6790489342780381,0.65,0.04469066812005851,0.0,0.04469066812005873
1994-07-21,1994,False,False,0.7259181752083137,0.7000000000000001,0.03702596458330509,0.0,0.03702596458330509
1994-07-22,1994,False,False,0.7709494580777563,0.75,0.02793261077034148,0.0,0.027932610770341704
1994-07-25,1994,False,False,0.8220864999289497,0.8,0.027608124911187026,0.0,0.027608124911187026
1994-07-26,1994,False,False,0.8850612377651703,0.8500000000000001,0.04124851501784743,0.0,0.04124851501784743
1994-07-27,1994,False,False,0.9464160803613346,0.9,0.05157342262370501,0.0,0.05157342262370501
1994-07-28,1994,False,False,1.012817519666905,0.9500000000000001,0.06612370491253139,0.0,0.06612370491253139
1994-07-29,1994,False,True,1.054390949235458,1.0,0.05439094923545795,0.0,0.05439094923545795
1994-08-01,1994,False,False,1.0901902836305255,1.0317437977272046,0.04476568847925333,-0.011245527178095571,0.05664825515023275
1994-08-02,1994,False,False,1.1584030987424896,1.1130198830796678,0.06573085084309027,0.023978292433294524,0.040774847199718245
1994-08-03,1994,False,False,1.2145601550486496,1.1758730993201896,0.07441859869688217,0.04019543401401404,0.0329007065055118
1994-08-04,1994,False,False,1.2522441752518594,1.2104969579809146,0.06672651965899123,0.031164075317075435,0.03448766805707493
1994-08-05,1994,False,False,1.3135568596778142,1.2812286880147863,0.07899313473534741,0.05243785086928865,0.02523216344235868
1994-08-08,1994,False,False,1.374386690714906,1.3512225511979208,0.0900308236704428,0.07165926474317841,0.017143097187394707
1994-08-09,1994,False,False,1.4143447946205028,1.389321524704051,0.08433100920905212,0.0651465022731057,0.018011143908378102
1994-08-10,1994,False,False,1.4507983174779004,1.4220650130032213,0.07639875167715182,0.05508049351851896,0.020205338161015662
1994-08-11,1994,False,False,1.4865820759571982,1.4537850085739505,0.06848086709423629,0.04490797491252696,0.02255977822705635
1994-08-12,1994,False,False,1.543035074662984,1.5170904657875044,0.07544868840147356,0.05736608221553352,0.017101556868602374
1994-08-15,1994,False,False,1.6026967120173428,1.5852991672349859,0.08417718754114345,0.07240826018837287,0.010974297559684487
1994-08-16,1994,False,False,1.6606761504685665,1.6509372357831271,0.09130147030791513,0.08490161208605485,0.00589902176433732
1994-08-17,1994,False,False,1.7391690699885802,1.7479227444093386,0.1111357947149263,0.11672842003929973,-0.005008044233508979
1994-08-18,1994,False,False,1.7916346342573046,1.8051348495651964,0.11371882670048672,0.12211085243241948,-0.007478784929083604
1994-08-19,1994,False,False,1.8525111930417058,1.8752001192177574,0.12125677473576935,0.13498954584232692,-0.01209946924785632
1994-08-22,1994,False,False,1.9345398454414582,1.9775887173638798,0.14088247295265477,0.16627026921459587,-0.021768364445265198
1994-08-23,1994,False,False,1.9652770072113495,2.0015968142365868,0.13003427914652588,0.15091816818603743,-0.018145416083253374
1994-08-24,1994,False,False,1.9937556611946237,2.0221535984203642,0.11844829774332544,0.13437884789435062,-0.014043412551808188
1994-08-25,1994,False,False,2.060114942329985,2.100597227152258,0.1281581827045155,0.1503270529643317,-0.019271797705433413
1994-08-26,1994,False,False,2.081740193374559,2.1106810624868695,0.11348894064220594,0.12896894039995344,-0.013711625894919255
1994-08-29,1994,False,False,2.142165050601637,2.1800560696016444,0.1197680946326738,0.139574763655405,-0.01738075434313535
1994-08-30,1994,False,False,2.1944592797968934,2.237006351036273,0.12161252078507889,0.14335880164076165,-0.019019647047345267
1994-08-31,1994,False,True,2.2301184309500326,2.2685359293551994,0.1150592154750163,0.13426796467759972,-0.016934930546189997
1994-09-01,1994,False,False,2.2944660121058162,2.361870477267473,0.1205531687028405,0.1534716284329518,-0.028538595071326278
1994-09-02,1994,False,False,2.331275374180642,2.3799489688311217,0.11265415585894267,0.1358847351239445,-0.020451528704157562
1994-09-05,1994,True,False,2.2911241364370203,2.187710619660291,0.06919126367060935,0.02093162250813596,0.04727019919699771
1994-09-06,1994,False,False,2.4268303256047603,2.3139484094037233,0.10790080081956432,0.05636775211909084,0.04878324674063306
1994-09-08,1994,False,False,2.609608528150172,2.4821984885227732,0.16599529981177885,0.10906740976549445,0.05132951301699662
1994-09-09,1994,False,False,2.6949042632751574,2.563444393899408,0.17902061518288126,0.12150692233099103,0.05128251257901417
1994-09-12,1994,False,False,2.8187351420771014,2.67908333860279,0.2080293466044718,0.1481785736869099,0.05212671120083301
1994-09-13,1994,False,False,2.86640188170565,2.7267449518645686,0.20388879031637286,0.14523287978311883,0.051217452422744225
1994-09-14,1994,False,False,2.8975194940372866,2.7596362870986475,0.19309626225064735,0.13632082409944313,0.04996426796648734
1994-09-15,1994,False,False,2.855048335708593,2.7268488355986045,0.1530002894207776,0.1012274143763594,0.047013790583608106
1994-09-16,1994,False,False,2.905624287916714,2.7771069530669816,0.15128509521228284,0.10036313234729466,0.04627741639831351
1994-09-19,1994,False,False,2.952337187355239,2.8239172534741375,0.14813112841592613,0.09819004301772027,0.04547581333097206
1994-09-20,1994,True,False,2.9453965761049288,2.8228412058087806,0.12460596542188163,0.07781209676335266,0.043415609083485185
1994-09-21,1994,False,False,3.0661186213732754,2.925157104337321,0.14979448301497822,0.09693391412649555,0.048189383341818326
1994-09-22,1994,False,False,3.164539985646661,3.0107872709152614,0.16588315260666442,0.10923741560035949,0.05106727938459099
1994-09-23,1994,False,False,3.2451549388194785,3.0830943913183604,0.1749698916415352,0.11629279685664784,0.052564251019191044
1994-09-26,1994,False,False,3.185764851358112,3.050647464960166,0.1339163030257684,0.0858236739688727,0.044291380092229105
1994-09-27,1994,False,False,3.206304500626135,3.0780052666391993,0.12220657521914702,0.07730184332371981,0.04168259079264747
1994-09-28,1994,False,False,3.287829685676298,3.1509934373259965,0.13187579342954514,0.08476823252206445,0.043426383162011195
1994-09-29,1994,False,False,3.4296008431082567,3.2690586236650523,0.16163899524634484,0.10726179188654994,0.04910961775999456
1994-09-30,1994,False,True,3.500772140553615,3.334299847374785,0.16692404685120477,0.11143328245826178,0.04992721134840328
1994-10-04,1994,False,False,3.4686952654155307,3.296399470218196,0.13629672487750133,0.07985499886458136,0.05226787492049012
1994-10-05,1994,False,False,3.4256387182569674,3.2467645950575332,0.10317179062512505,0.04556825942530729,0.05509303737995963
1994-10-06,1994,False,False,3.371602499077926,3.185395221892799,0.06767412470800971,0.008708486932719639,0.05845656950363609
1994-10-07,1994,False,False,3.3658085693981885,3.175584679336631,0.04836660358304212,-0.010883460534491851,0.05990200522736311
1994-10-10,1994,False,False,3.5068464194327262,3.322700247394511,0.07467874143906106,0.018246850007995308,0.055420639337723454
1994-10-11,1994,False,False,3.49911824701363,3.3108224875733776,0.0552896300517296,-0.0014979799381877879,0.056872804309801905
1994-10-13,1994,False,False,3.5623312715351387,3.3747629609702665,0.057567096236994075,0.0018827540380479402,0.05557969929566409
1994-10-14,1994,False,False,3.55192929297634,3.3600275772828563,0.038256254870006945,-0.017838092794241978,0.057113137103674605
1994-10-17,1994,False,False,3.57645746271067,3.3826237053804227,0.029586239265192882,-0.02621438784502983,0.05730278452845172
1994-10-18,1994,False,False,3.700314686060314,3.5113775200847797,0.04934297067382021,-0.004236225647599734,0.05380713548880167
1994-10-19,1994,False,False,3.667100021075547,3.472261132772327,0.02463088824169679,-0.029809389372438044,0.056112971015995106
1994-10-20,1994,False,False,3.7002753936446586,3.5040989380544483,0.018916412742731925,-0.035103190970514286,0.055984850615870885
1994-10-21,1994,False,False,3.6604046580568044,3.4578688913302007,-0.006461592813153172,-0.06143558663894555,0.058572425124161054
1994-10-24,1994,False,False,3.589130922700536,3.378076964304151,-0.03952834462943422,-0.09600757293269202,0.062477545842375415
1994-10-25,1994,False,False,3.755143259869736,3.55188395528321,-0.009059417534375336,-0.06269728957804188,0.057225772898405136
1994-10-26,1994,False,False,3.8762128980950084,3.677658545105704,0.008877329641166387,-0.04280120058892645,0.05398933874748768
1994-10-27,1994,False,False,3.953306958746033,3.7564343424041144,0.015038273191548823,-0.03551010127461918,0.052409438951066756
1994-10-28,1994,False,False,4.1316074262593965,3.943374243066488,0.04667388131904704,-0.00101185842315632,0.04773403983247926
1994-10-31,1994,False,True,4.110453333649456,3.917147563406178,0.02761333341236405,-0.020713109148455477,0.04934860561525234
1994-11-01,1994,False,False,4.105270526085394,3.887953892497989,0.01364704347787482,-0.04001138456839781,0.05589485873449496
1994-11-03,1994,False,False,4.0455306953729435,3.780464623238303,-0.01328519625050173,-0.07793545774675525,0.07011468127628917
1994-11-04,1994,False,False,4.185814319707137,3.9600320002808758,0.008629956555936458,-0.045775421619066115,0.05701527649530269
1994-11-07,1994,False,False,4.316654288313872,4.126046646013388,0.02777483055092178,-0.0176079414253838,0.04619619181587531
1994-11-08,1994,False,False,4.351464793860671,4.154247975773711,0.023874069143687393,-0.022529888053244407,0.047473530525155905
1994-11-09,1994,False,False,4.460004081472445,4.288258581304151,0.03721025150521973,-0.0027305624874066625,0.04005017349398332
1994-11-10,1994,False,False,4.5712171752239215,4.426106405940452,0.050854523039981725,0.017495725503552162,0.03278519673379532
1994-11-11,1994,False,False,4.598120041336283,4.442959364302591,0.04502728212188223,0.009763491886952469,0.03492282155005655
1994-11-14,1994,False,False,4.6462426880892576,4.4902651466325185,0.04409948046949608,0.009048347557869318,0.03473682207245932
1994-11-16,1994,False,False,4.719510490453899,4.573657117149477,0.04878010898975549,0.016368248255439255,0.03188987927353093
1994-11-17,1994,False,False,4.703575568838694,4.529032926858146,0.03375287227224022,-0.0046081479432645844,0.038538611840393644
1994-11-18,1994,False,False,4.661869707196148,4.447424475823094,0.013449936346988656,-0.033168592212370895,0.04821784665232953
1994-11-21,1994,False,False,4.581592769751094,4.3104620981120085,-0.014711232311592881,-0.07301890363182617,0.06290060449849233
1994-11-22,1994,False,False,4.638021282384845,4.369687752558014,-0.013186961194714186,-0.07027920158340129,0.06140794148729456
1994-11-23,1994,False,False,4.630107779188746,4.336575219584265,-0.025240467539211386,-0.08703679587699675,0.06768764399124638
1994-11-24,1994,False,False,4.782736423359435,4.533859118881557,-0.003596578466784406,-0.055446016899675654,0.054893038789276094
1994-11-25,1994,False,False,4.733350480251788,4.4412288682871175,-0.024051447370765366,-0.08428270756966638,0.06577495117411858
1994-11-28,1994,False,False,4.783407369744123,4.491310511246817,-0.023794414337934167,-0.08340601811289461,0.06503599734773591
1994-11-29,1994,False,False,4.988829462800844,4.764359077144932,0.007844335919362067,-0.03750321673839763,0.04711449788340194
1994-11-30,1994,False,True,5.02972714402739,4.801296203593066,0.0059454288054781035,-0.03974075928138687,0.047576931467668615
1994-12-01,1994,False,False,5.075241280430077,4.845099788163726,0.00547232914180773,-0.040121740080771295,0.047499845685030406
1994-12-02,1994,False,False,5.0506675622771695,4.761858765285358,-0.008747487777378105,-0.06542958812156519,0.060650433208407906
1994-12-05,1994,False,False,5.158589471770348,4.918785673209576,0.003059063955345387,-0.04356945243147148,0.04875264231716292
1994-12-06,1994,False,False,5.17298505586629,4.906182277037851,-0.0033698516220909136,-0.054772221855093006,0.05438093486194795
1994-12-07,1994,False,False,5.2343713606301865,4.978756515405815,-0.000710922061510022,-0.04951011978616271,0.05134110182601215
1994-12-08,1994,False,False,5.379555887602191,5.2032274313487905,0.01775381657338726,-0.015605621096174693,0.033888285411289853
1994-12-09,1994,False,False,5.4058982650882905,5.2122793659922415,0.013605924704054306,-0.022697618876454717,0.03714668487635642
1994-12-12,1994,False,False,5.500109806928954,5.344354203790472,0.02214430040272597,-0.0068014311539832395,0.029143952140749496
1994-12-13,1994,False,False,5.5602445428615,5.414659788453988,0.024255573685012966,-0.0025626705479496747,0.02688714713303897
1994-12-14,1994,False,False,5.688476001117947,5.608400758764002,0.03876518281284258,0.02414274725255683,0.014277731887974543
1994-12-15,1994,False,False,5.6597493500246525,5.517631930411789,0.024609796125152572,-0.0011183574254519657,0.025756959037000593
1994-12-16,1994,False,False,5.750035516894264,5.64259144522789,0.03205765687845741,0.012772823502441799,0.01904161814820804
1994-12-19,1994,False,False,5.8006128181146845,5.695572765239268,0.03231245068142674,0.013618881949361228,0.01844240381169171
1994-12-20,1994,False,False,5.777802674224134,5.6155284816717135,0.019612236627788215,-0.009024385587344752,0.02889740352703396
1994-12-21,1994,False,False,5.652534554639896,5.3497639562082995,-0.010806452938018407,-0.06379130766354757,0.05659513221704615
1994-12-22,1994,False,False,5.54427639326355,5.114832497000779,-0.03777021273938408,-0.11230179804118712,0.08396050046889836
1994-12-23,1994,False,False,5.6659655599015775,5.296714595673912,-0.024710846246449925,-0.0882704384495725,0.06971320760405919
1994-12-26,1994,False,False,5.6719983886244085,5.268952467931564,-0.031610031210466905,-0.1004227493775377,0.0764945068580336
1994-12-27,1994,False,False,5.625977331861551,5.146834970208813,-0.04721351637828575,-0.12835859375495917,0.09309456480072442
1994-12-28,1994,False,False,5.720018205225212,5.278600446138253,-0.0390369415221643,-0.11319512504877349,0.08362401428012878
1994-12-29,1994,False,True,5.857863987686119,5.489768801723336,-0.02368933538564688,-0.08503853304611064,0.06705112715260997
1995-01-02,1995,False,False,5.875388493860435,5.470687013399628,-0.02847906794433741,-0.09539821038273866,0.0739763542439098
1995-01-03,1995,False,False,5.80752187204129,5.262346331408478,-0.047203442868225864,-0.13664630500329644,0.1035993274290814
1995-01-04,1995,False,False,5.781127690133693,5.145924192710845,-0.058886189978236136,-0.16229141048893236,0.12343817624103526
1995-01-05,1995,False,False,5.867886708478592,5.2802921536165,-0.052110608630381416,-0.14702972903118072,0.11128069011477804
1995-01-06,1995,False,False,5.7964360486423985,5.064007893809863,-0.0708003280802263,-0.18821247503811367,0.14463408631883068
1995-01-09,1995,False,False,5.730503669562612,4.859954222068342,-0.08832896166049364,-0.22682546467094566,0.17912708797569188
1995-01-10,1995,False,False,5.574572113610303,4.456428485182322,-0.11980440311416274,-0.29635339707647546,0.25090577177347795
1995-01-11,1995,False,False,5.752524988166739,4.792916370504306,-0.09848488991416782,-0.24887131507022076,0.20021392894895507
1995-01-12,1995,False,False,5.994421652106688,5.271127771137553,-0.06753440967229307,-0.18004679115638067,0.13721805131144493
1995-01-13,1995,False,False,6.191773843549049,5.650611847492581,-0.0439172741578675,-0.1274790529607045,0.09577051311648765
1995-01-16,1995,False,False,6.21242727180174,5.638464928690331,-0.047730126220171254,-0.13570975545622666,0.1017940787732674
1995-01-17,1995,False,False,6.347314800661273,5.879503791689695,-0.03410426946458878,-0.10529290126461166,0.07956640994649922
1995-01-18,1995,False,False,6.320237944845667,5.761568590551013,-0.045143907613244605,-0.12954719135560233,0.09696480142766561
1995-01-19,1995,False,False,6.214767368593691,5.469883385765607,-0.0677848947109464,-0.179517492135159,0.1361791340500076
1995-01-20,1995,False,False,6.292480957657469,5.584203269327411,-0.06282198502973868,-0.16831015137676864,0.12683594313631907
1995-01-23,1995,False,False,6.281048712233737,5.500942415796022,-0.0711125143879685,-0.18648034695974325,0.14181320898717842
1995-01-24,1995,False,False,6.375203364582067,5.651701886479671,-0.06378132408235393,-0.17002979289459375,0.12801479848631048
1995-01-26,1995,False,False,6.472088712562432,5.8085136069275025,-0.056153729417978804,-0.15292509898973916,0.114241809616064
1995-01-27,1995,False,False,6.438583344113074,5.676330401135644,-0.06751551568017544,-0.17791076949069984,0.13428621822734788
1995-01-30,1995,False,False,6.3703753853399245,5.467233187923972,-0.08371312950590126,-0.21361714420271638,0.16519181940342587
1995-01-31,1995,False,True,6.591109158131593,5.898539652884808,-0.05841297740977247,-0.15735147815931316,0.11741372373551284
1995-02-01,1995,False,False,6.706284901653271,6.113211541933884,-0.04950292732473327,-0.13356056885976442,0.09701502322489097
1995-02-02,1995,False,False,6.709559013753802,6.029236648557621,-0.056468263690871656,-0.15213859629658455,0.11283723045751337
1995-02-03,1995,False,False,6.791568183244706,6.1553924856728015,-0.05233932326818058,-0.14110802525495791,0.1033525805304305
1995-02-06,1995,False,False,6.7819283805854,6.036952508610443,-0.06096376268817538,-0.1641142680385541,0.1234026391482137
1995-02-07,1995,False,False,6.7280285528901755,5.800389909927893,-0.07553806143493769,-0.20299985970456436,0.15992694583764866
1995-02-08,1995,False,False,6.737446730162789,5.7328125013009625,-0.08125726406871059,-0.21825284073168694,0.17524281993067836
1995-02-09,1995,False,False,6.7049942410775145,5.553489270678583,-0.09255717038048683,-0.24839994832921442,0.20734801388357216
1995-02-10,1995,False,False,6.707130563331363,5.466477806052444,-0.09904216313459302,-0.2656970111272837,0.22695651593157073
1995-02-13,1995,False,False,6.755404263868156,5.502599305608792,-0.0992794314842459,-0.2663200925854945,0.22767512018954061
1995-02-14,1995,False,False,6.752534310796607,5.402226927483196,-0.10628222357103745,-0.2849993772448711,0.2499538433759383
1995-02-15,1995,False,False,6.738229569765905,5.271337008296343,-0.11468516601615852,-0.30741557555230525,0.2782771352241147
1995-02-16,1995,False,False,6.676820329082581,5.014733039364611,-0.1291103918587938,-0.34590438616983343,0.3314408317792654
1995-02-17,1995,False,False,6.823114624911002,5.312455152097805,-0.1164311996518127,-0.312056167354241,0.28436183074725085
1995-02-20,1995,False,False,6.843569363696427,5.274332484594675,-0.12011251038188797,-0.32187153769497034,0.2975233138383284
1995-02-21,1995,False,False,6.803266124669049,5.074056912348147,-0.13149794153161076,-0.3522480537427898,0.34079420908991476
1995-02-22,1995,False,False,6.903935047645534,5.2500125179613,-0.12485330381958015,-0.33450545546969435,0.3150321116427528
1995-02-23,1995,False,False,7.155759351753684,5.829376614120526,-0.0992750466324035,-0.2662323143065073,0.22753423314943388
1995-02-24,1995,False,True,7.241750785707975,5.966160450610273,-0.09478115178650315,-0.2542299436737159,0.21380422897731877
1995-03-02,1995,False,False,7.126890741765068,5.497608448942628,-0.11417177220999164,-0.31668143572464513,0.2963620104912721
1995-03-03,1995,False,False,7.171719502803938,5.541056581331756,-0.11360770190063674,-0.31515031017247963,0.29428736154148116
1995-03-06,1995,False,False,7.148451541518909,5.366170491966002,-0.12141936361220107,-0.3404706657918881,0.3321327662289639
1995-03-07,1995,False,False,7.050829013753231,4.9528860501911955,-0.1382320094301609,-0.39464726053218724,0.42357989711494537
1995-03-08,1995,False,False,6.952694480556545,4.537959997726505,-0.15492111286053034,-0.4484247516575518,0.5321189442039618
1995-03-09,1995,False,False,6.870147668259399,4.173011870709464,-0.16954258955106172,-0.49556999365050436,0.6463283309786962
1995-03-10,1995,False,False,7.227299742212397,5.217842523929263,-0.13114429328594135,-0.3727183851014001,0.3851126608493207
1995-03-13,1995,False,False,7.264050195339828,5.235389687655741,-0.13147225925284667,-0.3740294938672484,0.38748987729936557
1995-03-14,1995,False,False,7.506342384270308,5.911952342777703,-0.10735387862731482,-0.29695701869670543,0.26968925814166633
1995-03-15,1995,False,False,7.507707573165938,5.816045967714258,-0.11199157736746979,-0.31208058446390496,0.29086111334785647
1995-03-16,1995,False,False,7.6682495616123365,6.2304981160177,-0.09785299275148984,-0.2670002216449765,0.23076027290633272
1995-03-17,1995,False,False,7.622339582378341,5.983016353921416,-0.10802409142381131,-0.2998597883708981,0.27399611357947773
1995-03-20,1995,False,False,7.604646791342052,5.826005580956645,-0.11480301899722134,-0.32184062020610493,0.3052934271465888
1995-03-21,1995,False,False,7.727471046370954,6.119525741771794,-0.10524019463073175,-0.291423335163266,0.2627565227192932
1995-03-22,1995,False,False,7.77167402299415,6.160967461095505,-0.10483335860800391,-0.2903597688790518,0.261437277841464
1995-03-23,1995,False,False,7.897740979086094,6.464884489613268,-0.09505051281305166,-0.2592319855651464,0.22163682766102144
1995-03-24,1995,False,False,8.065849270012928,6.903595995889475,-0.08057676714878548,-0.21306159632347954,0.16835476392527582
1995-03-27,1995,False,False,8.117618549116555,6.969297073185953,-0.07944531917234943,-0.2096673422160259,0.16476862212528087
1995-03-28,1995,False,False,8.096796836001893,6.802254234894099,-0.08651522875876072,-0.2325661888837426,0.19031082291324375
1995-03-29,1995,False,False,8.109483033872005,6.742645696195918,-0.08975190436130565,-0.24317242185556032,0.20271528406827488
1995-03-30,1995,False,False,8.11357891839967,6.6554945781452,-0.0939150446457222,-0.2567467983797239,0.21907978785564852
1995-03-31,1995,False,True,8.07569035758478,6.433731383523802,-0.10270107137946893,-0.28514095738624423,0.25521099284093274
1995-04-03,1995,False,False,8.085873371050903,6.307900991051953,-0.10740358890996526,-0.30367326722153765,0.2818643448147151
1995-04-04,1995,False,False,8.276452964708408,6.8669098807940685,-0.09225999741907775,-0.24685504533226343,0.20526599422203917
1995-04-05,1995,False,False,8.366679493888588,7.044948573807887,-0.08824646540957681,-0.23228124516196091,0.18761399124966038
1995-04-06,1995,False,False,8.467771916104578,7.264237441184008,-0.08310749953007746,-0.21342651910746402,0.16567939644940965
1995-04-07,1995,False,False,8.497240467471956,7.211620708967767,-0.08573994970238452,-0.22406612625030364,0.17827057334081653
1995-04-10,1995,False,False,8.505489238198718,7.0784473535204295,-0.09060806887183515,-0.24318487415190382,0.20160380001534617
1995-04-11,1995,False,False,8.509528186492759,6.929292255126442,-0.0958626301851444,-0.2637626978928156,0.22805156330319654
1995-04-12,1995,False,False,8.570058400674545,6.994594869516578,-0.09508700117101077,-0.26144029328085827,0.22524014050106866
1995-04-17,1995,False,False,8.681390931510672,7.252758246762933,-0.08898984052048509,-0.2389080852162354,0.19697784430983467
1995-04-18,1995,False,False,8.786181170728378,7.486085131592194,-0.08364981654980119,-0.2192426549873171,0.17366834817969412
1995-04-19,1995,False,False,8.922829525653171,7.84035493601774,-0.07507254917009831,-0.18728028102255123,0.1380644879561077
1995-04-20,1995,False,False,9.012145822956004,8.014938117043092,-0.07147588490756329,-0.1742184970319237,0.12441864071195186
1995-04-24,1995,False,False,9.144129239509404,8.351498422527754,-0.06355302968879606,-0.14472606516282038,0.0949088147874837
1995-04-25,1995,False,False,9.308881003647235,8.81245715959717,-0.05238935891016172,-0.10292352267573734,0.05633205757028126
1995-04-26,1995,False,False,9.43984040933862,9.145130014094809,-0.044778053816925345,-0.07459993904993012,0.03222593826327147
1995-04-27,1995,False,False,9.513000090818574,9.2583778573249,-0.043070996781563564,-0.06868388417441829,0.027501819154229556
1995-04-28,1995,False,True,9.55054695009739,9.236428794006287,-0.04494530499026106,-0.07635712059937139,0.03400861556957402
1995-05-02,1995,False,False,9.623194672887628,9.397650519981978,-0.042034919441050755,-0.06448727855383019,0.024000057506509798
1995-05-03,1995,False,False,9.733787687064702,9.720413479027975,-0.03539040938998439,-0.03671578135758813,0.001375888799955094
1995-05-04,1995,False,False,9.817870197814091,9.930315546603566,-0.0314208773456951,-0.02032761423641949,-0.011323441663234401
1995-05-05,1995,False,False,9.843015194505368,9.889307992798592,-0.03327529339679436,-0.0287286792787097,-0.004681095818527936
1995-05-08,1995,False,False,9.834993617165873,9.707103229278497,-0.03835617965489235,-0.05086101758165806,0.013174928180595957
1995-05-09,1995,False,False,9.966465075029555,10.118750195126298,-0.02981313428915844,-0.014988919058502082,-0.015049795395689292
1995-05-10,1995,False,False,10.003386196633988,10.12787612744659,-0.030508826757939533,-0.018443723331167394,-0.01229181017283909
1995-05-11,1995,False,False,9.992349476200786,9.93283525395239,-0.03582592773501181,-0.04156852812740086,0.0059916650912652525
1995-05-12,1995,False,False,10.06465586203702,10.092603835402713,-0.03308982984797204,-0.030404871708036296,-0.0027691539092872253
1995-05-15,1995,False,False,10.050774666987115,9.885453424197099,-0.03862155359253683,-0.05443488985940803,0.01672368840313898
1995-05-16,1995,False,False,10.062721301456884,9.788257615411151,-0.04164559033743964,-0.06778498900846175,0.02804009628982418
1995-05-17,1995,False,False,10.181733960499402,10.146864806082943,-0.03449074512505679,-0.037797302871445004,0.0034364461420197667
1995-05-18,1995,False,False,10.252049214103943,10.298156711135276,-0.0319953531747349,-0.027641855600961218,-0.0044772572727969084
1995-05-19,1995,False,False,10.264450964512385,10.202898428383154,-0.03496614863558778,-0.040753139211840206,0.00603284807364135
1995-05-22,1995,False,False,10.35752201505056,10.45106663512682,-0.030359641144203087,-0.0216022724562126,-0.008950724681234923
1995-05-23,1995,False,False,10.411509984355217,10.532849793715616,-0.02943550993298827,-0.01812417177227299,-0.011520130993683875
1995-05-24,1995,False,False,10.485921281407812,10.701579433072391,-0.02662334096636354,-0.0066044408118456355,-0.02015199279819435
1995-05-25,1995,False,False,10.485522896041086,10.551828230618892,-0.030749984399563668,-0.024620919858757917,-0.006283776908479477
1995-05-26,1995,False,False,10.466123420234775,10.321185316253127,-0.03659114960181986,-0.04993273239510965,0.014042777020330188
1995-05-29,1995,False,False,10.506628579856255,10.345569266089807,-0.03689238017984342,-0.051656150608434426,0.015567950841947287
1995-05-30,1995,False,False,10.444277537337708,9.932072332281644,-0.04658047377000163,-0.09333779539337694,0.05157082912004918
1995-05-31,1995,False,True,10.497582832734357,10.010949201819699,-0.04567428793324024,-0.0899137089254819,0.04861013886936938
1995-06-01,1995,False,False,10.57535331129047,10.201174363424785,-0.04274819165043153,-0.07661783779344611,0.036679987473526854
1995-06-02,1995,False,False,10.732712189621967,10.767825852325082,-0.03267400866068104,-0.02950925794494963,-0.0032609798101008725
1995-06-05,1995,False,False,10.835115818358739,11.074557518375359,-0.027617811172933604,-0.006129453479134406,-0.02162088188348188
1995-06-06,1995,False,False,10.809062973405148,10.773733325217208,-0.03408373429145484,-0.037240851789100526,0.0032792391570752866
1995-06-07,1995,False,False,10.785513266114254,10.48474813020129,-0.04027212462542651,-0.06703512400751233,0.02868596671832413
1995-06-08,1995,False,False,10.838991931443712,10.560081196198757,-0.03958299341637994,-0.06429660286846461,0.026411798362436123
1995-06-09,1995,False,False,10.802528309392981,10.210017533494483,-0.0468357374065016,-0.09911609998578097,0.05803229758957196
1995-06-12,1995,False,False,10.86954667389795,10.349388816715866,-0.04493522949013817,-0.09063947635550973,0.050259765711183846
1995-06-13,1995,False,False,10.965237342539304,10.624370442293783,-0.040541732527811125,-0.07036758629929407,0.03208349163811053
1995-06-14,1995,False,False,10.942142751187083,10.337537792394638,-0.04653527894220455,-0.09921869858801913,0.05848636018890829
1995-06-16,1995,False,False,11.019856340250861,10.527493885860125,-0.04373147460633042,-0.08645714213610489,0.04676919879783048
1995-06-19,1995,False,False,11.055073478541079,10.51645607904718,-0.044623279632252544,-0.09117046230456471,0.05121662615669864
1995-06-20,1995,False,False,11.034880251297896,10.243345904267446,-0.050276699683378,-0.11840055741960498,0.07727302723426432
1995-06-21,1995,False,False,11.113617851223689,10.438145224245666,-0.047404184180826814,-0.10530183792180003,0.06471193995356939
1995-06-22,1995,False,False,11.142577145357155,10.39750992207713,-0.048804390030486866,-0.11240768957878144,0.07165823633387602
1995-06-23,1995,False,False,11.182686779988103,10.409611975269467,-0.0492452535232788,-0.11497226121190773,0.07426547757546209
1995-06-26,1995,False,False,11.202657534332786,10.326463907044717,-0.05138787007665924,-0.12558168529056835,0.08484933808661554
1995-06-27,1995,False,False,11.320990220923102,10.708534652181958,-0.04521769221130467,-0.09687057150272649,0.05719321911297648
1995-06-28,1995,False,False,11.36860926854215,10.756153699801006,-0.04503682144245946,-0.09648308921671556,0.05694001646262037
1995-06-29,1995,False,False,11.425728861380989,10.848707126732632,-0.044062525541829656,-0.09233924437695107,0.05318806452305269
1995-06-30,1995,False,True,11.43090834771881,10.695601342212848,-0.04742430435676581,-0.10869988814892928,0.06874854269333053
1995-07-03,1995,False,False,11.47340734102779,10.716506616151504,-0.047661841258562765,-0.1104875931257645,0.07062942729261379
1995-07-04,1995,False,False,11.543327069641798,10.880478989134026,-0.04563043912410336,-0.10043283948104509,0.060920854786791656
1995-07-05,1995,False,False,11.62889140864768,11.126076781695517,-0.042326589876073295,-0.08373485327213392,0.045192446251978824
1995-07-06,1995,False,False,11.745176073513969,11.531957216339341,-0.036528525219557184,-0.05401913459716334,0.01848939023746321
1995-07-07,1995,False,False,11.872838636847074,11.997201592495147,-0.029845870140900455,-0.019683916566544335,-0.010365996994321391
1995-07-10,1995,False,False,11.918580331219097,12.03502558976472,-0.0298829962961199,-0.02040489385636013,-0.009675530614962291
1995-07-11,1995,False,False,11.926831850142957,11.877245399752328,-0.032959579718138565,-0.03698010272278429,0.004174911666947834
1995-07-12,1995,False,False,12.052560170736704,12.332397905851098,-0.026523986209727624,-0.003921707604334412,-0.022691267120210634
1995-07-13,1995,False,False,12.089370214812277,12.323621209033767,-0.027292051681770735,-0.008444270537512955,-0.01900829230695389
1995-07-14,1995,False,False,12.147968934451804,12.428526460211872,-0.026307833498138034,-0.003820398227292743,-0.022573675701478613
1995-07-17,1995,False,False,12.189500806391104,12.44438579912201,-0.026693851961166692,-0.006341818321056181,-0.020481926295541908
1995-07-18,1995,False,False,12.181993935938422,12.20438655011553,-0.03097775509580747,-0.029196524422628323,-0.001834800469909359
1995-07-19,1995,False,False,12.178526219441462,11.985461500345801,-0.03490924298765785,-0.05020871129335158,0.016108242397682382
1995-07-20,1995,False,False,12.288496150658666,12.35839494745048,-0.02985556705326331,-0.02433724099075152,-0.005655976936247198
1995-07-21,1995,False,False,12.292537847149804,12.178650099078656,-0.03317118056125146,-0.04212864389269,0.009351426237277582
1995-07-24,1995,False,False,12.361376675409465,12.336982897617538,-0.03138466349403446,-0.03329611623146156,0.001977288774278607
1995-07-25,1995,False,False,12.419349610633315,12.438623132012486,-0.03045969582416508,-0.02895507147857923,-0.0015494899374809412
1995-07-26,1995,False,False,12.444724866749736,12.37018567397562,-0.03207695480835393,-0.037874447579674064,0.0060257133351628855
1995-07-27,1995,False,False,12.511743231254707,12.519020241872587,-0.03045532156328845,-0.029891420371496946,-0.0005812763680611566
1995-07-28,1995,False,False,12.545424353251905,12.493918461139465,-0.03141944331511026,-0.03539600116202657,0.004122477049345319
1995-07-31,1995,False,True,12.586842446206537,12.509184160634486,-0.031781350291804844,-0.037755064566577956,0.0062081015496147085
1995-08-01,1995,False,False,12.626509111089717,12.53104758362494,-0.03196763481645504,-0.03928635192208796,0.007618000556435689
1995-08-02,1995,False,False,12.697123659802642,12.72841058581295,-0.02978789310478136,-0.027397197761801162,-0.002458038715782873
1995-08-03,1995,False,False,12.801473677469678,13.117081033707114,-0.025053329199329122,-0.0010170073666767587,-0.024060791835196826
1995-08-04,1995,False,False,12.944451660431557,13.724803346077639,-0.017417860759320836,0.04181675564285703,-0.05685703947584031
1995-08-07,1995,False,False,13.09801108896758,14.39253102927674,-0.009032055768900316,0.08890859760975323,-0.08994387003063575
1995-08-08,1995,False,False,13.09421418170752,14.16792077854122,-0.012567455149924744,0.06840058329982979,-0.0757843450437653
1995-08-09,1995,False,False,13.120056699953519,14.111390088029827,-0.01385194738911466,0.060660039296359436,-0.07025058352806923
1995-08-10,1995,False,False,13.196075750438181,14.339400994673289,-0.011368917719615235,0.07428737093643534,-0.0797331244631364
1995-08-11,1995,False,False,13.157633142346663,13.91832154590227,-0.0174494731364504,0.03935518037581898,-0.054653745499906425
1995-08-14,1995,False,False,13.13750895078672,13.601122362759215,-0.02212716547542204,0.012381276192433344,-0.03408640843066735
1995-08-15,1995,False,False,13.223768109891518,13.887202983107752,-0.018881720879016517,0.03034086648863976,-0.04777310982083505
1995-08-16,1995,False,False,13.305305441132587,14.146507013247843,-0.016006350012702453,0.046204698728940174,-0.05946355318153751
1995-08-17,1995,False,False,13.352140182049864,14.209019235831848,-0.015707614784785662,0.04745975135939906,-0.06030529198110557
1995-08-18,1995,False,False,13.39914559144414,14.272499286977602,-0.015398247274072796,0.04877790287694839,-0.06119136375297074
1995-08-21,1995,False,False,13.478805569438183,14.521157202938427,-0.01269895510484631,0.06365164225345166,-0.07178158179358596
1995-08-22,1995,False,False,13.526038536801801,14.585927692166521,-0.01238448778907486,0.06500424418993656,-0.07266518645460862
1995-08-23,1995,False,False,13.66372579697661,15.163647319122758,-0.0054883122453733835,0.10368319094880829,-0.09891561644635505
1995-08-24,1995,False,False,13.692299010854645,15.122601885599382,-0.006552437698243541,0.09722348065863029,-0.09458047534179637
1995-08-25,1995,False,False,13.74385557963565,15.211890698391835,-0.0059475524162894144,0.10023108824846605,-0.09650576301546676
1995-08-28,1995,False,False,13.819078177227635,15.435385071747126,-0.003640131422459003,0.11289610235167369,-0.10471438755862161
1995-08-29,1995,False,False,13.778815105381426,15.003982118317426,-0.009647664300710068,0.07841121475406498,-0.08165612323946114
1995-08-30,1995,False,False,13.747369904847002,14.622583640578208,-0.014985956973579184,0.04772406147445096,-0.05985356331301506
1995-08-31,1995,False,True,13.833173948013126,14.906083384762075,-0.011916146570491004,0.0647202417687196,-0.0719779575261027
1995-09-01,1995,False,False,13.962534789819175,15.438486500914335,-0.006225281863403986,0.09882466198678541,-0.09560209875545422
1995-09-04,1995,False,False,14.052471213437702,15.731244198074823,-0.003370835926404192,0.11569107787764699,-0.10671584291105007
1995-09-05,1995,False,False,14.126876805649024,15.92959612411735,-0.0016341480106695228,0.12576651053832855,-0.11316792368257311
1995-09-06,1995,False,False,14.16942428215326,15.934295186328137,-0.0021532195666718046,0.12213346382592527,-0.11075927008614495
1995-09-08,1995,False,False,14.208956615563789,15.920666388211998,-0.0028802375042955575,0.11723974654119296,-0.10751495766003838
1995-09-11,1995,False,False,14.31982837236126,16.34068168160477,0.0013865994658222025,0.14270501269963431,-0.12367007378391381
1995-09-12,1995,False,False,14.406863431870748,16.615803135809156,0.003962608492734887,0.15789568890656147,-0.13294209650196587
1995-09-13,1995,False,False,14.476035190787334,16.782340662793604,0.005280221582453892,0.16544032380511142,-0.13742454156703798
1995-09-14,1995,False,False,14.567621409683552,17.0851268118311,0.008139889943498346,0.1823617170817371,-0.1473507004000829
1995-09-15,1995,False,False,14.612672023850486,17.105041456200098,0.0077704844034818255,0.1796580314620757,-0.14570963997554054
1995-09-18,1995,False,False,14.690889212048193,17.326562564165346,0.009683107357264076,0.19082904221067665,-0.15211749834143284
1995-09-19,1995,False,False,14.746464382296933,17.410451815335897,0.010031807006639193,0.19249669968054084,-0.15301081564651908
1995-09-20,1995,False,False,14.748335871782295,17.16789766747582,0.006712346196743768,0.171870147950568,-0.14093524102705535
1995-09-21,1995,False,False,14.751117593145006,16.93087645858236,0.0034773872887758905,0.15176030330492263,-0.12874459693623375
1995-09-22,1995,False,False,14.789853473662859,16.91240633887043,0.0027019304178208525,0.1466038195844359,-0.1255027121911816
1995-09-25,1995,False,False,14.785979124422479,16.634925513783557,-0.0009473564579406402,0.12398145363402402,-0.11114846218151431
1995-09-26,1995,False,False,14.816010912613216,16.56354666520331,-0.0022888274334535996,0.1153903478251388,-0.1055049252381024
1995-09-27,1995,False,False,14.868286492306577,16.627379012619862,-0.0021284233351289705,0.11593147735703768,-0.10579493731261957
1995-09-28,1995,False,False,14.928924827373052,16.742045236792244,-0.0014097105436085,0.119869246608177,-0.10829742625678052
1995-09-29,1995,False,True,15.037748562446497,17.14961141751012,0.002516570829766529,0.14330742783400785,-0.12314348142648668
1995-10-02,1995,False,False,15.010216590692217,16.712130859499073,-0.0024856063147576934,0.1106162912958244,-0.10183705974510715
1995-10-03,1995,False,False,15.038606989902345,16.635629039061367,-0.003751587419718483,0.1020448259315101,-0.0960000998705326
1995-10-04,1995,False,False,15.04190912299314,16.397182535744882,-0.006666378670264317,0.08283280896428469,-0.08265282220267578
1995-10-05,1995,False,False,15.130716163062065,16.710669951627505,-0.003934045691838972,0.10007545136105844,-0.09454760300687781
1995-10-06,1995,False,False,15.187380639962232,16.816677218243665,-0.003328145502478508,0.10359444244724059,-0.09688576150548234
1995-10-09,1995,False,False,15.202060671519844,16.651675015552478,-0.005472666349168986,0.08936191690530215,-0.08705516668315416
1995-10-10,1995,False,False,15.222827878757203,16.525965513695823,-0.007206877472356266,0.07778035958885798,-0.07885394858525219
1995-10-11,1995,False,False,15.322330143384935,16.908490572166226,-0.0038113529068617424,0.09931362853093106,-0.09380851720687211
1995-10-13,1995,False,False,15.377287935515081,17.003481193688593,-0.003323930105503914,0.10207748477611256,-0.09563884240229159
1995-10-16,1995,False,False,15.4453872003744,17.183299982433173,-0.0019903655142696763,0.11030553732645121,-0.10113964045529533
1995-10-17,1995,False,False,15.533625345519985,17.49311518328453,0.0006323075334957462,0.12685711303366598,-0.11201491656768647
1995-10-18,1995,False,False,15.570264721118553,17.469860480800172,-7.474268046003818e-05,0.12191764555597429,-0.10873559990758508
1995-10-19,1995,False,False,15.608383223517809,17.456153537397096,-0.0006827814211159966,0.11761958623578983,-0.10585208877320695
1995-10-20,1995,False,False,15.70367566571282,17.811504204636144,0.0023622765348607633,0.13690452370017936,-0.11834084952660417
1995-10-23,1995,False,False,15.691617635873412,17.473907895475502,-0.0014425140807829973,0.11197595698480467,-0.10199723326134602
1995-10-24,1995,False,False,15.71892713472919,17.390428866478395,-0.0027266772528308225,0.10332026041101594,-0.0961161880815472
1995-10-25,1995,False,False,15.661641958484186,16.760891462332197,-0.009353972505518393,0.060176869605349737,-0.06558419081219058
1995-10-26,1995,False,False,15.547979295336102,15.767437548587653,-0.01949680119502062,-0.005657091530508418,-0.013918447596528383
1995-10-27,1995,False,False,15.641280605299418,16.10993546321727,-0.016566189487162375,0.012900133914858225,-0.029091045025468887
1995-10-30,1995,False,False,15.648223665899597,15.894991136100877,-0.01906657616748797,-0.0035975705727808727,-0.0155248573647091
1995-10-31,1995,False,True,15.729578182472757,16.16037253507393,-0.01690136359545269,0.010023283442120556,-0.026657451841917035
1995-11-01,1995,False,False,15.760926835284256,16.096038609506486,-0.017865093350239225,0.003017242728890812,-0.020819518538201742
1995-11-03,1995,False,False,15.842110683380414,16.374609594817947,-0.01572685103257787,0.017357400861470085,-0.03251979281423922
1995-11-06,1995,False,False,15.853036008443976,16.169747286824105,-0.017953521600815647,0.001665761130696719,-0.01958665604119869
1995-11-07,1995,False,False,15.910269380267485,16.283520364053352,-0.017306891218772935,0.0057468460150600364,-0.02292200798359534
1995-11-08,1995,False,False,15.961244907934244,16.354234605441643,-0.01704943382223123,0.007152277754470804,-0.024029843461866318
1995-11-09,1995,False,False,16.006474596875258,16.385413006648687,-0.017146296683098194,0.006121851285445734,-0.023126570542937652
1995-11-10,1995,False,False,15.965971820868809,15.826685356834604,-0.02249152117129738,-0.031019263867269053,0.008800735017712169
1995-11-13,1995,False,False,15.91630983659657,15.20493522910784,-0.028364806486837257,-0.07179174473469574,0.04678577032849818
1995-11-14,1995,False,False,15.969788501926029,15.292873004832513,-0.02792591727406768,-0.06912946927106434,0.044263461605913657
1995-11-15,1995,False,False,16.017407549545077,15.34049205245156,-0.027845206530501265,-0.06892967311710174,0.04412606158779231
1995-11-16,1995,False,False,16.182389619849342,16.195659994069672,-0.020662299663296357,-0.019859193442469558,-0.00081937841527846
1995-11-17,1995,False,False,16.264142362868842,16.47814541900304,-0.01854313327515622,-0.0056291557498165945,-0.012987083843027936
1995-11-20,1995,False,False,16.256294155462157,16.14410660348632,-0.021827572307434706,-0.028578112684204293,0.006949133496901627
1995-11-21,1995,False,False,16.357047988921238,16.557334311791323,-0.018577120664725832,-0.006559941292520688,-0.012096531911386932
1995-11-22,1995,False,False,16.43100687149097,16.786191913904588,-0.016948306833873716,0.004302080319077861,-0.021159357895783826
1995-11-23,1995,False,False,16.527095766578654,17.16732121730997,-0.014008491198432615,0.02418677716906048,-0.03729326448938164
1995-11-24,1995,False,False,16.512477709584214,16.786700570292574,-0.017671297730117663,-0.0013577564415183652,-0.016335721219311705
1995-11-27,1995,False,False,16.573522677394106,16.92670039298859,-0.016824925917298894,0.004126294499323002,-0.020865124767067922
1995-11-28,1995,False,False,16.58962494626007,16.757459485554083,-0.018641904587432534,-0.008713664234828888,-0.010015512162729445
1995-11-29,1995,False,False,16.71273635020645,17.324524670999967,-0.014136338892316247,0.02195229800842502,-0.03531342604842769
1995-11-30,1995,False,True,16.87191569229264,18.139765328474653,-0.007534371041609478,0.06704501932203843,-0.06989338688918012
1995-12-01,1995,False,False,16.906001296739095,18.057340873596534,-0.008598689388756853,0.058918137649179414,-0.06376019508724728
1995-12-04,1995,False,False,16.95191991559104,18.061087139686823,-0.008964681857754453,0.055878940473998995,-0.06141198564169126
1995-12-05,1995,False,False,16.97434317410901,17.893734810777342,-0.010697790466039359,0.04288638467720696,-0.05138064503529949
1995-12-06,1995,False,False,17.03977488883155,18.03957991000304,-0.009921336734558306,0.048171309755528524,-0.055422854975525015
1995-12-07,1995,False,False,17.101053670613698,18.15518240042732,-0.00939018371445044,0.051672151244265496,-0.05806213931449189
1995-12-08,1995,False,False,17.14259179855592,18.127028928466807,-0.010002297347834532,0.046849694957049826,-0.05430769343369446
1995-12-11,1995,False,False,17.199205641966675,18.208660269278543,-0.009742705462524759,0.04837740944331004,-0.055438160325008035
1995-12-12,1995,False,False,17.285572689868154,18.506961259448346,-0.007776794237175477,0.06233312365413468,-0.06599617043865791
1995-12-13,1995,False,False,17.340593627493554,18.57699269551433,-0.007616629751874826,0.06314114823726591,-0.06655539399115562
1995-12-14,1995,False,False,17.287126303237855,17.856987761932466,-0.013647448163605858,0.01886716959975021,-0.03191251885771251
1995-12-15,1995,False,False,17.325763067071037,17.80770589204219,-0.014402699777396055,0.013013209427549688,-0.027063723305679743
1995-12-18,1995,False,False,17.3199691373913,17.434869536208048,-0.017673392207657623,-0.011156653170289799,-0.006590264330807116
1995-12-19,1995,False,False,17.36065392294851,17.40050182956231,-0.018296355547554488,-0.016043051304512224,-0.0022900435288653043
1995-12-20,1995,False,False,17.510395865310162,18.16031331568791,-0.01276699869171194,0.023875231448279965,-0.035787788408711774
1995-12-21,1995,False,False,17.58936727920821,18.40475760525246,-0.011248584896579872,0.034586965975729855,-0.04430323634425626
1995-12-22,1995,False,False,17.693882075164268,18.835214653061307,-0.008307494312327135,0.05566099825417359,-0.060595676710885615
1995-12-26,1995,False,False,17.758346668517124,18.974016952977088,-0.0076218038181607994,0.06031271207813127,-0.06407026448182984
1995-12-27,1995,False,False,17.80090880732136,18.953320562638837,-0.008160506336932993,0.05605011932591775,-0.060802630943156966
1995-12-28,1995,False,True,17.826631656394706,18.809996607845545,-0.009631574644738516,0.044999811546974744,-0.0522788478888232
1996-01-02,1996,False,False,17.926077031530106,19.256217816659,-0.006734518041867421,0.06696721411567008,-0.06907591084569875
1996-01-03,1996,False,False,18.13947205981068,20.57883872785706,0.002444508568484993,0.1372516139078903,-0.11853762499942588
1996-01-04,1996,False,False,18.18857023423041,20.63783390740921,0.002519619209550239,0.13751840434538964,-0.11867833049569632
1996-01-05,1996,False,False,18.241992010067534,20.73008239568888,0.0028320214958592604,0.13961185944886512,-0.12002317878576207
1996-01-08,1996,False,False,18.3161784506066,20.982034274567845,0.004281324967985833,0.15045096544627867,-0.12705421166871833
1996-01-09,1996,False,False,18.31424675040266,20.648552902428026,0.0015603691626455696,0.12921773685153282,-0.1130493823492531
1996-01-10,1996,False,False,18.343831828951803,20.55747064917043,0.0005726452155530026,0.12131658086384167,-0.10768050496075765
1996-01-11,1996,False,False,18.463416084373467,21.1585822696884,0.004486367284566972,0.1511145794390063,-0.12737933718631056
1996-01-12,1996,False,False,18.566729944987586,21.63455643894227,0.007496973759016257,0.17396817885733262,-0.14180214429691684
1996-01-15,1996,False,False,18.642111064865666,21.89569673207489,0.008980238046853106,0.18507636951951723,-0.14859475389257937
1996-01-16,1996,False,False,18.66208181921035,21.73066962125214,0.007464571217011162,0.1731209821241515,-0.14120999746095153
1996-01-17,1996,False,False,18.703670580641983,21.73190905406701,0.00712072357302973,0.17017971829591594,-0.13934525797485375
1996-01-18,1996,False,False,18.74998116993735,21.76946460036062,0.007032236748553133,0.16920398109353707,-0.1387026959943357
1996-01-19,1996,False,False,18.840324226299295,22.145678843431917,0.009303083551747804,0.18637565232670972,-0.14925505966654717
1996-01-22,1996,False,False,18.87929607108356,22.126791273595916,0.008817347309808321,0.18234762530665205,-0.14676756165669713
1996-01-23,1996,False,False,18.978912114695962,22.57432511301703,0.011566381747754262,0.20320006947552693,-0.15927001052394008
1996-01-24,1996,False,False,19.003775365381376,22.446926746280685,0.010327297906351562,0.193380915625049,-0.15339077014049673
1996-01-26,1996,False,False,19.03006085337514,22.330466967941554,0.009169893739590762,0.18419143011811268,-0.14779834740153885
1996-01-29,1996,False,False,19.093096953416726,22.49666031378638,0.009962307359574929,0.1899996639534356,-0.1512919390210059
1996-01-30,1996,False,False,19.2537554223036,23.413678367215827,0.015901668010993797,0.23539508972746814,-0.17767062823998703
1996-01-31,1996,False,True,19.311614578542784,23.540055251294802,0.01640076729172546,0.23895027638393707,-0.17962747443081883
1996-02-01,1996,False,False,19.434242845560227,24.13436117356445,0.0198728023909156,0.26652624234449007,-0.19474798998004939
1996-02-02,1996,False,False,19.57029703276851,24.836508560248454,0.024027170319282698,0.29958475024555864,-0.2120350980374377
1996-02-05,1996,False,False,19.58147878430348,24.53563893680741,0.021642371354964274,0.2801202923551691,-0.20191689995371953
1996-02-06,1996,False,False,19.64909491223386,24.688069028192814,0.0222072497693917,0.2843504118713025,-0.20410563945704474
1996-02-07,1996,False,False,19.664202038739884,24.418729324432235,0.020045062528293744,0.2666776018437469,-0.1947082185367932
1996-02-08,1996,False,False,19.74228583325974,24.65523920163222,0.02115271551343456,0.2752709931878736,-0.199266100328373
1996-02-09,1996,False,False,19.78805639613383,24.632198435665448,0.02058743590375056,0.2704285726131177,-0.1966589402153277
1996-02-12,1996,False,False,19.86272682111364,24.841290991404158,0.021511665085844234,0.2775521081293568,-0.2004148726414119
1996-02-13,1996,False,False,19.944792880096877,25.1097877436423,0.02280989128701938,0.28768142275088726,-0.20569647646078493
1996-02-14,1996,False,False,19.969172993853356,24.91493176318486,0.021150891731137378,0.27405901061740745,-0.19850581235143194
1996-02-15,1996,False,False,19.992244649286146,24.70956580950059,0.019434571351701457,0.2599778599745344,-0.19091072650093588
1996-02-16,1996,False,False,19.990512486061277,24.30496731986438,0.01646673657938691,0.23584579592530752,-0.17751329499945112
1996-02-22,1996,False,False,20.082875543156984,24.656172991844038,0.018286647258664024,0.2501721516991344,-0.18548285860096148
1996-02-23,1996,False,False,20.155327277935765,24.847444288632918,0.019089581468662242,0.2563314527960463,-0.18883700698520844
1996-02-26,1996,False,False,20.198253366193157,24.80155575478175,0.01839932938789013,0.2504986094847941,-0.18560538839185814
1996-02-27,1996,False,False,20.224112606750317,24.618580613624193,0.01685482380308856,0.23780572917663534,-0.17850208652735766
1996-02-28,1996,False,False,20.283252200322924,24.702924356714092,0.01698757550365615,0.23858673654833895,-0.17891291300456624
1996-02-29,1996,False,True,20.201362742399326,23.654475768095555,0.010068137119966236,0.18272378840477765,-0.14598138041823294
1996-03-01,1996,False,False,20.32049188188232,24.30184219939042,0.013611234013132245,0.2122059054327763,-0.16382915685330102
1996-03-04,1996,False,False,20.40753534768889,24.68010956593337,0.01554085853428111,0.22815711110094972,-0.17311812197714205
1996-03-05,1996,False,False,20.480925335335275,24.94386669215636,0.016783527286148514,0.23834799180918087,-0.1789193877557269
1996-03-06,1996,False,False,20.401851483526315,23.928926134806392,0.01046905932559583,0.18515907743144866,-0.14739794972034648
1996-03-07,1996,False,False,20.324711874456714,22.930207861501753,0.0042798808555082335,0.13302203550949843,-0.11362722932047586
1996-03-08,1996,False,False,20.35293160518984,22.81512694266618,0.003313529833301798,0.12468935632861444,-0.10791942309432556
1996-03-11,1996,False,False,20.428938509483597,23.10083186495049,0.004701893909029309,0.13610648516149948,-0.11566221385822895
1996-03-12,1996,False,False,20.4581253615864,22.993862088137583,0.003786524750734488,0.12820351367030192,-0.11027885254036363
1996-03-13,1996,False,False,20.54340525313061,23.357338548639202,0.005621236167232535,0.14336622266066024,-0.12047319901832443
1996-03-14,1996,False,False,20.611333849512928,23.575291578734195,0.006600025208770788,0.15135144919399557,-0.12572305709656073
1996-03-15,1996,False,False,20.665324520273394,23.67634873850256,0.006895162240698971,0.1536039988597535,-0.1271743481853952
1996-03-18,1996,False,False,20.7325704427477,23.888576256581562,0.007833285411346536,0.16125023469493693,-0.132113600238706
1996-03-19,1996,False,False,20.75999372058815,23.766815573727328,0.006835723169402064,0.1526631109659904,-0.1265134508159783
1996-03-20,1996,False,False,20.817227092411656,23.895068915571684,0.007285181890886561,0.156213012043791,-0.12880656816830915
1996-03-21,1996,False,False,20.92816414499854,24.473729202674576,0.010325165620619137,0.18149037530153111,-0.14487228441215916
1996-03-22,1996,False,False,21.01645917963646,24.862493341246854,0.01226064856047171,0.19750541322519255,-0.1546922148483727
1996-03-25,1996,False,False,21.052927886758027,24.816595692604597,0.011696763436884527,0.1925595184089166,-0.15165931107013808
1996-03-26,1996,False,False,21.072159077702363,24.62612886555838,0.01030899687614073,0.18070480862266192,-0.14431703038907295
1996-03-27,1996,False,False,21.152717141382848,24.95000386794935,0.01186118443972628,0.19350815769233787,-0.15219583718960772
1996-03-28,1996,False,False,21.16671449903245,24.715641448780477,0.010229555635639764,0.17961016005543184,-0.1435903234436644
1996-03-29,1996,False,True,21.19976983661397,24.641116240058228,0.00951284936257002,0.1733864876218203,-0.13965870579555062
1996-04-01,1996,False,False,21.280717720443715,24.96165181564183,0.010960461778798836,0.18582668957918425,-0.14746356220270307
1996-04-02,1996,False,False,21.317234910760536,24.89378980936736,0.010295493400973132,0.17980046489892687,-0.14367257561004187
1996-04-03,1996,False,False,21.36268375137381,24.904005165899182,0.01005596933209496,0.17749433408506787,-0.14219887086172256
1996-04-08,1996,False,False,21.342197670371878,24.337840500185802,0.00670743728169243,0.14801134434838703,-0.12308581074771419
1996-04-09,1996,False,False,21.39947952539064,24.451495929734886,0.007034330606618289,0.15065863198752405,-0.12481920996223228
1996-04-10,1996,False,False,21.462620998119814,24.616374087749247,0.007634788644122592,0.15569831397883793,-0.1281160693442237
1996-04-11,1996,False,False,21.510117860457115,24.644492533841746,0.007499665595180893,0.15430878378649848,-0.1271835753599112
1996-04-12,1996,False,False,21.634301758460765,25.34298222237302,0.010948680301904767,0.18425150571836557,-0.14633954407458005
1996-04-15,1996,False,False,21.688170243939478,25.426799169320965,0.011103507875966478,0.18539856267230603,-0.1470349807101312
1996-04-16,1996,False,False,21.7193398219769,25.31219020697139,0.010201852184972049,0.177311172417274,-0.14194150548082407
1996-04-17,1996,False,False,21.777645687857675,25.43479718130081,0.010563605004996424,0.1802690107332161,-0.14378536095156302
1996-04-18,1996,False,False,21.82656478750333,25.47534832847712,0.010489110532561519,0.17941427446653324,-0.14322801376164385
1996-04-19,1996,False,False,21.918435453861214,25.891367048384343,0.012398866229155203,0.19590609923253322,-0.1534461887276456
1996-04-22,1996,False,False,21.97076792304691,25.96175667816178,0.012477784472207931,0.19639431696598075,-0.15372568214815618
1996-04-23,1996,False,False,22.010641593411442,25.923235846445092,0.011983521536158337,0.19187291248023408,-0.15093001028921282
1996-04-24,1996,False,False,22.052165059053667,25.899136947985617,0.011567204543746268,0.18803380495346866,-0.14853668277278864
1996-04-25,1996,False,False,22.144775288811896,26.32162067245642,0.013490859899857988,0.2046508316913691,-0.15868496228331697
1996-04-26,1996,False,False,22.206551413725055,26.474563437430326,0.013997781448632507,0.20888417522512914,-0.1612117999147461
1996-04-29,1996,False,False,22.260363009711433,26.557883076334925,0.014139544861568654,0.20992633605170496,-0.1618171167585607
1996-04-30,1996,False,True,22.31878265457688,26.681484666751054,0.01449012066258537,0.21279475757959343,-0.16351046677738756
1996-05-02,1996,False,False,22.35394020191896,26.63342148937525,0.013993163798385666,0.2081139644665062,-0.16068086817773253
1996-05-03,1996,False,False,22.374078923284838,26.448956771517615,0.012818387473799042,0.19727787854606493,-0.1540657305856742
1996-05-06,1996,False,False,22.448831557291435,26.7604976554121,0.014115593963884177,0.20889311790362664,-0.16112054991057556
1996-05-07,1996,False,False,22.568925116688302,27.483826523261207,0.017451542145783927,0.2390249662125954,-0.17882886149107113
1996-05-08,1996,False,False,22.657786344793752,27.92350218760832,0.019368710808716827,0.2562720820600881,-0.18857648325901422
1996-05-09,1996,False,False,22.719169948101843,28.113625033573904,0.02004436501681739,0.2622443892625017,-0.19188045223730077
1996-05-10,1996,False,False,22.740162011852732,27.936910403243647,0.018907462852871815,0.25175565961580504,-0.1860172909738631
1996-05-13,1996,False,False,22.86224670348129,28.67832280865663,0.022295584302008953,0.28236402802936156,-0.2028039137428128
1996-05-14,1996,False,False,22.87806182342978,28.454590980660296,0.020927708144939272,0.26977890785908,-0.19597994436190325
1996-05-15,1996,False,False,22.93170845578043,28.574446366377654,0.021250174144067602,0.2725461944540657,-0.19747496900716144
1996-05-16,1996,False,False,22.995993423197557,28.790919509936316,0.02204415214211375,0.27959642266383633,-0.20127617267447173
1996-05-17,1996,False,False,23.089690258151407,29.27451233693856,0.024139487256715553,0.29846627300937145,-0.21126985848994484
1996-05-20,1996,False,False,23.18936048980034,29.812355776632444,0.026490806389552146,0.3196616239153196,-0.22215605289479834
1996-05-21,1996,False,False,23.20426537787148,29.5803571886069,0.02508802874131022,0.3067627673681763,-0.21555154895800988
1996-05-22,1996,False,False,23.29494706973162,30.036566373012416,0.027031734537265706,0.32425743528311246,-0.22444706960040817
1996-05-23,1996,False,False,23.254726039731032,29.303912130718324,0.023207945748165537,0.2893721337516062,-0.20642930077060018
1996-05-24,1996,False,False,23.33988945083477,29.710004082446808,0.02490532518635713,0.3046309177920754,-0.21440975282045194
1996-05-27,1996,False,False,23.400874827696523,29.896510220899607,0.025536347030524764,0.31020562721073985,-0.21727068962926022
1996-05-28,1996,False,False,23.49343387280369,30.369769597865353,0.027545815510300553,0.3283000619344687,-0.22642041135356494
1996-05-29,1996,False,False,23.490475460281928,29.97553584426672,0.025377897075798517,0.3084559297100551,-0.21634510280906816
1996-05-30,1996,False,False,23.571258380475943,30.341844013354663,0.02686670172370431,0.32182290751248055,-0.22314351197305982
1996-05-31,1996,False,True,23.63958250184879,30.595000904542907,0.027807934862990935,0.33021743063230025,-0.22733839506640907
1996-06-03,1996,False,False,23.639363742417792,30.151425153875746,0.025451851840041062,0.30793853407223537,-0.21597856082172207
1996-06-04,1996,False,False,23.67168577260189,30.0133721077721,0.02451487398504759,0.2989842142315944,-0.21129536236043267
1996-06-05,1996,False,False,23.70639716146402,29.89775254696858,0.023685331972310042,0.29103931452818865,-0.20708430761737362
1996-06-07,1996,False,False,23.737581401801442,29.749016888817263,0.022707588739744544,0.2817036754819229,-0.20207173599997297
1996-06-10,1996,False,False,23.748683651344926,29.411733128024473,0.020871016686772936,0.2643052702091968,-0.19254388893130558
1996-06-11,1996,True,False,23.776397632649967,29.23041550312774,0.019755203206206273,0.2536747055517543,-0.18658707981397593
1996-06-12,1996,False,False,24.352132798631107,29.919196629514193,0.042095772914394036,0.28032598189362545,-0.18606996370321593
1996-06-13,1996,False,False,24.278710028729865,29.81853272557742,0.036619079878353666,0.2731508354740919,-0.18578455042811903
1996-06-14,1996,False,False,24.907150845797528,30.57140952424992,0.0610669642828543,0.3023694640375527,-0.18527960491842477
1996-06-17,1996,False,False,25.706445815137347,31.532063127249714,0.09266771921165451,0.340289036728735,-0.18475217712849
1996-06-18,1996,False,False,25.88952388052387,31.743331495105068,0.09799320029007474,0.3462573625156167,-0.18441062544061815
1996-06-19,1996,False,False,25.86529305163672,31.702490218635273,0.09452242312048487,0.3415307664901339,-0.18412424786641357
1996-06-20,1996,False,False,25.943838242368294,31.78663550312328,0.09540650356666114,0.34210238790964964,-0.18381301349684798
1996-06-21,1996,False,False,27.007100680899796,33.06830159815573,0.1377714255811442,0.39312135335911047,-0.1832933844293344
1996-06-24,1996,False,False,27.712843119561033,33.915185382847774,0.16492039661871583,0.42563832361528253,-0.18287802921529972
1996-06-25,1996,False,False,27.241053470197468,33.33006502254891,0.14256074157561116,0.3979497470826254,-0.18268825903075858
1996-06-26,1996,False,False,27.929666572255584,34.15611771374799,0.1688626979578327,0.4294410496942991,-0.18229387759096027
1996-06-27,1996,False,False,27.982298151202954,34.20874929269536,0.16849157114913416,0.42849722321145456,-0.18201341090309742
1996-06-28,1996,False,True,27.229850909803638,33.28231947747326,0.1345771212418183,0.38676331156138577,-0.18185236674283356
1996-07-01,1996,False,False,27.766566222091278,33.94420712256829,0.15484814305262096,0.41178438303629394,-0.18199396669276502
1996-07-02,1996,False,False,28.202262369796408,34.47943923928232,0.17085204784353314,0.43145686372471737,-0.18205565426755388
1996-07-03,1996,False,False,28.730632620662014,35.13086403638065,0.19063882932473186,0.45587364475090975,-0.1821825790874576
1996-07-04,1996,False,False,29.10879176593102,35.59395756953855,0.20414066657628327,0.4724119138478178,-0.18219850352233835
1996-07-05,1996,False,False,28.5127747936174,34.83565126813539,0.17736772038276505,0.4384559769607075,-0.18150590686104406
1996-07-08,1996,False,False,28.78596185047241,35.16713318701913,0.18651814079008133,0.4495413320814339,-0.1814527019479124
1996-07-09,1996,False,False,29.48474703985111,36.03222035373409,0.2131470159509401,0.48254216124487304,-0.18171162502908178
1996-07-10,1996,False,False,29.338045743050127,35.83725581552118,0.20495545016098737,0.4718872924231914,-0.181353452561405
1996-07-11,1996,False,False,29.661742382196394,36.23206549859542,0.21607856468897868,0.48545010065542726,-0.18134000990514132
1996-07-12,1996,False,False,30.336370814827106,37.06686547374101,0.24152407249292418,0.5169713628043473,-0.18157711942710497
1996-07-15,1996,False,False,29.416653302090406,35.902710805308324,0.2017460496413488,0.4667182034140167,-0.180656484085289
1996-07-16,1996,True,False,28.847428369079104,35.17799575273664,0.176402220724857,0.43456365658323204,-0.1799581598722848
1996-07-17,1996,False,False,28.530164803170376,34.788091836059074,0.1614049388901213,0.41615241102541356,-0.1798870447502423
1996-07-18,1996,False,False,28.45492370808622,34.68894495844743,0.15629548637099466,0.40962143824079655,-0.1797120453743608
1996-07-19,1996,False,False,29.52012183158453,35.95988049219192,0.1974652594822648,0.45869003760214144,-0.17908175924015313
1996-07-22,1996,False,False,29.047468838385026,35.38329734020498,0.17621792831488636,0.4327743641280186,-0.1790626927982979
1996-07-23,1996,False,False,28.74028954209398,35.00550830015516,0.16173402366987966,0.41498539701857395,-0.17897808265887705
1996-07-24,1996,False,False,27.99719477278368,34.10402618406044,0.12971136802460448,0.37612737233928084,-0.17906482297186876
1996-07-25,1996,False,False,28.24831731259933,34.39696076821953,0.13784815795058591,0.3855168085272316,-0.17875542833717828
1996-07-26,1996,False,False,27.705991183859414,33.73667483225905,0.11405209305728392,0.3565446173810456,-0.17875749991321277
1996-07-29,1996,False,False,27.47856929272647,33.45470345281049,0.1029792211740117,0.34285895185801274,-0.1786336013563431
1996-07-30,1996,False,False,28.594188764313234,34.78621336969373,0.14576017696725496,0.39387266115497543,-0.17800226025104193
1996-07-31,1996,False,True,28.54599184684016,34.71955638849286,0.1418396738736063,0.38878225553971446,-0.17781231051957835
1996-08-01,1996,False,False,29.297345265533046,35.63820213539564,0.16976696160023041,0.42294092010654083,-0.17792302893879408
1996-08-02,1996,False,False,29.738378205536094,36.17298395802539,0.18522521833658323,0.4416768968778235,-0.17788429508486003
1996-08-05,1996,False,False,29.236073560393354,35.54086481144705,0.1630987673212545,0.413922289062993,-0.177395549728521
1996-08-06,1996,False,False,28.762188220536835,34.94390011583612,0.14218075966030752,0.3876639035169578,-0.17690389094541326
1996-08-07,1996,False,False,28.96578244863244,35.18497217070602,0.14819317814398847,0.3947196175775358,-0.17675698852055644
1996-08-08,1996,False,False,29.43294281446313,35.75207340793482,0.1646128451765987,0.41465038664490295,-0.17674864675314816
1996-08-09,1996,False,False,29.320257677276622,35.60191044397402,0.15807121885114128,0.40617958665606557,-0.17644145183115112
1996-08-12,1996,False,False,29.738830198585717,36.10890891019406,0.17249868166466964,0.4236487383947478,-0.17641293807717295
1996-08-13,1996,False,False,29.433627186879658,35.72060289129283,0.1583896209505411,0.40581979178612193,-0.17600418793451178
1996-08-14,1996,False,False,29.47633147698393,35.76265539310537,0.1579987365957971,0.4049614618719968,-0.1757790031814408
1996-08-15,1996,False,False,30.0777959790866,36.49588976151881,0.1795214109445724,0.4312113631968162,-0.17585798906044037
1996-08-16,1996,False,False,30.143877439668234,36.5668596342884,0.1800094371400376,0.4314429038333536,-0.17565036371341536
1996-08-19,1996,False,False,29.91063944296115,36.267573757353,0.1687994098492811,0.4172053688486075,-0.17527873126894866
1996-08-20,1996,False,False,30.162363139686637,36.568181575957986,0.17654607991685434,0.42641843026786463,-0.1751746507538373
1996-08-21,1996,False,False,30.105599861289132,36.487193499384645,0.17225344592630232,0.4207402778521454,-0.1748995476509625
1996-08-22,1996,False,False,29.848984694104676,36.15899025149219,0.1602078856365774,0.40547311931595087,-0.17450723909877763
1996-08-23,1996,False,False,29.682669577587717,35.942487436512266,0.1517085197653083,0.39459386878883573,-0.17416206571628368
1996-08-26,1996,False,False,28.927799816111,34.99794728214305,0.12044295062401766,0.35555429613934364,-0.17344295701391643
1996-08-27,1996,False,False,29.422462735444494,35.59906895579193,0.137599613672722,0.37641391393220114,-0.17350471238497112
1996-08-28,1996,False,False,30.24119741021922,36.60106477192384,0.1672041105698645,0.4126726754075867,-0.17376181270505509
1996-08-29,1996,False,False,30.172974734528893,36.5059015135088,0.1625314258487489,0.40653210735060186,-0.17347679461186427
1996-08-30,1996,False,True,30.169841435461837,36.49125328795457,0.1603785167485321,0.40350974184440647,-0.17323087816716265
1996-09-02,1996,False,False,30.094157368210034,36.38204984245193,0.1553515625821036,0.39675145647438836,-0.17282952723859302
1996-09-03,1996,False,False,30.313667375221534,36.648287607248065,0.16165513664170095,0.4044051820295791,-0.1728490100250607
1996-09-04,1996,False,False,30.392914359368792,36.7361324988277,0.16257049462066409,0.40520725405351854,-0.17266973162352706
1996-09-05,1996,False,False,30.335565327785517,36.65024838315727,0.15826703978817425,0.3993731200841866,-0.172295777899112
1996-09-06,1996,False,False,30.752635344125412,37.16775192689562,0.17206051220804652,0.416556788502374,-0.1725989937564142
1996-09-09,1996,False,False,31.021191571550226,37.496368898992955,0.18015402717854112,0.4264922950703842,-0.17268811667832284
1996-09-10,1996,False,False,31.22007466343463,37.73637241772784,0.1855724555734668,0.4330268006732092,-0.1726794955847949
1996-09-11,1996,False,False,31.00321082153516,37.44761013251707,0.1752119625491666,0.41949424690046655,-0.17209107038278026
1996-09-12,1996,False,False,31.201635537527846,37.68703066800615,0.18060242574429686,0.42599575500563835,-0.17208559590724104
1996-09-13,1996,False,False,31.585244113772678,38.161976434800685,0.19296785321803278,0.44136961354463033,-0.17233730889866994
1996-09-16,1996,False,False,31.953726285590978,38.61768375448365,0.20471858527362752,0.455962942269581,-0.17256232950840722
1996-09-17,1996,False,False,31.900961012924828,38.537629471271266,0.20057380156168692,0.45034089408010125,-0.17221268016222668
1996-09-18,1996,False,False,31.844070357233267,38.45232833884665,0.19628886851860217,0.44454185172769156,-0.17185586067456304
1996-09-19,1996,False,False,32.21530278440184,38.911533558004436,0.2080738544150691,0.4591825084251664,-0.1720885856020219
1996-09-20,1996,False,False,32.3917254575923,39.122970897694856,0.21252448236976518,0.46449623681210683,-0.17205353493487285
1996-09-23,1996,False,False,32.27157892884431,38.957218077349054,0.2058775044585952,0.45569676089738453,-0.1716149016398063
1996-09-24,1996,False,False,32.34349189872417,39.035735236995805,0.2064179926699956,0.4560398578630762,-0.1714388956078664
1996-09-25,1996,False,False,32.19355093701482,38.832088505672644,0.19869604552714737,0.4458756358495133,-0.17095494535886369
1996-09-26,1996,False,False,32.34201268081077,39.00796386736892,0.20209250672040024,0.449853524273889,-0.1708869298900879
1996-09-27,1996,False,False,32.03668229181064,38.60668581571766,0.18864015570322157,0.43240353733228076,-0.1701778690682696
1996-09-30,1996,False,True,32.02929623242411,38.58434687384005,0.1862702308305224,0.42904988421629797,-0.16988885837174095
1996-10-01,1996,False,False,32.418074320771844,39.07807385734243,0.19865148749072348,0.44490357119585444,-0.1704280400534437
1996-10-02,1996,False,False,32.84856461526549,39.62626384733661,0.21253090861718227,0.46271443731779427,-0.17104058202869588
1996-10-04,1996,False,False,32.99073647387152,39.79800074850289,0.21573903253797888,0.4665929924071417,-0.17104538284846993
1996-10-07,1996,False,False,32.97110164270279,39.758469064047176,0.21298367247401573,0.4626861528579227,-0.17071500943385343
1996-10-08,1996,False,False,33.19486441003378,40.03673799988972,0.219176990017935,0.47046450083067426,-0.1708898859311363
1996-10-09,1996,False,False,33.14635189768712,39.95950115709353,0.21536623624852758,0.4651817090934294,-0.17050135917917864
1996-10-10,1996,False,False,33.17163790390629,39.978621941167425,0.2142696071313448,0.4634437316234332,-0.17026559963168064
1996-10-11,1996,False,False,33.13458478885245,39.916347462792054,0.2108984474331459,0.45873695046748364,-0.16989937970304547
1996-10-14,1996,False,False,33.28363228583419,40.09706178261083,0.2143282094334198,0.4629110434783388,-0.16992341069069228
1996-10-15,1996,False,False,33.849801844274936,40.822406167347545,0.23293980227491473,0.48690883391001005,-0.17080336456624057
1996-10-16,1996,False,False,33.843001538074176,40.79963233104314,0.23065460138451543,0.4836229938561143,-0.17050719321497132
1996-10-17,1996,False,False,34.037428248335516,41.03959761396838,0.23568221363594266,0.4898863820252548,-0.1706198348116743
1996-10-18,1996,False,False,34.23002145503,41.27716891858629,0.24062680726632601,0.4960423660772626,-0.17072749047920055
1996-10-21,1996,False,False,34.27914300761825,41.32741142065549,0.2403637272493444,0.49539975535266567,-0.17054705752788824
1996-10-22,1996,False,False,33.759420078590416,40.63492215287508,0.21955212106566369,0.4679282222713492,-0.1692018025386618
1996-10-23,1996,False,False,33.68111313328239,40.51878316258474,0.2147286703806761,0.4613331632407611,-0.168753094135766
1996-10-24,1996,False,False,33.452458895492434,40.20633795109321,0.2045075216052923,0.44769138285442,-0.16798045780285098
1996-10-25,1996,False,False,33.1064604294239,39.74067812793246,0.19010151870478054,0.4285864686511671,-0.16693770743296865
1996-10-28,1996,True,False,32.68299643765584,39.17387272128696,0.1729623517592631,0.405913866016824,-0.16569401574902243
1996-10-29,1996,False,False,33.48768948434914,40.109288702492016,0.1998846395043663,0.4371406375485738,-0.165088921602628
1996-10-30,1996,False,False,33.49944548166531,40.11524260587559,0.1983541473116046,0.43501680866546844,-0.16491978346508318
1996-10-31,1996,False,True,33.493841620849594,40.100847693646855,0.19620862931605676,0.4321731319159592,-0.16475976077293764
1996-11-01,1996,False,False,34.095272408568405,40.81375278623759,0.21551773292578957,0.4550357499549944,-0.1646131492209817
1996-11-04,1996,False,False,34.233603451415945,40.96994036125445,0.21827770289736437,0.45800499506243586,-0.1644214477844128
1996-11-05,1996,False,False,34.48324181993267,41.25993655681277,0.22498194742211974,0.46571710681395273,-0.1642439446689149
1996-11-06,1996,False,False,34.56898270432185,41.352902627628836,0.2258504505078669,0.4664149867953489,-0.164049425608506
1996-11-07,1996,False,False,34.425471344557565,41.170272044210414,0.2186007555595597,0.4573547626269172,-0.16382696457312673
1996-11-08,1996,False,False,33.92863581340309,40.56289116072459,0.19889172485523265,0.43331770885952614,-0.16355479497342096
1996-11-11,1996,False,False,34.09760190001279,40.75590679644093,0.2027372804237313,0.4375981233312498,-0.16337030432628208
1996-11-12,1996,False,False,33.84329379864205,40.440081393492704,0.1916652746000722,0.42394652793988397,-0.16312498312409818
1996-11-13,1996,False,False,34.13684239655118,40.78286447605362,0.1998890121810608,0.433492600212781,-0.16296113980431082
1996-11-14,1996,False,False,33.94176204645393,40.538239990457726,0.19093901917382206,0.42239438563009557,-0.16272235660839085
1996-11-18,1996,False,False,34.1617865393339,40.79263572733987,0.19655994883831518,0.4288138608525349,-0.16255015322684496
1996-11-19,1996,False,False,34.21536062777282,40.84693233442148,0.19634128069135715,0.42821441728746423,-0.16235176860662992
1996-11-20,1996,False,False,34.18519892992851,40.80056557559116,0.19320066073048903,0.42410351049183803,-0.16213909175857788
1996-11-21,1996,False,False,34.6671530469749,41.36984123145391,0.20791474031271417,0.4414578826290563,-0.16201870698461585
1996-11-22,1996,False,False,34.81620635513921,41.53891862771558,0.2109984819178854,0.44483195226836814,-0.16184129232701905
1996-11-25,1996,False,False,34.88611913358461,41.612856867170244,0.21132358102724313,0.4448908634434112,-0.1616504667069033
1996-11-26,1996,False,False,34.845745754486245,41.55421408810677,0.2078248095142543,0.4403540411822102,-0.16143894141269666
1996-11-27,1996,False,False,34.69355446565602,41.36114888749015,0.2004690126524573,0.43118162240450353,-0.16120428472553316
1996-11-28,1996,False,False,35.014164018888394,41.73646342366895,0.20947025971980615,0.44167403881412626,-0.16106538152363692
1996-11-29,1996,False,True,35.17240784018135,41.91658923814047,0.21284164966142582,0.4453996289013955,-0.1608952808551154
1996-12-02,1996,False,False,35.579895342707026,42.40623840639054,0.22467031070911858,0.4596350176112687,-0.1609749725562737
1996-12-03,1996,False,False,36.14923799310942,43.095217899545595,0.2420172185697631,0.48066752276919766,-0.16117750982550227
1996-12-04,1996,False,False,36.001720619477375,42.901358982080495,0.23471605012648022,0.47134624667785086,-0.16082563644394188
1996-12-05,1996,False,False,36.81767537216512,43.894049979743755,0.2604249226506976,0.5026791884957322,-0.16121489383741627
1996-12-06,1996,False,False,36.491453576587155,43.48011026191039,0.24701010423589187,0.48583110607247737,-0.16073226685088393
1996-12-09,1996,False,False,36.35772197264808,43.303229006188,0.24020954664329164,0.4771298942864848,-0.16039235855939082
1996-12-10,1996,False,False,36.50991744382246,43.47847703105484,0.24316923195811224,0.4804499347491791,-0.16027607365950358
1996-12-11,1996,False,False,35.65319880709651,42.411211737271096,0.2118260775220635,0.4415259803365845,-0.15934496217743355
1996-12-12,1996,False,False,35.60218182131525,42.33619645200487,0.20793116893748143,0.4364066653358796,-0.15906045405670177
1996-12-13,1996,False,False,35.77071598249611,42.531566150048235,0.21148592454086623,0.44046302468969056,-0.15896076207728504
1996-12-16,1996,False,False,35.691616873266206,42.421966739009854,0.20665608646273648,0.43419460505549323,-0.15865247142242078
1996-12-17,1996,False,False,36.40902890185236,43.29329889532718,0.2287238883395999,0.46105271582809326,-0.15901467823275228
1996-12-18,1996,False,False,37.10397523167959,44.13696375102678,0.24995661241473788,0.48688353061969636,-0.15934463818172295
1996-12-19,1996,False,False,37.06061700683887,44.071380500062055,0.24628623562820962,0.48204642389589214,-0.15907746509581921
1996-12-20,1996,False,False,37.37160412151375,44.442186036113256,0.2545238132663623,0.4918755029790669,-0.1590961774214713
1996-12-23,1996,False,False,37.27310281790115,44.308692138177754,0.24901050007076142,0.4847709887572793,-0.15878575919902915
1996-12-26,1996,False,False,37.556518393190096,44.64554235074357,0.2562919885045982,0.49342483215515465,-0.15878458596965406
1996-12-27,1996,False,False,37.85984674692444,45.00691585249328,0.26421280877252085,0.5028671374294769,-0.15879935272598578
1996-12-30,1996,False,True,38.080971066563656,45.267052186073585,0.2693657022187883,0.5089017395357862,-0.1587485990908135
1997-01-02,1997,False,False,37.69549266309721,44.76980879483804,0.25461548954332613,0.49006927910202247,-0.15801533046878902
1997-01-03,1997,False,False,37.95692426707496,45.08725531567163,0.26140835932877504,0.4983680014271539,-0.15814515651207262
1997-01-06,1997,False,False,38.8279932419196,46.17245223509285,0.28841003216022787,0.5321175703952379,-0.1590658203679114
1997-01-07,1997,False,False,38.87344778737415,46.217906780547395,0.2879756797021553,0.5313161885121125,-0.15890938176941516
1997-01-08,1997,False,False,40.28471470055813,47.98340514193323,0.332727403627487,0.5874209219887687,-0.16044485418662224
1997-01-09,1997,False,False,40.46904811106778,48.20375760063387,0.3368154030683048,0.5923163171380557,-0.1604586421176507
1997-01-10,1997,False,False,40.637553415633654,48.40417684128074,0.34036907817682205,0.5965395659792747,-0.16045357926680903
1997-01-13,1997,False,False,40.34346955939097,48.022031709129934,0.32867714117754665,0.5815639185641595,-0.15989665319135427
1997-01-14,1997,False,False,41.457576548082045,49.41329997673183,0.3633283767680193,0.6249515687415548,-0.16100368589825098
1997-01-15,1997,False,False,41.7404526826933,49.757752792993124,0.3705820283869441,0.6338366588744011,-0.16112665183361774
1997-01-16,1997,False,False,41.72565830874893,49.7273325084365,0.36805437077865344,0.6304043445389016,-0.1609109879024787
1997-01-17,1997,False,False,42.590600274841144,50.804813343449815,0.3943351280453946,0.6632528177915118,-0.16168178816206036
1997-01-20,1997,False,False,42.733576376271884,50.97308223239702,0.396937117797892,0.6662820343428446,-0.16164425409002137
1997-01-21,1997,False,False,43.13388684530474,51.4654266664767,0.40793102462419006,0.6798803956416728,-0.1618861507777788
1997-01-22,1997,False,False,42.73309091995721,50.94889306422136,0.39278222257638307,0.6605565146857331,-0.16125575356285138
1997-01-23,1997,False,False,43.152292999310056,51.46502875855878,0.40436456506630347,0.6748973856335698,-0.1615220268941615
1997-01-24,1997,False,False,42.5293930066869,50.66878709651649,0.38204822178303055,0.6465484728557795,-0.16063921313776963
1997-01-27,1997,False,False,42.57127346370253,50.709740592733084,0.3813687554593741,0.645448809793699,-0.16049120018959095
1997-01-28,1997,False,False,43.07982775402833,51.338402518019286,0.39581179762683827,0.663394485119918,-0.16086544105248068
1997-01-29,1997,False,False,42.54883289269164,50.65790212209572,0.3765798877047295,0.6389321274795674,-0.16007510950334247
1997-01-30,1997,False,False,42.85928056668884,51.03707731819264,0.38458762476821495,0.6487748913366198,-0.1602324659094213
1997-01-31,1997,False,True,43.802852478437245,52.213581236440874,0.41299524123991094,0.6843090721432541,-0.16108316186773297
1997-02-03,1997,False,False,44.525370347650416,53.126310729712834,0.4338678586531488,0.7108472946856674,-0.1618960598604493
1997-02-04,1997,False,False,44.610679306610756,53.220898304480926,0.4341842755086367,0.7109933465061551,-0.16178266944331587
1997-02-05,1997,False,False,45.01510330476022,53.72521240093563,0.4447414912000742,0.7242889115165152,-0.16212330685962495
1997-02-06,1997,False,False,44.948768797097884,53.62509793259822,0.44017977596097757,0.7181734582114103,-0.1617960520352929
1997-02-07,1997,False,False,45.00140037604525,53.67772951154559,0.43943873256710364,0.716964411985465,-0.1616374093027565
1997-02-11,1997,False,False,44.82120562240023,53.4314246202704,0.4312653896228644,0.7062135593027523,-0.16114522603620962
1997-02-12,1997,False,False,47.77548642968645,57.20961751561002,0.5230440304765813,0.8237965315379034,-0.16490463484307338
1997-02-13,1997,False,False,48.30959877976237,57.880444470478174,0.5374914184513984,0.8420911975529066,-0.16535542838820805
1997-02-14,1997,False,False,48.03086130201576,57.50761602930614,0.5260641550807681,0.8271650577873189,-0.16479129864227005
1997-02-17,1997,False,False,48.67628097776083,58.32135559493861,0.54398887909425,0.8499261374020592,-0.1653780938180871
1997-02-18,1997,False,False,49.41360578479238,59.25309639881682,0.564764183185092,0.8763480526291993,-0.16605867392646367
1997-02-19,1997,False,False,48.552802475564796,58.13292678208835,0.5349471664488037,0.8378129931109461,-0.16479686877687594
1997-02-20,1997,False,False,48.25057813093386,57.72994246892018,0.5228587782188427,0.822041373603793,-0.1642018670482771
1997-02-21,1997,False,False,48.3935830889796,57.898608598809204,0.5248392681436356,0.8243342676241707,-0.1641667345702863
1997-02-24,1997,False,False,49.67059525028778,59.523278896163866,0.5624856121779267,0.8724210248793269,-0.16552656084460204
1997-02-25,1997,False,False,50.69231538024468,60.820167976169216,0.591990069792808,0.9100548620615125,-0.16652128616107853
1997-02-26,1997,False,False,49.6155350124939,59.42269544956323,0.5556025828999736,0.8630878111249196,-0.16504065261383916
1997-02-27,1997,False,False,48.89667407269765,58.48477218968098,0.5305383976626941,0.8306600850147261,-0.1639417878877376
1997-02-28,1997,False,True,49.214298780187676,58.87764067223695,0.5379468368808649,0.8399262710074047,-0.16412583421682359
1997-03-03,1997,False,False,50.02923236475001,59.92593772315243,0.5608463299347293,0.8696105365187128,-0.16514894442075323
1997-03-04,1997,False,False,49.995064653037936,59.86519814989982,0.5572233252585586,0.8646537128657319,-0.1648726439048528
1997-03-05,1997,False,False,50.624656222839235,60.6714144464118,0.57425281216685,0.8866724623270448,-0.16559294546274994
1997-03-06,1997,False,False,50.942791514391956,61.070828373265016,0.5815572528977893,0.8959897697582277,-0.1658408298798647
1997-03-07,1997,False,False,51.27624432782575,61.49024897403588,0.5893126300631146,0.9058967871234611,-0.1661077132818729
1997-03-10,1997,False,False,52.5440659760053,63.13007668378307,0.6259564389969066,0.953536574905339,-0.16768569379066056
1997-03-11,1997,False,False,53.34215028649846,64.15636639338915,0.6479688706397897,0.9820666040234043,-0.1685602959584852
1997-03-12,1997,False,False,52.12853338994339,62.555112928477875,0.6078606078066953,0.9294596520147398,-0.16667829455372685
1997-03-13,1997,False,False,52.16584744700968,62.5877378335076,0.60640373013482,0.9273371456023412,-0.16651648944752806
1997-03-14,1997,False,False,53.16305954195685,63.87411430404307,0.6344629956265051,0.9637672682472787,-0.16769007099027966
1997-03-17,1997,False,False,53.21569112090422,63.92674588299044,0.633438015019677,0.9622102936620651,-0.1675520099473139
1997-03-18,1997,False,False,51.59871281481411,61.79865000491452,0.5812508765830127,0.8938295969248,-0.16505113282068895
1997-03-19,1997,False,False,51.222453781091296,61.29109471416784,0.5671926277628574,0.8752508849745395,-0.1642757562094761
1997-03-20,1997,False,False,52.372841094849235,62.777537923879756,0.5998134739584169,0.9176418336876453,-0.1657391667963568
1997-03-21,1997,False,False,52.42036683316958,62.82350061152125,0.5986949756504365,0.9159655082165388,-0.16559302931368058
1997-03-24,1997,False,False,52.60575026841963,63.04952336442153,0.6017776524038025,0.9197771537243735,-0.16564396586533536
1997-03-25,1997,False,False,52.923885559972334,63.448937291274724,0.6088861210231586,0.9288476936547518,-0.16588223823174675
1997-03-26,1997,False,False,52.425086351200896,62.78132860918688,0.5911767422888448,0.9055035839849053,-0.1649573605307636
1997-03-31,1997,True,True,51.313586267186345,61.31345297039324,0.5549571596117073,0.8579834233452497,-0.16309416969283375
1997-04-01,1997,False,False,51.89453980276598,61.99834143190183,0.5702958729943595,0.8760305044235421,-0.16296890200254355
1997-04-02,1997,False,False,52.50386219408819,62.71712720265985,0.5864476346415137,0.8950498866990748,-0.16284650563743475
1997-04-03,1997,False,False,52.92027636636084,63.205411270521665,0.5967324765712321,0.9070598228174638,-0.16272554354784663
1997-04-04,1997,False,False,55.25442518683217,65.98515344364584,0.6647674733478848,0.9880749244140068,-0.16262337354384082
1997-04-07,1997,False,False,56.050982026055436,66.92766145545019,0.6863475967724413,1.013582937771424,-0.16251396198318868
1997-04-08,1997,False,False,55.53689772997131,66.30411377993026,0.6684904897416273,0.9919690835172181,-0.1623913726634878
1997-04-09,1997,False,False,56.04409224062022,66.90086923739028,0.6813227672186066,1.0070260771217083,-0.16228155359605256
1997-04-10,1997,False,False,55.603766969466825,66.36545456591891,0.6657333899554969,0.9881234606052742,-0.16215797310275049
1997-04-11,1997,False,False,54.431525220154754,64.9554893158119,0.6282934894918089,0.9431129282507833,-0.1620180866391432
1997-04-14,1997,False,False,54.12737045656576,64.58278172873786,0.6168915783611393,0.9292153859224681,-0.16189162176518146
1997-04-15,1997,False,False,54.367897723234385,64.86090247925311,0.6217696764032983,0.9347712387277205,-0.16177703909339058
1997-04-16,1997,False,False,54.84672337814071,65.4237606274637,0.633732185731851,0.9487928697542378,-0.16166966172352581
1997-04-17,1997,False,False,54.06029806692778,64.47479878314911,0.6080258631805713,0.9178056295270982,-0.16152823913803716
1997-04-18,1997,False,False,54.12493842799237,64.54275621631783,0.6076714384552191,0.9171115707817177,-0.1614095585476656
1997-04-22,1997,False,False,54.4675935753343,64.94290728013107,0.6155642162175428,0.9262726735632096,-0.16130035046955216
1997-04-23,1997,False,False,55.42301600671604,66.07524022373232,0.6415843951213498,0.9570945623390392,-0.16121355262497117
1997-04-24,1997,False,False,55.896167890473855,66.63131891009301,0.6532669376055646,0.9707854888900751,-0.16111268987642757
1997-04-25,1997,False,False,56.074283674508784,66.8348655802595,0.6562024713989938,0.9740255656616732,-0.1610025218473543
1997-04-28,1997,False,False,56.29211585658334,67.08586848337521,0.6603011699273176,0.9786562333579767,-0.1608945798989948
1997-04-29,1997,False,False,56.88441693446,67.78431586858358,0.6754176095703508,0.9964525010382261,-0.1608026693852851
1997-04-30,1997,False,True,57.635583604495146,68.67258818558882,0.695164223661622,1.0197820054584947,-0.16071921668753752
1997-05-02,1997,False,False,58.207570550158685,69.35551526564032,0.7094734375964373,1.0368726950261475,-0.1607362395446651
1997-05-05,1997,False,False,57.80366885827734,68.85514389168249,0.6951222539084263,1.0192124308411286,-0.16050325957913125
1997-05-06,1997,False,False,59.13026736669363,70.4530633809389,0.7314865993175295,1.0630472439513587,-0.1607140338671016
1997-05-07,1997,False,False,58.958990291901465,70.23475733613445,0.7239470845585223,1.0536478753255687,-0.160543973837179
1997-05-08,1997,False,False,60.467149477070286,72.05282537497398,0.7654642183086215,1.1037321277364667,-0.1607941928385188
1997-05-09,1997,False,False,60.829206890238716,72.48120569457,0.773446265021537,1.1131546849728862,-0.16075889870585025
1997-05-12,1997,False,False,61.9515496373084,73.83145806554538,0.8035385629492984,1.1493874254889485,-0.1609057810789859
1997-05-13,1997,False,False,61.81431518940734,73.65442987378776,0.7969277671339343,1.1411171474938304,-0.1607522413067255
1997-05-14,1997,False,False,59.79338872019869,71.19336048010514,0.7356571471755786,1.0665706960843289,-0.16012689502263555
1997-05-15,1997,False,False,60.246226471743384,71.73181507449272,0.7462674339635764,1.0791830456374698,-0.16011847171051885
1997-05-16,1997,False,False,61.118923288278324,72.7793631897913,0.7689992268676795,1.1064938694585038,-0.16021629470850574
1997-05-19,1997,False,False,61.20863968631795,72.8775206850126,0.7690358290843338,1.106286725000364,-0.16011632790211505
1997-05-20,1997,False,False,62.02459879136773,73.85627237856647,0.7900317111505839,1.131494152339581,-0.160198629123237
1997-05-21,1997,False,False,62.49445785635798,74.41536589947746,0.8009930217970598,1.1445350403307626,-0.16019417359611732
1997-05-22,1997,False,False,62.71467099081348,74.67175516471166,0.8047387335485894,1.1488274867542922,-0.16012860749721403
1997-05-23,1997,False,False,62.8724726426353,74.85246836602664,0.8066802483515894,1.1509329990237545,-0.16004810509133072
1997-05-26,1997,False,False,64.04020555889312,76.2577578743978,0.8375955684043936,1.1881709576584734,-0.16021389372118566
1997-05-27,1997,False,False,65.06609419643802,77.49105632840715,0.8643579998979374,1.2203741068311507,-0.16034059568516057
1997-05-28,1997,False,False,66.06928774938885,78.6968362137186,0.8903944992672059,1.2516977457430212,-0.1604581463737228
1997-05-30,1997,False,True,66.36893367992359,79.04954046939541,0.8962552479978168,1.2585582991255833,-0.1604134156147462
1997-06-02,1997,False,False,66.5073330659189,79.20864410471918,0.8976277097612728,1.2600292475531285,-0.16035258755355408
1997-06-03,1997,False,False,65.13083555526022,77.50734868272006,0.8558311352245109,1.2084861904167181,-0.1596818022781772
1997-06-04,1997,False,False,64.72455291099791,76.99754479181537,0.8417555706381519,1.1909870469215753,-0.15939458737289558
1997-06-05,1997,False,False,65.20337856590425,77.57471563103196,0.8528700269066158,1.204423583561125,-0.15947640883363878
1997-06-06,1997,False,False,66.54461743538513,79.21099005344362,0.8884283326257942,1.247879447462589,-0.15990675800810583
1997-06-09,1997,False,False,66.94401029421222,79.69061187841855,0.8971986723056096,1.2584383933155054,-0.15995110695916626
1997-06-10,1997,False,False,67.17886378973232,79.96816788817863,0.9012885978226126,1.2632500345710929,-0.15992993757628526
1997-06-11,1997,False,False,67.5725828774109,80.44082192642202,0.9098576587155167,1.273562934663341,-0.1599715012954679
1997-06-12,1997,False,False,69.67410708079305,83.01077977086092,0.9666078611514166,1.3430462032097839,-0.1606619372433532
1997-06-13,1997,False,False,69.5855556208477,82.89117193692286,0.9614720376346333,1.3365296787588994,-0.16051909998570468
1997-06-16,1997,False,False,70.34806983317986,83.81673211271676,0.9803075958401837,1.3594522444598551,-0.16069180866445898
1997-06-17,1997,False,False,71.33186112030418,85.01403597104098,1.0053133648278285,1.3899528184629997,-0.1609401870462599
1997-06-18,1997,False,False,71.87309825784419,85.66785246430457,1.0178276248859999,1.4051135050138983,-0.1610260302977511
1997-06-19,1997,False,False,71.91504353431473,85.70850372519207,1.016309631803217,1.4030421605194041,-0.16093455831528025
1997-06-20,1997,False,False,71.48606580545835,85.17082868736121,1.001609842552834,1.3847832032461138,-0.16067429532869604
1997-06-23,1997,False,False,72.20318984860239,86.04064656930274,1.018997319335087,1.4059301970111289,-0.16082464826150222
1997-06-24,1997,False,False,74.2252812559053,88.51305539949999,1.0727804606037386,1.4717741534434836,-0.16141996318065643
1997-06-25,1997,False,False,76.9168776587332,91.80766306401972,1.1450922056220416,1.5603730734985581,-0.16219545197335883
1997-06-26,1997,False,False,75.94889167076772,90.60804828669193,1.1152874338012229,1.5235663315922152,-0.16178647364240017
1997-06-27,1997,False,False,75.33835326515882,89.84740407345157,1.0955038656534244,1.4990668682681898,-0.16148547593463458
1997-06-30,1997,False,True,74.30795579455967,88.57114364207679,1.0641098831822133,1.460309545613244,-0.1610365098722878
1997-07-01,1997,False,False,76.81582701847053,91.67514977415301,1.131082212366143,1.5433206746927697,-0.16208670280102377
1997-07-02,1997,False,False,78.32511452024241,93.53882162225362,1.170217278898404,1.5917557628332237,-0.16264591362343772
1997-07-03,1997,False,False,78.51241334440988,93.7604600148638,1.1726705579585124,1.594629082172332,-0.1626276862126812
1997-07-04,1997,False,False,79.74368605990443,95.27881152253939,1.203971222761178,1.6333339868038523,-0.1630491104410966
1997-07-07,1997,False,False,79.8345307745471,95.38064489908372,1.2037135220075736,1.6328408880550085,-0.16299023917258038
1997-07-08,1997,False,False,80.53246900208109,96.23654514145414,1.220193381009754,1.6531378359799387,-0.1631820439552384
1997-07-10,1997,False,False,80.5325333783475,96.22562085581889,1.2174164384526218,1.649516469121421,-0.16308637281733285
1997-07-11,1997,False,False,77.99074828007836,93.0574820291548,1.144745577702155,1.5590807558017565,-0.161907816765943
1997-07-14,1997,True,False,75.45463695295774,89.89639055637693,1.0724120012048322,1.4690644097881305,-0.16064887048342946
1997-07-15,1997,False,False,69.07652380695322,82.32365555082217,0.8948672365997143,1.2582548904215556,-0.16091525157906628
1997-07-16,1997,False,False,75.20089578845091,89.57855312188498,1.0602985147520796,1.4542069348461637,-0.16050334407468192
1997-07-17,1997,False,False,69.82702217977902,83.19682092310225,0.9106896616357447,1.2765299257565292,-0.16070083682260838
1997-07-18,1997,False,False,66.62801052769734,79.3944202466779,0.8208897287072567,1.1697853980458555,-0.1607973164778509
1997-07-21,1997,False,False,67.32711210928555,80.2150837196172,0.8377127374742956,1.1894936002873182,-0.1606676825942126
1997-07-22,1997,False,False,72.97610442814056,86.90619297978199,0.9894353127869795,1.3691898953596082,-0.16028879040740118
1997-07-23,1997,False,False,74.1624701639375,88.30473947139174,1.0192751777309716,1.404336965805221,-0.16015300415484424
1997-07-24,1997,False,False,74.90316746600696,89.17473442153461,1.036921735787581,1.4250236801900633,-0.16004047612931538
1997-07-25,1997,False,False,74.8238348500178,89.07219453537844,1.032252304568385,1.4192447898497846,-0.1599641701844604
1997-07-28,1997,False,False,77.33532139543121,92.0423009436164,1.0978755495678012,1.4968318381745505,-0.15978500534438445
1997-07-29,1997,False,False,78.0106539938873,92.83477500101081,1.1135891476176365,1.5152278941160566,-0.15968284521572973
1997-07-30,1997,False,False,77.90755239476601,92.70404569930973,1.1081994497968664,1.5085965625889473,-0.1596100061537432
1997-07-31,1997,False,True,77.07949681011465,91.71353922348919,1.0832296435166122,1.4787443033375456,-0.15956250884304057
1997-08-01,1997,False,False,73.48451919273424,87.39350759180441,0.9835152995468113,1.3589507190589876,-0.1591535662355601
1997-08-04,1997,False,False,72.0941147608592,85.71686650175376,0.9434870474686048,1.3107242574285354,-0.1589273184713984
1997-08-05,1997,False,False,71.49997126391065,84.99498102512351,0.9249992263360562,1.2883264122148637,-0.15877419582250263
1997-08-06,1997,False,False,75.1961292223122,89.4173757939376,1.0219189675653726,1.4043084400418562,-0.15904343473910787
1997-08-07,1997,False,False,74.05529911332457,88.03998646331722,0.9886972907670282,1.3642451607796184,-0.1588447239916322
1997-08-08,1997,False,False,72.95012247903513,86.70534738404403,0.9565166948400228,1.325430772752139,-0.1586433284683455
1997-08-11,1997,False,False,71.92813728570817,85.47045889124759,0.9266465344386121,1.2893872917298461,-0.15844447053654676
1997-08-12,1997,False,False,71.14978416948559,84.52769711599024,0.9033700223684042,1.261250496096554,-0.1582666203262023
1997-08-13,1997,False,False,71.44103529420902,84.86744288114838,0.9087299506086381,1.2674507640001473,-0.15820445545581263
1997-08-14,1997,False,False,71.80953561411185,85.29981419089208,0.9161375449763012,1.276106858969166,-0.15815132429937528
1997-08-15,1997,False,False,68.47007456540189,81.28615936052876,0.8247101089764466,1.1662555159531776,-0.157666260725687
1997-08-18,1997,False,False,68.53552035037004,81.35515353382141,0.8241393249147919,1.1653462917747146,-0.15757616606453728
1997-08-19,1997,False,False,67.82847418354385,80.49789226125843,0.8030353896891405,1.1398173892233254,-0.1573881964088648
1997-08-20,1997,False,False,65.7250002577048,77.96624614426413,0.7449115112664995,1.069900340113207,-0.1570069933071916
1997-08-21,1997,False,False,67.73950265950792,80.37225405786941,0.7961231765778618,1.1310824939586586,-0.1571780155532989
1997-08-22,1997,False,False,67.65639229990023,80.26312218388213,0.7916572992407378,1.1255051271898169,-0.15706752417505
1997-08-25,1997,False,False,69.2727642342401,82.19175229077723,0.8321511951121436,1.1738372772119923,-0.15718107591662545
1997-08-26,1997,False,False,70.53260142159796,83.69287988420048,0.8631253205705123,1.2107553176958619,-0.1572448992173695
1997-08-27,1997,False,False,71.1328493270391,84.40312782770086,0.8766203968188706,1.2267156838966304,-0.1572249612330895
1997-08-28,1997,False,False,68.49457328072707,81.2302279404988,0.8047503624783796,1.1403196822465183,-0.1567846721924825
1997-08-29,1997,False,True,64.63219460311015,76.58956942371016,0.7008472263976355,1.015514984834478,-0.15612275810625353
1997-09-01,1997,False,False,61.70652625704801,73.02537322810947,0.6219158633871642,0.9194243859240243,-0.1549988239800536
1997-09-02,1997,False,False,67.4208832795164,79.95804138749742,0.7699993223739392,1.0991371247314357,-0.15679671350655888
1997-09-03,1997,False,False,67.79910358882081,80.40777681595014,0.7778072454756353,1.1084279975576918,-0.15680912626138177
1997-09-04,1997,False,False,69.69853881858177,82.70565342382316,0.8254379214390464,1.1661004468144163,-0.15726995757577478
1997-09-05,1997,False,False,72.16248739773089,85.68936367249667,0.887722619203424,1.2415766953566312,-0.15785945530492307
1997-09-08,1997,False,False,71.29877833838133,84.63026509118829,0.8629134482712459,1.21124208076739,-0.15752623176168024
1997-09-09,1997,False,False,71.64134517298754,85.03668471074837,0.8696436462701378,1.2192254610159718,-0.1575242447812374
1997-09-10,1997,False,False,69.46439979558761,82.3821205018936,0.8106834069939901,1.1474012453100224,-0.15680247883409437
1997-09-11,1997,False,False,67.92327471697224,80.50002155162466,0.768416619850165,1.0958585492730681,-0.15623283810659538
1997-09-12,1997,False,False,69.1452939274674,81.97489779053709,0.7981045702178287,1.1317349307231868,-0.15650649416912954
1997-09-15,1997,False,False,66.65340952356671,78.93771060313045,0.7312573902225119,1.050330145535856,-0.15562018439228187
1997-09-16,1997,False,False,68.71328538946958,81.43050835102046,0.7826559888777487,1.1125839430689273,-0.1561727074910434
1997-09-17,1997,False,False,70.6602585854948,83.78613937075038,0.8310078785405015,1.1711367092538376,-0.15665933391648545
1997-09-18,1997,False,False,71.83473982972569,85.20326119780592,0.8592520897105476,1.2052608780608591,-0.1569015220795854
1997-09-19,1997,False,False,71.49989064506609,84.78668044840538,0.8484108039852574,1.1919000820974364,-0.1567084562465516
1997-09-22,1997,False,False,71.9137644290687,85.27973168575079,0.8569281894829948,1.2020587993973209,-0.15673087839833544
1997-09-23,1997,False,False,70.79453880104872,83.91020314071167,0.8258849397691346,1.164155297884709,-0.1563059538500805
1997-09-24,1997,False,False,70.63795698988012,83.71020143577445,0.8197131777252493,1.15646888944618,-0.15616070946769656
1997-09-25,1997,False,False,70.10701369438043,83.05538373746428,0.8039231593875666,1.137097593244695,-0.1559004300553627
1997-09-26,1997,False,False,71.03786286150695,84.17651420375329,0.8257394660667676,1.1634150846759024,-0.1560845262663597
1997-09-29,1997,False,False,71.55869706960416,84.79951286777667,0.8369793880178433,1.1768836442136368,-0.15614259269175523
1997-09-30,1997,False,True,72.69158259335381,86.16609958445743,0.8638867331629183,1.2093871688322415,-0.1563784023657273
1997-10-01,1997,False,False,74.96934526864392,88.95590771256069,0.9201502685732854,1.2783807097871893,-0.15723028187302557
1997-10-02,1997,False,False,76.34388658491295,90.63549738369713,0.953180635654058,1.3188169519744535,-0.1576822681104948
1997-10-03,1997,False,False,77.24304823853932,91.73076155116685,0.9739890105404492,1.344230572974264,-0.15793734912520463
1997-10-06,1997,False,False,78.16003662951479,92.84793792502406,0.9952062624626419,1.37014713904057,-0.15819308025311174
1997-10-07,1997,False,False,76.97347001329646,91.37947394515591,0.9627381488978037,1.330075277980694,-0.15765032681743862
1997-10-08,1997,False,False,76.7317204765804,91.07235690382542,0.9544070553281832,1.319672434981157,-0.15746420664603056
1997-10-09,1997,False,False,78.26670242899135,92.9491564324494,0.9912988449853997,1.364856856135328,-0.15796220823293317
1997-10-10,1997,False,False,78.62511971636168,93.37975033949819,0.9982074624047723,1.373187025202716,-0.15800674738895215
1997-10-13,1997,False,False,78.43685039169294,93.13836991733022,0.9912224713122932,1.3644398544134604,-0.1578460041622628
1997-10-14,1997,False,False,79.6509510718201,94.62074973097916,1.0198146357793414,1.399423642571688,-0.15820841307768552
1997-10-15,1997,False,False,79.3081833567925,94.18946352011947,1.0089077282006915,1.3858564548047885,-0.15799304515784018
1997-10-16,1997,False,False,77.85421568033765,92.39231644443879,0.9699086475773002,1.3377593819824996,-0.1573518375074382
1997-10-17,1997,False,False,77.3628918207342,91.77842851368327,0.9553258372273483,1.3196745668293572,-0.15706889872057295
1997-10-20,1997,False,False,78.68989517073898,93.39958563445305,0.9866823149582842,1.3580575956009002,-0.15749203129535072
1997-10-21,1997,False,False,80.58735411591495,95.72193335962292,1.0323565182741707,1.414039986043122,-0.15810983661234723
1997-10-22,1997,False,False,80.27429762980252,95.32716749274242,1.0222440804879058,1.401451097845647,-0.15790744924930167
1997-10-23,1997,False,False,74.03682209800581,87.65024503641511,0.8630710155953323,1.205640739428389,-0.15531528671429817
1997-10-24,1997,False,False,71.97674535168156,85.10808294355932,0.8092515225012851,1.1393288608763545,-0.1542901348228699
1997-10-27,1997,False,False,61.752022899469445,72.53013032522719,0.5505420597028357,0.8211713946290669,-0.14860179317793032
1997-10-28,1997,False,False,65.53911600365004,77.17517192747238,0.6438382421853335,0.9356913351492526,-0.1507746031943753
1997-10-29,1997,False,False,61.84492166699162,72.62439091576218,0.5494915014605743,0.8195653497413182,-0.14842767165199067
1997-10-30,1997,False,False,56.166017238800045,65.63405092624329,0.40567834221153554,0.642636747882041,-0.1442549035725833
1997-10-31,1997,False,True,56.98792969724699,66.63436219936716,0.4246982424311747,0.665859054984179,-0.14476663666800704
1997-11-03,1997,False,False,62.21956802005209,73.1505500290854,0.5535472664182794,0.8264806499147415,-0.14943130304129004
1997-11-04,1997,False,False,64.62269735013331,76.13702982331525,0.6115385872851202,0.8986790479629736,-0.15123170026335775
1997-11-05,1997,False,False,63.09205997184643,74.21454592113056,0.5714087166088775,0.8484320279235509,-0.14986935258088419
1997-11-06,1997,False,False,59.855998053828976,70.16385570343081,0.48895517546838274,0.7453695448614628,-0.1469112201183923
1997-11-07,1997,False,False,56.32876609244289,65.74981318796017,0.3994724495016868,0.6335357313778924,-0.1432862944961557
1997-11-10,1997,False,False,57.40677461290766,67.0826692596818,0.42448572240465676,0.6645823637638164,-0.14423836668332402
1997-11-11,1997,False,False,55.703812106912814,64.94514012004088,0.3805157895145681,0.6095449843876302,-0.14229437331333672
1997-11-12,1997,False,False,50.471155605796156,58.4028912890552,0.24928602984643944,0.4456161210162177,-0.13581066807124775
1997-11-13,1997,False,False,52.00671705155449,60.30672954298818,0.285703759000111,0.4908956623730081,-0.13762995530237188
1997-11-14,1997,False,False,55.978599268356525,65.25086253337126,0.3821876362557166,0.6111324082313891,-0.1421017731416595
1997-11-17,1997,False,False,58.11432753820124,67.90365144189316,0.43315234372876055,0.6745660034992149,-0.14416491154483624
1997-11-18,1997,False,False,57.8375040201344,67.54580702602792,0.4245690645353304,0.6636898282272885,-0.14372917333199586
1997-11-19,1997,False,False,59.69394673817655,69.85007434281043,0.46848577461688934,0.718329012123258,-0.14539895197232866
1997-11-20,1997,False,False,58.89420559120278,68.83967886156076,0.4470320784079307,0.6913926010211486,-0.14447297597594422
1997-11-21,1997,False,False,60.328748858649554,70.6174561142263,0.48046009469078665,0.7329437083245718,-0.1456963734141653
1997-11-24,1997,False,False,58.28707834302181,68.05725185268865,0.428604861348574,0.6680698983502122,-0.14355815499007496
1997-11-25,1997,False,False,58.818400251447514,68.70789544696294,0.4398629192520813,0.6819558248950535,-0.14393535315238015
1997-11-26,1997,False,False,60.18757881528092,70.40410381645545,0.471578944138898,0.7213717314536785,-0.14511263473801406
1997-11-27,1997,False,False,61.69937127790713,72.2782806583255,0.5067001533066458,0.7650373787136873,-0.14636360029684536
1997-11-28,1997,False,True,60.41830822250766,70.66724158280154,0.4736172737196991,0.7235912581171107,-0.14503089593903418
1997-12-01,1997,False,False,61.9716964056151,72.6202551134507,0.5096637370429988,0.7690683340670086,-0.1466334522124706
1997-12-02,1997,False,False,63.89944607305364,75.04714157860931,0.5547310480061716,0.8259645152946304,-0.14854257298899043
1997-12-03,1997,False,False,64.11582895497858,75.30775177172464,0.5581003391246315,0.8300790223991408,-0.14861581382314248
1997-12-04,1997,False,False,64.48671022726239,75.76392857273277,0.5652114132830679,0.8389303051634165,-0.14884680029025066
1997-12-05,1997,False,False,64.73874658388553,76.06966952151566,0.5694241596093461,0.8441132005215919,-0.1489545440239527
1997-12-08,1997,False,False,64.7828043381025,76.1121477289044,0.5685909040702783,0.8429091459783149,-0.14885065957085675
1997-12-09,1997,False,False,63.412607595957525,74.36443929481291,0.5335576202166272,0.7984144932240123,-0.14727243024636505
1997-12-10,1997,False,False,61.21643868997091,71.57120168775607,0.478657939371278,0.7287729876269584,-0.14467778594748104
1997-12-11,1997,False,False,59.16882592856012,68.96600889598076,0.4274746906769631,0.6638361615435648,-0.14205814029629327
1997-12-12,1997,False,False,59.4446312683154,69.30183701520872,0.43240075345338314,0.6699237834990053,-0.14223585075717537
1997-12-15,1997,False,False,61.89529856466088,72.39064123015834,0.48965820853576125,0.7422536998834739,-0.14498203755549888
1997-12-16,1997,False,False,63.08620975500328,73.88482541152054,0.5164954268029638,0.7760775339307822,-0.14615471575349326
1997-12-17,1997,False,False,63.79579903691999,74.76974439137058,0.5317118616307321,0.795191942169762,-0.14676986585655805
1997-12-18,1997,False,False,61.6412258514146,72.02915933259257,0.4782068549499907,0.7273179696065364,-0.14421844677114704
1997-12-19,1997,False,False,59.64709330205113,69.49166267431862,0.42867289346230253,0.6644709622591285,-0.1416654745822573
1997-12-22,1997,False,False,61.80659055502798,72.21189905131645,0.4786265683021049,0.727557393572164,-0.14409409852099408
1997-12-23,1997,False,False,62.213125302009985,72.71320660799213,0.48657408129056146,0.7374720814335038,-0.1444040470198168
1997-12-26,1997,False,False,63.17228890681409,73.91404087751515,0.5076918593511717,0.7640582548332973,-0.14532762440226332
1997-12-29,1997,False,False,65.2723637019606,76.55905932840035,0.5559562265068083,0.8250073737401751,-0.14742469049972817
1997-12-30,1997,False,True,66.18398934050045,77.69971925703327,0.5758092700119153,0.8499933156436492,-0.1482081277338777
1998-01-02,1998,False,False,67.91326394471795,79.9037588744023,0.615151237643349,0.9003158962202131,-0.15006171297312498
1998-01-05,1998,False,False,68.71554820678223,80.91910022717416,0.6323829325140575,0.9222863176138656,-0.15081176120509732
1998-01-06,1998,False,False,66.2555395339612,77.75113807184448,0.5721653448736557,0.8449422593319027,-0.1478511932167602
1998-01-07,1998,False,False,64.48483137197204,75.46707975429219,0.5284215110738293,0.7887231093003793,-0.14552369613447957
1998-01-08,1998,False,False,63.2192141015407,73.83070959373194,0.49673449394853986,0.7479649396486703,-0.14372739406925772
1998-01-09,1998,False,False,60.058020426321725,69.7636038792839,0.42029102359544623,0.6498149566046869,-0.13912101602085125
1998-01-12,1998,False,False,60.75334426429141,70.64178773998685,0.4351183684478286,0.6687036474012642,-0.13998008532983497
1998-01-13,1998,False,False,61.92404776490376,72.12956045432938,0.46112921692469544,0.7019334489223787,-0.14148862997560463
1998-01-14,1998,False,False,61.57353634505957,71.66664883702529,0.4512281293448386,0.6891129355527845,-0.14083416283239536
1998-01-15,1998,False,False,60.379226024024646,70.12171700451098,0.4214840207449748,0.6508475976398327,-0.1389368571773506
1998-01-16,1998,False,False,62.257056772817975,72.51625313864236,0.4640517270203557,0.705309424312978,-0.141474440856866
1998-01-19,1998,False,False,64.11706078426221,74.88792969076225,0.5061054546638775,0.7591124424004556,-0.14382650115948759
1998-01-20,1998,False,False,63.06536436202008,73.5258745143398,0.4797459794440464,0.7251881170962411,-0.14226978218776043
1998-01-21,1998,False,False,62.02555243134401,72.17905905925834,0.45372388510962525,0.6916966967013674,-0.14067108604974177
1998-01-22,1998,False,False,63.998459112665884,74.69551296411763,0.49829168491191056,0.748724383775329,-0.1432087876093764
1998-01-23,1998,False,False,62.613996926573876,72.90674559014748,0.4642471441626408,0.7049461663620236,-0.1411769045546939
1998-01-26,1998,False,False,62.92901703442942,73.29725836793878,0.4699770386240465,0.712171775001907,-0.141454695091905
1998-01-27,1998,False,False,63.79666600010708,74.39641818808609,0.4885888733358319,0.7359164243886755,-0.1424766466737838
1998-01-28,1998,False,False,64.56923903325621,75.37366023750548,0.5049434180892125,0.7567667757909156,-0.14334478609907086
1998-01-29,1998,False,False,64.6941072760547,75.52033747384095,0.5061820984447325,0.758234021009601,-0.1433551618004394
1998-01-30,1998,False,True,64.34953810199353,75.06504571720737,0.4965008860928728,0.7456987376094737,-0.14274963150735143
1998-02-02,1998,False,False,65.90555786404835,77.07153085237422,0.5308136912187271,0.790170032023362,-0.14487804854575437
1998-02-03,1998,False,False,66.44545359720446,77.75742722029392,0.5414696194711659,0.8038963579799565,-0.14547772511867707
1998-02-04,1998,False,False,65.99893653037702,77.16134852761111,0.5292436513136141,0.7878849049080625,-0.1446632570611408
1998-02-05,1998,False,False,65.91489645631462,77.03635705599307,0.5254360933860875,0.7828145969109237,-0.14436638782899514
1998-02-06,1998,False,False,66.3418895195931,77.57552133866305,0.5334500010611543,0.7931081574630146,-0.14480897614633492
1998-02-09,1998,False,False,67.75529538285511,79.3966606819356,0.5642170258496322,0.8329727253423771,-0.14662285792743857
1998-02-10,1998,False,False,68.03373230155775,79.74275643138233,0.5687389729728123,0.8387286070343012,-0.14683495597371354
1998-02-11,1998,False,False,69.31640875759302,81.39399546541837,0.5963778986597181,0.8745283804156958,-0.1483842467588007
1998-02-12,1998,False,False,68.56683715583088,80.40405696496008,0.5772032759815822,0.8494879931407282,-0.14722167333282488
1998-02-13,1998,False,False,68.86310081188262,80.77332093839361,0.5821026788703383,0.8557353057188375,-0.14745240121543357
1998-02-16,1998,False,False,67.97685755711072,79.60575938736991,0.5598554270351495,0.8267022081642854,-0.1460811619630653
1998-02-17,1998,False,False,69.14068909748532,81.10254359482734,0.5846478804007493,0.8588037735847038,-0.1474904974263339
1998-02-18,1998,False,False,68.61098058969542,80.3983465235395,0.5706128086797746,0.8404440770448802,-0.14661204419661678
1998-02-19,1998,False,False,68.15257903130191,79.78682234819881,0.5582418791753747,0.8242474423775901,-0.14581660197123447
1998-02-20,1998,False,False,68.69841701024104,80.48044145744743,0.568834042301178,0.8378946967445926,-0.14639612101824662
1998-02-23,1998,False,False,68.75104858918841,80.5330730363948,0.5681511683008162,0.8368888207581044,-0.14630044530750497
1998-02-25,1998,False,False,70.15256996088436,82.33876689700945,0.5982000350800996,0.8758232266704793,-0.14800072183941937
1998-02-26,1998,False,False,70.2705662434451,82.47634863057506,0.598970968413721,0.8767073341088936,-0.14799130405010574
1998-02-27,1998,False,True,70.40638926335492,82.63709858812744,0.6001452105307938,0.8781158770028965,-0.14800506713978123
1998-03-02,1998,False,False,72.08001915336061,84.82450422743753,0.6364916629245958,0.9258401372586436,-0.15024532344928887
1998-03-03,1998,False,False,72.12547369881516,84.86995877289208,0.6358354859525088,0.9248856628903357,-0.1501648552484931
1998-03-04,1998,False,False,72.4918095165535,85.33754966531085,0.6424508850300485,0.9334975207382479,-0.15052857972999723
1998-03-05,1998,False,False,72.82843410537667,85.76605385893663,0.6483801958007067,0.9412069803463023,-0.1508477908385415
1998-03-06,1998,False,False,74.12770251105127,87.46096709345512,0.6760631605787544,0.9775347133155321,-0.15244817231619212
1998-03-09,1998,False,False,74.22069502277007,87.56896035697842,0.6764428033890573,0.9779436630939684,-0.15243146977871613
1998-03-10,1998,False,False,74.34934100918709,87.72385765905332,0.6776261561047345,0.9794101215376134,-0.15246156526594512
1998-03-11,1998,False,False,74.64436987752903,88.09764047436894,0.6825575177311873,0.9858074697091359,-0.15270863696688897
1998-03-12,1998,False,False,75.48014311212701,89.18280120771686,0.699655218492113,1.008210467318087,-0.1536468681183809
1998-03-13,1998,False,False,76.77346927201857,90.86989710247676,0.7270105562212767,1.044108114779641,-0.15512758658195913
1998-03-16,1998,False,False,77.02690241987928,91.18895853948219,0.7309416274130174,1.0491900795389255,-0.15530450557203312
1998-03-17,1998,False,False,78.30240184242173,92.85260241496627,0.7578090209523245,1.084446176662508,-0.1567021299792809
1998-03-18,1998,False,False,78.85888952521714,93.57034817966014,0.768497012797938,1.0984175942431427,-0.15722351087329722
1998-03-19,1998,False,False,78.53592483212361,93.13112766008169,0.7594606377868836,1.0864407418755575,-0.15671669821532663
1998-03-20,1998,False,False,79.09835476070205,93.85669076453415,0.7702581940340236,1.1005566600404388,-0.15724330235398487
1998-03-23,1998,False,False,79.77368735915813,94.73078332439997,0.783558050712885,1.1179646678219504,-0.1578905551115538
1998-03-24,1998,False,False,79.10607241064868,93.83815709882288,0.7668361350601738,1.095877620481323,-0.1569946079893656
1998-03-25,1998,False,False,78.26613233443125,92.71882802024649,0.7463031555349773,1.0687770957864329,-0.15587660019450733
1998-03-26,1998,False,False,79.4346713328791,94.24175978007585,0.770580313397508,1.100626864398854,-0.15711812344920995
1998-03-27,1998,False,False,79.21272481809716,93.93543403639353,0.7638460991883984,1.0916797052638239,-0.1567322211189479
1998-03-30,1998,False,False,78.3668424960967,92.80828761805856,0.7432462435936575,1.0644917367009992,-0.1556051242039279
1998-03-31,1998,False,True,79.58291946080881,94.39375809595668,0.7685093213513068,1.0976390687990376,-0.1569048519086591
1998-04-01,1998,False,False,78.98190400362252,93.57727496907368,0.7531030094262008,1.0770656827247662,-0.15597131857360436
1998-04-02,1998,False,False,79.1593227440136,93.79582844640687,0.7549908192955175,1.0794874451362082,-0.1560464462527381
1998-04-03,1998,False,False,77.88089126756148,92.07862644257243,0.7246351213096367,1.0390371822947277,-0.15419143099257449
1998-04-06,1998,False,False,79.79938802238134,94.61218545452645,0.7650621332075034,1.0927025886332977,-0.15656331540153046
1998-04-07,1998,False,False,79.25185277724232,93.86681171266594,0.7509130264739585,1.0738016541170379,-0.15569889579462026
1998-04-08,1998,False,False,80.06509181641798,94.93077676748864,0.7668254872380276,1.0948719611873217,-0.15659499961198864
1998-04-13,1998,False,False,80.98529127968823,96.1369605923563,0.7850586244942881,1.1190281337062293,-0.15760503784714786
1998-04-14,1998,False,False,81.92331748030757,97.3668475455648,0.8036419839233417,1.1436501777123187,-0.15861179091815736
1998-04-15,1998,False,False,82.14827418696291,97.64860936514017,0.8065013999447863,1.147365252242666,-0.1587358517336015
1998-04-16,1998,False,False,80.96491864303934,96.05782404579014,0.7784201782864133,1.1099406437803614,-0.1571231240419949
1998-04-17,1998,False,False,81.12451064608132,96.25267439478249,0.7798680164844634,1.1117792303705163,-0.15717136010842325
1998-04-20,1998,False,False,80.69582031660298,95.66532150852751,0.7684205144353595,1.0964718669688844,-0.1564778224321357
1998-04-22,1998,False,False,78.8172220160645,93.1501141838852,0.7252617722410435,1.0390001952693764,-0.1538687557540348
1998-04-23,1998,False,False,78.09141939743449,92.16770915861642,0.707407328597532,1.0151743084162392,-0.15272474372729905
1998-04-24,1998,False,False,79.07104131853507,93.45290341128683,0.7268388333932947,1.040925476798218,-0.1538942244464797
1998-04-27,1998,False,False,75.13642597706703,88.20393528466903,0.6390265138510607,0.924081251904376,-0.14815109173335594
1998-04-28,1998,False,False,77.09057620658507,90.78490055330468,0.6797258577122895,0.97811136526696,-0.15084363438476134
1998-04-29,1998,False,False,78.04048689877048,92.03058959207371,0.6984756598816027,1.0029567036075608,-0.15201578904703827
1998-04-30,1998,False,True,78.97851309938983,93.26047654528222,0.7169241978128225,1.0274016640278743,-0.15314057974985618
1998-05-04,1998,False,False,78.01833131627416,91.9527407387653,0.6942091491047593,0.9968021875953379,-0.15153881559744198
1998-05-05,1998,False,False,78.35355911385976,92.38610143707596,0.6996433647258085,1.0040369075287625,-0.15189018807957544
1998-05-06,1998,False,False,76.08608325847675,89.32129576330189,0.6486691930330823,0.9354560295406693,-0.1481753303254575
1998-05-07,1998,False,False,75.52997418860735,88.55665427939174,0.6348479261603326,0.9168106986881328,-0.1470999576122859
1998-05-08,1998,False,False,76.5129067765436,89.86056323011618,0.6543331194928346,0.942931096867377,-0.1485374225775964
1998-05-11,1998,False,False,75.15459452596468,88.01771978220731,0.6232093850100364,0.9010306648424906,-0.146142450498279
1998-05-12,1998,False,False,74.1052790561035,86.59018375746831,0.5988193971111868,0.8681808793412795,-0.14418383423615266
1998-05-13,1998,False,False,74.04237638622587,86.48843681438703,0.5957408703927989,0.8639749313445482,-0.14390432856211366
1998-05-14,1998,False,False,73.82497532598937,86.1790361597208,0.5893428487834096,0.8553075599509319,-0.14335343471276352
1998-05-15,1998,False,False,74.89704160067112,87.60274532866731,0.6106890666810993,0.8839300070681142,-0.1450377346089673
1998-05-18,1998,False,False,70.78152730676473,82.05408179708876,0.5205483846780823,0.7627085241050218,-0.13737957019859026
1998-05-19,1998,False,False,71.65155722482334,83.2062438047319,0.5375870649103722,0.7855417125478947,-0.1388680230179007
1998-05-20,1998,False,False,72.0878032007205,83.77537808369425,0.5452905294902572,0.7958280403792981,-0.13951085808645936
1998-05-21,1998,False,False,71.31183103687886,82.7152293948363,0.5270199365498687,0.7712040555639463,-0.13786334682726908
1998-05-22,1998,False,False,71.18950590917089,82.53361563960695,0.5227701798753133,0.7654249334675283,-0.13744835534615973
1998-05-25,1998,False,False,69.90250060798839,80.78661236627573,0.4936431753843673,0.7262096659460628,-0.13472667610990097
1998-05-26,1998,False,False,66.51194029961206,76.21232394290342,0.41967855495436646,0.6267305003821435,-0.12728103725794626
1998-05-27,1998,False,False,68.41592098391847,78.75416848192272,0.458761641448155,0.6791933578235121,-0.1312723846532301
1998-05-28,1998,False,False,70.86658828026397,82.03078769270408,0.5094055011770815,0.7471946260426854,-0.1360976741350135
1998-05-29,1998,False,True,69.10420331643878,79.64484992218844,0.47030219822210184,0.6945712749401796,-0.13234561451302473
1998-06-01,1998,False,False,67.71379888456376,77.73511610282571,0.4392609074654241,0.652264613521599,-0.12891621857238955
1998-06-02,1998,False,False,70.99994188393599,82.19082321864752,0.5075821835820584,0.7452045375041436,-0.13615730925265312
1998-06-03,1998,False,False,69.30054067134321,79.86050117993332,0.47001146878606836,0.6940106310894947,-0.13223008061015684
1998-06-04,1998,False,False,71.33881205627844,82.61767894837426,0.5117205380240639,0.7507278081895656,-0.13651880609165634
1998-06-05,1998,False,False,72.45009309906045,84.11309205876081,0.5337217289115621,0.7806198923729606,-0.13865854499264718
1998-06-08,1998,False,False,73.50789392979517,85.53571105425962,0.5545476057660612,0.8089123183680282,-0.14061749152742298
1998-06-09,1998,False,False,72.54533119429856,84.2083301539989,0.5326478421330683,0.7790492286056105,-0.13850172469126554
1998-06-10,1998,False,False,69.60994285883484,80.19565523787888,0.46915457290003193,0.6925716180858861,-0.13199857707558305
1998-06-12,1998,False,False,67.97590634985545,77.9543037840275,0.43322694111141025,0.6436148388198568,-0.12800316274797618
1998-06-15,1998,False,False,64.98703780234443,73.86883475301973,0.36883429673945156,0.555913269622281,-0.1202374043176877
1998-06-16,1998,False,False,66.07454986199431,75.33189492345616,0.39034623958104286,0.5851400735396586,-0.12288745784064137
1998-06-17,1998,False,False,69.972744177019,80.62069024299336,0.4708985262436427,0.6947292243271879,-0.13207460806749627
1998-06-18,1998,False,False,67.89303923431208,77.77272116507739,0.42575382392055383,0.6332271444666251,-0.12703274082174731
1998-06-19,1998,False,False,68.82011065782008,79.0173989908506,0.4437785452689529,0.6577076711367258,-0.12905117687069467
1998-06-22,1998,False,False,68.48742597532498,78.54737099926783,0.4353652150517213,0.6462023862121999,-0.12807487884014113
1998-06-23,1998,False,False,70.40091019881652,81.13469583297069,0.4739971228067268,0.6987324152466448,-0.13229587569110335
1998-06-24,1998,False,False,69.96720733800986,80.52716784659997,0.4634575240021981,0.6843331920105571,-0.131135376929017
1998-06-25,1998,False,False,68.06576976879396,77.92184581830983,0.42226981606435143,0.6282176738154295,-0.12648668606358815
1998-06-26,1998,False,False,67.73308508629889,77.45181782672708,0.41391131889888344,0.616787449663289,-0.12548101533485834
1998-06-29,1998,False,False,68.6126185435426,78.63178977260006,0.43084904609175223,0.639789061792057,-0.12741883731799186
1998-06-30,1998,False,True,69.09996377910612,79.27793820929618,0.4395825787313774,0.6516237126936704,-0.1283834400854359
1998-07-01,1998,False,False,70.55373057513958,81.26479297748304,0.46847878207480687,0.6914148018019175,-0.1318044630386408
1998-07-02,1998,False,False,70.51599367963166,81.19556565324032,0.46630610675982687,0.6883766014851485,-0.13152900515796162
1998-07-03,1998,False,False,71.83903106843839,83.00220605476004,0.49240668886274275,0.7243140068033247,-0.13449250949976965
1998-07-06,1998,False,False,71.30214552715566,82.24488751233372,0.47985585056360813,0.7069693634635301,-0.13305072590119416
1998-07-07,1998,False,False,72.45880003403745,83.82216417445889,0.5024444870394194,0.7380656096494775,-0.13556514857777824
1998-07-08,1998,False,False,73.28268877706937,84.94071335779499,0.5180971309750719,0.7596004650390675,-0.13724896012608978
1998-07-10,1998,False,False,73.27466311047661,84.91244384415843,0.5165029053908614,0.7573600795592526,-0.13705624531359484
1998-07-13,1998,False,False,73.87274651375326,85.71971366688767,0.5274440068633193,0.7724000946160983,-0.13820586474626473
1998-07-14,1998,False,False,75.23737962304119,87.58369500325601,0.5541993912740903,0.8092406479545844,-0.1409659112892626
1998-07-15,1998,False,False,75.32442988897698,87.6864904835592,0.5545379526805756,0.8096649067901522,-0.14098021857654397
1998-07-16,1998,False,False,76.90892609223717,89.85355961841316,0.5857510534481889,0.8526507137817145,-0.1440636696102947
1998-07-17,1998,False,False,77.83977525936368,91.11955691993147,0.6034410633951319,0.8769946182008355,-0.14574019134264438
1998-07-20,1998,False,False,77.7901538722897,91.03394647144628,0.6009199113099846,0.8734769152215325,-0.1454819121052896
1998-07-21,1998,False,False,77.1344234153463,90.1127966865953,0.5859414160164662,0.8527864739299971,-0.14402364312791982
1998-07-22,1998,False,False,77.11451325718747,90.06814404871628,0.584051626198062,0.8501392801790459,-0.14382033657230042
1998-07-23,1998,False,False,75.54367694965694,87.88549369719536,0.5503366538175865,0.8036202064722928,-0.14043064706516262
1998-07-24,1998,False,False,75.20288551921432,87.39849670476973,0.5419044561255502,0.7919542660810195,-0.13954028553548148
1998-07-27,1998,False,False,75.1829753610555,87.35384406689072,0.5400609478056062,0.7893711075154521,-0.1393283699858182
1998-07-28,1998,False,False,73.76663744388384,85.38417433052186,0.5096428128050647,0.7473970560664938,-0.1360619456442429
1998-07-29,1998,False,False,75.14315504473785,87.26453879113267,0.5363842109518893,0.7842191946142367,-0.13890388827250089
1998-07-30,1998,False,False,77.54768116605666,90.56204349871686,0.5840751955926153,0.8499210371139936,-0.14370658865316566
1998-07-31,1998,False,True,76.21453468984745,88.70705563204527,0.555398667139744,0.8103480741233728,-0.14082894368646948
1998-08-03,1998,False,False,74.5151334772547,86.31889674412483,0.5192405854585909,0.7598998365307001,-0.1367459931961369
1998-08-04,1998,False,False,71.27669060685629,81.78493348441961,0.4518045613423687,0.6658424861036003,-0.1284862923996286
1998-08-05,1998,False,False,71.13415778941827,81.5674338451772,0.4474973968776974,0.6598024328960477,-0.12790982336850631
1998-08-06,1998,False,False,70.36174691897871,80.4717285557063,0.43039369341583056,0.6359209096513383,-0.12563395639909725
1998-08-07,1998,False,False,68.20479278109238,77.44562782752553,0.38520372185970997,0.5728802556847543,-0.11932029354856355
1998-08-10,1998,False,False,67.43832415643585,76.35820749701904,0.36831382346391583,0.5492969637076326,-0.11681630086630057
1998-08-11,1998,False,False,65.22788980650223,73.25754213815847,0.32218695553720766,0.48495017847618516,-0.10960854128183672
1998-08-12,1998,False,False,62.98774422765342,70.1154519844758,0.27554737587340594,0.41988861299324176,-0.10165673264718478
1998-08-13,1998,False,False,64.78238353548427,72.59884896763434,0.31062625649823694,0.46876284038566585,-0.10766652010742983
1998-08-14,1998,False,False,65.02609669394343,72.91987166107926,0.31429069352532446,0.4738376370381756,-0.10825272710057587
1998-08-17,1998,False,False,64.277454806636,71.85730620746601,0.2979101451339963,0.4509648368815251,-0.10548476975946619
1998-08-18,1998,False,False,64.52116796509516,72.17832890091093,0.30157975722093977,0.4560469807100187,-0.10608670292613454
1998-08-19,1998,False,False,63.96862018862784,71.38916709312355,0.2891948406537279,0.438745210130129,-0.10394499903348053
1998-08-20,1998,False,False,60.74800405557853,66.88005871031159,0.22311417561567515,0.34657836329486424,-0.09168733958942565
1998-08-21,1998,False,False,59.44079106466596,65.03870711404285,0.19564809612833844,0.3082498557422413,-0.08607053088495686
1998-08-24,1998,False,False,58.840705321934365,64.18326563454012,0.18244479594317875,0.2898072519859738,-0.08323914745981176
1998-08-25,1998,False,False,58.846728649072176,64.17288996940822,0.18143527880546428,0.28836585980647467,-0.08299706188820655
1998-08-26,1998,False,False,57.11167396178121,61.73502132770125,0.1455063545342936,0.23823825012581312,-0.07489018820255089
1998-08-27,1998,False,False,52.81551134200285,55.72633537232925,0.05832608605158396,0.11665366681194111,-0.052234262505834295
1998-08-28,1998,False,False,53.62968009563321,56.84271412635849,0.0736160934302168,0.1379380330348221,-0.05652499322222482
1998-08-31,1998,False,True,52.04912379870112,54.62025441772645,0.04098247597402227,0.0924050883545291,-0.04707284223470953
1998-09-01,1998,False,False,54.74104221977001,58.42343793009955,0.09377914996686032,0.167356990040048,-0.06302942518951604
1998-09-02,1998,False,False,54.12312973968932,57.525836258499595,0.08040468111547128,0.14832943101567642,-0.05915092661182331
1998-09-03,1998,False,False,50.6885927584508,52.627925471633525,0.010883616265400686,0.04955976724055455,-0.036849879523144446
1998-09-04,1998,False,False,48.4662739169511,49.4516667090592,-0.03435317622772949,-0.014720113007359426,-0.01992638181247741
1998-09-08,1998,False,False,48.40099029469251,49.33893581323931,-0.03656796569806364,-0.01789796011561573,-0.019010250283815755
1998-09-09,1998,False,False,47.48002327967713,48.01092113556642,-0.05579499159732981,-0.04523736378134957,-0.011057856073834138
1998-09-10,1998,False,False,42.21527459726433,40.513653370848104,-0.16128593515368872,-0.19509297938712378,0.04200117947498261
1998-09-11,1998,False,False,46.048104208675646,45.93721525902521,-0.08600171230416953,-0.08820272170176802,0.002413924070607365
1998-09-14,1998,False,False,48.5914664851687,49.5294120037155,-0.03642984307030894,-0.017830356866831543,-0.018937142207067548
1998-09-15,1998,False,False,55.098306698945045,58.750735710183235,0.09157022705457174,0.1639296697300452,-0.062168225930915755
1998-09-16,1998,False,False,54.28430010802424,57.57463150524197,0.07443006811358077,0.13955444072580714,-0.057148978833119535
1998-09-17,1998,False,False,52.38286253880835,54.85410416086251,0.035819315739148205,0.08468567549728134,-0.04505117091707711
1998-09-18,1998,False,False,54.08242591411069,57.247896065114446,0.06842045549983489,0.1309556137040484,-0.05529408709454253
1998-09-21,1998,False,False,52.58506105814105,55.10125272883224,0.03786304720015243,0.08752472491116281,-0.04566487232284955
1998-09-22,1998,False,False,53.286327141893764,56.07721355425567,0.050716309840158846,0.10574787290081611,-0.049768635698378194
1998-09-23,1998,False,False,57.612363153296855,62.201251511139716,0.13495274504618582,0.22535298474102627,-0.07377485575223564
1998-09-24,1998,False,False,55.06916303951334,58.569261330370516,0.08383544876268045,0.15272210678329978,-0.059759986917271135
1998-09-25,1998,False,False,54.332405643771985,57.50287024462431,0.06833381883821321,0.13067441492238818,-0.055135762569151425
1998-09-28,1998,False,False,55.06338295643987,58.5210284235843,0.08169414601051206,0.1496179578066139,-0.059083812439478245
1998-09-29,1998,False,False,55.36057632694632,58.92310524091046,0.08651598398679705,0.15643477575618658,-0.06046064441781429
1998-09-30,1998,False,True,53.76813553844816,56.641430373311266,0.05427716742055222,0.11061628182963257,-0.05072779440642383
1998-10-01,1998,False,False,50.054313005407074,51.25085354252807,-0.019458420603032933,0.003981272754747467,-0.023346743603559816
1998-10-02,1998,False,False,52.77594265539115,55.1644886174473,0.032893565482958076,0.07964050416252877,-0.04329861514026079
1998-10-05,1998,False,False,51.11813716327961,52.74644855432157,-0.00048335155598511204,0.03135513933030998,-0.03087054077896867
1998-10-06,1998,False,False,52.43145456268478,54.6239818548627,0.024242368201284004,0.06707313390894565,-0.04013854753400292
1998-10-07,1998,False,False,51.41541161514084,53.133785638289005,0.003460635611484797,0.036997675096718474,-0.03234051559672568
1998-10-08,1998,False,False,51.56999108685449,53.33604532700005,0.005543001693541605,0.03997859969080886,-0.033111833269939384
1998-10-09,1998,False,False,53.71522289588432,56.41633916936791,0.04640044602372062,0.09901959420846573,-0.04787826210017898
1998-10-13,1998,False,False,54.297644063976364,57.23716142244698,0.05676601051297836,0.11397626494104407,-0.05135679837046936
1998-10-14,1998,False,False,53.317254591130634,55.798512086237295,0.0367243948275402,0.08497106834350299,-0.04446816594807845
1998-10-15,1998,False,False,55.914097079671,59.5317330798825,0.08621280173273926,0.15649065187560818,-0.06076819560010427
1998-10-16,1998,False,False,54.96936108152347,58.14463062403682,0.06687299696117655,0.12850022468093636,-0.054609849756285134
1998-10-19,1998,False,False,55.831067801418094,59.36923677330058,0.0825968825759742,0.15120403715541286,-0.05959599894121703
1998-10-20,1998,False,False,56.64523655504844,60.525113748745675,0.09737081887086463,0.17253449144249,-0.06410359193711779
1998-10-21,1998,False,False,58.93308226287106,63.81159511256952,0.1406403018620206,0.23506313121102296,-0.07645182417227336
1998-10-22,1998,False,False,60.48408949359755,66.032774282204,0.16958184103641694,0.2768768507608508,-0.0840292543955985
1998-10-23,1998,False,False,58.56482518703256,63.236723763075595,0.13142716552684797,0.22168463571719177,-0.07387951649024216
1998-10-26,1998,False,False,56.8297704997416,60.706998792494524,0.0968981438369243,0.17173435169336848,-0.063867896121926
1998-10-27,1998,False,False,56.2653382317082,59.8697297271982,0.08500652237453843,0.15451269446387728,-0.06020390457604752
1998-10-28,1998,False,False,56.06338295643985,59.55652061226923,0.08012022209654779,0.1474192044565632,-0.05865248036517701
1998-10-29,1998,False,False,54.393692972762246,57.12129825568883,0.046991340447302576,0.09949336697476219,-0.04775110801433746
1998-10-30,1998,False,True,57.46591512394528,61.54181098752074,0.10511375238356302,0.18349636514462953,-0.06622970299658482
1998-11-03,1998,False,False,60.26123267570671,65.62648058823517,0.1577566316178043,0.26083536192574774,-0.0817543141798508
1998-11-04,1998,False,False,61.18474280581262,66.9602390975534,0.1743712630674208,0.28522531857108246,-0.08625262349088303
1998-11-05,1998,False,False,63.831504212998205,70.82658242117292,0.2239981632406176,0.35813197356036275,-0.09876345814030973
1998-11-06,1998,False,False,64.60051595274525,71.9332816023124,0.23755777687251456,0.37803221460368586,-0.10193842802983466
1998-11-09,1998,False,False,64.81689883467018,72.22780703265875,0.2405148102329222,0.3823503738307894,-0.10260464082257992
1998-11-10,1998,False,False,63.4288753551761,70.16440867037974,0.21278920373185684,0.34157569159425893,-0.09599643812072889
1998-11-11,1998,False,False,62.0705631045972,68.14467556351974,0.18568410897033827,0.30171300025825665,-0.08913554006520552
1998-11-12,1998,False,False,60.385427335951455,65.64462464705089,0.15239365144945527,0.25276001234829937,-0.08011619137707582
1998-11-13,1998,False,False,61.291110728708254,66.95218400311772,0.16856264497060547,0.2764954052072015,-0.08455397473136728
1998-11-16,1998,False,False,63.652644338308235,70.39934087471492,0.21243132072968063,0.34093982618504626,-0.09583465487856402
1998-11-17,1998,False,False,65.6398164635771,73.29631552803289,0.24909260634780406,0.3947919225125194,-0.10445953537088071
1998-11-18,1998,False,False,66.97928379849535,75.24138761321693,0.2733704144200637,0.4304446314299797,-0.10980796708845197
1998-11-19,1998,False,False,65.6685095141807,73.29151891502732,0.24726513797114347,0.3920516413110604,-0.10400943402038898
1998-11-20,1998,False,False,66.98420786596682,75.20165879587618,0.2710475875895033,0.4269764477395859,-0.10927220305358454
1998-11-23,1998,False,False,67.65814367318532,76.16862915967492,0.28261883740635674,0.44395505515971423,-0.11173216034450062
1998-11-24,1998,False,False,67.53581854547735,75.96537067824478,0.27908747245222276,0.43873808102736334,-0.11096572105823355
1998-11-25,1998,False,False,69.38631901773645,78.66148515663541,0.31289156135735974,0.48839139369224993,-0.11791242080453601
1998-11-26,1998,False,False,69.69777783218993,79.0957394043225,0.317538333311719,0.4951935615183838,-0.11881754495134011
1998-11-27,1998,False,False,70.5796922418146,80.36836655605416,0.3329498062665648,0.5178161766960179,-0.12179760188870203
1998-11-30,1998,False,True,67.87843244427015,76.37496390425592,0.2807251404579272,0.4410370547972815,-0.1112476003345425
1998-12-01,1998,False,False,67.41739930692928,75.66395742809256,0.270827508141928,0.4262762945917542,-0.10898925196980891
1998-12-02,1998,False,False,66.89694371175808,74.86446182679391,0.2598294484323558,0.4098768705610907,-0.10642590517072636
1998-12-03,1998,False,False,62.53185509496428,68.33971982924298,0.17651655870111527,0.2857896487157663,-0.08498519965827367
1998-12-04,1998,False,False,62.11241767810465,67.69065574067432,0.167526648084674,0.27238074700515624,-0.08240780062672348
1998-12-07,1998,False,False,64.0579940828923,70.56345883248959,0.20296702503084108,0.32513537713595464,-0.09219311038933908
1998-12-08,1998,False,False,62.224302169670715,67.80835356570137,0.1674353127517958,0.27220175545405945,-0.08235049374292969
1998-12-09,1998,False,False,61.941536405820855,67.36281446494382,0.16104098230217168,0.2626581905331551,-0.0804787938595447
1998-12-10,1998,False,False,61.736019837150415,67.03231122686215,0.1561052403960752,0.2552867270947967,-0.07901102159206663
1998-12-11,1998,False,False,59.79536749983423,64.11792553483043,0.11871594948239905,0.19958700719982092,-0.06741574994730737
1998-12-14,1998,False,False,56.214655326400845,58.761239989065125,0.0507412210542213,0.09834093437504898,-0.04333783056889495
1998-12-15,1998,False,False,58.34444135046252,61.90835936879975,0.08953205136251197,0.15608514227450532,-0.05756763795186859
1998-12-16,1998,False,False,56.52263392880701,59.17095192703859,0.054526752403115886,0.10393567028057071,-0.04475706257856249
1998-12-17,1998,False,False,56.72713231916588,59.451023652390305,0.057355681624713606,0.10812718830177648,-0.04581740003588486
1998-12-18,1998,False,False,57.59121999144145,60.71332466674358,0.07246219723354663,0.13060194910137013,-0.05142371452130834
1998-12-21,1998,False,False,60.136963220315465,64.47986792242513,0.11882722270354362,0.19962544971953733,-0.06735287837956727
1998-12-22,1998,False,False,59.66998783719156,63.76001253374823,0.1091075806169437,0.18513034449346155,-0.06414717522823277
1998-12-23,1998,False,False,60.08246482995659,64.3497961970734,0.11573750844859054,0.1949822877822358,-0.06631460578442183
1998-12-28,1998,False,False,58.486462748056354,61.948647430826284,0.08509207324779888,0.1493255553028996,-0.05588797861383343
1998-12-29,1998,False,False,57.44308952397821,60.37044752833723,0.0647467937716073,0.11900736845852133,-0.048489917239473046
1998-12-30,1998,False,True,57.90310448300751,61.03102249177063,0.07227971264828725,0.13020412021797467,-0.051251279776361014
1999-01-04,1999,False,False,58.89461089567415,62.505072342194964,0.08957897470088483,0.1563742692324288,-0.05776269526982891
1999-01-05,1999,False,False,59.951482011954155,64.07808169253225,0.10805268310032012,0.18432252155458428,-0.06439955085389226
1999-01-06,1999,False,False,61.311407663168865,66.10990326973868,0.13208624450943485,0.22068820420314372,-0.07258361257905954
1999-01-07,1999,False,False,59.12381258191265,62.77092289712391,0.09063343597702955,0.15791022819937317,-0.058101906852453866
1999-01-08,1999,False,False,58.14843564039525,61.267191431985744,0.07160065680650818,0.12907530282029978,-0.05090417430106464
1999-01-11,1999,False,False,55.954898313356,57.919214741197074,0.03017739142806586,0.06634213186312432,-0.03391476277118599
1999-01-12,1999,False,False,53.113656195966115,53.590639369452774,-0.023078927663740312,-0.01430576183968768,-0.008900494173960993
1999-01-13,1999,False,False,51.389556285786504,50.95337181440258,-0.05570447830759806,-0.06371947342973983,0.008560463338377788
1999-01-14,1999,False,False,48.114530226235175,45.96806521596322,-0.11673809246524802,-0.1561417979678249,0.046694699900629244
1999-01-15,1999,False,False,58.209557178508945,61.22447450880981,0.06754979381435322,0.12284267921562386,-0.04924366202386987
1999-01-18,1999,False,False,60.437050714046535,64.56975853940637,0.10733265532004244,0.18305247082808185,-0.0640037676900661
1999-01-19,1999,False,False,62.08220416284684,67.03340338896022,0.13637945962821774,0.2270083471967672,-0.07386167158161627
1999-01-20,1999,False,False,63.87591375622299,69.72195619286174,0.1680869695555698,0.27499246165964686,-0.08384794053207123
1999-01-21,1999,False,False,61.83093257375958,66.5988874564207,0.12960357586676174,0.2167104439153782,-0.07159211009014299
1999-01-22,1999,False,False,61.105129955129584,65.4730013545865,0.11527134404175055,0.19499233980513297,-0.06671255798709375
1999-01-26,1999,False,False,63.86148336535713,69.6189577026606,0.16446082911879611,0.2694435665552315,-0.08269980659425236
1999-01-27,1999,False,False,64.1636892671919,70.04943464491195,0.16884956479064828,0.2760683204729888,-0.08402273919205094
1999-01-28,1999,False,False,65.99899458104929,72.8009616760308,0.2011311274328893,0.324921716326231,-0.09343237971567908
1999-01-29,1999,False,True,67.15094162985783,74.51791211715056,0.22092621145196056,0.35487112940273735,-0.0988617404592741
1999-02-01,1999,False,False,71.47897190341438,81.12980379755085,0.2983062505161036,0.4735988580786228,-0.11895544476132225
1999-02-02,1999,False,False,70.58971037946762,79.73548808210457,0.28086168027259806,0.4468132918123813,-0.1147014701060014
1999-02-03,1999,False,False,70.3125001711733,79.28039715227582,0.2745468308974013,0.43710689702010574,-0.11311619647764459
1999-02-04,1999,False,False,70.23138407371908,79.12622290133427,0.2717956874516536,0.43286922758955426,-0.1124132872954966
1999-02-05,1999,False,False,68.99153004857337,77.19390463878668,0.2480879807782117,0.39647264673181937,-0.10625676507225112
1999-02-08,1999,False,False,71.35861921372891,80.79662953031527,0.2896136002481131,0.4601800517526855,-0.11681193103538023
1999-02-09,1999,False,False,70.52283790182946,79.48438200002005,0.2732307745566003,0.43502394784389264,-0.11274597440020762
1999-02-10,1999,False,False,71.642055452548,81.17218257135754,0.2921412807072785,0.46402734096636844,-0.11740631848147876
1999-02-11,1999,False,False,72.51169868037911,82.47699827865681,0.3065170933401642,0.4860720410568795,-0.12082519740363162
1999-02-12,1999,False,False,72.3414488961794,82.18604371913017,0.30214608013122923,0.4793487869443429,-0.11978426479068094
1999-02-17,1999,False,False,72.52773385896168,82.44221039394382,0.3041950144468635,0.4824773097812076,-0.12025971268366742
1999-02-18,1999,False,False,71.91181564103448,81.46735429149179,0.2918290234916374,0.46348540643398417,-0.11729285593671546
1999-02-19,1999,False,False,72.8705925556111,82.90895030737613,0.30774742372981057,0.4878974132928917,-0.12107688873817468
1999-02-22,1999,False,False,73.29456734971473,83.52986447175002,0.31404602818213667,0.4975473710074705,-0.12253458313100574
1999-02-23,1999,False,False,72.56574646190988,82.38175331175688,0.29968501125808755,0.47549408916579483,-0.11915268193795692
1999-02-24,1999,False,False,72.68072447529576,82.52849573970248,0.3004503385241788,0.47665300528294696,-0.11932570897047368
1999-02-25,1999,False,False,71.078393457385,80.03993755557559,0.27051746001284016,0.4307039483618278,-0.1119634069175548
1999-02-26,1999,False,True,72.54226126351948,82.25662198677539,0.2953975225628478,0.4688682497638461,-0.11809822101395939
1999-03-01,1999,False,False,74.29116406411961,84.9493708693714,0.3255987381495353,0.5157762063580624,-0.12546540011039242
1999-03-02,1999,False,False,73.57997711054395,83.82052380285678,0.3118910647616364,0.494474455399772,-0.12217230610963814
1999-03-03,1999,False,False,74.12260401718831,84.63939834325605,0.3205421319870885,0.5079056250154059,-0.12425412434309557
1999-03-04,1999,False,False,76.26369503946866,87.94138715976828,0.3576354380091171,0.5655200500577946,-0.13278949192698175
1999-03-05,1999,False,False,76.05165673166779,87.58793637278335,0.3528136928293575,0.5580220700495104,-0.13171082821287117
1999-03-08,1999,False,False,78.00259588889108,90.59453613042713,0.3864449037438136,0.6102583701698794,-0.13899227016746007
1999-03-09,1999,False,False,76.25151592328456,87.85028014822564,0.35427402798111585,0.5602752458758222,-0.13202876764161742
1999-03-10,1999,False,False,78.04201444436593,90.60764538744912,0.3850048859725437,0.6080060524007174,-0.13868179544177595
1999-03-11,1999,False,False,77.61011304259283,89.91265100114758,0.37627802619863937,0.5944417679463334,-0.1368276635331076
1999-03-12,1999,False,False,76.91675282636626,88.81149665890186,0.3629316756598029,0.5737014045876294,-0.13393247811395093
1999-03-15,1999,False,False,81.95171754498385,96.60893771506841,0.45103118055013747,0.7105508602360071,-0.1517170203580287
1999-03-16,1999,False,False,83.44510377691356,98.90475754980993,0.4763364514377013,0.7498534028043295,-0.15630849471635033
1999-03-17,1999,False,False,83.35191038477336,98.73592492461779,0.47355414208284974,0.7455236535482006,-0.15580969694252333
1999-03-18,1999,False,False,84.93443030344856,101.17020838070393,0.5003778010593833,0.7871849406729572,-0.1604798323253428
1999-03-19,1999,False,False,84.63325830890219,100.67829397237442,0.4939101620143902,0.7771302850073767,-0.1593693638459438
1999-03-22,1999,False,False,82.84058262281445,97.86942163354547,0.4611452456478011,0.7262244613278726,-0.1535601085597892
1999-03-23,1999,False,False,82.23041384755034,96.8975000045547,0.4492716616809638,0.7077720307316153,-0.1513670234661878
1999-03-24,1999,False,False,82.34519905781632,97.05174916249995,0.4501834443566426,0.7091808811160021,-0.1515330762360554
1999-03-25,1999,False,False,85.40733817646682,101.78452873290625,0.5029600444213749,0.7911585010381359,-0.1609005883341561
1999-03-26,1999,False,False,85.02297474095799,101.16338161132178,0.49505230813611156,0.7788668020339458,-0.1595479175693888
1999-03-29,1999,False,False,85.0902219849597,101.24378350454992,0.4950917537464272,0.7789205657789522,-0.15955114438077356
1999-03-30,1999,False,False,86.07851732533156,102.75497615167212,0.5113022125821571,0.804095001136228,-0.16229344262340317
1999-03-31,1999,False,True,84.14916998623404,99.73379292678145,0.47630122782866735,0.7497156653821306,-0.1562622104624929
1999-04-05,1999,False,False,86.13897369045029,102.82617922657124,0.5098159595189626,0.8023038794325217,-0.1622855741761221
1999-04-06,1999,False,False,86.77394535613493,103.7926021019682,0.5195437435636532,0.8175663040897656,-0.16396791679925082
1999-04-07,1999,False,False,89.26289770612598,107.66823808442908,0.5616897388732907,0.8836984563574148,-0.17094493887668494
1999-04-08,1999,False,False,88.93522555495923,107.12410800038897,0.5545255616782203,0.8724545096664127,-0.16979261517270883
1999-04-09,1999,False,False,87.97173310500787,105.58226701104167,0.5362710744440715,0.8438079717001761,-0.16679442869125083
1999-04-12,1999,False,False,88.83845235623082,106.91234152482161,0.5499821806872229,0.8653209265120392,-0.16905334698328178
1999-04-13,1999,False,False,88.23149465326149,105.92996459452507,0.5379801820293288,0.8464856213724554,-0.16707708729073167
1999-04-14,1999,False,False,88.19499254546336,105.84273015870976,0.5359347922674647,0.8432739441021864,-0.16673547240121112
1999-04-15,1999,False,False,87.89108937742873,105.33589767860637,0.5292405660907928,0.8327674504519424,-0.1656112368682141
1999-04-16,1999,False,False,89.0311519346712,107.09489463765854,0.5476595487271296,0.8616678848266353,-0.1686704372239558
1999-04-19,1999,False,False,87.70518249195483,104.98426518827632,0.5232161493118297,0.8233099072918191,-0.1645873566418129
1999-04-20,1999,False,False,86.52182694803125,103.09742136251441,0.5012919744407249,0.7889050282080128,-0.16077603295430187
1999-04-22,1999,False,False,87.13897187636678,104.03587103495882,0.5106208628202271,0.8035415599126072,-0.16241416533066977
1999-04-23,1999,False,False,86.88260667459642,103.60363376272886,0.504803579596474,0.7944111590627605,-0.16139421447732838
1999-04-26,1999,False,False,85.54475274031398,101.47435551137828,0.48028260661745525,0.7559314705976203,-0.15698156140817388
1999-04-27,1999,False,False,86.11435970238526,102.33820997594924,0.48878328875825305,0.769268416326693,-0.15853169874064432
1999-04-28,1999,False,False,87.6050147608267,104.64734659306801,0.5131775276870068,0.8075450775166293,-0.1628548872673491
1999-04-29,1999,False,False,87.40807201688668,104.30835333067984,0.5084045125529946,0.8000533272324404,-0.16202231915420662
1999-04-30,1999,False,True,89.04134097412093,106.8412755714189,0.5351955340365677,0.8420909581279121,-0.16660166683801403
1999-05-03,1999,False,False,89.59999315908084,107.69836952866196,0.5435601774739112,0.8553451682542255,-0.16804689289901054
1999-05-04,1999,False,False,88.64337266936724,106.15527625388036,0.5258285459481249,0.8272629519110555,-0.16496498527903358
1999-05-05,1999,False,False,90.53308790972663,109.12076997572542,0.5570801360395246,0.8767699995825011,-0.17034045920069785
1999-05-06,1999,False,False,92.42874539586907,112.09567619651965,0.5883826950190265,0.9263577742446094,-0.17544771991179797
1999-05-07,1999,False,False,94.52049699285158,115.38119488263469,0.6230011748568138,0.981197949742705,-0.18079807468628262
1999-05-10,1999,False,False,95.6317780356336,117.11365124214554,0.6407412898270473,1.0093028399387713,-0.18342757636422558
1999-05-11,1999,False,False,94.8177714447128,115.79645794214271,0.6254475104807911,0.9850821361510178,-0.18116863736809485
1999-05-12,1999,False,False,94.15826324415089,114.72398961481693,0.6128250637252599,0.9650928074316114,-0.17926264977111572
1999-05-13,1999,False,False,96.0539207302933,117.69889583561113,0.6439546335258022,1.0144065301938334,-0.18390125881511366
1999-05-14,1999,False,False,95.36470130081622,116.57936501353976,0.630829582505815,0.9936210629351261,-0.1819761474104754
1999-05-17,1999,False,False,94.31894712435711,114.8950842545214,0.6116337588376726,0.9632195031285185,-0.1790863139504122
1999-05-18,1999,False,False,95.06180892859106,116.04396567918704,0.6230064939027744,0.9812384384251447,-0.18081213122794215
1999-05-19,1999,False,False,94.2180911087551,114.67970988443865,0.6072948117659278,0.9563557332032588,-0.17842405423158525
1999-05-20,1999,False,False,94.08744278288316,114.44495396358421,0.6037632292536903,0.9507662607429128,-0.1778803737138005
1999-05-21,1999,False,False,91.99585334861018,111.10407338952139,0.5668393514361834,0.8922834883860091,-0.1719848738031361
1999-05-24,1999,False,False,88.63856556255111,105.75833053929681,0.5084358807241276,0.7997770999394109,-0.16187627858199294
1999-05-25,1999,False,False,85.4001226921527,100.60083766805457,0.45214783525117963,0.7106215311976889,-0.15109928831863784
1999-05-26,1999,False,False,89.26860577826221,106.70069353995538,0.5166996127374648,0.812875861115747,-0.16337370623711556
1999-05-27,1999,False,False,87.48601312470697,103.84926291124661,0.4852112171534735,0.7630028465126748,-0.15756731755067221
1999-05-28,1999,False,False,87.4920364518448,103.83099446622184,0.4841137039489021,0.7612688883607905,-0.15736108566014373
1999-05-31,1999,False,True,88.49041482474918,105.38461334569949,0.4998375394025285,0.7861798872152457,-0.1603099160740976
1999-06-01,1999,False,False,88.30628628682993,105.06162825260779,0.49550968711566834,0.7792695107296479,-0.1594810802426524
1999-06-02,1999,False,False,88.03302406216517,104.59610310539657,0.48968050387225515,0.7699582314370088,-0.15835273544121964
1999-06-04,1999,False,False,89.48895536036312,106.89585500810404,0.5130982790399563,0.8074178383012758,-0.16283979997560483
1999-06-07,1999,False,False,88.42537444655493,105.16647471436639,0.49391219901661576,0.7767465559144764,-0.15918666393715797
1999-06-08,1999,False,False,88.3898020532115,105.08105637814054,0.4921108063645028,0.7738763536502824,-0.15884170658567187
1999-06-09,1999,False,False,87.58767995385678,103.76979357648683,0.4773825534385483,0.7503338675551996,-0.15594242857101293
1999-06-10,1999,False,False,88.81780591229946,105.70844400875818,0.49692931312864275,0.7816029889116547,-0.15978513594485688
1999-06-11,1999,False,False,88.96050089244704,105.90810578077138,0.49813193162902003,0.783536665113231,-0.1600217921318099
1999-06-14,1999,False,False,88.88333277862239,105.7561687526231,0.49563300348643446,0.7795509165104848,-0.15954469770428603
1999-06-15,1999,False,False,89.51923415876175,106.74455215743099,0.5051272356557219,0.7947442716621704,-0.16136952800424587
1999-06-16,1999,False,False,92.30622851235917,111.17290220165665,0.5507446390076343,0.8677047569878318,-0.169705686508707
1999-06-17,1999,False,False,92.26471387323272,111.07798119515618,0.5488081465530674,0.8646183893671302,-0.16936990679430763
1999-06-18,1999,False,False,93.78600987504404,113.48226247088465,0.5730880250606429,0.9034564791442312,-0.17356238910811228
1999-06-21,1999,False,False,94.59423638289138,114.74622331365696,0.5853782634004143,0.9231210611227423,-0.175622223972291
1999-06-22,1999,False,False,94.45764581123638,114.49925958276232,0.5818266044943892,0.9174517155008044,-0.17503706001731367
1999-06-23,1999,False,False,93.42377612634336,112.81739264039784,0.563266373428853,0.8877810720704022,-0.17190271872237883
1999-06-24,1999,False,False,91.32624444628736,109.43454771887374,0.5269515393089448,0.8297177564461373,-0.16547154120931518
1999-06-25,1999,False,False,90.12004963368636,107.47710333854486,0.5055855547393904,0.7955601989733032,-0.16149536194872205
1999-06-28,1999,False,False,90.42912749575888,107.94283987824784,0.5095482332360386,0.801907501942134,-0.16224987597364715
1999-06-29,1999,False,False,91.16010480842677,109.0832660074499,0.5205418593939335,0.8194984798700937,-0.16430715594634893
1999-06-30,1999,False,True,92.6814008102381,111.48754728317837,0.5446900135039683,0.8581257880529729,-0.16868382999917164
1999-07-01,1999,False,False,93.21034176628285,112.31184916643323,0.5522737328246947,0.870379724421172,-0.17007562017649758
1999-07-02,1999,False,False,94.01856827413017,113.58681886789651,0.5644928159720555,0.8901134676908293,-0.17227571639738026
1999-07-05,1999,False,False,94.66041190005255,114.59330561383133,0.5739260885994486,0.9053518748142977,-0.17394466113885187
1999-07-06,1999,False,False,93.15116255251687,112.12869129186299,0.5476063398756759,0.8628975610198757,-0.1692477502475167
1999-07-07,1999,False,False,93.62068105073129,112.85710640528627,0.5541773138856578,0.8735171814316298,-0.17044939363830736
1999-07-08,1999,False,False,92.26593009355445,110.64179768488002,0.5304775134001924,0.83529048292455,-0.1660843187279193
1999-07-12,1999,False,False,90.91117913637763,108.42648896447378,0.5068151238073642,0.7971241264829907,-0.16154087433224074
1999-07-13,1999,False,False,91.13706555748767,108.76176832158755,0.509367804974165,0.8012595699947467,-0.16204869630279484
1999-07-14,1999,False,False,91.45802791112627,109.25046651043188,0.5134898235883778,0.8079273417801964,-0.16285915445136045
1999-07-15,1999,False,False,91.58289615392474,109.42273835883199,0.5143628497893067,0.8093523665633637,-0.16303596923707697
1999-07-16,1999,False,False,91.89791626178028,109.90184787069313,0.5183762718311455,0.8158448507352916,-0.16381827928949544
1999-07-19,1999,False,False,92.21293636963584,110.3809573825543,0.522383383460969,0.8223271265987739,-0.16459379809465136
1999-07-20,1999,False,False,91.20283566787495,108.72179192717122,0.5045243904362717,0.7935252399611907,-0.16113564676188918
1999-07-21,1999,False,False,91.42277984320197,109.04748260730186,0.5069688985143181,0.7974859770434373,-0.16162411403452004
1999-07-22,1999,False,False,91.09009516070688,108.48142632799879,0.5003074497057605,0.7867529042258623,-0.16031621039631605
1999-07-23,1999,False,False,89.6521527625676,106.13187612982834,0.475466463960752,0.7466844817604978,-0.15527590737302643
1999-07-26,1999,False,False,87.83390663431416,103.16865060473577,0.44441036751808727,0.6965870498821074,-0.14863763246427208
1999-07-27,1999,False,False,88.2380604289152,103.7915902713443,0.44992118075682264,0.7054956147873479,-0.14985346887707585
1999-07-28,1999,False,False,88.02422066208078,103.41730753170438,0.4452764924970263,0.69801677729929,-0.14884439787706305
1999-07-29,1999,False,False,87.34094347838672,102.28551931039499,0.4329373539422823,0.6781218011861678,-0.1461064668074623
1999-07-30,1999,False,True,86.63983955734356,101.12496505813613,0.4203252386449765,0.6577863124284611,-0.143239856671052
1999-08-02,1999,False,False,85.3126353269174,98.93331302166868,0.3975264163754153,0.620649952700455,-0.13767534189184627
1999-08-03,1999,False,False,85.67897114465575,99.5017275473128,0.402483158617877,0.6287485163994653,-0.138919762936622
1999-08-04,1999,False,False,85.1717968322882,98.646528793552,0.3931446322009966,0.6135491698573561,-0.13659610861182747
1999-08-05,1999,False,False,85.35986527653554,98.92440999686858,0.3951835334946374,0.6168922882103334,-0.13712029943633142
1999-08-06,1999,False,False,84.47238723405385,97.44940682214238,0.3796529466586378,0.5916012992480566,-0.13316673760542475
1999-08-09,1999,False,False,83.97709741325237,96.61357695653673,0.3705461002162851,0.5767794458781959,-0.130794034765622
1999-08-10,1999,False,False,83.35107818522414,95.56468932122425,0.3593207709969839,0.5585049407464295,-0.12780464440109418
1999-08-11,1999,False,False,85.19109095715476,98.53484597810927,0.38829926004252213,0.6057530455691882,-0.13542168649574993
1999-08-12,1999,False,False,84.69580113635327,97.69901611250364,0.37920623612122273,0.5909536302554257,-0.1330946358884182
1999-08-13,1999,False,False,85.54345886251733,99.05187060843208,0.39197936018889146,0.6117907939241907,-0.1363771492949959
1999-08-16,1999,False,False,85.22049416942379,98.49688962107638,0.3856990921857526,0.6015754409931118,-0.1347899969504388
1999-08-17,1999,False,False,84.11315303296986,96.66356201547956,0.3666834318503227,0.5706044049782497,-0.12983598701338872
1999-08-18,1999,False,False,82.75623757362852,94.42348775862419,0.34364370968252955,0.5330750779998024,-0.12356300812379206
1999-08-19,1999,False,False,83.56824182509439,95.71823559008713,0.3558269322655432,0.5529507249129182,-0.12693499509356854
1999-08-20,1999,False,False,85.54492625003476,98.91113446075659,0.3868742649231871,0.6035703449791046,-0.1351335042671553
1999-08-23,1999,False,False,85.81618613524459,99.32459788115936,0.390247492618101,0.609087741815542,-0.13600268245815017
1999-08-24,1999,False,False,86.65195936984257,100.65808348893262,0.4027543091512411,0.6294906819400423,-0.1391455473184131
1999-08-25,1999,False,False,88.69400849839634,103.95751124445552,0.43475601982699974,0.6816656230720746,-0.1468244339763688
1999-08-26,1999,False,False,87.82435719326374,102.51156140196206,0.4196442749829554,0.6570568338303933,-0.14327363672774185
1999-08-27,1999,False,False,88.1609817820869,103.03155370721824,0.42403935330830556,0.6642394871944208,-0.14433026961224515
1999-08-30,1999,False,False,88.08164916609776,102.87363492704351,0.42171407311383047,0.6604695292699614,-0.14378791778317168
1999-08-31,1999,False,True,88.37073578865666,103.31615167967901,0.4253344482041397,0.6663895432206293,-0.14465710973594004
1999-09-01,1999,False,False,90.42089166515797,106.65932615711839,0.4572822140969435,0.7189914422866355,-0.15224580050355652
1999-09-02,1999,False,False,91.0389663079482,107.64573844290582,0.46611832244395135,0.7335586712431152,-0.15427245309637294
1999-09-03,1999,False,False,92.02546018928652,109.23845469501036,0.48086947431035787,0.7578601904944195,-0.15757266572272444
1999-09-06,1999,False,False,92.24540436461355,109.56966753332614,0.4832721988184414,0.7618399833076945,-0.15811185302212705
1999-09-08,1999,False,False,91.7285100628444,108.6882724390077,0.47383221983147106,0.7463303146282798,-0.15604040799968144
1999-09-09,1999,False,False,92.9764627586362,110.71126892527276,0.49274137456526024,0.7774745010938289,-0.16018971093725876
1999-09-10,1999,False,False,93.44598125685063,111.45320380528719,0.4991333891473364,0.7880193123842865,-0.16156756318908372
1999-09-13,1999,False,False,94.17695856951852,112.62541891946215,0.5097069694350298,0.8054456468005382,-0.16380370014992818
1999-09-14,1999,False,False,94.11167494725994,112.4872351386937,0.5075096673474133,0.8018550251049334,-0.1633568481683917
1999-09-15,1999,False,False,92.99461382140444,110.61815132505227,0.4884808614706504,0.77056492212355,-0.15931867684048462
1999-09-16,1999,False,False,92.03799333169086,109.01310310964568,0.4720471134543094,0.743545441966915,-0.15571623312916072
1999-09-17,1999,False,False,93.25029255278444,110.97742501852522,0.4903014791540894,0.7736118153645584,-0.15973638298763582
1999-09-20,1999,False,False,95.05681635218137,113.91965655049685,0.5180175995405389,0.8192492681067938,-0.16558020599328438
1999-09-21,1999,False,False,94.29034772752485,112.62753941447974,0.5046332084179497,0.7972479693799959,-0.16281268135915083
1999-09-22,1999,False,False,94.82523092935261,113.47704435303429,0.5120196275750988,0.8094289532374488,-0.1643664014164371
1999-09-23,1999,False,False,94.0052820926488,112.09691535093889,0.4978079847842374,0.7860661778222433,-0.16139278410695856
1999-09-24,1999,False,False,94.93235351615678,113.5918406407342,0.5114324668986296,0.808513004894176,-0.1642678472267497
1999-09-27,1999,False,False,95.03345277582312,113.72747155443155,0.5118958396153679,0.8093006838205019,-0.16437557718551055
1999-09-28,1999,False,False,94.48684724513883,112.7971809789585,0.5020619168417226,0.7931421654489994,-0.16232971050256406
1999-09-29,1999,False,False,94.48692832649361,112.76656725673018,0.5009270006477806,0.791299479872416,-0.1621015818333833
1999-09-30,1999,False,True,92.58549075727773,109.60664274060719,0.4696109644012336,0.7397879800096379,-0.15529306945028287
1999-10-01,1999,False,False,91.76792287295486,108.21574864371104,0.4554785546860407,0.716348114888359,-0.15199105469305507
1999-10-04,1999,False,False,92.38243622234302,109.20331672045853,0.4640639654887959,0.7306389337632095,-0.15403268877971943
1999-10-05,1999,False,False,91.65400202476565,107.960459688312,0.4513697866154498,0.7095876435203801,-0.15104101733749586
1999-10-06,1999,False,False,94.20568749942268,112.16536663895089,0.490596321193397,0.774768459477071,-0.16011786594821753
1999-10-07,1999,False,False,94.21409177894147,112.14628267540107,0.4895508581650825,0.7730637577138508,-0.15990000264532145
1999-10-08,1999,False,False,94.98904576447153,113.40031746869784,0.5006168367215091,0.7914742096160796,-0.16235643881075035
1999-10-11,1999,False,False,95.14600618856612,113.62796194639735,0.5019101213664741,0.7936537008113236,-0.16265323641508134
1999-10-13,1999,False,False,94.12640194762011,111.90151716940211,0.48464356384258855,0.7650081572460901,-0.15884606099551934
1999-10-14,1999,False,False,94.36655381267718,112.26732957420126,0.48725853132666974,0.7693826568038022,-0.15944777371490648
1999-10-15,1999,False,False,93.32318058859904,110.5014082466061,0.4696563872220323,0.7401796574268678,-0.155457092634244
1999-10-18,1999,False,False,92.37488329704944,108.89339312141054,0.45357802198346886,0.7135073661905671,-0.15169432553124518
1999-10-19,1999,False,False,93.13795279101343,110.12768963940738,0.46443321998448805,0.7315674471604934,-0.1542730706875235
1999-10-20,1999,False,False,94.23973029461035,111.92452700345272,0.48059277760581853,0.7584371877997287,-0.15800644579267975
1999-10-21,1999,False,False,94.16494313316664,111.76727511280328,0.47825656409994743,0.7545883063234422,-0.15749092891341532
1999-10-22,1999,False,False,95.44498801025455,113.8601866063478,0.49717628251379686,0.7860421428446713,-0.1617351872060483
1999-10-25,1999,False,False,95.09685754279131,113.24895438379956,0.4905463564700834,0.7750619809372972,-0.16028489569529247
1999-10-26,1999,False,False,95.59846822230183,114.04900884519753,0.4972352109992457,0.7862021745528196,-0.16177729916039185
1999-10-27,1999,False,False,96.01094521506687,114.70102624184595,0.5025187044611403,0.7950082353966503,-0.16294606630084751
1999-10-28,1999,False,False,97.06518475239952,116.4189105046915,0.5178293159092966,0.8204677170397419,-0.1662421136599801
1999-10-29,1999,False,True,97.11518475239953,116.4689105046915,0.5174247617562426,0.8198267266358046,-0.1661707460680022
1999-11-01,1999,False,False,97.53954623673062,117.14605079202443,0.5228656711433353,0.8289781544422237,-0.1673680369311149
1999-11-03,1999,False,False,101.05981777402211,123.00954170952356,0.57659622112359,0.9190256116930355,-0.17843919772771644
1999-11-04,1999,False,False,101.46041027522108,123.64686356591473,0.5816120074079667,0.9274647477149605,-0.17943401596164466
1999-11-05,1999,False,False,103.34062197639534,126.7628827484314,0.6096670089781209,0.974499731283978,-0.184772231935739
1999-11-08,1999,False,False,104.85241443902154,129.26171625135052,0.6319441936034482,1.0118555058575955,-0.18883628130748997
1999-11-09,1999,False,False,104.42703477637887,128.51534763251505,0.6240596388239328,0.998683477955133,-0.18743530091842275
1999-11-10,1999,False,False,105.79027109442924,130.7653159420481,0.6439824567898873,1.0320950418344692,-0.190991354761741
1999-11-11,1999,False,False,106.36318872333618,131.69132142276715,0.6516023093685741,1.0448962953845826,-0.19232955084504277
1999-11-12,1999,False,False,105.96752028960867,130.99472584260886,0.644181850886093,1.032501564664218,-0.1910550626524503
1999-11-16,1999,False,False,106.10071173057116,131.1840903509051,0.6449722748925761,1.0338618659055054,-0.1912074745743807
1999-11-17,1999,False,False,104.27890430891566,128.09838891424033,0.6154748924696463,0.9844831745041105,-0.18594679298637717
1999-11-18,1999,False,False,105.95707965346679,130.87595143375188,0.6402024714158947,1.025943520646314,-0.1904006924671625
1999-11-19,1999,False,False,108.24136406788733,134.66888394227874,0.6742670389464396,1.0830453819377994,-0.19624072837581896
1999-11-22,1999,False,False,108.13092343174543,134.45010953342174,0.6712662045092033,1.078054243174988,-0.19575429274852219
1999-11-23,1999,False,False,108.94747313775673,135.78425393129396,0.6825864577259726,1.0970541147690187,-0.197642804791758
1999-11-24,1999,False,False,107.975406863075,134.12206140079766,0.6662871429486883,1.0697848981604579,-0.19494670947226556
1999-11-25,1999,False,False,108.87514801004878,135.59557030696612,0.6788766077108526,1.0909108759748056,-0.19705969919538446
1999-11-26,1999,False,False,111.01681852567651,139.14959222984228,0.7105827199641988,1.144061513556892,-0.20217647248076065
1999-11-29,1999,False,False,110.87072441483639,138.87109017457263,0.7070165421837784,1.1381230203937278,-0.20162847230865277
1999-11-30,1999,False,True,110.46911373532588,138.1645399866789,0.6995248266973211,1.1256083074873677,-0.20045249131233867
1999-12-01,1999,False,False,111.08124613233306,139.16474131884212,0.7076911923711529,1.1394286732764893,-0.2018003620771054
1999-12-02,1999,False,False,113.14328650040044,142.6115750449926,0.7381192512863273,1.190814247216419,-0.20663321708139892
1999-12-03,1999,False,False,114.35558572149402,144.62452175335545,0.7554585527422328,1.2201132725295794,-0.2092932489241518
1999-12-06,1999,False,False,114.01695879321589,144.0203739747074,0.7489818368572196,1.2092241442431377,-0.20832757444971406
1999-12-07,1999,False,False,113.80311902638147,143.62679701685335,0.7444273719372341,1.2015786404043212,-0.20764703112450755
1999-12-08,1999,False,False,114.50438511013418,144.77740607815514,0.753896489651946,1.217597029643514,-0.20910045143148015
1999-12-09,1999,False,False,115.58595492400104,146.5697547837815,0.7691727794489958,1.243414614037472,-0.21139286140914604
1999-12-10,1999,False,False,116.82202312822676,148.6228102199146,0.7867898657631187,1.273182093676771,-0.21396976039298932
1999-12-13,1999,False,False,117.03602505777074,148.95119036192563,0.7887602083065397,1.276546577584016,-0.21426592984323622
1999-12-14,1999,False,False,116.0853468138402,147.31424284319286,0.7729398422477411,1.2498902543323998,-0.21198830083655884
1999-12-15,1999,False,False,114.2195627193225,144.13310930530417,0.743176465919893,1.1997058832931597,-0.20754111758332017
1999-12-16,1999,False,False,115.30707477897239,145.9354851928731,0.7584956937969647,1.2255956347496988,-0.20987637361414324
1999-12-17,1999,False,False,117.08982959523718,148.9110413677227,0.7843878240203053,1.269326464965295,-0.2136927623379239
1999-12-20,1999,False,False,119.04490953920993,152.17738581890686,0.8128666427290854,1.3174221190696476,-0.21772273259526898
1999-12-21,1999,False,False,121.95669105425107,157.05810656284493,0.8558626899559947,1.3900146650867709,-0.22349317890540366
1999-12-22,1999,False,False,123.92959773557293,160.3545325598568,0.8845195890275392,1.4384107051100603,-0.2271525116428328
1999-12-23,1999,False,False,124.20302212294725,160.78318452129352,0.8873107558479683,1.4431598226824631,-0.22751236397797392
1999-12-27,1999,False,False,124.5893491801992,161.40235293963914,0.8918122435171245,1.45079494702272,-0.22808220009783364
1999-12-28,1999,False,False,126.81183018440848,165.119920578239,0.9241679435495509,1.5054323209125862,-0.23200162802694024
1999-12-29,1999,False,False,129.21257856210875,169.138303675116,0.9591798915554395,1.5645518968790153,-0.23605371607425674
1999-12-30,1999,False,True,131.15577401451543,172.384593762415,0.9872086971896277,1.611887784279015,-0.23916765905845516
2000-01-03,2000,False,False,130.24313019766402,170.80071216930062,0.9718869068533538,1.5859305400348318,-0.2374555788235545
2000-01-04,2000,True,False,123.88144699777101,159.968253904051,0.87415199694056,1.4200946127693044,-0.22558730264021554
2000-01-05,2000,False,False,127.01070320350705,163.99201530952678,0.9200408647544529,1.4790932019580767,-0.2255067848042439
2000-01-06,2000,False,False,125.98218199439138,162.65019024872564,0.9030541086766073,1.456951514331203,-0.2254409183183943
2000-01-07,2000,False,False,127.61088695266217,164.73749939569547,0.9262020672099951,1.4866037644633279,-0.225368313706499
2000-01-10,2000,False,False,133.23324653309308,171.97859554316807,1.0095512297600768,1.593945634135265,-0.22529169335116228
2000-01-11,2000,False,False,129.77414491792692,167.50012125114114,0.9559027116492378,1.5244931612832127,-0.2252295464111922
2000-01-12,2000,False,False,130.16802124547104,167.99389156038208,0.9603617657450461,1.5300284873551515,-0.2251621768123354
2000-01-13,2000,False,False,135.5402889513244,174.91224566477032,1.0397334680409998,1.632238459966446,-0.2250954846746671
2000-01-14,2000,False,False,138.40382254032178,178.593093649469,1.0812604893281472,1.6856104308190827,-0.22503261625574467
2000-01-17,2000,False,False,141.54089411713835,182.62694074379115,1.126835373660982,1.744206472483714,-0.2249725394255646
2000-01-18,2000,False,False,140.41858845505612,181.16408741683335,1.1083872140398818,1.7201814927452457,-0.22490936003241913
2000-01-19,2000,False,False,137.08453277717874,176.8469841463486,1.0567821872044822,1.653368104221284,-0.22484099212155462
2000-01-20,2000,False,False,134.84462905057808,173.94187731435775,1.0216586064554436,1.6078242475915703,-0.2247719115571053
2000-01-21,2000,True,False,133.77703098605969,172.5496238093247,1.0041502769447144,1.5850130907763997,-0.2247040124880858
2000-01-24,2000,False,False,133.34011212254345,171.97431110084884,0.996109462912327,1.5744657350426472,-0.22465098845867504
2000-01-26,2000,False,False,134.43463162008632,173.36570771741802,1.0109892538531988,1.5933538925567396,-0.22456041976183905
2000-01-27,2000,False,False,134.2961468987252,173.17365118510477,1.0074162466177157,1.5885448607638977,-0.22450011315418605
2000-01-28,2000,False,False,131.62097196904557,169.7239171554091,0.9659592527116589,1.535084647578926,-0.22449956273089233
2000-01-31,2000,False,True,128.95365056942268,166.28426881455985,0.9246813517824279,1.4818547584262665,-0.22449879661658356
2000-02-01,2000,False,False,130.05364264464131,167.69154688226376,0.9397205223987695,1.5010813100337632,-0.2244472362345612
2000-02-02,2000,False,False,132.81858309188328,171.24992728025126,0.9795530482111772,1.5523410027574704,-0.22441670369573297
2000-02-03,2000,False,False,137.49193134290667,177.2739579907807,1.047752168936908,1.6402504381605638,-0.22440987440435523
2000-02-04,2000,False,False,141.26997716746467,182.1412638633275,1.1025297806638967,1.7108196606164974,-0.22439334080020013
2000-02-07,2000,False,False,142.84118104608615,184.15734447733809,1.1244084999772017,1.7388840184306655,-0.2243525152282818
2000-02-08,2000,False,False,147.28677692546484,189.88712062381933,1.1889754532447,1.8221015803964655,-0.22434561943118292
2000-02-09,2000,False,False,144.78199870465198,186.6370592122773,1.1502277035344357,1.7718375130536237,-0.22425910847652286
2000-02-10,2000,False,False,146.73802555605243,189.15032857243833,1.1777374817506017,1.8071780212163993,-0.2242253732070224
2000-02-11,2000,False,False,142.69395544412365,183.9115121762945,1.1162239154848845,1.7275012399026726,-0.22411624070961045
2000-02-14,2000,False,False,140.6682425567703,181.28040002016422,1.0847093110036528,1.6865832042508457,-0.22402950048034165
2000-02-15,2000,False,False,141.51692167017416,182.3629833965046,1.0958077257219023,1.700721192755005,-0.22398219729450508
2000-02-16,2000,False,False,143.0645649586255,184.34862388319988,1.1172345765547118,1.7282037361150087,-0.2239455768909414
2000-02-17,2000,False,False,142.06766450870163,183.0467306198391,1.1010006723117844,1.7070291148004375,-0.22387215533636007
2000-02-18,2000,True,False,139.33513391624405,179.50241464424883,1.0591399100922763,1.652745044003677,-0.22377014151932872
2000-02-21,2000,False,False,139.97566842733644,180.3110368747512,1.0671512215007488,1.662821219669322,-0.223698832564713
2000-02-22,2000,False,False,138.35521863771706,178.2177003011918,1.0417846742038352,1.63005741835912,-0.2236729662435677
2000-02-23,2000,False,False,141.12234327780067,181.75578728096903,1.0811581522709366,1.6803873124300206,-0.22356066131943708
2000-02-24,2000,False,False,140.71934657317996,181.2250439095968,1.073758791604757,1.6706848576151105,-0.2235104843270056
2000-02-25,2000,False,False,140.85392655544175,181.38427675737202,1.0742864359497029,1.6711569508448898,-0.2234501850242816
2000-02-28,2000,False,False,138.97259396189406,178.956098783344,1.0451467927118254,1.6335515588298697,-0.22342633245406518
2000-02-29,2000,False,True,139.9451611325316,180.19088279626104,1.0580170754784062,1.6498659234744268,-0.22335048832206805
2000-03-01,2000,False,False,142.3091032574533,183.22807877815552,1.091316422957676,1.6926449645495212,-0.2233226249686605
2000-03-02,2000,False,False,142.85477129439,183.91850788331504,1.097867270756776,1.700901164720011,-0.2232713665498932
2000-03-03,2000,False,False,147.77220268200375,190.25138082688522,1.1685648192327593,1.7919489848809156,-0.22327921069615997
2000-03-08,2000,False,False,145.06078843959332,186.7380362224151,1.1272880986253213,1.7384767881778753,-0.2231856381588051
2000-03-09,2000,False,False,148.0097404884755,190.5302789385635,1.169019225581288,1.7921394680459408,-0.2231694546765386
2000-03-10,2000,False,False,145.1323099162925,186.80266431491316,1.1253685552595134,1.7356038707204853,-0.22307152069508218
2000-03-13,2000,False,False,139.76463439752138,179.8609994035606,1.045336113134459,1.6321121863935701,-0.22292973540124494
2000-03-14,2000,False,False,136.8634872067995,176.1027747771703,1.0014855371467895,1.5753191297497051,-0.22282038213209188
2000-03-15,2000,False,False,138.1759925764951,177.78292730425719,1.0192733779446046,1.5980803572647186,-0.22278255470492336
2000-03-16,2000,False,False,140.2790518974885,180.48341325601146,1.0485814254848806,1.6357104856580253,-0.22275931418414618
2000-03-17,2000,False,False,139.2910452689074,179.19439551731622,1.0327393680660562,1.6150676204750805,-0.22268190996270765
2000-03-20,2000,False,False,139.45724740922114,179.3950645786354,1.0337515247178084,1.6161780251051,-0.22262494937204957
2000-03-21,2000,False,False,145.96369223894354,187.77880770578702,1.1271599840512243,1.736540570313343,-0.22268282548880414
2000-03-22,2000,False,False,145.7820506406862,187.53053006025252,1.1230395724371776,1.7310271367997938,-0.2226223079844799
2000-03-23,2000,False,False,145.96406386002587,187.75160579006504,1.1242171455721017,1.732351851414668,-0.22256822653631003
2000-03-24,2000,False,False,148.7311885001095,191.3091718185399,1.1629881984087946,1.7821970970840293,-0.22256111880938123
2000-03-27,2000,False,False,150.9607364533106,194.17291111824096,1.193893055722853,1.8218900577737442,-0.2225448154228704
2000-03-28,2000,False,False,146.1622597794739,187.96588627264893,1.1226884200338536,1.729795028855897,-0.22240007121578365
2000-03-29,2000,False,False,143.9568000658941,185.1055550599659,1.0892140990903774,1.6863971363229329,-0.2222988660753128
2000-03-30,2000,True,False,140.79477007124393,181.01062040343538,1.041913101861963,1.6251540251879444,-0.2221739820710995
2000-03-31,2000,False,True,142.22265178233695,182.823416275729,1.0611978519179264,1.6496147286337535,-0.22207639109072952
2000-04-03,2000,False,False,137.69145499107796,176.98168548919406,0.9940073512427443,1.5629969697368042,-0.22200167429479611
2000-04-04,2000,False,False,133.8542989460363,172.03242434249222,0.9369624371475163,1.4894257901807708,-0.22192400963000258
2000-04-05,2000,False,False,133.55939155607658,171.63815423721002,0.9312240788169366,1.4818302363066898,-0.22185488331753578
2000-04-06,2000,False,False,137.05677578000387,176.12040636673032,0.9802880150722992,1.544705491230324,-0.2218007066448927
2000-04-07,2000,False,False,140.04218627494197,179.9443095275405,1.0218856681032653,1.5979801527532445,-0.2217470691758191
2000-04-10,2000,False,False,134.26739675908362,172.50343811839625,0.9370391331986245,1.4886600791568179,-0.22165379297002563
2000-04-11,2000,False,False,132.37353884665674,170.0530714443251,0.9082680106877676,1.4514479191518794,-0.22157513697131037
2000-04-12,2000,False,False,130.7029164794553,167.8897642083794,0.8827561888625097,1.4184272327211591,-0.22149562186988947
2000-04-13,2000,False,False,124.19291768938236,159.50348439239968,0.787625330377473,1.2958834874663592,-0.22137802717932265
2000-04-14,2000,False,False,118.60905121130973,152.30812164495453,0.7059591014495719,1.1906542855822377,-0.2212558993551289
2000-04-17,2000,False,False,118.83194178007524,152.57968990759014,0.7078720830721854,1.1929002331650622,-0.22118112933611422
2000-04-18,2000,False,False,123.61352876881622,158.71330326515425,0.7752509800510261,1.2793293741783298,-0.22115206333837445
2000-04-19,2000,False,False,119.81857844336864,153.81831461408083,0.7194508991117854,1.2073625208969303,-0.22103828309401974
2000-04-20,2000,False,False,122.081704667068,156.713429678626,0.750605576357956,1.2472114444482219,-0.22098760190864097
2000-04-24,2000,False,False,118.87133148238772,152.57015100008473,0.7032845385862492,1.1861484683270063,-0.22087426208078076
2000-04-25,2000,False,False,123.76166402085786,158.84360067436253,0.7720208111501876,1.2743243502734654,-0.22085835692823674
2000-04-26,2000,False,False,124.17954660982744,159.36590991869167,0.7766651999900007,1.2800845545595947,-0.22078977446818004
2000-04-27,2000,False,False,124.18231320815799,159.35441992907994,0.7753679089202419,1.278204649098961,-0.22071622950009895
2000-04-28,2000,False,True,125.01275870075898,160.40724538303968,0.7858965528679851,1.291532076900567,-0.2206539149635136
2000-05-02,2000,False,False,124.95074423998811,160.31363819468012,0.7838522863593367,1.2887086569000408,-0.22058568661356415
2000-05-03,2000,False,False,121.68061638625262,156.0688266138456,0.7360399225016583,1.2266628959173822,-0.22034003185452433
2000-05-04,2000,False,False,120.61731311469573,154.67958114830222,0.7197543023482216,1.205412044888301,-0.22021179383042544
2000-05-05,2000,False,False,122.64356425818893,157.28812824416661,0.7475119259586505,1.241152086380612,-0.2202617856332877
2000-05-08,2000,False,False,120.08088085746057,153.95872898235905,0.7098895656078525,1.1922925809785752,-0.22004499744071204
2000-05-09,2000,False,False,117.65750026658341,150.80958346015015,0.6742981926680691,1.1460613428999378,-0.2198274302795009
2000-05-10,2000,False,False,116.52446580613196,149.33010788669773,0.6571029397122836,1.1236343720150939,-0.2196853839110371
2000-05-11,2000,False,False,117.08636198283895,150.0438227164719,0.6640180643555922,1.132405749200505,-0.2196522331739743
2000-05-12,2000,False,False,116.81587201110523,149.68045434737283,0.6591021202351934,1.1258682993171094,-0.21956495575565738
2000-05-15,2000,False,False,121.62115836235134,155.8849912815533,0.7262357961107928,1.2125611665768856,-0.21980200042039966
2000-05-16,2000,False,False,124.09898677031055,159.07786607852202,0.7602693158909293,1.256423632319461,-0.21988526858252955
2000-05-17,2000,False,False,120.23606402700213,154.06599534235073,0.7043771962590504,1.18392519170858,-0.21958077926394437
2000-05-18,2000,False,False,118.33853957571785,151.59729220141023,0.6763991440217592,1.147546959710898,-0.2193888303856063
2000-05-19,2000,False,False,115.98752304471182,148.54178364473165,0.642037005780991,1.1029081339665998,-0.21915894505400624
2000-05-22,2000,False,False,112.5592633644442,144.09235413040082,0.5924783241271847,1.0386056532918442,-0.21883944471765493
2000-05-23,2000,False,False,110.17864698094404,140.99854423501026,0.5577957799362265,0.9935526819860061,-0.21858308836647955
2000-05-24,2000,False,False,114.84550814599781,147.0239630487992,0.622736788190078,1.0774098825135408,-0.21886537565390574
2000-05-25,2000,False,False,115.04422769587626,147.2677380030561,0.6245012896721935,1.0795187651265947,-0.21880902595591678
2000-05-26,2000,False,False,117.93517749524982,150.99517973223666,0.6642552308502216,1.130785089229767,-0.21894740147078162
2000-05-29,2000,False,False,119.81861533425636,153.41893061167394,0.6897497034318203,1.163600303497966,-0.21901022998566555
2000-05-30,2000,False,False,123.66114853173713,158.37769327567298,0.7428220805241617,1.2321007380299842,-0.219200974745276
2000-05-31,2000,False,True,121.37738988658711,155.40921444550168,0.7095407026279872,1.1888621752887558,-0.21898202548889867
2000-06-01,2000,False,False,125.3617893159285,160.58390230643093,0.7644755868863928,1.2602291879591485,-0.2193377573007944
2000-06-02,2000,False,False,131.57224126397432,168.65769129538586,0.8506477337866447,1.3722783102499014,-0.21988591060730434
2000-06-05,2000,False,False,130.0277712104591,166.63185193614666,0.827699595327738,1.3422147862510574,-0.219670370942731
2000-06-06,2000,False,False,129.46663857470784,165.88666278309782,0.8185949231229861,1.3301805474548858,-0.21954763328990667
2000-06-07,2000,False,False,132.10811423806112,169.31239289387736,0.8544588228604832,1.3767113975744816,-0.21973748064109733
2000-06-08,2000,False,False,133.16946839562817,170.68025060436486,0.8681087750889722,1.394312132726561,-0.21977224708725274
2000-06-09,2000,False,False,132.76614845053305,170.14058892456913,0.8612076885588744,1.3851484428677918,-0.2196679858126377
2000-06-12,2000,False,False,130.85443278777095,167.63646697716814,0.8331841818166708,1.3484761884726693,-0.21941546999082762
2000-06-13,2000,False,False,132.9586432039662,170.36248929983523,0.8614210048555264,1.385074850197693,-0.21955447029210085
2000-06-14,2000,False,False,133.09905100751706,170.53095185169767,0.8621452839159613,1.3858427640810462,-0.21950209294986678
2000-06-15,2000,False,False,134.704611617544,172.60755723410603,0.8833534247459545,1.413288083832375,-0.21959030197707163
2000-06-16,2000,False,False,133.66365819230532,171.23747312446258,0.8675561024872995,1.3925395446531699,-0.21942518916316311
2000-06-19,2000,False,False,137.10289376155896,175.70216643294572,0.9143356176813415,1.4532882281195878,-0.21968580954360417
2000-06-20,2000,False,False,137.09905214918146,175.6827656523301,0.9130100299885784,1.4513874277069312,-0.21962150561486726
2000-06-21,2000,False,False,140.42323923515593,179.99762548435672,0.9580929773826523,1.5099270485866478,-0.21986060173132738
2000-06-23,2000,False,False,138.26084234183688,177.16702865274885,0.9266607094748334,1.4688172539533682,-0.21960173180512577
2000-06-26,2000,False,False,136.45380324638566,174.799232309447,0.90021874547354,1.434206815980363,-0.21936840657960355
2000-06-27,2000,False,False,134.65147140510464,172.43756646206126,0.8738773356575198,1.3997275650783871,-0.21912913660417555
2000-06-28,2000,False,False,137.3268552552774,175.9074569247784,0.9098436823581622,1.4463950963048653,-0.2193232870508659
2000-06-29,2000,False,False,133.90283446036796,171.43378328096063,0.8609924048098787,1.3826005618134833,-0.21892387895963117
2000-06-30,2000,False,True,136.50984344911888,174.8146256928295,0.8959700479044284,1.4279809124004097,-0.2191165761554572
2000-07-03,2000,False,False,139.4343926344378,178.63057295033542,0.93530882043833,1.4793404044659906,-0.21942593402975485
2000-07-04,2000,False,False,141.00325261873073,180.67077953443393,0.9557914828225529,1.5060015655370624,-0.2195569588946341
2000-07-05,2000,False,False,139.8997485618063,179.21060747824401,0.9392044355101858,1.4841074303915014,-0.2193556479139217
2000-07-06,2000,False,False,141.64788312441286,181.4856357015343,0.9621408612220774,1.5139830802982983,-0.21950912215795082
2000-07-07,2000,False,False,143.6961649783483,184.15380990018704,0.9892020201353418,1.549261705935351,-0.2196948569446765
2000-07-10,2000,False,False,142.72893194045355,182.87213155104627,0.974510916172282,1.5298516222476755,-0.21951512934264283
2000-07-11,2000,False,False,138.06155777285167,176.74384743386082,0.9086851305002532,1.443463328578721,-0.21886074238303777
2000-07-12,2000,False,False,139.48720553281308,178.596468418338,0.9271258659138646,1.4674512084112488,-0.21898116593166206
2000-07-13,2000,False,False,134.67494367753096,172.27840410677234,0.8594173683288295,1.3785972953597758,-0.21827146951010779
2000-07-14,2000,False,False,138.20672865080945,176.88973520757537,0.9069259537890921,1.44065994701648,-0.2186842922873532
2000-07-17,2000,False,False,142.29883643828322,182.235001498429,0.9620982043361439,1.5127610186914047,-0.21914651264449914
2000-07-18,2000,False,False,142.19255220972644,182.0810313417753,0.9593461918663089,1.5089905893551712,-0.2190699318765179
2000-07-19,2000,False,False,138.7213790891457,177.5195833778618,0.9102616136865962,1.4445319678262938,-0.21855731942617085
2000-07-20,2000,False,False,140.97159416858705,180.45225849720623,0.9399760665401886,1.4832879609707277,-0.21878731060177015
2000-07-21,2000,False,False,141.93369706873438,181.69770826508167,0.951936894854893,1.4987897010914968,-0.21884707064293263
2000-07-24,2000,False,False,142.52177272227087,182.45324087918266,0.9587416408165497,1.5075379963762017,-0.21885863996986332
2000-07-25,2000,False,False,139.88418250966564,178.9836560600291,0.9212346845670227,1.45824511266227,-0.21845275938072206
2000-07-26,2000,False,False,140.50528872636278,179.78245354223222,0.9285039629108616,1.467602303520834,-0.21847051278918572
2000-07-27,2000,False,False,139.1760758211743,178.02663822067802,0.909012143856734,1.4419068599831735,-0.21822892791664916
2000-07-28,2000,False,False,135.5293779688223,173.235280329652,0.8577786797292872,1.3746350436832193,-0.21765717865944267
2000-07-31,2000,False,True,135.32894865686094,172.95799484845608,0.8538212144775468,1.3692876006637817,-0.21756176246472614
2000-08-01,2000,False,False,134.05814559660877,171.269959095531,0.8353198504297625,1.3447672971411984,-0.21726993861291355
2000-08-02,2000,False,False,134.2978924211862,171.57201347938573,0.8375083436569197,1.34750524094341,-0.21725058943064746
2000-08-03,2000,False,False,137.58291355802592,175.8860971470703,0.8813359166674173,1.40510120950215,-0.21777266202579093
2000-08-04,2000,False,False,137.94943710932358,176.35517488841427,0.8852270074357946,1.4100826039414902,-0.21777494084532112
2000-08-07,2000,False,False,139.86424836278167,178.86406085847793,0.9102599241947611,1.4429176958105656,-0.2180416362488492
2000-08-08,2000,False,False,139.0218852159893,177.74047786182538,0.8976281068057883,1.4261311518231357,-0.21783778862086633
2000-08-09,2000,False,False,136.26414832572758,174.09346519667466,0.8588822132216689,1.3749405098004255,-0.21729314669112376
2000-08-10,2000,False,False,138.7101612447007,177.30218849472018,0.891128457989399,1.4172793926369676,-0.2176624416069669
2000-08-11,2000,False,False,143.22313744821838,183.23405472698408,0.951500095562217,1.4966725466354465,-0.2183596130008767
2000-08-14,2000,False,False,146.58267681209193,187.646313231607,0.9960932899219148,1.5552783921414806,-0.21883529557455939
2000-08-15,2000,False,False,146.09559167919835,186.99079506245562,0.9882832003677877,1.544845139903242,-0.21870169261325467
2000-08-16,2000,False,False,142.84111979802398,182.68935355921317,0.9428419605881437,1.4848344954830885,-0.21812017495739622
2000-08-17,2000,False,False,145.92356943760592,186.73655723654844,0.9835946200147374,1.5383810971871243,-0.2185591745018769
2000-08-18,2000,False,False,142.79180530073344,182.5967783662943,0.9398768587813755,1.4806414072207734,-0.2179938409740776
2000-08-21,2000,False,False,140.99777897186493,180.2194165098989,0.9143736224043053,1.4468988073953213,-0.21763269628541748
2000-08-22,2000,False,False,142.16661011529519,181.74550298812864,0.929104444042353,1.466163167390536,-0.21777096116330696
2000-08-23,2000,False,False,144.01328585923847,184.16462310086328,0.9530103624778796,1.4975155255423678,-0.2180187300121953
2000-08-24,2000,False,False,142.94393732067826,182.7419957668559,0.9373662689308186,1.4767624647246231,-0.2177827722586132
2000-08-25,2000,False,False,145.63392961681342,186.2721523104659,0.9726621797330437,1.5231210265846387,-0.2181658513609669
2000-08-28,2000,False,False,144.22262698717523,184.39901389389166,0.9523957743996645,1.4962785871450905,-0.21787744987527458
2000-08-29,2000,False,False,143.42486307904656,183.33418864225885,0.9404540298929827,1.4804037286893843,-0.21768621476863548
2000-08-30,2000,False,False,143.94217833172954,184.00192852687192,0.9463081138329092,1.487974342221078,-0.21771375178435692
2000-08-31,2000,False,True,143.4464765301854,183.33505823524806,0.9384658990565591,1.4775007869628114,-0.21757203498896127
2000-09-01,2000,False,False,145.33725226265193,185.82350846705214,0.9626907800493167,1.5094329300074563,-0.21787478095958301
2000-09-04,2000,False,False,145.67247995178022,186.25134565406233,0.9658904177028367,1.5135134366270222,-0.2178715303225357
2000-09-05,2000,False,False,144.22094565544612,184.31228387517223,0.9449891524672436,1.4856680225916685,-0.21751853634931062
2000-09-06,2000,False,False,145.58490784069195,186.10287146478655,0.962060752569972,1.508124952355614,-0.2177181002377021
2000-09-08,2000,False,False,144.3863685100154,184.49894862855635,0.9445975556904425,1.484834324963722,-0.21741359729533127
2000-09-11,2000,False,False,143.27535219331753,183.01096632215845,0.9283358303272882,1.4631354821286466,-0.2171214923749072
2000-09-12,2000,False,False,140.09442058522262,178.7809957696645,0.884255824952557,1.404586358704297,-0.21639086983431044
2000-09-13,2000,False,False,141.06847851402927,180.05508256685397,0.8960817004573824,1.4200951957910477,-0.21652598469887174
2000-09-14,2000,False,False,139.28360679526776,177.67445330059914,0.8708342081298552,1.3864936642122112,-0.2160740938956469
2000-09-15,2000,False,False,137.69524299212105,175.55413536066777,0.8482582951962554,1.3564313471230571,-0.21565366313227197
2000-09-18,2000,False,False,132.55888608812535,168.7338398805002,0.7781205377347462,1.2633647200603648,-0.21439062738093606
2000-09-19,2000,False,False,134.80549832227368,171.69366181973524,0.8070442134353037,1.3015236168865316,-0.21484872013616452
2000-09-20,2000,False,False,133.97189086574335,170.57315920543087,0.7946669908338022,1.2849719920352425,-0.21457812301879542
2000-09-21,2000,False,False,134.5669749418621,171.34522456533398,0.8014320608013663,1.293778106630977,-0.21464414731586712
2000-09-22,2000,False,False,136.26906158767454,173.58372096573137,0.8229974794337729,1.3221902470331957,-0.2149663526651986
2000-09-25,2000,False,False,136.04348775879365,173.2686721142815,0.8187632053314655,1.316426097784512,-0.21484082437554275
2000-09-26,2000,False,False,135.58590214809882,172.6462804544888,0.8114348984381938,1.306563533126103,-0.2146607399176459
2000-09-27,2000,False,False,132.39021050574132,168.39675748812164,0.7675595528136356,1.2482878169308629,-0.21381971671823996
2000-09-28,2000,False,False,133.761193680258,170.19664568541623,0.784672363979426,1.2708024774571878,-0.21407855518200913
2000-09-29,2000,False,True,133.13063642479943,169.34512087277366,0.7750751523306587,1.2579349449703154,-0.21385017921586058
2000-10-02,2000,False,False,130.23350896107968,165.46870298615565,0.7353449798113405,1.2048494687241553,-0.21294174299549573
2000-10-03,2000,False,False,130.87129002729512,166.30274543193104,0.7427375336545321,1.2145578022007304,-0.21305394154865764
2000-10-04,2000,False,False,132.8586169289245,168.93513204153143,0.7680804534267518,1.24818616785308,-0.21355247234031693
2000-10-05,2000,False,False,136.78102421436301,174.1461198541714,0.8191269844848783,1.3160661918540844,-0.2145617466016333
2000-10-06,2000,False,False,133.50851317655977,169.76948267752698,0.7744802384226295,1.2564298330557384,-0.21358944451662165
2000-10-09,2000,False,False,132.83328946515718,168.8538739318114,0.7643890441292223,1.2428408302138134,-0.21332400393253925
2000-10-10,2000,False,False,132.01748640039963,167.75093545410294,0.752444509739818,1.226782329036765,-0.2130149018661065
2000-10-11,2000,False,False,130.30156059753142,165.4485338456658,0.7285740824688309,1.1948320977630966,-0.21243447996293685
2000-10-13,2000,False,False,129.22446503434168,163.99740872080824,0.7132031349249839,1.1742080701622304,-0.21203349466127586
2000-10-16,2000,False,False,128.12933829416085,162.52225605938406,0.6976126840235821,1.1532917206606088,-0.2116197411919779
2000-10-17,2000,False,False,125.21122764659754,158.6178769244606,0.6579040230633972,1.1002367058093778,-0.21061087139485846
2000-10-18,2000,False,False,121.67327534397475,153.88752464092613,0.6100433410355826,1.0363188515812531,-0.20933632776353106
2000-10-19,2000,False,False,125.10708560333728,158.44743000253058,0.6544387894647874,1.0953375504112985,-0.2104189660801744
2000-10-20,2000,False,False,122.63568539813183,155.13831713856527,0.6207359303717861,1.050286129584563,-0.20950744045652492
2000-10-23,2000,False,False,118.37840083112283,149.4494149891693,0.5634883128638863,0.9738601979701607,-0.20790321702027537
2000-10-24,2000,False,False,116.90493851000598,147.47010932597988,0.5430570136455846,0.9464942148620852,-0.20726349872305427
2000-10-25,2000,False,False,115.88440978082792,146.09436262336007,0.5286260084154435,0.927124130082011,-0.20678383683027657
2000-10-26,2000,False,False,120.38253818647617,152.07253054159634,0.5869637802360324,1.0047226248421364,-0.20838735465411362
2000-10-27,2000,False,False,124.16843510097804,157.10161076545089,0.6358451299376027,1.0697200916401939,-0.20962977721241394
2000-10-30,2000,False,False,125.80742519401052,159.26981938987487,0.6563987016139314,1.0969694088949042,-0.2100987765544715
2000-10-31,2000,False,True,125.6642807717818,159.0632356059417,0.6534773785760761,1.0929373106044964,-0.2099728117998394
2000-11-01,2000,False,False,125.10760347160517,158.29969008095318,0.6450703941039468,1.0815212370934018,-0.20967878454072675
2000-11-03,2000,False,False,123.10532043735424,155.59760807946958,0.617678323749727,1.04464662390893,-0.20882253938968198
2000-11-06,2000,False,False,125.28515348946047,158.503683538382,0.6452416741885811,1.0814666255861063,-0.20957576068494077
2000-11-07,2000,False,False,126.67424762493718,160.3493894946429,0.6623917011146607,1.1043226967800908,-0.21001103886853756
2000-11-08,2000,False,False,124.23139751394038,157.05651338624367,0.6292642296910211,1.0597575526064742,-0.20900193926741273
2000-11-09,2000,False,False,123.22888739506472,155.69511247019298,0.6150575019012412,1.040565038927824,-0.2085243689415347
2000-11-10,2000,False,False,124.08925316806504,156.8318013046629,0.625268541821415,1.0541165855227623,-0.20877492870844394
2000-11-13,2000,False,False,122.11162338023107,154.16277895168292,0.5983196777517155,1.017837420833546,-0.20790463034853046
2000-11-14,2000,False,False,123.50566412178499,156.0151182354753,0.6155090140194239,1.0407471319225023,-0.2083737427588489
2000-11-16,2000,False,False,123.15427097381169,155.5268558030427,0.6098597512916557,1.0330307948110158,-0.20814787685431801
2000-11-17,2000,False,False,121.87395307492353,153.79291865369245,0.5920829924875703,1.0090518439411165,-0.20754509283124634
2000-11-20,2000,False,False,123.33277839929484,155.73213313031636,0.6100884908524129,1.0330565682808923,-0.2080454051439069
2000-11-21,2000,False,False,125.64808463074088,158.81987617226804,0.6392444178831165,1.0720140400817746,-0.20886423249408992
2000-11-22,2000,False,False,124.04855107193602,156.65787541883054,0.61732139598352,1.042475559567543,-0.20815630404607688
2000-11-23,2000,False,False,122.00398253412202,153.8990891658683,0.5896284369266709,1.005199858838675,-0.2072468836860405
2000-11-24,2000,False,False,122.22192778883952,154.17430133447706,0.591431351417181,1.0074778819593369,-0.2072483758257332
2000-11-27,2000,False,False,119.66059848389715,150.72254633278376,0.5570669939349009,0.961256295807206,-0.2060869365907887
2000-11-28,2000,False,False,118.95783673650543,149.76310366730942,0.5469159523602785,0.9475045990547388,-0.2056932994607017
2000-11-29,2000,False,False,117.99992585629349,148.4615096881957,0.5334623243183036,0.929324362419697,-0.20518169252002583
2000-11-30,2000,False,True,114.0596902153499,143.1606611425285,0.4812946781214271,0.8592293654873833,-0.20327491291903255
2000-12-01,2000,False,False,115.30987916879116,144.83049634366904,0.4965079946769342,0.8796307585585463,-0.20382873717996697
2000-12-04,2000,False,False,115.9410243068628,145.6643633299797,0.503671987597538,0.8891623913103168,-0.20405360888293145
2000-12-05,2000,False,False,121.35210681091067,152.95314611970247,0.5727762819967959,0.9823395472539882,-0.20660601047107952
2000-12-06,2000,False,False,119.52016125841764,150.46080989319844,0.5479775486775291,0.9487085125908454,-0.20563925354877055
2000-12-07,2000,False,False,123.67823652952569,156.05750854657583,0.6007401185701553,1.0198178899079982,-0.2074829485528179
2000-12-08,2000,False,False,127.90364947045875,161.74514123440568,0.654301797099194,1.0920065918677389,-0.2092272540966339
2000-12-11,2000,False,False,129.59153327776235,164.00604765948708,0.674992606991486,1.1198060581838467,-0.20983686195021845
2000-12-12,2000,False,False,127.39481541906106,161.02111616578335,0.6454802807356628,1.079810473929221,-0.2088316212645147
2000-12-13,2000,False,False,130.51506082158707,165.21631017442465,0.6846373339742893,1.1325474818709704,-0.2100352520656239
2000-12-14,2000,False,False,130.3162931142566,164.9294475086331,0.680929782193398,1.1273995265879355,-0.20986643026597596
2000-12-15,2000,False,False,128.20638021381313,162.06173903564536,0.6525924179528149,1.0889912087362696,-0.20890408200781907
2000-12-18,2000,False,False,129.01536381875667,163.13576237597792,0.6618928220721194,1.1014098204363258,-0.20915339506358022
2000-12-19,2000,False,False,131.089402035957,165.91813885645004,0.68746520235988,1.1358026004556576,-0.20991518504571927
2000-12-20,2000,False,False,125.44785174830682,158.28124195332362,0.6137502933092953,1.0361161794943454,-0.20743702664842123
2000-12-21,2000,False,False,124.56733002598301,157.07372605957468,0.6013391545965339,1.0192156935939911,-0.20694992631207265
2000-12-22,2000,False,False,125.78967437424781,158.70595939101867,0.6159593056867532,1.0388189509326269,-0.2074042155888547
2000-12-26,2000,False,False,126.97938707919698,160.29412634794718,0.6301407800707719,1.0578300004128356,-0.20783505938598512
2000-12-27,2000,False,False,130.15611953176574,164.5656015134514,0.6697949163427068,1.1112399924075467,-0.20909279743296216
2000-12-28,2000,False,True,130.79229105988355,165.4062562298219,0.6768242443574812,1.1205930285874603,-0.20926636004531995
2001-01-02,2001,False,False,132.16472291253066,167.25380888162317,0.6933857115089344,1.1429713157499002,-0.2097954372682025
2001-01-03,2001,False,False,141.57961819096775,180.02811293977086,0.8129097451282454,1.305238031545846,-0.21356939269627417
2001-01-04,2001,False,False,142.23072318000402,180.89564754186355,0.8201372253382597,1.314935160499168,-0.21374159570595275
2001-01-05,2001,False,False,140.1620724502446,178.06803389746614,0.7925721811541633,1.2773621874828192,-0.21287347660079337
2001-01-08,2001,False,False,141.42504069744163,179.76686574800644,0.8076237703263993,1.2976897021960654,-0.21328638562521085
2001-01-09,2001,False,False,144.77172686267045,184.29670427969268,0.8492738832822866,1.354154981674906,-0.2144638319578318
2001-01-10,2001,False,False,144.36401879928107,183.72570116055067,0.8429449208418858,1.345434482900647,-0.21424156834145358
2001-01-11,2001,False,False,145.24944930523193,184.9115980026604,0.8531217712089125,1.3591394641894707,-0.21449248790147735
2001-01-12,2001,False,False,143.91289627489664,183.0786360145096,0.8349549616107035,1.3343359783270805,-0.21392850958595166
2001-01-15,2001,False,False,144.85936151712252,184.34745662700175,0.8459020581672165,1.3490877361450462,-0.21420471880866365
2001-01-16,2001,False,False,142.97804354654446,181.77435933928123,0.8208240839766121,1.314894812689452,-0.21343117881837004
2001-01-17,2001,False,False,146.77582827242537,186.9170749921988,0.8680559961945045,1.378944590809803,-0.21475430600146495
2001-01-18,2001,False,False,149.4598287912487,190.54656733199474,0.9010638428929267,1.4236692392319137,-0.2156257082771763
2001-01-19,2001,False,False,149.5763014041035,190.68773306437197,0.9013936619165699,1.423996606750491,-0.21559557607405277
2001-01-22,2001,False,False,148.51955075300538,189.23491965495455,0.8868182491307397,1.404073389445884,-0.21515779950227154
2001-01-23,2001,False,False,152.081334498623,194.05699672906024,0.9308996520381394,1.4638433683858918,-0.21630584280886866
2001-01-24,2001,False,False,151.64729772546787,193.450222571714,0.9242255300512534,1.454655392148637,-0.2160913763267931
2001-01-26,2001,False,False,152.63070294533466,194.76923103477742,0.9355342764806931,1.469899668919279,-0.21635105229695462
2001-01-29,2001,False,False,152.63308448253812,194.75538893493658,0.9343963633876284,1.468233655783747,-0.21628312665828509
2001-01-30,2001,False,False,151.39777730884728,193.0599828482437,0.9175834279166419,1.445271194097176,-0.21579928126350922
2001-01-31,2001,False,True,151.0479924069424,192.56767601315082,0.9119999038853466,1.4375655191538077,-0.2156108671289826
2001-02-01,2001,False,False,146.04500497681934,185.71465506244175,0.8473718127777565,1.3491664027575205,-0.21360538333544288
2001-02-02,2001,False,False,145.11299456425456,184.4214674986726,0.8342934706155773,1.33117023523603,-0.21314477900844686
2001-02-05,2001,False,False,143.7027590415822,182.47515614614662,0.8151927457884065,1.304949340793431,-0.2124804160929783
2001-02-06,2001,False,False,145.95660229463473,185.53296724918587,0.8423694539294706,1.3419308628929492,-0.21331176632019722
2001-02-07,2001,False,False,144.46099792514633,183.4700655639989,0.8222130081658259,1.3142685214800145,-0.2126181593653229
2001-02-08,2001,False,False,147.9548436241938,188.2213784896706,0.8649770204730309,1.3725383843235792,-0.21393178175924676
2001-02-09,2001,False,False,147.17346534507647,187.13391293343784,0.8538295144936152,1.3571801489166417,-0.21353931503893153
2001-02-12,2001,False,False,145.46308253107517,184.77768304682724,0.8310038360554914,1.3258729334565666,-0.2127670391114752
2001-02-13,2001,False,False,146.9445371803652,186.78062404660403,0.8483589582435869,1.3494418119069689,-0.21327740534960016
2001-02-14,2001,False,False,147.19372842865207,187.1006326277373,0.850200497008196,1.3518235944827315,-0.21329112381188775
2001-02-15,2001,False,False,145.79035432731249,185.16369208699527,0.8312814918992495,1.325852377924574,-0.21264070356289966
2001-02-16,2001,False,False,140.43543980998805,177.83003566211096,0.7627879474057078,1.2321761798591333,-0.21028278891635133
2001-02-19,2001,False,False,138.90895904450167,175.72496532389619,0.7424120298265016,1.2042155929129832,-0.20950925334675852
2001-02-20,2001,False,False,137.76623916984244,174.1440066680171,0.7268748642459357,1.182863593331691,-0.20889474288669696
2001-02-21,2001,False,False,135.29495664361278,170.74859733973585,0.6947176197529783,1.1388133278463783,-0.20763649744999957
2001-02-22,2001,False,False,137.87567481760485,174.2528295576461,0.7258429393024248,1.181189799748004,-0.2087607692362149
2001-02-23,2001,False,False,139.90500598192816,177.0040189820798,0.7500278719073707,1.2140877982470024,-0.2095941844343524
2001-02-28,2001,False,True,137.8355953074857,174.15745592072682,0.7229449413435709,1.1769681990090852,-0.20855759761312853
2001-03-01,2001,False,False,142.07106455222714,179.95836395494592,0.7748798524412246,1.2482021618448669,-0.21053369551750412
2001-03-02,2001,False,False,143.42832711576486,181.80573342818136,0.7908190672796973,1.2699921313393814,-0.21109018724965956
2001-03-05,2001,False,False,143.12464701293257,181.3716125129882,0.786013746049073,1.2632872803662738,-0.21087624998270738
2001-03-06,2001,False,False,141.47142107468628,179.08373956012247,0.7643828025187629,1.2334706747861075,-0.21002642996970078
2001-03-07,2001,False,False,142.08238439232022,179.90598360856387,0.770998558997759,1.2424541866223255,-0.2102409183817896
2001-03-08,2001,False,False,140.78347906034492,178.10480960924852,0.7538145749306839,1.218746212572745,-0.2095470112838862
2001-03-09,2001,False,False,140.00500455807142,177.01850552076604,0.7431296549392026,1.2039655469478512,-0.20909396367236066
2001-03-12,2001,False,False,135.29389844046287,170.5302923758886,0.6835213606844925,1.1219832761705595,-0.20662835584516848
2001-03-13,2001,False,False,135.79316420151508,171.1991073464263,0.6887787520821544,1.1291013915327182,-0.20681149390146225
2001-03-14,2001,False,False,133.13202738305685,167.52675614987638,0.6547483629532487,1.0822534662696501,-0.2053088686087169
2001-03-15,2001,False,False,131.70921754724483,165.55538546628634,0.6361393484129789,1.0565886393327495,-0.2044401504892991
2001-03-16,2001,False,False,133.16014649037325,167.53141618056387,0.6532298096998934,1.0799611489686258,-0.20516312984034923
2001-03-19,2001,False,False,130.00522668785484,163.18079886748092,0.6131500209434892,1.0248040468610151,-0.20330561199524433
2001-03-20,2001,False,False,130.58890388809527,163.96556238403446,0.6194790786573254,1.0333947984491307,-0.20355895476249786
2001-03-21,2001,False,False,130.23001327872402,163.4556036674775,0.6141184744405228,1.0259286088363408,-0.20326981543162803
2001-03-22,2001,False,False,124.00915511597572,154.89357735033406,0.5361494440042036,0.9187267464568407,-0.19939123856959418
2001-03-23,2001,False,False,126.98914382473872,158.9699425489152,0.5721784829174179,0.9681140889567446,-0.20117512915585267
2001-03-26,2001,False,False,129.24429517525544,162.05066262409963,0.5991982530121593,1.0051263091845848,-0.20244512992176644
2001-03-27,2001,False,False,130.27396476213283,163.4480465302831,0.6110327289302542,1.0212799458494821,-0.20296407618431767
2001-03-28,2001,False,False,128.69565597076524,161.26308065181135,0.5906204670544017,0.9931391990673313,-0.20195214273106654
2001-03-29,2001,False,False,125.9510651207467,157.47609601562766,0.5558244989648664,0.9452409389914702,-0.20018930931430046
2001-03-30,2001,False,True,127.24330374956008,159.2341478470834,0.5709049845624699,0.9658536771244863,-0.20090441987509444
2001-04-02,2001,False,False,123.64597960732235,154.24247850665597,0.525551876709714,0.903053405387489,-0.1983662295598635
2001-04-03,2001,False,False,121.74374567018104,151.5939198915205,0.5011559268826267,0.8692221934836069,-0.196908782639172
2001-04-04,2001,False,False,122.73639326376167,152.94693472816385,0.5124632564850482,0.8847434963421299,-0.19752302665036137
2001-04-05,2001,False,False,127.47569604096878,159.47892347329392,0.5698977344946892,0.9640261511489399,-0.20067371120475574
2001-04-06,2001,False,False,127.86078871071393,159.99211960650612,0.573671245670325,0.9691337797723831,-0.20083070950505466
2001-04-09,2001,False,False,129.78156321551955,162.62807744735358,0.5963291908427988,1.0003453560560098,-0.2019732062716365
2001-04-10,2001,False,False,132.45462076390302,166.3039106072624,0.6282067702999756,1.0443012981839264,-0.2035387485463086
2001-04-11,2001,False,False,130.67812636188512,163.8291608268751,0.6053823877381463,1.0126432534014138,-0.20235124380586933
2001-04-12,2001,False,False,131.92919423101443,165.53938811005992,0.6197568352487957,1.0324050105593603,-0.20303442137106087
2001-04-16,2001,False,False,127.79229110651806,159.8018627103673,0.568003571859117,0.9607590516609483,-0.20030787539607686
2001-04-17,2001,False,False,126.98309754449777,158.6642057678525,0.5571195284426456,0.9456064471839671,-0.19967394706345143
2001-04-18,2001,False,False,131.96741689046374,165.53487911419558,0.6172477560105849,1.02861371463475,-0.202781808905512
2001-04-19,2001,False,False,127.8345029644167,159.80286795418402,0.5656399628220048,0.9571692339765341,-0.20004875631476626
2001-04-20,2001,False,False,122.02309389882257,151.75068530595388,0.49355072091582053,0.8574135288366447,-0.19589757599575708
2001-04-23,2001,False,False,123.63869472225318,153.9648038111974,0.5123999354404056,0.8833615145100602,-0.19696780262930913
2001-04-24,2001,False,False,125.0877066184391,155.94864766735833,0.5291895674625804,0.9064626854200286,-0.19789168749155328
2001-04-25,2001,False,False,125.8936597245903,157.04359608692627,0.5381021346926118,0.9186755783375233,-0.19835215913607818
2001-04-26,2001,False,False,130.68498164957688,163.64749051749789,0.5956652216065552,0.9981378573565065,-0.2014238578525377
2001-04-27,2001,False,False,132.09872903147058,165.58258849487785,0.6119430022144059,1.0205318913346901,-0.2022184806251115
2001-04-30,2001,False,True,132.06567391975517,165.51778202471738,0.6105569990214041,1.0185095368867971,-0.20210582630914353
2001-05-02,2001,False,False,131.9491670081662,165.33799762493683,0.6082446948363744,1.0151999710518615,-0.20194287517931586
2001-05-03,2001,False,False,133.94669592282412,168.09819171377376,0.6316873257486877,1.0477077617403228,-0.20316396888492705
2001-05-04,2001,False,False,133.60001226070787,167.59830171941041,0.6265635139654524,1.0404884548018978,-0.20285581124575935
2001-05-07,2001,False,False,131.90809109750293,165.22759701785088,0.6050763297262525,1.0105127955711941,-0.2016582370119937
2001-05-08,2001,False,False,130.93558198265316,163.85737486268764,0.5923619699382916,0.992737560519142,-0.2009173704120606
2001-05-09,2001,False,False,131.23291451819946,164.2531148022836,0.5950961985637502,0.9964466992542758,-0.2010324146597252
2001-05-10,2001,False,False,132.98957563048577,166.6783353070492,0.6155553085978391,1.0248058402844187,-0.20211840737731823
2001-05-11,2001,False,False,129.0437573433999,161.173147746923,0.5667564357366432,0.9568483722032595,-0.1993470429328169
2001-05-14,2001,False,False,127.04466789959527,158.3752657354349,0.5416341388809132,0.9218178964035124,-0.19782506877164296
2001-05-15,2001,False,False,127.00547165395467,158.30299687158188,0.5403089175231546,0.9198819907248079,-0.19770646062383967
2001-05-16,2001,False,False,130.94374561421972,163.76217487314915,0.5871969165359963,0.9849960590684745,-0.20040298856772465
2001-05-17,2001,False,False,131.62156789786474,164.68705990132935,0.5945344128595946,0.9951075538707299,-0.20077771758919905
2001-05-18,2001,False,False,132.389466282496,165.73721328870678,0.6029544624187733,1.006724651817033,-0.201208565924905
2001-05-21,2001,False,False,134.38045291169695,168.4883090556179,0.6261660968412168,1.0389124308160578,-0.2024345566472624
2001-05-22,2001,False,False,132.0400476485662,165.21576093195466,0.5969659418738078,0.9982115120962081,-0.20080235139946556
2001-05-23,2001,False,False,130.99038743570608,163.7382451511548,0.5834002876843591,0.979253512816157,-0.20000127450503435
2001-05-24,2001,False,False,129.69227994342063,161.91521504746734,0.5668479729573057,0.9561420818474913,-0.19901116207392977
2001-05-25,2001,False,False,128.03713918991866,159.59566066795378,0.5460027783634525,0.9270606666822083,-0.19774047330581312
2001-05-28,2001,False,False,128.01844742430774,159.55190727647783,0.5449291515824299,0.9254755677907365,-0.1976376239585007
2001-05-29,2001,False,False,129.2757406747048,161.28265952595956,0.5592468721729742,0.9452952355104771,-0.1984523255341225
2001-05-30,2001,False,False,129.60402939021802,161.7214500619847,0.5623499433341348,0.9495188500622815,-0.19859715986628057
2001-05-31,2001,False,True,130.9309740455407,163.54906615343205,0.5774816150065141,0.9704706765473741,-0.19943918284003526
2001-06-01,2001,False,False,132.11382662118618,165.1842104268799,0.5907745529342103,0.9889730334362421,-0.20020305645576575
2001-06-04,2001,False,False,134.65220882991972,168.7160799067423,0.6203635238257486,1.0302777365432285,-0.20190056037131354
2001-06-05,2001,False,False,137.02360319156355,172.01429159631473,0.6479086373008243,1.0687226890717345,-0.20341733282759877
2001-06-06,2001,False,False,136.5471087802188,171.32759414857316,0.6411912113007063,1.0592258912088117,-0.20300574196000887
2001-06-07,2001,False,False,137.6760273928291,172.88727130962926,0.6537660948087576,1.0767239796952461,-0.2036659127654299
2001-06-08,2001,False,False,136.9456603921679,171.8453425724933,0.6440055269167813,1.0629692985893553,-0.20308773957957527
2001-06-11,2001,False,False,135.86224932873952,170.30941683486387,0.6300209877473246,1.0433043411501366,-0.20226225975234913
2001-06-12,2001,False,False,135.5043936792783,169.78872470683618,0.6247529218138885,1.0358360276599061,-0.2019234851239653
2001-06-13,2001,False,False,137.39205783695436,172.41007677742738,0.6463997344152708,1.0660284814550915,-0.20310888780404346
2001-06-15,2001,False,False,134.10397635851,167.78926536417399,0.6060356450120956,1.0094522798104668,-0.2007594999152812
2001-06-18,2001,False,False,129.13085745506157,160.81066487737883,0.5455518546386782,0.9247236969165629,-0.19700066190556276
2001-06-19,2001,False,False,129.54235861854139,161.36649547833608,0.5495497442409254,0.9302212377791399,-0.19721650870249685
2001-06-20,2001,False,False,130.95275507373762,163.3200305869043,0.5654842208456379,0.9524211666097344,-0.19818313403966525
2001-06-21,2001,False,False,133.01123670901472,166.1803990593162,0.5891426130109283,0.9854289015449962,-0.1995973203702689
2001-06-22,2001,False,False,131.93724015392678,164.65764657503325,0.5753700316886776,0.9660614516421882,-0.19871780692672558
2001-06-25,2001,False,False,130.85031859586297,163.11680877683395,0.5614596491153097,0.946501298052911,-0.19781217167579546
2001-06-26,2001,False,False,130.26515841875798,162.27806072690657,0.5535498916965769,0.9353376353835012,-0.19727190579398324
2001-06-27,2001,False,False,129.10252187412556,160.6312787132342,0.5387666492744403,0.9145563613019569,-0.1962803078682771
2001-06-28,2001,False,False,129.81448946481015,161.607537043877,0.5463310240001207,0.9250451107072899,-0.19672998030057798
2001-06-29,2001,False,True,131.2114024292476,163.54220537434728,0.5620405051100903,0.9469310163612772,-0.19769088273632252
2001-07-02,2001,False,False,131.22080495572192,163.53602095613724,0.561267367745133,0.945754356985202,-0.1976030467873664
2001-07-03,2001,False,False,129.6549527985182,161.31210035978793,0.5417633118736591,0.9182073089216005,-0.19624781706184558
2001-07-04,2001,False,False,127.33482299851195,158.02626334183563,0.5133170814763728,0.8780710414140058,-0.1942173389048203
2001-07-05,2001,False,False,127.31590221599589,157.98020370364793,0.5122363950994984,0.8764616955750038,-0.194102177163758
2001-07-06,2001,False,False,126.23936514058903,156.4451696541244,0.4986018473444711,0.8571783848143655,-0.1930759804237846
2001-07-10,2001,False,False,123.59850378525533,152.70778789163606,0.4664229262657411,0.8117873139685632,-0.1906208223449426
2001-07-11,2001,False,False,125.57729380220314,155.47422299435348,0.4890588197889698,0.8435678615931244,-0.19229508671180906
2001-07-12,2001,False,False,126.4559426707901,156.69181469348686,0.4986313747666995,0.8569571718754088,-0.19296395336184446
2001-07-13,2001,False,False,127.79973207857088,158.56425859676082,0.5137024104060846,0.8780876652746628,-0.19401930037982973
2001-07-16,2001,False,False,125.71656066645585,155.61202553186132,0.4881892750820589,0.8420814747289107,-0.19211538930379402
2001-07-17,2001,False,False,128.61454179010215,159.67255192855885,0.5216368324462788,0.8890837129575977,-0.1945106392008613
2001-07-18,2001,False,False,125.64816184130177,155.4768859477354,0.4857046163667438,0.8384091243820067,-0.1918531100273051
2001-07-19,2001,False,False,125.46145537200621,155.19460775289116,0.48266210625330896,0.8340386960105315,-0.1915862465287943
2001-07-20,2001,False,False,128.14840789768203,158.95803567961408,0.513563872807268,0.8774571143261505,-0.19382239878724983
2001-07-23,2001,False,False,127.99975838159321,158.72933630147224,0.5109583620086886,0.8737021148571766,-0.19359734398129658
2001-07-24,2001,False,False,125.41346926104659,155.068784540293,0.47959710925953813,0.8294631883967152,-0.191239748007058
2001-07-25,2001,False,False,127.20277235165042,157.5684488051315,0.49986424446078526,0.8579098399257505,-0.19271419299833947
2001-07-26,2001,False,False,126.08873681081971,155.98062221084885,0.48589420484130974,0.8381554805992288,-0.19163845467690466
2001-07-27,2001,False,False,126.93395619640116,157.15114991795224,0.4950157488078655,0.8509109076146928,-0.19228108567660696
2001-07-30,2001,False,False,125.3328395249052,154.87758186461662,0.4753305101025833,0.8231105488547921,-0.1907619035887157
2001-07-31,2001,False,True,125.78376653575322,155.49300157980525,0.4798090180676846,0.82932943035065,-0.19106477296217128
2001-08-01,2001,False,False,125.73868459104727,155.41099254682803,0.4785223648231529,0.8274298714606567,-0.1909279869430084
2001-08-02,2001,False,False,126.41772194886676,156.35503998137648,0.48574737088601694,0.8375911699395295,-0.1914701184949047
2001-08-03,2001,False,False,126.5864610410458,156.5760092794888,0.4869706863861354,0.8392483214648836,-0.19153348189448072
2001-08-06,2001,False,False,128.2926372156031,158.9754832194279,0.5062433159565445,0.8664809157972646,-0.19300363416083743
2001-08-07,2001,False,False,128.2490711663079,158.89562216715615,0.5049635902168783,0.8645914846145875,-0.19287221751527206
2001-08-08,2001,False,False,127.36123115719298,157.61944891354497,0.4937829253520847,0.84867278174989,-0.19197007707436398
2001-08-09,2001,False,False,126.72662546564258,156.702101489366,0.48558225571344504,0.8369767249008246,-0.1912895598643748
2001-08-10,2001,False,False,127.41555603561643,157.66016732430813,0.49289749812489947,0.8472663517366721,-0.19183419504102328
2001-08-13,2001,False,False,126.31229931023678,156.07875470728578,0.4792173544477829,0.8278061905639373,-0.19071433170308028
2001-08-14,2001,False,False,126.81956178282738,156.77940201241788,0.4844019954224068,0.8350769701199039,-0.19109551283540105
2001-08-15,2001,False,False,125.49961179767924,154.8909412061272,0.46820502103083506,0.8120506855243772,-0.18975499263920348
2001-08-16,2001,False,False,124.35327172904663,153.24848071642265,0.45405452453892825,0.7919242788397158,-0.18855135693543945
2001-08-17,2001,False,False,120.68472104883004,148.03211948763814,0.4104413537210827,0.7300501769388605,-0.18473962632881047
2001-08-20,2001,False,False,121.2968196566695,148.881316616297,0.41687498837145665,0.7390910523996095,-0.1852784324222454
2001-08-21,2001,False,False,119.55489225954943,146.39492581256874,0.3958185390708817,0.7091793368980106,-0.18333991703635233
2001-08-22,2001,False,False,120.0813028846969,147.1227055055596,0.40125315390564587,0.7168047826625421,-0.18380169483656505
2001-08-23,2001,False,False,118.51761287429368,144.88887201215002,0.3823048154709707,0.6898803530828856,-0.1820102453116269
2001-08-24,2001,False,False,120.55832323081317,147.76237137830506,0.40539352980674237,0.7225213085154671,-0.1841067376879285
2001-08-27,2001,False,False,120.55975534002663,147.7462714375014,0.404698263840229,0.7214611160397835,-0.184008136604483
2001-08-28,2001,False,False,120.78075293189212,148.04128954414495,0.4065606670549462,0.7240251440583969,-0.1841414425407576
2001-08-29,2001,False,False,121.194907512675,148.6100056133138,0.4106694700361968,0.7297723325436323,-0.18447679876934686
2001-08-30,2001,False,False,119.86474517949648,146.7070742001651,0.39448110223996924,0.7067590827535646,-0.1829654716175807
2001-08-31,2001,False,True,119.49502226498272,146.1650581413657,0.38947700308119426,0.6995936993182059,-0.1824651952766212
2001-09-03,2001,False,False,119.22397028175008,145.7558798042036,0.3854773304912851,0.6937992148500725,-0.18202977168464352
2001-09-04,2001,False,False,119.01211800350575,145.43116362078888,0.3821700746128418,0.688992731537279,-0.18166014050585932
2001-09-05,2001,False,False,117.66087086415902,143.48083555372637,0.36564236189311017,0.6653242978135618,-0.17995410041990634
2001-09-06,2001,False,False,115.03571309199789,139.71297755555221,0.33435808836871783,0.6206023037579316,-0.17662829105293554
2001-09-10,2001,False,False,112.4323363433702,135.97619525545494,0.3033644847614603,0.5762951249869701,-0.17314691639851743
2001-09-11,2001,False,False,103.75317100448044,123.57088681745176,0.20201844456410245,0.4316139326412096,-0.16037528194037776
2001-09-12,2001,False,False,106.08395403388076,126.87383152052773,0.2282724720559013,0.46898403344913286,-0.16386261246696288
2001-09-13,2001,False,False,99.69610450032678,117.73761822197436,0.1536090045713816,0.3623719526294231,-0.15323491331065786
2001-09-14,2001,False,False,97.57972909839533,114.69565665836517,0.12843265542879556,0.3263648670170043,-0.1492290820649964
2001-09-17,2001,False,False,101.70605034984662,120.56035442085536,0.17543488847146316,0.39333742943810934,-0.15638892371858515
2001-09-18,2001,False,False,101.83160447644804,120.7170269816425,0.17617050763070652,0.3943000076907037,-0.15644373438774617
2001-09-19,2001,False,False,103.40332282490664,122.93698929825915,0.193598501624074,0.41907824827881157,-0.15889169390639302
2001-09-20,2001,False,False,101.84902548448815,120.69696287366676,0.17494322052536404,0.3923754065571756,-0.15615916871832725
2001-09-21,2001,False,False,100.90938384114499,119.33388581898005,0.16339702244038512,0.37581543116542515,-0.15439455315972495
2001-09-24,2001,False,False,101.87219093829532,120.68509455419479,0.173785098743245,0.3905499069312923,-0.15588423479629754
2001-09-25,2001,False,False,99.50114510735757,117.27978636691752,0.1457707618422992,0.35049450967965634,-0.15159169205798428
2001-09-26,2001,False,False,97.77315806645454,114.79195117048135,0.1251907954346676,0.3210460764622325,-0.14825772129921932
2001-09-27,2001,False,False,101.00797324844578,119.38470808934144,0.1617139780390251,0.373068676572329,-0.15392871612286774
2001-09-28,2001,False,True,102.90377407892933,122.06704947404698,0.18280200090723353,0.40306953418444813,-0.1569897484840248
2001-10-01,2001,False,False,101.87517683388177,120.5674619067575,0.1703675667599993,0.3851092229496944,-0.15503590087457986
2001-10-02,2001,False,False,100.72155810943167,118.88802877486619,0.15651058371998783,0.3651026268512818,-0.15280319517985852
2001-10-03,2001,False,False,99.8289925315068,117.58412511800817,0.14566397271421438,0.34942657934073007,-0.15099940207644702
2001-10-04,2001,False,False,98.5074285523392,115.66309982690379,0.12990793959930258,0.3266883191824208,-0.14832449848083784
2001-10-05,2001,False,False,99.63116343865218,117.25967932806593,0.14220197793139544,0.34430064888871814,-0.15033740489851732
2001-10-08,2001,False,False,98.85875251802165,116.12862022787054,0.132756539268998,0.3306404401110168,-0.1487132773640255
2001-10-09,2001,False,False,100.41922485056911,118.3534541136086,0.15003797330167634,0.3554273766264391,-0.1515311014566948
2001-10-10,2001,False,False,101.88323836461136,120.43953031740432,0.16619731738889154,0.3786002429671671,-0.1540714406963396
2001-10-11,2001,False,False,104.5014865579876,124.1859931090078,0.19554482801649864,0.4207445909506873,-0.15850826698097553
2001-10-15,2001,False,False,108.89197605447062,130.48185572607431,0.24512654532138933,0.49199627129606816,-0.16546269633785848
2001-10-16,2001,False,False,108.36721457357555,129.70704463642397,0.23848245226943465,0.4823662244162741,-0.16452329264509225
2001-10-17,2001,False,False,108.52149445272826,129.9090463102237,0.23960170195224362,0.48390395577617906,-0.16463481539554836
2001-10-18,2001,False,False,106.36068290378708,126.78074884678574,0.2142890627313523,0.4474190319819855,-0.1610659830356127
2001-10-19,2001,False,False,109.09174562931085,130.68949729783208,0.24482282357097418,0.49127019738190114,-0.16526004089908986
2001-10-22,2001,False,False,112.07660116018204,134.96333109731393,0.2782194015158137,0.5392396496324035,-0.16957739373392944
2001-10-23,2001,False,False,111.43152545405466,134.01544590975706,0.27020391709285096,0.5276372072614794,-0.16851729516991565
2001-10-24,2001,False,False,110.31452757136957,132.38869249334263,0.2568200966184,0.5083123950562083,-0.16673754008925723
2001-10-25,2001,False,False,112.40253150685864,135.37238973144014,0.27994601094766547,0.541507543525716,-0.16967904806992384
2001-10-26,2001,False,False,112.90131856409694,136.06997095083702,0.2849606872271766,0.548649436584798,-0.17027013546663483
2001-10-29,2001,False,False,109.72709104108374,131.48385704734005,0.24818821246320688,0.49567986299973166,-0.16547100529932668
2001-10-30,2001,False,False,106.95561299351657,127.47710524346658,0.2160328092286119,0.44935210095931,-0.16098178736296476
2001-10-31,2001,False,True,109.71978606616989,131.43348350262377,0.2468157507519304,0.49356231252981564,-0.16520674076191866
2001-11-01,2001,False,False,109.9540870345297,131.75063624729663,0.2487687340662088,0.4963161413662309,-0.16543790476923914
2001-11-05,2001,False,False,116.20210466527975,140.78494835548182,0.31897962162633076,0.598013034681973,-0.17461272655462012
2001-11-06,2001,False,False,118.25396423113094,143.73673602499943,0.3415083860593413,0.6305925811117348,-0.17728781450440334
2001-11-07,2001,False,False,119.90171799406329,146.10275371539672,0.35942990922974216,0.6564938062970149,-0.1793329355884159
2001-11-08,2001,False,False,119.45554149093354,145.43352301447888,0.35360386958564893,0.6479719321753981,-0.1786244394351848
2001-11-09,2001,False,False,120.91827622978519,147.53134710535403,0.3694029018095717,0.6707966829598417,-0.1803892623346285
2001-11-12,2001,False,False,119.66309028112794,145.68941994080745,0.35442094262736745,0.6490030553571868,-0.17864255119042838
2001-11-13,2001,False,False,122.51326824066238,149.79840690175197,0.38589669955500416,0.6945521142732123,-0.182145719873944
2001-11-14,2001,False,False,121.82550587944021,148.778986369289,0.37733754527348995,0.682068811410842,-0.1811645659619343
2001-11-16,2001,False,False,122.33187018204549,149.49050745133596,0.3822810190061636,0.689158276286282,-0.1816746610357951
2001-11-19,2001,False,False,123.21489460223806,150.74801472714933,0.3914725533849581,0.7024055869807941,-0.18264333480441264
2001-11-20,2001,False,False,120.47963624490417,146.760654416964,0.3598153075045616,0.6564407947738602,-0.17907400506264037
2001-11-21,2001,False,False,121.77155350615482,148.61087070422684,0.37362158495380493,0.6763775601153619,-0.18060130507874517
2001-11-22,2001,False,False,123.62179898237602,151.2704094621478,0.3937068656412175,0.7054161156950145,-0.18277606689952308
2001-11-23,2001,False,False,126.89850204011461,155.99766420362084,0.4298422765083334,0.7577201600407983,-0.18653588380351416
2001-11-26,2001,False,False,129.62661052709905,159.92970584017172,0.45975912755742154,0.8010102009028348,-0.18947759050689772
2001-11-27,2001,False,False,128.42679465291872,158.16804014956577,0.44543381714033425,0.7801692757407517,-0.18803574646637422
2001-11-28,2001,False,False,123.8199639510893,151.46774949975497,0.39280049438795617,0.7037992069713719,-0.18253249051350295
2001-11-29,2001,False,False,121.6135935241698,148.24703661140347,0.36721296823125105,0.6666333514491678,-0.1796558210944027
2001-11-30,2001,False,True,123.22193400642263,150.555922935624,0.3845161124317147,0.6916395835463371,-0.1815537269888019
2001-12-03,2001,False,False,126.50307564415098,155.31837758523935,0.42049617067667944,0.7440616322734299,-0.18552409823669713
2001-12-04,2001,False,False,125.04784196296995,153.16933146266499,0.403280022028341,0.7188578343690584,-0.18359739009861542
2001-12-05,2001,False,False,126.98223020419883,155.9665518322405,0.4240997779910145,0.7491575906419494,-0.18583677902437412
2001-12-06,2001,False,False,128.28959623315941,157.84879730804633,0.4378659602720232,0.7691646024563099,-0.18726275764522493
2001-12-07,2001,False,False,126.42786322998991,155.10657176267554,0.41611794532658264,0.7373480346783821,-0.18489679841912932
2001-12-10,2001,False,False,127.65991319222681,156.87891314130377,0.4290288790174641,0.7561072366563855,-0.1862519274515808
2001-12-11,2001,False,False,126.9331071478965,155.79281660266085,0.42000989972786607,0.7428655679601588,-0.1852441600588628
2001-12-12,2001,False,False,128.70258192522937,158.34938891199693,0.43891085382244,0.7703658387676675,-0.18722400629688474
2001-12-13,2001,False,False,125.45053347849357,153.57836167444762,0.40168193830719057,0.7159593483178506,-0.18314968260684317
2001-12-14,2001,False,False,123.99657634081632,151.43117833318132,0.38457715517040536,0.6909188647625706,-0.18116878105513345
2001-12-17,2001,False,False,123.67626961847441,150.9382612173348,0.3801443602805574,0.684369932989477,-0.18061683882528679
2001-12-18,2001,False,False,127.60374118896593,156.64386532800475,0.42309005043456405,0.7469576058885288,-0.1853894761740601
2001-12-19,2001,False,False,126.80281583744673,155.44961104966058,0.41328215794058254,0.7325653243925017,-0.18428347950682378
2001-12-20,2001,False,False,123.89144493828513,151.17571357370903,0.3799789658967403,0.6838878987170562,-0.18048050173165453
2001-12-21,2001,False,False,127.54039067304326,156.47488208771912,0.41974460860530516,0.7418354221267436,-0.18491460756273526
2001-12-26,2001,False,False,127.51528463595302,156.41273314936944,0.41858783896610263,0.7400674886827256,-0.18475125350453547
2001-12-27,2001,False,False,130.7400987915766,161.0929925737651,0.45356502671301935,0.7910277123704581,-0.18841846127037332
2001-12-28,2001,False,True,129.3748614274128,159.07527253341135,0.4374984603045866,0.7675030281490149,-0.1867066492044539
2002-01-02,2002,False,False,131.77227792963507,162.5734979315438,0.46336215574951667,0.805416952174733,-0.18946027731333226
2002-01-03,2002,False,False,134.95748134163432,167.2285645324798,0.49794244618093053,0.856131001681858,-0.19297590265793174
2002-01-04,2002,False,False,135.53622227079939,168.05611996728368,0.503571403954985,0.8643309663565544,-0.19350617938112047
2002-01-07,2002,False,False,135.95619310168047,168.65052632435018,0.5074340312224337,0.8699371978940622,-0.19385847133255718
2002-01-08,2002,False,False,134.32029061970618,166.22594502556885,0.48850981689384154,0.842081712684404,-0.19194148302754388
2002-01-09,2002,False,False,133.19676078656605,164.55376743393808,0.4752805783322187,0.8225891962619722,-0.19055781667205307
2002-01-10,2002,False,False,129.6492344076648,159.32202437506234,0.4352313772066214,0.7637124469564098,-0.18624411837464716
2002-01-11,2002,False,False,129.83495950560024,159.5724479722107,0.43653011044130907,0.7655539554354189,-0.18635728689071196
2002-01-14,2002,False,False,126.16648062971481,154.16308983702848,0.395205946932075,0.7048051008834113,-0.18160384069176305
2002-01-15,2002,False,False,125.32698172616813,152.90800305783245,0.3851929559208056,0.6900358232707795,-0.18037657140308538
2002-01-16,2002,False,False,125.95853964280256,153.8131186380947,0.391440995528066,0.6991454452393417,-0.18109364950093032
2002-01-17,2002,False,False,128.02477288976007,156.82501146251465,0.41352272906675136,0.7315064357059977,-0.1836456972275663
2002-01-18,2002,False,False,128.35897595398015,157.29347045346668,0.41646794273966514,0.7357660953877039,-0.18395229259085133
2002-01-21,2002,False,False,126.66658642196316,154.7859396335607,0.39705793847753457,0.7071978636054488,-0.1816660691414681
2002-01-22,2002,False,False,125.512419544732,153.06877247115048,0.3836014752962582,0.6873722949575645,-0.1800259614129469
2002-01-23,2002,False,False,127.38078854860188,155.79010765095293,0.40346094413464817,0.7164702312014752,-0.1823563737821018
2002-01-24,2002,False,False,126.87087722094024,155.01901023865796,0.39710981732550854,0.7070787703260708,-0.18157858816400996
2002-01-28,2002,False,False,125.63892097394682,153.18761174419046,0.3828183126063329,0.6860271732851151,-0.17983628347341474
2002-01-29,2002,False,False,121.6907992867622,147.36760661530494,0.3386625379895265,0.6211208690002115,-0.1742364412253138
2002-01-30,2002,False,False,121.98790280540341,147.78158604789127,0.34122825074003726,0.6248237209454015,-0.17453922327054305
2002-01-31,2002,False,True,123.54439627450337,150.04494145639953,0.35763072829124565,0.6488455105098849,-0.1766173849292797
2002-02-01,2002,False,False,123.09898828878995,149.35991147539693,0.3519107926773757,0.6403162944216867,-0.17582310358380715
2002-02-04,2002,False,False,121.98882027347742,147.69215196889633,0.33890168592841063,0.621011424048862,-0.1740331585176711
2002-02-05,2002,False,False,123.91897996435,150.51897647921692,0.3592575498831807,0.6510308206129825,-0.17672188010486334
2002-02-06,2002,False,False,124.00214077317501,150.61534149418466,0.35934137266574306,0.6510816972565918,-0.1766964802987031
2002-02-07,2002,False,False,123.5207502174485,149.87711768024886,0.3532401119379627,0.6419891163995615,-0.17585317806170797
2002-02-08,2002,False,False,122.89167953512717,148.92057505309936,0.34552933797584484,0.6305172451069274,-0.17478374300321686
2002-02-13,2002,False,False,125.84187726949772,153.25534447262453,0.3769931859276343,0.6769581766001469,-0.1788744614255432
2002-02-14,2002,False,False,128.1664091190727,156.66517810974986,0.40157677043943396,0.713227950167374,-0.18190876450357518
2002-02-15,2002,False,False,128.0979006028536,156.53732699077955,0.39997705576889153,0.7107904589156235,-0.18167824208216554
2002-02-18,2002,False,False,127.29338497273,155.32142019817508,0.39034036984777876,0.696471822552883,-0.18045183458716785
2002-02-19,2002,False,False,126.31007346810668,153.84119549070735,0.37876368855422693,0.6792853358597526,-0.17895806084179622
2002-02-20,2002,False,False,128.84930397822552,157.5684229292147,0.4056287706715509,0.7189282501368877,-0.18226443101414314
2002-02-21,2002,False,False,130.71946612441994,160.3065517358418,0.42516680208331836,0.74773951014243,-0.18456566678682218
2002-02-22,2002,False,False,131.0363141784077,160.74838179883926,0.4277564498857982,0.7514956854595078,-0.1848358738541659
2002-02-25,2002,False,False,134.39979287213055,165.69411364540238,0.4635186156674831,0.8042916186432203,-0.18886802967692617
2002-02-26,2002,False,False,134.34365087110442,165.5845442206774,0.46202280270851226,0.8020083409747238,-0.18867034659912285
2002-02-27,2002,False,False,136.38199762392327,168.57130406904116,0.48330873548677844,0.833403911324919,-0.19095365384332696
2002-02-28,2002,False,True,135.01077646208546,166.51762389434202,0.46750843980527645,0.8099741727645873,-0.18921028714803267
2002-03-01,2002,False,False,137.5336805808355,170.2454597778769,0.4941192893083701,0.8494889709709605,-0.19214479634124282
2002-03-04,2002,False,False,138.6048355998993,171.81417639260067,0.5049384972844657,0.8655176589858924,-0.19328638352179395
2002-03-05,2002,False,False,134.98644848984904,166.40835396675618,0.4648556537151278,0.8058421483098879,-0.1888240868194897
2002-03-06,2002,False,False,133.65841977750668,164.40887561926738,0.44965748131785954,0.7831765251547438,-0.18703647066458617
2002-03-07,2002,False,False,132.80893531114796,163.1211139883278,0.43966325540539763,0.7682505581390549,-0.1858262118008147
2002-03-08,2002,False,False,134.74143805939468,165.9708732292378,0.4598205640237776,0.7981676406201279,-0.18816214292437472
2002-03-11,2002,False,False,132.66790794083843,162.86264513192648,0.4365772381249422,0.7635370344550785,-0.1854000170918806
2002-03-12,2002,False,False,136.59261639468895,168.67531974666667,0.47827506920659024,0.8254904734487734,-0.1902038982357509
2002-03-13,2002,False,False,137.14318101611298,169.46978634880566,0.48343083846525636,0.8330966614256965,-0.19075143734563693
2002-03-14,2002,False,False,136.18096180157573,168.01435954272705,0.4722266140710887,0.8163714545159682,-0.1894683158498479
2002-03-15,2002,False,False,138.21119991183147,171.00947606569324,0.4933679082855911,0.8477523075709696,-0.19179215625023205
2002-03-18,2002,False,False,137.29701064662436,169.62548198108215,0.4826890998555544,0.831808660702831,-0.19058735136306515
2002-03-19,2002,False,False,136.33511056796306,168.1705298110266,0.4715068598808747,0.8151163498221974,-0.18930438810436667
2002-03-20,2002,False,False,136.1613963189237,167.8878099588752,0.4688392267413557,0.8110874860720088,-0.1889738966022788
2002-03-21,2002,False,False,133.24000196194328,163.51859260735108,0.43654988638213754,0.7630036938797959,-0.18516910011642684
2002-03-22,2002,False,False,130.05907035384834,158.7633775100893,0.40149860295095174,0.7108122576518243,-0.1807992977121995
2002-03-25,2002,False,False,129.83142214177383,158.40044417004407,0.39829210707349283,0.705982166613291,-0.18035948180550032
2002-03-26,2002,False,False,132.21406604304482,161.91967752145268,0.42318693264849094,0.7429459367217726,-0.18345893428840465
2002-03-27,2002,False,False,131.10536346144755,160.24639278079843,0.41049342077942463,0.7240063774157981,-0.18185139031000208
2002-03-28,2002,False,True,129.79767966119687,158.2771724797785,0.39567397485157896,0.7019050804277258,-0.17993430367995844
2002-04-01,2002,False,False,131.54125620256934,160.86422318584172,0.41373113652004156,0.7288778261301994,-0.18228395601299374
2002-04-02,2002,False,False,129.8139109571342,158.25631056869878,0.39448537160984,0.7000189611871939,-0.17972363635520106
2002-04-03,2002,False,False,128.5797902079763,156.38661198392205,0.3805541164350794,0.67911442832908,-0.17780819868905762
2002-04-04,2002,False,False,130.82337288298987,159.72202686676295,0.40395814801257424,0.7140900444237974,-0.18093092449847115
2002-04-05,2002,False,False,130.1986420889542,158.76440831744614,0.3965724651179874,0.7029824392900121,-0.17992550428163534
2002-04-08,2002,False,False,129.31214009267234,157.41499419385025,0.3863874668805025,0.6876851229360164,-0.17852717427013576
2002-04-09,2002,False,False,129.64122664787544,157.8849636026276,0.3892386684136675,0.6918992690003933,-0.17888807338130908
2002-04-10,2002,False,False,131.45038561175517,160.5701721758221,0.40793986536446614,0.719836313470344,-0.18135240293683674
2002-04-11,2002,False,False,131.4587406116308,160.5600994606732,0.4073441817303538,0.718891575734701,-0.181249008606714
2002-04-12,2002,False,False,134.21222263243985,164.65868578978592,0.436123004821827,0.7619120074782539,-0.18490651137721348
2002-04-15,2002,False,False,132.03226293094184,161.3733405932813,0.41210976396729215,0.7259180812115649,-0.18182109606499075
2002-04-16,2002,False,False,133.2799821050605,163.2182366226774,0.4247617134651751,0.7448013633133639,-0.18342469038448928
2002-04-17,2002,False,False,134.19795413535618,164.56959680675337,0.4338780917813676,0.7583929721945479,-0.18455196622412118
2002-04-18,2002,False,False,132.97596054948428,162.71804906845344,0.42013161751876393,0.7377655725757162,-0.18278297146038813
2002-04-19,2002,False,False,132.2649832849737,161.63134456491667,0.4118532907663375,0.7253224553266213,-0.18168729189868504
2002-04-22,2002,False,False,130.28264847465633,158.64178651790596,0.3900185579255282,0.6925893808893941,-0.17876209456358283
2002-04-23,2002,False,False,130.03968397222312,158.25556139221788,0.3867537796359226,0.6876501941971855,-0.17829311761161437
2002-04-24,2002,False,False,131.62313408783876,160.60294927670893,0.40295976256417276,0.7118531415153084,-0.18044385435873744
2002-04-25,2002,False,False,130.8064430644205,159.35802193381838,0.39357953870084783,0.6977610084958858,-0.1791662479423558
2002-04-26,2002,False,False,129.27855774145272,157.04864297583356,0.3766351744007548,0.6723476018723806,-0.17682473855348158
2002-04-29,2002,False,False,129.44169364116297,157.2702323801914,0.3777054959388413,0.6738970064655108,-0.1769472729699706
2002-04-30,2002,False,True,129.44589987465127,157.25395016493204,0.3770840412196943,0.6729143634567238,-0.17683530532056557
2002-05-02,2002,False,False,125.13029322631283,150.7292916739272,0.33049932038104757,0.6026912026088462,-0.169834264881923
2002-05-03,2002,False,False,125.74876657203339,151.63678209714703,0.33639883502667045,0.6115245060931618,-0.1707238518720895
2002-05-06,2002,False,False,124.36386445649201,149.52661071165474,0.3210122172920242,0.5882948027034647,-0.16828272997965732
2002-05-07,2002,False,False,123.71113982434375,148.51930999197492,0.31341452796320435,0.5767975277206641,-0.16703666458571387
2002-05-08,2002,False,False,125.94795119699529,151.86448468950437,0.3364865968352204,0.611497816311062,-0.17065565754558687
2002-05-09,2002,False,False,121.88733411353908,145.72391409737025,0.2927444527193539,0.5455566646690784,-0.16357356396496436
2002-05-10,2002,False,False,122.16002373767027,146.11055440991868,0.2949825837915576,0.5488751350874772,-0.16392060634479755
2002-05-13,2002,False,False,121.18784409369832,144.62206221743588,0.2840286205689526,0.5323225562896838,-0.16203764325047976
2002-05-14,2002,False,False,122.84550363547373,147.09486705955152,0.30093574197929795,0.5577368674990326,-0.16485526591665778
2002-05-15,2002,False,False,124.05366029597673,148.8905907933325,0.3130679769231406,0.575958874324588,-0.16681329803997258
2002-05-16,2002,False,False,126.57889071651607,152.67020784205647,0.3391217657666685,0.6151508134424111,-0.17089985986350997
2002-05-17,2002,False,False,126.93806616302909,153.187120771118,0.3422454126000054,0.6198033918396164,-0.17135288186079622
2002-05-20,2002,False,False,126.7350039800912,152.85714151515387,0.33942379646799936,0.6155007407238204,-0.17089249004746698
2002-05-21,2002,False,False,127.0496599719095,153.30699529291064,0.34207387294270575,0.6194400911222955,-0.1712729107424843
2002-05-22,2002,False,False,124.43855803700792,149.34981298196658,0.3138309295008377,0.5768456875924075,-0.16679803240173185
2002-05-23,2002,False,False,125.98404131838768,151.6536479912248,0.329479833008111,0.6003651295556387,-0.16926468313061915
2002-05-24,2002,False,False,126.17726610940791,151.92059132402505,0.3308501196873761,0.602376904974649,-0.16945250798629585
2002-05-27,2002,False,False,127.21715837931745,153.46286030851994,0.3411447419506357,0.617831358674156,-0.1710231509854464
2002-05-28,2002,False,False,127.50285279039352,153.86908958462152,0.3434821417954157,0.6212999906056458,-0.17135499316597746
2002-05-29,2002,False,False,129.60084005700782,157.00515510066322,0.36490353119215846,0.6535146725746879,-0.17454404618807096
2002-05-31,2002,False,True,128.66121227238253,155.56569540590857,0.3543285502356053,0.6375336358516692,-0.17294611812280158
2002-06-03,2002,False,False,127.09997501869138,153.17300495957227,0.33719068930764196,0.6114992631201712,-0.17021948448267676
2002-06-04,2002,False,False,126.6771752184748,152.50622439086766,0.332041800404572,0.6036406350248966,-0.16936390154275927
2002-06-05,2002,False,False,126.64396053882145,152.43006810785067,0.33099275395503347,0.6019975628780943,-0.16916680474605883
2002-06-06,2002,False,False,122.88658975479592,146.707964577788,0.29082552263441075,0.5410500480860083,-0.1623727443261026
2002-06-07,2002,False,False,124.2923587397909,148.81335644481413,0.30490665343612466,0.5623449495518544,-0.16477686069876796
2002-06-10,2002,False,False,126.87151055667675,152.69763657102666,0.3312855252536908,0.6022836995910459,-0.16913245413812938
2002-06-11,2002,False,False,123.81775459514701,148.04223702938884,0.29856061452697435,0.5526191612940625,-0.16363223712590125
2002-06-12,2002,False,False,123.24934905152928,147.15471320420676,0.2919218978147722,0.5425022348449344,-0.1624505503911654
2002-06-13,2002,False,False,121.93671864520144,145.13891918920413,0.27749312357466116,0.520575371285533,-0.1598620182210131
2002-06-14,2002,False,False,119.88648544558936,142.00489426673042,0.2553558685402024,0.4869622436306851,-0.15575807394071672
2002-06-17,2002,False,False,121.83709915479612,144.93628925621414,0.2751135442678818,0.5168633098504882,-0.15937478612125877
2002-06-18,2002,False,False,120.96168489851667,143.58332978668926,0.2652895909886679,0.501917675592984,-0.15755063573034445
2002-06-19,2002,False,False,118.39477071574518,139.6659989305451,0.23779164365650995,0.4601777201311563,-0.15230069149025993
2002-06-20,2002,False,False,113.78139772845884,132.6461669628126,0.18893832527125198,0.3860623507085956,-0.14221872871488628
2002-06-21,2002,False,False,109.75339972162963,126.51378336372433,0.14624960544782883,0.3212927766446405,-0.13247871651983534
2002-06-24,2002,False,False,112.6878295524143,130.936677035742,0.1762821456410677,0.3667711590369729,-0.1393715488773729
2002-06-25,2002,False,False,112.31098531833419,130.339566667438,0.1717369360285257,0.3598285515642985,-0.13832009580869498
2002-06-26,2002,False,False,112.24091044500885,130.20752907784967,0.17039531225243842,0.3577427432518212,-0.13798448338650815
2002-06-27,2002,False,False,114.86625717993812,134.1618422700898,0.19714702636725479,0.3982474441906181,-0.1438231971450311
2002-06-28,2002,False,True,115.92025864566972,135.73394262050806,0.2075026942257261,0.4138952356302923,-0.14597442314214992
2002-07-01,2002,False,False,113.99744267621658,132.7732850673412,0.18691137665724766,0.38240050709015905,-0.1414128028963184
2002-07-02,2002,False,False,113.66926889490529,132.24810228171168,0.18293468102550436,0.37628110226946876,-0.14048468799370906
2002-07-03,2002,False,False,112.03838246797537,129.73330464621228,0.16541107058886895,0.3494717268163925,-0.13639459987928038
2002-07-04,2002,False,False,112.24300603155882,130.02185581253224,0.16698777537537524,0.351834039638804,-0.13673739441626853
2002-07-05,2002,False,False,111.23674829782759,128.46104486613322,0.1559794343657095,0.33497543082424697,-0.1340818657224433
2002-07-08,2002,False,False,112.5861920324046,130.4980639085423,0.16945053102592111,0.35550396883282853,-0.13725775953803399
2002-07-10,2002,False,False,111.58567874444043,128.94602637402414,0.15851105822448752,0.3387506277624026,-0.13463266854945843
2002-07-11,2002,False,False,113.62940257714175,132.043409724589,0.1791730456118481,0.3702617990287538,-0.13945419302526696
2002-07-12,2002,False,False,114.95578874468154,134.04521326653182,0.19237498933663066,0.39037939267501187,-0.1424103409339459
2002-07-15,2002,False,False,112.33805440535221,130.0232165816669,0.16467351409884468,0.3480258081039924,-0.13601541817885066
2002-07-16,2002,False,False,111.94158554658812,129.3937276770094,0.1600164305345917,0.340867644321341,-0.13487626057103053
2002-07-17,2002,False,False,113.39770044770066,131.59366410392826,0.17455245284812348,0.36302288619888023,-0.13827385824485472
2002-07-18,2002,False,False,113.90717855678321,132.34781536464757,0.17927431917610837,0.37018914730458663,-0.13933465208365037
2002-07-19,2002,False,False,112.12055382239078,129.59516078482272,0.16023150709905765,0.3410599893067261,-0.13483996513918017
2002-07-22,2002,False,False,106.65437222228988,121.22277033648068,0.10314818471573917,0.2538321332405147,-0.12017872610692681
2002-07-23,2002,False,False,105.5309916220858,119.48307927006641,0.09101589082983441,0.23525739846873162,-0.11677040576134501
2002-07-24,2002,False,False,107.10470809348509,121.86262693465723,0.10676541947236817,0.25926622478274264,-0.1211029108135453
2002-07-25,2002,False,False,104.98418744888232,118.60001778925758,0.08434372012930091,0.22497670956040694,-0.11480462308673056
2002-07-26,2002,False,False,101.44933638604817,113.17732152702528,0.04734181158754547,0.16841908662344274,-0.10362486921177594
2002-07-29,2002,False,False,101.68084714718024,113.50693713506537,0.04923951089960843,0.17127233441437073,-0.10418825744379745
2002-07-30,2002,False,False,102.5353909221313,114.78810237335004,0.057561462863051194,0.18393729592766106,-0.10674199849882193
2002-07-31,2002,False,True,105.9374368268352,119.9600320749092,0.0921385239879915,0.23670136159700195,-0.11689389378720383
2002-08-01,2002,False,False,105.9593551014386,119.96923782832997,0.0918528394527629,0.23621697059637436,-0.11677895917734182
2002-08-02,2002,False,False,106.74193373636345,121.14995538937781,0.09940193923220786,0.24779916599546437,-0.11892717258299235
2002-08-05,2002,False,False,103.73812477110633,116.49916389165021,0.06796384883684548,0.1993362684212936,-0.10953760262530521
2002-08-06,2002,False,False,106.0593372479442,120.04956943361768,0.09134958814535654,0.23530894646379275,-0.11653712921818915
2002-08-07,2002,False,False,107.01847780623712,121.50221437354936,0.1007043065625135,0.2496721440944767,-0.11920553581668147
2002-08-08,2002,False,False,110.62293564026085,127.02897778355474,0.137245132750345,0.3059053790832731,-0.12915196539838503
2002-08-09,2002,False,False,108.03623726486742,123.02058860702228,0.11013415218453204,0.26410693570971056,-0.12180360630545306
2002-08-12,2002,False,False,105.99071355111238,119.84567589274428,0.08860676849881988,0.2309079690197826,-0.11560669367855525
2002-08-13,2002,False,False,103.8054881076612,116.45560509422515,0.06566530021864025,0.19553117688891897,-0.10862608954140618
2002-08-14,2002,False,False,103.0446458625338,115.25926203868548,0.05736110493271607,0.1826976515163623,-0.10597513779024526
2002-08-15,2002,False,False,101.8152323675461,113.34126082852089,0.044258793513293204,0.1624744700361116,-0.1016931378451228
2002-08-16,2002,False,False,104.59751640115948,117.6017740625669,0.07229513551980804,0.2056099857299496,-0.11057875414778051
2002-08-19,2002,False,False,103.76893756636215,116.30110821232664,0.0633053686352898,0.19172071759254128,-0.10775624444682819
2002-08-20,2002,False,False,102.58811250848751,114.45793925419112,0.050716236120449176,0.17228801843212493,-0.10370470430489576
2002-08-21,2002,False,False,104.02683450436092,116.64919941078382,0.06495596049136343,0.19417514520113732,-0.10820790001286551
2002-08-22,2002,False,False,106.18592595621733,119.94991835813222,0.08655366094734007,0.22739451343205053,-0.11474782634549197
2002-08-23,2002,False,False,106.02242628689508,119.67355735668353,0.0843762800147334,0.22399733233242114,-0.11406973579887536
2002-08-26,2002,False,False,109.42814225417239,124.89423350921055,0.11868918661328642,0.2767997849454611,-0.12383350952626315
2002-08-27,2002,False,False,111.6630284765664,128.31168585463382,0.14100632906849064,0.3111273055280743,-0.129751684479689
2002-08-28,2002,False,False,111.77135278958266,128.45396768185995,0.14158299042284983,0.3119718147636579,-0.12987232074913302
2002-08-29,2002,False,False,112.41885716501261,129.42665403981226,0.14766350702101017,0.32129298787743377,-0.1314087658448465
2002-08-30,2002,False,True,111.88093132923471,128.5736300518738,0.14164215642076217,0.31197581685585507,-0.12982987814767555
2002-09-02,2002,False,False,111.89839203657667,128.57443741010175,0.1412657759922824,0.31134686042357296,-0.1296995398885945
2002-09-03,2002,False,False,110.0102924286347,125.61743950532288,0.12146414611714973,0.2805661308795049,-0.1242434739805921
2002-09-04,2002,False,False,108.94939301114928,123.94441936669939,0.11011026357794007,0.2628980139256125,-0.12098185970911801
2002-09-05,2002,False,False,106.8157981306345,120.60636440304125,0.08784275496766458,0.2282898411560943,-0.11434360318101922
2002-09-06,2002,False,False,106.81155759841204,120.57348715937935,0.0872722780255224,0.227359782039247,-0.11413727748270386
2002-09-09,2002,False,False,108.75316828581194,123.56095460502718,0.1065002587219237,0.2571608753418462,-0.11984195465751746
2002-09-10,2002,False,False,108.84722160338139,123.68064879345471,0.10692089766150548,0.2577693097639462,-0.11993329057357205
2002-09-11,2002,False,False,110.66636389838634,126.47802115123133,0.12487591571447854,0.28559460027873085,-0.1250150588135689
2002-09-12,2002,False,False,110.63675206402604,126.40576264506583,0.12403086276949504,0.2842385174389852,-0.12474914316460028
2002-09-13,2002,False,False,110.7513896455941,126.5574076691095,0.12465144224249314,0.28515742797451615,-0.12489208110868544
2002-09-16,2002,False,False,108.00744740232928,122.27197327729853,0.09625732017830568,0.24103984476716733,-0.11666226930532131
2002-09-17,2002,False,False,106.61121596319178,120.07845173520755,0.08156306049614837,0.21818719151659827,-0.11215364270113348
2002-09-18,2002,False,False,105.50436097956987,118.33409949846431,0.0698172769536296,0.19991119723213457,-0.10841962353430457
2002-09-19,2002,False,False,104.49037453584876,116.73389754333805,0.05902406624171008,0.18311382645275032,-0.10488404195485568
2002-09-20,2002,False,False,106.23866866639331,119.42129958318007,0.07622385045550373,0.2097671448368459,-0.11038760223509969
2002-09-23,2002,False,False,103.72274900649316,115.48980119210911,0.05023034191724007,0.16937600049869395,-0.10188823657287538
2002-09-24,2002,False,False,102.84694839705743,114.10409089313458,0.0408606825726292,0.15478838976184406,-0.09865678266189548
2002-09-25,2002,False,False,103.52693518286691,115.13326933258884,0.04723778364171727,0.16464289787300834,-0.10080782224809737
2002-09-26,2002,False,False,103.34573380743143,114.82571397498666,0.044901497330794404,0.1609725534302937,-0.09997743336528264
2002-09-27,2002,False,False,99.53867017741571,108.89010561191606,0.005924963294383856,0.10042936373928635,-0.08587956988331724
2002-09-30,2002,False,True,98.8416654424797,107.78192175718864,-0.0015993389648517597,0.08870628037564288,-0.08294764250770714
2002-10-01,2002,False,False,101.87696275639033,112.51278248769337,0.028608491394634505,0.13599385303641243,-0.0945298791492103
2002-10-02,2002,False,False,100.50443513567976,110.3377572132397,0.0143054006672374,0.11354471957196721,-0.08912019172689889
2002-10-03,2002,False,False,103.09964407665846,114.37911684498164,0.040040269194361544,0.15382442431341126,-0.09861479157607311
2002-10-04,2002,False,False,104.09957255774341,115.92109749380786,0.049666886816351674,0.16886683137114455,-0.10197906327358497
2002-10-07,2002,False,False,100.97857925668418,111.00669285398298,0.01775079881846442,0.11882293411113443,-0.09033791872792452
2002-10-08,2002,False,False,100.88961612903545,110.8426707841879,0.01640874768629641,0.11668043277981677,-0.08979443191630754
2002-10-09,2002,False,False,99.88289800612998,109.240771423046,0.005826030709715102,0.10006030767515672,-0.08566282803585035
2002-10-10,2002,False,False,101.1338268536478,111.1760026985415,0.017977250605645256,0.11905823285184014,-0.09032682954183446
2002-10-11,2002,False,False,101.08643117384126,111.07710573252731,0.017055081801552463,0.11757367972359067,-0.0899435981231228
2002-10-14,2002,False,False,97.90663708763867,106.07057594589531,-0.015368319625846394,0.06673513194385317,-0.07696704562461243
2002-10-15,2002,False,False,98.39738427864899,106.81480532345533,-0.010865455240853916,0.07375022833893041,-0.07880387947454304
2002-10-16,2002,False,False,97.35556120938926,105.15790587466736,-0.02176587688250209,0.05663251861832652,-0.07419646293239557
2002-10-17,2002,False,False,101.6354086555271,111.83864471242401,0.020792314007477275,0.12327023073613641,-0.09123175699359531
2002-10-18,2002,False,False,102.64132093428606,113.39000037618987,0.030445386943945385,0.138354434156424,-0.0947938919326512
2002-10-21,2002,False,False,103.52683920384374,114.75273073936965,0.038881894279409135,0.15153263830955588,-0.09782679212246848
2002-10-22,2002,False,False,105.19256490612466,117.33783805048303,0.05513693538633535,0.1769604339996116,-0.10350687677689296
2002-10-23,2002,False,False,109.29441431745266,123.73970144383435,0.0958027590677466,0.24063344952405852,-0.11673930806224242
2002-10-24,2002,False,False,109.0118154970726,123.27230389059154,0.09249314005780818,0.23540871001464292,-0.11568282528552087
2002-10-25,2002,False,False,110.77591483311441,126.01153644731306,0.10968904231778365,0.26231068740775276,-0.12090656176205616
2002-10-28,2002,False,False,107.30187746928799,120.54400592604775,0.07442019233505603,0.2070144259029596,-0.10985306448902687
2002-10-29,2002,False,False,107.55933633498051,120.92273472115988,0.07652947593757697,0.21027976439803187,-0.1105118770014134
2002-10-30,2002,False,False,111.3357469368108,126.8147223019924,0.11384174838914674,0.26869883120740545,-0.12205976628108273
2002-10-31,2002,False,True,112.16964497843392,128.0965775362926,0.12169644978433913,0.2809657753629262,-0.12433534809582436
2002-11-01,2002,False,False,111.99896252021605,127.79810660875297,0.11942991024703686,0.27734239489008483,-0.12362580720311567
2002-11-04,2002,False,False,110.23555268911201,124.98462298183757,0.1012542726185015,0.24859763218618958,-0.11800707911779562
2002-11-05,2002,False,False,109.87434611295335,124.38530296718133,0.09709781440792153,0.24199004460490592,-0.11666134589917476
2002-11-06,2002,False,False,108.66008934038638,122.43896518056067,0.08443202934517324,0.22194576028503654,-0.11253668976909914
2002-11-07,2002,False,False,109.48032377698625,123.70521186691911,0.09207305513203234,0.2339672006675224,-0.11499020837728213
2002-11-08,2002,False,False,110.01692620383758,124.52358648263285,0.09687862615989595,0.24151133083382703,-0.1164972892972248
2002-11-11,2002,False,False,110.26925834918845,124.89308115806324,0.09884662032076164,0.24457479978139762,-0.1170907361182566
2002-11-12,2002,False,False,109.00202502121414,122.86309019144028,0.08567754005193362,0.22373595808207436,-0.112817162165044
2002-11-13,2002,False,False,109.39589392754783,123.45607995922616,0.08905817747683242,0.22903016385491437,-0.11388816197891583
2002-11-14,2002,False,False,110.40824816146825,125.0256954067977,0.09858953394495762,0.2440367702168924,-0.11691554442283625
2002-11-18,2002,False,False,111.14933690083306,126.16696625797199,0.10541359424001051,0.25476843618072587,-0.11902980473060254
2002-11-19,2002,False,False,111.20204955577861,126.22124970393597,0.10538816655843553,0.25468439069518856,-0.1189910588223958
2002-11-20,2002,False,False,112.18025625097263,127.73694412584341,0.11455793592620589,0.26912016021702345,-0.12178691122863172
2002-11-21,2002,False,False,113.84109458481885,130.33055512621394,0.13049746360296743,0.2942458304489963,-0.12652029698965428
2002-11-22,2002,False,False,114.80581778925406,131.8249583020063,0.13951183909929576,0.30843631068988886,-0.12910408417321095
2002-11-25,2002,False,False,113.59028447318329,129.87660477610848,0.12688774278951653,0.288458380715362,-0.1253984143718635
2002-11-26,2002,False,False,112.73226312214298,128.4927842315212,0.11782115143423866,0.2740980092367,-0.12265685737636878
2002-11-27,2002,False,False,113.53821622829417,129.73647983471636,0.12525486846674094,0.2857926643678528,-0.124855118830561
2002-11-28,2002,False,False,113.68986100478352,129.94698307466047,0.1261997127764587,0.28724104085844937,-0.125105806115841
2002-11-29,2002,False,True,115.89107616057822,133.3938817077952,0.14743639762948746,0.3207315020573782,-0.1312114568009768
2002-12-02,2002,False,False,117.25998365987206,135.5406916574765,0.16038525496748401,0.34128809452711106,-0.13487247094622634
2002-12-03,2002,False,False,117.22517200880975,135.45420216148602,0.15943689128963312,0.3397344305404655,-0.13457707373997863
2002-12-04,2002,False,False,117.09653441021882,135.21843676756959,0.15756199468998822,0.33670671102175964,-0.13401946354771843
2002-12-05,2002,False,False,115.33791032522478,132.389383453051,0.1395841373787159,0.3080594308933797,-0.1287978890986614
2002-12-06,2002,False,False,116.63461333258542,134.42131696767868,0.1517971171097312,0.3274454378305067,-0.1323205577532769
2002-12-09,2002,False,False,114.85005945767064,131.55100968477072,0.13358500243934657,0.2984255501353994,-0.12695417744888282
2002-12-10,2002,False,False,114.84349133162969,131.50945528050286,0.13293163826633636,0.2973414591534551,-0.1267282562559896
2002-12-11,2002,False,False,117.14834457110926,135.14534308611087,0.15506930298447097,0.3325176536772738,-0.1331677296755569
2002-12-12,2002,False,False,116.9879529528615,134.8590574478283,0.15288957785496282,0.3290052341850298,-0.13251690196544952
2002-12-13,2002,False,False,116.86051211380536,134.6251960832221,0.1510366667508043,0.3260128178233386,-0.1319566060905497
2002-12-16,2002,False,False,118.56251768361963,137.30196085759812,0.16719576994236918,0.35167733486754615,-0.1364834344457322
2002-12-17,2002,False,False,119.10566110389868,138.13499058318578,0.17193555721081033,0.35917391045081803,-0.1377589371016572
2002-12-18,2002,False,False,120.37053030763354,140.11627691816003,0.18376815519929446,0.37795510426761925,-0.14092400286984286
2002-12-19,2002,False,False,122.20234439498958,142.9995654050578,0.20116117098023878,0.4055828984459897,-0.1454355539554153
2002-12-20,2002,False,False,124.50879331384887,146.63799191641286,0.22319910701299284,0.44060074788616577,-0.15091040400483768
2002-12-23,2002,False,False,124.40313349832616,146.4387838852538,0.2215294762109543,0.4379002035244559,-0.1504768736962081
2002-12-26,2002,False,False,123.24249026088921,144.56111054943875,0.2095079106182307,0.41872990725172343,-0.1474713372602291
2002-12-27,2002,False,False,122.62820764307479,143.55269006141043,0.20285799959650008,0.4081058911547746,-0.1457616879863718
2002-12-30,2002,False,True,122.95194514863977,144.03664774678003,0.20541122694744862,0.4121239975174513,-0.14638429127570152
2003-01-02,2003,False,False,125.66625324067627,148.35790007469973,0.23147330569927727,0.45384133703491947,-0.15295206269836648
2003-01-03,2003,False,False,125.6897671946594,148.3682033723537,0.23115533316229153,0.4532949573427343,-0.15285240140557033
2003-01-06,2003,False,False,129.08191988720893,153.7754375232331,0.2638194203465045,0.5055895084606712,-0.16058167698136683
2003-01-07,2003,False,False,127.9815968540421,151.9852299971806,0.2524889371836858,0.4873999376948279,-0.15793398571416306
2003-01-08,2003,False,False,127.30460756031994,150.8732498196008,0.24530963376035486,0.47586104759058134,-0.15621485112478117
2003-01-09,2003,False,False,128.35677622645161,152.53157143686622,0.2550440342141935,0.49141980960491427,-0.15849043566971122
2003-01-10,2003,False,False,131.04467582475345,156.81051444470594,0.28075649406689274,0.532577218029112,-0.16431193221445595
2003-01-13,2003,False,False,130.03179602159634,155.16040061897877,0.2702928563388629,0.5157765602209294,-0.16195243436558115
2003-01-14,2003,False,False,130.59097954335772,156.02890565384445,0.2751893253235107,0.523584520365991,-0.1630334200184782
2003-01-15,2003,False,False,129.01402707946295,153.47508520284362,0.2592318525945805,0.4979821980756698,-0.1593812969124675
2003-01-16,2003,False,False,128.90486029302082,153.27281931834338,0.25760839310264205,0.49534457871554527,-0.15898421607754853
2003-01-17,2003,False,False,126.74644226314925,149.78742688926692,0.23600253980021413,0.4606929927144825,-0.15382455727176048
2003-01-20,2003,False,False,126.57392700533148,149.4836697656624,0.23377332481935875,0.4570849511938735,-0.1532591673474788
2003-01-21,2003,False,False,124.9146374854422,146.79793626836982,0.21706024122220002,0.4302721868485988,-0.14907088845528116
2003-01-22,2003,False,False,122.62856510519154,143.10802748845356,0.1942578274963318,0.39370367629304037,-0.14310491691260552
2003-01-23,2003,False,False,122.83087493367441,143.40478150000257,0.19569878254019302,0.3959757491150693,-0.14346736804119598
2003-01-24,2003,False,False,119.85658603694245,138.6122739436209,0.16622949704234125,0.348726239168359,-0.13531044093762667
2003-01-27,2003,False,False,117.87648517775669,135.4125652921239,0.14645564717535242,0.3170099188447064,-0.12950112920862866
2003-01-28,2003,False,False,117.81877905131113,135.292745061556,0.14538804203660827,0.31526309825639953,-0.12915671126559292
2003-01-29,2003,False,False,120.628508770256,139.76687336172847,0.17218515589471362,0.35815866340902236,-0.13693061976095555
2003-01-30,2003,False,False,119.77623409666957,138.3740666699017,0.16338947025462702,0.3440306696414295,-0.13440258728247256
2003-01-31,2003,False,True,121.33997757194547,140.85198756315785,0.17805803467908232,0.3674950248850277,-0.13852846756928594
2003-02-03,2003,False,False,121.14200899633408,140.5018738840397,0.1755653468833971,0.36343400178592633,-0.13779079490202295
2003-02-04,2003,False,False,118.53647937257293,136.26700139505354,0.14972336927810792,0.3216973947143895,-0.13011603573104114
2003-02-05,2003,False,False,118.70328310316978,136.50547193116324,0.15078316144614412,0.32336860815475754,-0.13041373782415644
2003-02-06,2003,False,False,118.54600435174174,136.22101397159147,0.14870159255563675,0.3199710656161965,-0.1297524449754559
2003-02-07,2003,False,False,117.11808611022775,133.88629524830162,0.13431560397315012,0.29671956656950726,-0.12524216244071906
2003-02-10,2003,False,False,117.95810697113639,135.21104610114207,0.14189842179222056,0.30891622556768716,-0.1276000713514187
2003-02-11,2003,False,False,118.24594298268643,135.64481021872612,0.14413103998728993,0.3124800214680805,-0.1282678431116101
2003-02-12,2003,False,False,118.29953326129086,135.70060337045084,0.14409606635677807,0.31238494555561735,-0.128231339264252
2003-02-13,2003,False,False,115.14141986832621,130.5741004626833,0.11301517514090076,0.2621952678848072,-0.11819097768755138
2003-02-14,2003,False,False,114.97648185587539,130.27728377943225,0.11088388266546279,0.25871771767567386,-0.1174479654447056
2003-02-17,2003,False,False,115.88942526443807,131.71969998063625,0.11916393302209616,0.2720395942118421,-0.12018152727743336
2003-02-18,2003,False,False,118.01939333592748,135.1258658798031,0.13918333335837318,0.30430372470852407,-0.1265965803992859
2003-02-19,2003,False,False,116.49102707745894,132.6290676449271,0.12388834614046251,0.27958579493417357,-0.12167800659409533
2003-02-20,2003,False,False,116.2616236180667,132.22823170404166,0.12113426825522344,0.27510348798497253,-0.12075037138598399
2003-02-21,2003,False,False,117.22140021642468,133.74621635107655,0.12984482136312958,0.28912015760073784,-0.12355352237610318
2003-02-24,2003,False,False,116.65419143234176,132.8003092012509,0.1238361409666835,0.27938640848989316,-0.12158192903331777
2003-02-25,2003,False,False,116.21288175132021,132.05754857190414,0.11904556332518257,0.27161818557442596,-0.11998304520969238
2003-02-26,2003,False,False,114.69081842640165,129.57092053672258,0.10385773268913989,0.24707334491552047,-0.11484137064615252
2003-02-27,2003,False,False,115.78726496363427,131.30943115941042,0.11387460282476436,0.2631979909515192,-0.11821059659402644
2003-02-28,2003,False,True,117.07040598829636,133.34918567178184,0.12567698065669575,0.28220370838251774,-0.12207633366095805
2003-03-05,2003,False,False,117.32177943399017,133.72492339084,0.12752342399889383,0.2851661833211734,-0.12266332663289758
2003-03-06,2003,False,False,119.8460385881838,137.79582277969953,0.15120057288953093,0.3236201379243129,-0.1302636308519517
2003-03-07,2003,False,False,120.76416666270146,139.25554203745924,0.15943363647869013,0.33696579015246364,-0.13278735700000843
2003-03-10,2003,False,False,117.50432741724924,133.92289833534736,0.127566778246331,0.2851187213997979,-0.12259718929458552
2003-03-11,2003,False,False,117.80484778783902,134.37853705091624,0.12987991315948566,0.2888400827700195,-0.1233358364126067
2003-03-12,2003,False,False,119.75035403100142,137.508524380216,0.14796000332443326,0.3181947342200322,-0.1291423235705198
2003-03-13,2003,False,False,121.44741299473851,140.2345966070248,0.1636413751386947,0.34364969013286495,-0.13396967700440598
2003-03-14,2003,False,False,121.77386315524903,140.73239088081766,0.16618114916821125,0.34773963041105627,-0.13471332084185283
2003-03-17,2003,False,False,122.28437493221242,141.529424763296,0.17048016307911107,0.35468970806177524,-0.13597914259363653
2003-03-18,2003,False,False,124.54095887045486,145.16514908187386,0.1914794655280172,0.38879044942376817,-0.142073978099157
2003-03-19,2003,False,False,123.43991425785114,143.34218259337777,0.1803514700046156,0.37066002479827764,-0.13884446277746354
2003-03-20,2003,False,False,124.70996941957017,145.3740500582947,0.1918960860019281,0.3893898144404422,-0.14214421783281317
2003-03-21,2003,False,False,126.50540201706815,148.26005398753492,0.20844778196294333,0.416259942565693,-0.14673306386557639
2003-03-24,2003,False,False,123.96665028331986,144.09972393228017,0.18360118360958633,0.3758265099061926,-0.13971625412982658
2003-03-25,2003,False,False,125.45252108114855,146.48245535103072,0.19718628856947373,0.39787375774464273,-0.14356623268968294
2003-03-26,2003,False,False,125.29803347660584,146.19836130182574,0.1951117650881078,0.39446228149331786,-0.1429587010354465
2003-03-27,2003,False,False,125.56751788325968,146.60354305693568,0.19708120410533558,0.39762534775804204,-0.1434892004315772
2003-03-28,2003,False,False,126.91839420556246,148.76680615410157,0.20935280336293216,0.41753727027478926,-0.1468634873152228
2003-03-31,2003,False,True,125.99311367663697,147.22958949565927,0.199934415967971,0.40218656662532637,-0.14424054221551985
2003-04-01,2003,False,False,128.5839937369639,151.43869418214294,0.22402659435472505,0.44158680801659145,-0.150917178523017
2003-04-02,2003,False,False,130.86714702890822,155.14408841628358,0.24516790703052527,0.47615688312353566,-0.15647996411075182
2003-04-03,2003,False,False,131.9878478927129,156.9466925828491,0.25523393145708884,0.4925981225187741,-0.15902752889781935
2003-04-04,2003,False,False,132.5110466127744,157.7712600427522,0.2596107092469049,0.49972680649004,-0.16010655821049335
2003-04-07,2003,False,False,133.12312467428734,158.74131193198122,0.2648277878792147,0.5082309922278501,-0.16138324010243132
2003-04-08,2003,False,False,130.32132648681835,154.12327293572818,0.23761943482258618,0.4636588123051111,-0.15443447310410818
2003-04-09,2003,False,False,130.21479033966597,153.917042728962,0.23602079107419027,0.4610065755003514,-0.1539936836691579
2003-04-10,2003,False,False,128.92880777897977,151.78020541382503,0.22323347038880237,0.44003989956190726,-0.15055584865326466
2003-04-11,2003,False,False,129.99461727212142,153.49295923265598,0.23276071381812602,0.4555994237331056,-0.15309068297339357
2003-04-14,2003,False,False,131.2823857669847,155.56903233549477,0.24438280347852803,0.4745879842226992,-0.1561149169851126
2003-04-15,2003,False,False,133.18409190320247,158.65004501074202,0.261810439632425,0.5030795358668121,-0.16051651990275373
2003-04-16,2003,False,False,132.7325698741506,157.87911581617936,0.2569372147173352,0.4950673846229108,-0.159277215431756
2003-04-17,2003,False,False,135.5930399656844,162.52950585876027,0.2834173210192559,0.5383767710247067,-0.1657327741861464
2003-04-22,2003,False,False,136.09844686066182,163.32495031351107,0.28759173945753824,0.545174553580994,-0.1667014341690385
2003-04-23,2003,False,False,135.68474243290976,162.6159238294516,0.2830708504294066,0.5377392324298023,-0.16561220305083235
2003-04-24,2003,False,False,133.54850211472979,159.0873202994794,0.26227317688780505,0.5036608723958356,-0.16053333563399763
2003-04-25,2003,False,False,133.64405876102128,159.21189086424155,0.2625796765330304,0.5041274526617059,-0.16058996576469098
2003-04-28,2003,False,False,136.37759255789686,163.65450197768638,0.2877959637195171,0.5453682906297108,-0.1666737492104471
2003-04-29,2003,False,False,138.1475753613172,166.51989993765793,0.303894057209223,0.5716838125309855,-0.17038398766131146
2003-04-30,2003,False,True,137.22995538544365,164.986026365966,0.29462222061739296,0.556471946848736,-0.16823285942383304
2003-05-02,2003,False,False,139.29914063925364,168.3628767690055,0.3135527406485523,0.5876158114724364,-0.17262556145098085
2003-05-05,2003,False,False,139.52770972853506,168.70849473974772,0.31511755130127295,0.5901608570622541,-0.17296571258149973
2003-05-06,2003,False,False,138.0658958668903,166.27029296436572,0.3007554119357092,0.5664765151420728,-0.16962980334388456
2003-05-07,2003,False,False,140.60740221710296,170.42498888102472,0.32410558141666446,0.6048989984311746,-0.17496017960568977
2003-05-08,2003,False,False,140.37362320610507,170.00918544105323,0.32131155864106065,0.6002657526948085,-0.1743174179563587
2003-05-09,2003,False,False,142.76066779235904,173.90950485190692,0.34317832600337783,0.6362453413485865,-0.17910945745071694
2003-05-12,2003,False,False,143.65591172649528,175.3530412536971,0.35099603504541,0.6490881622604745,-0.18076178947671107
2003-05-13,2003,False,False,144.50384376702226,176.71866171130205,0.35836200497200865,0.6611870617445581,-0.1822943747554392
2003-05-14,2003,False,False,144.86038634255874,177.27503377053165,0.3611043012052497,0.6656714582466061,-0.18284947822901598
2003-05-15,2003,False,False,142.2776875006165,172.9908942213592,0.3362394622150924,0.6246908670163431,-0.17754233168736655
2003-05-16,2003,False,False,143.08556798871206,174.2905554816944,0.34322616350601387,0.636165250386939,-0.17904003694715276
2003-05-19,2003,False,False,139.311215785981,168.04393272451188,0.30720979960035777,0.5768197440637843,-0.17098336412796744
2003-05-20,2003,False,False,139.3521329802051,168.0805147749782,0.3070097331774486,0.576458602177107,-0.1709203582178095
2003-05-21,2003,False,False,141.70199823691118,171.919605130199,0.32845623347104214,0.6117462980956154,-0.17576591611179693
2003-05-22,2003,False,False,142.28608469199838,172.8507095213277,0.333336804342689,0.6197522980579571,-0.17682672471505245
2003-05-23,2003,False,False,142.66712094601382,173.447419177294,0.3363111239367931,0.6246190021066789,-0.17746184046599878
2003-05-26,2003,False,False,140.39916986172506,169.68162431582908,0.3144817508231055,0.588637588333665,-0.17257292633880306
2003-05-27,2003,False,False,143.5886816080496,174.90349274289636,0.34374434659939457,0.6367973919789767,-0.1790405133925983
2003-05-28,2003,False,False,144.0199019785578,175.58284848468472,0.34717948398650944,0.6424230815939329,-0.1797609890631202
2003-05-29,2003,False,False,144.95272416208692,177.08827090622398,0.35530151709876456,0.6557674483662974,-0.1814662630093341
2003-05-30,2003,False,True,145.13047086312366,177.35019164855814,0.3563595407768567,0.6574784266220386,-0.1816728839474948
2003-06-02,2003,False,False,143.64207637311762,174.85230883625,0.3418222921356151,0.6333704702125174,-0.17849482612414858
2003-06-03,2003,False,False,144.66009526883607,176.50553786652355,0.3507011696436606,0.6480442377826663,-0.18042177589787323
2003-06-04,2003,False,False,147.6459059756483,181.41781583792186,0.377936593333162,0.6931200731490608,-0.18615542087908987
2003-06-05,2003,False,False,148.18897090398755,182.28442800367563,0.3823598032088389,0.700414440332795,-0.1870453635183833
2003-06-06,2003,False,False,149.38171669178743,184.22703901501728,0.39283651927074525,0.7177346295106506,-0.189143366302432
2003-06-09,2003,False,False,148.81434833976652,183.25455601524337,0.3868997981338911,0.7078709787068347,-0.18793643347460376
2003-06-10,2003,False,False,149.2473113909038,183.93881789155697,0.3902870180801472,0.7134496310345317,-0.18860350902714784
2003-06-11,2003,False,False,149.1600031802773,183.76140858132038,0.3888268452539785,0.711000079900562,-0.18829527738263308
2003-06-12,2003,False,False,150.05730893091854,185.2147129826642,0.39653149307509095,0.7237292971862652,-0.18981971510565865
2003-06-13,2003,False,False,148.1205285352059,181.97421522350558,0.37786538172284545,0.6927833974279589,-0.1860356240400306
2003-06-16,2003,False,False,148.96166637168034,183.3344945496568,0.385045712428455,0.704644300787139,-0.18748696617300487
2003-06-17,2003,False,False,148.5630411140668,182.64148318913354,0.38069740812329744,0.6974115538023564,-0.1865865381731321
2003-06-18,2003,False,False,146.4897503474175,179.17489749864728,0.3607965661627264,0.664420784938665,-0.1824203479813714
2003-06-20,2003,False,False,143.51162958848738,174.20973598747915,0.33251280954955753,0.6175462951483672,-0.17621349475667714
2003-06-23,2003,False,False,142.4472071096779,172.4140339274066,0.32201584324527044,0.6001302452659545,-0.17380735277237336
2003-06-24,2003,False,False,143.43171673842184,174.0117650435027,0.33053540573675155,0.6142093232235872,-0.17573552166105488
2003-06-25,2003,False,False,142.82190331489988,172.9689846857707,0.3242642866471941,0.6037921621304654,-0.17429183287187822
2003-06-26,2003,False,False,143.55804544818753,174.15537054749925,0.3304730810768075,0.6140442126737649,-0.17568981653061677
2003-06-27,2003,False,False,142.90921766383096,173.04797476111779,0.32384638873395954,0.603038209922351,-0.17416417117213623
2003-06-30,2003,False,True,142.5480110876723,172.41693607142605,0.3198889915525214,0.5964531117724634,-0.17323660693854426
2003-07-01,2003,False,False,145.1347446132987,176.69580004487952,0.343274876521906,0.6353839297380519,-0.17861802840568108
2003-07-02,2003,False,False,145.33474070668092,176.9986988344014,0.3445602588507066,0.6374984753392896,-0.17889373388753016
2003-07-03,2003,False,False,143.97551869415148,174.70416196991783,0.33142556169454895,0.6155912414200051,-0.17588958917336783
2003-07-04,2003,False,False,145.13188522378013,176.60023791671162,0.34155524156435413,0.6324391740200233,-0.17818975254026903
2003-07-07,2003,False,False,146.20144679515096,178.3517091461356,0.3508743509001766,0.6479368337736173,-0.180263270281541
2003-07-08,2003,False,False,147.97653800427327,181.27849243043195,0.3667018623400553,0.6742765883583137,-0.18370604245254718
2003-07-10,2003,False,False,147.08445113016236,179.76213628304416,0.3578925408575626,0.6595749048371682,-0.18178291507077549
2003-07-11,2003,False,False,145.68812957205398,177.40579685093468,0.3444374373260013,0.637134031342518,-0.1787859689023098
2003-07-14,2003,False,False,147.868283991723,181.00735784670755,0.3639841709928324,0.6696695482715163,-0.18308136337225334
2003-07-15,2003,False,False,148.12085772066763,181.39784350088638,0.36574135366919003,0.6725702250710395,-0.1834475269274971
2003-07-16,2003,False,False,147.15417283555388,179.75721767450887,0.35625965747054256,0.6567485499954735,-0.18137266064047664
2003-07-17,2003,False,False,148.277109882177,181.59760485606557,0.36603702571519836,0.6730097599805036,-0.18348532184826127
2003-07-18,2003,False,False,149.69460934229986,183.928691133697,0.37851879678970146,0.6937761427129903,-0.18612692549697163
2003-07-21,2003,False,False,148.7953419109801,182.40037319902672,0.3696642351638335,0.67899925120443,-0.18423773317271874
2003-07-22,2003,False,False,150.11215400224148,184.56372863720898,0.38120760687967903,0.6982024383181085,-0.18666492538567991
2003-07-23,2003,False,False,149.86711511661457,184.1252624327155,0.37837647682505016,0.693459771538353,-0.1860589191481522
2003-07-24,2003,False,False,149.61186388295735,183.66978390853149,0.3754538259193738,0.688564666104343,-0.18543017420075558
2003-07-25,2003,False,False,149.57163044571996,183.57249445908238,0.37450955296818655,0.6869652790726033,-0.18521763902348176
2003-07-28,2003,False,False,148.76347630698328,182.1959583141514,0.36651209968836396,0.6736163185433532,-0.18349738554310935
2003-07-29,2003,False,False,148.649123562557,181.9751966381981,0.3648917856328271,0.6708907871620862,-0.18313524970053896
2003-07-30,2003,False,False,147.5077117853619,180.04350065461483,0.35384633261491927,0.6524643364211624,-0.18071071019479756
2003-07-31,2003,False,True,148.32826758952453,181.38016368283374,0.3608097943993074,0.6640381989250801,-0.18222442532968852
2003-08-01,2003,False,False,144.85007347967294,175.52171755418433,0.32831945112363803,0.6095878028986337,-0.1747455785067903
2003-08-04,2003,False,False,143.3741378555175,173.0172407336367,0.31421077912084994,0.5859284397234266,-0.1713303411407151
2003-08-05,2003,False,False,144.38251545767721,174.67421977520544,0.32287645052845604,0.6004182440136625,-0.17341828895249523
2003-08-06,2003,False,False,143.06152030129437,172.4292826580501,0.31020145064421345,0.5791604604531411,-0.1703177204245283
2003-08-07,2003,False,False,146.62474015835372,178.36586024855234,0.34224914704683007,0.632817378038186,-0.1779551313573542
2003-08-08,2003,False,False,148.04145211378855,180.70683733438568,0.35462766640067933,0.6535266161316335,-0.18076452281742972
2003-08-11,2003,False,False,148.57008871042984,181.56020554356618,0.3588727625953947,0.6606116360692029,-0.1817034560760079
2003-08-12,2003,False,False,148.95399718732884,182.17114068273963,0.361791006066132,0.6654740767686254,-0.18234031675335527
2003-08-13,2003,False,False,149.63861144333958,183.2857859877656,0.3674546737641997,0.6749353810892418,-0.18357765367944012
2003-08-14,2003,False,False,150.72238489619195,185.06906009612416,0.37675949665943054,0.6904959817392811,-0.1855884240298874
2003-08-15,2003,False,False,151.38793078361482,186.15176410912605,0.38223762889387425,0.6996465418659337,-0.18674995368366176
2003-08-18,2003,False,False,153.4837638830665,189.63033231508066,0.4007644682939575,0.7306549233449344,-0.19061596312532303
2003-08-19,2003,False,False,153.6243312545553,189.83364845562042,0.4014382955454654,0.7317578703596996,-0.1907423551917361
2003-08-20,2003,False,False,156.13695580799467,194.01038113661176,0.4237412383707717,0.76909162130649,-0.19521339583343555
2003-08-21,2003,False,False,157.80426921001748,196.77113896825117,0.43832016207047175,0.7934869437210395,-0.1980314286055993
2003-08-22,2003,False,False,157.39807704203886,196.05858199481176,0.4339954958276857,0.7862170160047925,-0.1971885370149008
2003-08-25,2003,False,False,156.32983749940664,194.23703405394215,0.4236455279651079,0.7688541696152582,-0.1951594696612191
2003-08-26,2003,False,False,159.60463830857825,199.69048289688354,0.45283806002606974,0.8177287129755328,-0.200739885080076
2003-08-27,2003,False,False,161.76597404656815,203.2787741185359,0.47187411394191114,0.8495902324476836,-0.20421610791375988
2003-08-28,2003,False,False,161.19103878418213,202.28355675751936,0.4660077152307598,0.8397378483793447,-0.20314314535508937
2003-08-29,2003,False,True,162.11572300287455,203.80034159267277,0.47377930002613233,0.8527303781152069,-0.2045365491737572
2003-09-01,2003,False,False,163.57838018944406,206.2314482870369,0.4864619430680581,0.874056944367952,-0.2068213575178286
2003-09-02,2003,False,False,164.43914711397608,207.64936127474257,0.4936669019436306,0.8861626540232603,-0.20809220840123221
2003-09-03,2003,False,False,165.91664411877713,210.10544861988055,0.5064656090025159,0.9076846346006486,-0.21031727064369998
2003-09-04,2003,False,False,166.52856484403893,211.1044656411139,0.5113978657462277,0.9159646221553241,-0.21115565064765518
2003-09-05,2003,False,False,168.1285302412349,213.76671050742377,0.5252897588895535,0.9393268582116794,-0.21349526386899198
2003-09-08,2003,False,False,169.3753717916947,215.83452332897355,0.5359679222659866,0.9572792717384246,-0.2152535693581611
2003-09-09,2003,False,False,166.77263683853488,211.4221404524495,0.5117420727020054,0.9164759332319279,-0.2111865082737474
2003-09-10,2003,False,False,168.93212721023627,215.02626329659552,0.5306864903728161,0.9483434071355443,-0.21436514488827585
2003-09-11,2003,False,False,171.44418294089087,219.22387805348325,0.552808573363359,0.985560031773006,-0.21794931983155474
2003-09-12,2003,False,False,172.51821241452498,221.00078716763346,0.5618932811191559,1.0008301718880395,-0.21937738491552738
2003-09-15,2003,False,False,171.9285865668435,219.97717730362336,0.5559148105596698,0.9907436860056413,-0.21842534450953888
2003-09-16,2003,False,False,171.39824020811935,219.0533557381349,0.5504775018826584,0.9815681851311546,-0.2175502647262998
2003-09-17,2003,False,False,173.2212815826028,222.091116193498,0.5663247820868318,1.008222176842152,-0.2200440767217231
2003-09-18,2003,False,False,176.43439904874566,227.46886524259247,0.5947234096435514,1.0560045338278696,-0.22435802868853827
2003-09-19,2003,False,False,176.17731278380177,227.0050368432368,0.5917457417838352,1.0509695320538848,-0.22390571049106378
2003-09-22,2003,False,False,173.30355168799332,222.13642132865348,0.5651388083480511,1.0061581564985125,-0.21983279170780978
2003-09-23,2003,False,False,173.01335507591983,221.61685653106562,0.5618768205458498,1.0006445809123692,-0.21931319763274726
2003-09-24,2003,False,False,169.98170150548628,216.4824522644308,0.5338791768337563,0.9534921861433461,-0.2148014782378037
2003-09-25,2003,False,False,168.01795635994284,213.1457147215,0.5155371217379017,0.9225935727236574,-0.21172256932550537
2003-09-26,2003,False,False,168.10043066700732,213.2534865893153,0.5156596207680986,0.9227773381003839,-0.21173419785283032
2003-09-29,2003,False,False,170.52400597605546,217.3021575735779,0.5368816597596149,0.9584790932481415,-0.21526777331552027
2003-09-30,2003,False,True,169.78709892162414,216.03062146586535,0.5296135037984155,0.9462218150077959,-0.2140600357044664
2003-10-01,2003,False,False,174.36286510873452,223.73902037878221,0.5702215730230593,1.0148776306624865,-0.22068638356624437
2003-10-02,2003,False,False,176.9185012010957,228.03101302293226,0.5926127309687674,1.0527253618502708,-0.22414719447260611
2003-10-03,2003,False,False,178.52327195107063,230.71491996758928,0.6064300684173018,1.0760732234955217,-0.2262170475314319
2003-10-06,2003,False,False,180.03541351305168,233.24217416034904,0.6194034066484897,1.0979937448916806,-0.22811809587540044
2003-10-07,2003,False,False,181.6487211477082,235.94051852486223,0.6332762261130913,1.1214354675808567,-0.23010798533713084
2003-10-08,2003,False,False,184.3622497146945,240.4995359717725,0.6570268633989735,1.1615823866161654,-0.23341952004292776
2003-10-09,2003,False,False,183.63477548324332,239.23919378338874,0.649843685982264,1.1494146316476335,-0.23242185956574746
2003-10-10,2003,False,False,183.42270569144773,238.8504939526762,0.6472948968775079,1.1450844829799114,-0.2320605971709251
2003-10-13,2003,False,False,186.54424947583325,244.09953911121656,0.6746751514223905,1.191369789054637,-0.2357861462784654
2003-10-14,2003,False,False,187.51378026473418,245.70914010358598,0.6827221795118557,1.2049591191504008,-0.23684654064687138
2003-10-15,2003,False,False,185.67459620941904,242.56869503412022,0.6655677507085171,1.175928231585322,-0.23454839799792937
2003-10-16,2003,False,False,185.82179362997164,242.78758119978428,0.6662383054539365,1.1770426384386115,-0.23463221342831708
2003-10-17,2003,False,False,184.5541819284789,240.61376861489373,0.6542268840042924,1.1567095394164286,-0.23298578052754382
2003-10-20,2003,False,False,189.21619458606415,248.4680259471051,0.6953535159639561,1.226242538676828,-0.2384686364983426
2003-10-21,2003,False,False,189.89100339352734,249.57919863154308,0.7007371799264517,1.235327713600269,-0.23915532851010624
2003-10-22,2003,False,False,188.22798234173536,246.7366771419129,0.6851862957804253,1.209008787179446,-0.23713010760263153
2003-10-23,2003,False,False,183.923074724879,239.42624645885158,0.6460041706895785,1.1427251628613178,-0.2318174074683642
2003-10-24,2003,False,False,184.9566720408764,241.14419556472103,0.6546104461066344,1.157260403729515,-0.23300383984886075
2003-10-27,2003,False,False,184.49408058646185,240.33181817935093,0.6498304251510973,1.1491570054918632,-0.2323360178269005
2003-10-28,2003,False,False,188.344530711512,246.81357612112404,0.6836083196132046,1.206262048498194,-0.23689558057745697
2003-10-29,2003,False,False,186.13171832943104,243.04125780692544,0.6631816323142632,1.1716973308311132,-0.23415587950381633
2003-10-30,2003,False,False,187.36389794423695,245.0950455858976,0.6735416127058058,1.1891984654274346,-0.23554595933856937
2003-10-31,2003,False,True,186.51906149440597,243.636222606781,0.6653487633429105,1.175323416131973,-0.23443624474739866
2003-11-03,2003,False,False,190.83487096423042,250.93021268497188,0.7031224539422616,1.2394485737168397,-0.23949025937417756
2003-11-04,2003,False,False,191.07651205773703,251.30564826519546,0.7045183948058611,1.2417988248456333,-0.23966487272860815
2003-11-05,2003,False,False,189.2586097758149,248.18366749742083,0.687548905713909,1.2129618145111083,-0.237425203341466
2003-11-06,2003,False,False,191.74920138712523,252.3781614187528,0.7089946647693868,1.2493597274398645,-0.24023061143959412
2003-11-07,2003,False,False,192.27176183543483,253.23064057847984,0.7128887468635621,1.2559522545967021,-0.2407247345889526
2003-11-10,2003,False,False,191.5247199852554,251.92714289053916,0.7054739090405642,1.2433405422131716,-0.23976147314752927
2003-11-11,2003,False,False,190.2688957648462,249.7596557375335,0.6935371229625829,1.2230498953051492,-0.23819203224400953
2003-11-12,2003,False,False,193.3899402990913,255.02475413635386,0.7205510702766129,1.2689035065511907,-0.2416816910420716
2003-11-13,2003,False,False,193.12886260401126,254.54649713082023,0.7174643183993885,1.2636415929819496,-0.24128257595013902
2003-11-14,2003,False,False,195.024425374617,257.73054202746135,0.7335504477743735,1.290938151355212,-0.2433010700228263
2003-11-17,2003,False,False,192.54399701422741,253.48349171007118,0.7107418659638152,1.2521856215910367,-0.24040813973615693
2003-11-18,2003,False,False,193.74496055083296,255.4880019849694,0.7206479622631701,1.2689875842359628,-0.24166708790406854
2003-11-19,2003,False,False,193.7500421762933,255.4617237869403,0.7199293579786357,1.2677472151525992,-0.2415691896846185
2003-11-20,2003,False,False,196.9259780812014,260.8200360405457,0.747346744287501,1.3142860340776013,-0.24497373334237116
2003-11-21,2003,False,False,197.36891412846202,261.53730091673265,0.7505003470373572,1.3196212941617085,-0.24535080297666734
2003-11-24,2003,False,False,200.9465623172194,267.5777814244704,0.781441155294498,1.372143452344596,-0.24901626268270372
2003-11-25,2003,False,False,201.94878398707846,269.2447979315347,0.7895328665226269,1.385864403469515,-0.24994359951039324
2003-11-26,2003,False,False,201.08070985594577,267.7357691132029,0.7810514601943823,1.3714417104800964,-0.24895836472665822
2003-11-27,2003,False,False,203.25256451115334,271.38899944461275,0.7994914963360187,1.4027357188544731,-0.2510655740391027
2003-11-28,2003,False,True,205.08334269894175,274.4630303149669,0.814896838043732,1.4288763744687336,-0.2527833622488491
2003-12-01,2003,False,False,207.8191104469489,279.090548508609,0.8382937677748685,1.468735502066422,-0.2553703034463799
2003-12-02,2003,False,False,207.37357221557107,278.29597240128913,0.8335417525691518,1.4606186772881444,-0.25484522673382937
2003-12-03,2003,False,False,208.07069998802407,279.4489118323745,0.8388926203095366,1.469720829274189,-0.2554249053120885
2003-12-04,2003,False,False,207.11996966502096,277.7933059534317,0.8296817108217396,1.4540044695532832,-0.25440978876668163
2003-12-05,2003,False,False,210.88503039692864,284.17511111544206,0.862119473703564,1.5092725043306143,-0.2579046434813933
2003-12-08,2003,False,False,211.00763380870671,284.34885354945607,0.8623798217891148,1.5096986191478914,-0.2579269050156142
2003-12-09,2003,False,False,214.01634251461826,289.441561706573,0.8881018307421107,1.5535206149675607,-0.2605887653011578
2003-12-10,2003,False,False,211.77534584515837,285.586876000295,0.8675074589520138,1.5184027865987209,-0.2584556096865612
2003-12-11,2003,False,False,214.4079529212655,290.03857115307983,0.8898894043302377,1.5565321388548243,-0.2607605530917374
2003-12-12,2003,False,False,211.8860368970026,285.70509741365527,0.8668373294890095,1.5172255278736149,-0.2583750209040704
2003-12-15,2003,False,False,209.8282242203368,282.16262338704354,0.8478927716454143,1.4849196247207708,-0.25635712589574755
2003-12-16,2003,False,False,210.27562816986068,282.88994323739945,0.8510178536079285,1.4902283735686574,-0.2566875097663026
2003-12-17,2003,False,False,213.83380907018523,288.9191504528181,0.8815117384090208,1.5421834619693628,-0.2598835738820112
2003-12-18,2003,False,False,216.19754417080637,292.91259065766087,0.9014735635075315,1.576188132433253,-0.26190422990903306
2003-12-19,2003,False,False,215.41994506050492,291.5520628905977,0.8938017148176254,1.563095058378881,-0.26112700790136645
2003-12-22,2003,False,False,217.42217899764617,294.92937455860795,0.9105639630724618,1.591646525119578,-0.26279917243563566
2003-12-23,2003,False,False,217.93628234524323,295.7703742714208,0.914240512474688,1.5978952505175301,-0.26315716074643514
2003-12-26,2003,False,False,218.92908950676184,297.4272581645458,0.9221166769689362,1.6113016520153272,-0.26392392258263153
2003-12-29,2003,False,False,220.8852083098287,300.72597298985266,0.9384397394456223,1.639104633522182,-0.26549341211282074
2003-12-30,2003,False,True,222.4583640617583,303.3719804709097,0.951389158436476,1.6611577234290325,-0.2667142044019791
2004-01-02,2004,False,False,224.16804275131318,306.2617178197323,0.9655653017860444,1.6853845821354398,-0.2680507235864851
2004-01-05,2004,False,False,232.88841857971903,321.13973172601743,1.0411756219424455,1.8146637588674315,-0.2748065855071169
2004-01-06,2004,False,False,233.29267196870967,321.79719470635445,1.043865711866042,1.8192495155750703,-0.27503198969278364
2004-01-07,2004,False,False,231.29526832325558,318.3478294847506,1.025521532438852,1.7878667302667903,-0.27345109059606443
2004-01-08,2004,False,False,234.50791742058635,323.8076428972288,1.0527996106012143,1.8344979161491475,-0.2757801658961605
2004-01-09,2004,False,False,236.15041800825426,326.5825058408281,1.0663161575722246,1.8575969261072456,-0.27690426221620457
2004-01-12,2004,False,False,238.7531984466489,330.9994451992356,1.088220394577104,1.895038879293606,-0.2786900343505462
2004-01-13,2004,False,False,236.42844117644142,326.99030600538543,1.0670263383452414,1.8587828584983739,-0.27695580928766883
2004-01-14,2004,False,False,232.1598272858363,319.65717630219746,1.028862410737645,1.7935084071353087,-0.2737224611333078
2004-01-15,2004,True,False,228.7213655925402,313.74360501510125,0.997981978969777,1.7406887293332471,-0.2709927407714612
2004-01-16,2004,False,False,230.690261244047,316.4226938108777,1.014343237474007,1.7629424407602627,-0.2709427428680954
2004-01-19,2004,False,False,233.0347859951629,319.61626168277917,1.0339694538231172,1.7896681194257535,-0.27089196035196994
2004-01-20,2004,False,False,236.00675378484624,323.669204707296,1.0590535228424476,1.8238692558592504,-0.27083964012494055
2004-01-21,2004,False,False,232.29977520542565,318.57435231063386,1.0258701326054562,1.7782647003834349,-0.2708145727346062
2004-01-22,2004,False,False,229.02998467113483,314.0782929834793,0.9965253956387841,1.7379178715869927,-0.270786966856121
2004-01-23,2004,False,False,234.08021433677806,320.9777200823198,1.0397031124781488,1.796901295323119,-0.2707275312543672
2004-01-26,2004,False,False,242.88135606152517,333.0145707002713,1.1155157516764946,1.9005831541707576,-0.27065847133719034
2004-01-27,2004,False,False,241.696401659512,331.3739998545007,1.104321904995751,1.885097013658588,-0.2706235197521961
2004-01-28,2004,False,False,238.01442517608763,326.3133914907496,1.0714061038946703,1.839859602696122,-0.27059559496247365
2004-01-29,2004,True,False,223.46480455966037,306.3679525347408,0.9439771730542117,1.665172743674216,-0.2705999347816237
2004-01-30,2004,False,True,218.17450666074217,299.1200918378053,0.8971696231368882,1.6010442768504811,-0.27061233058511835
2004-02-02,2004,False,False,217.58630587885864,298.2928563863325,0.8911412389277908,1.5925984620733873,-0.27056145924911856
2004-02-03,2004,False,False,222.5735001527956,305.1112289540186,0.9335535727559459,1.6505801743109725,-0.27051685080283217
2004-02-04,2004,False,False,216.67503330132791,297.0019601328934,0.8814040518205029,1.5788882211249784,-0.27045924813298616
2004-02-05,2004,False,False,210.8126024302937,288.9421078962832,0.8296175717190388,1.5076942826099793,-0.2703984754414346
2004-02-06,2004,False,False,219.62390300458026,301.0045246085265,0.9051712067867201,1.611123586965531,-0.27036344955208347
2004-02-09,2004,False,False,219.6072867766084,300.96111010700633,0.9041094229185698,1.6094893939913844,-0.270313407939892
2004-02-10,2004,False,False,221.75821979831127,303.8900826308566,0.9218333925708244,1.6336165081152716,-0.27026832241943577
2004-02-11,2004,False,False,232.05178705807356,317.9851499344109,1.0100732276445252,1.754443069691721,-0.2702433207779117
2004-02-12,2004,False,False,230.773112933646,316.2110598704997,0.9980356098151166,1.7377580941168804,-0.27019278507160294
2004-02-13,2004,False,False,225.50163221265672,308.9615848647171,0.951456432609529,1.6737060228677443,-0.27013051699810653
2004-02-16,2004,False,False,222.1540336271092,304.35035316463444,0.9215630010994544,1.6325354910924652,-0.27007137886599464
2004-02-17,2004,False,False,224.57927931981266,307.65549403820006,0.941607602188582,1.6598457697827094,-0.2700300054062166
2004-02-18,2004,False,False,220.38089219898933,301.87756552420774,0.9043956118971712,1.608639548456908,-0.26996598168433006
2004-02-19,2004,False,False,209.96365315288787,287.57164864816536,0.8135056414356916,1.4838242205695664,-0.2698735979715037
2004-02-20,2004,False,False,213.8716646443695,292.91012455327063,0.8463740832607438,1.5287204997404662,-0.26983860673797455
2004-02-25,2004,False,False,216.64559089013153,296.6934153706338,0.8694250412379516,1.5601541115395055,-0.2697998011870446
2004-02-26,2004,False,False,215.1077771390965,294.5639639399609,0.8552659264512394,1.5405612606225665,-0.2697417081780562
2004-02-27,2004,False,True,218.2120165683887,298.8002173007039,0.8811380738654195,1.5758639422474472,-0.2697059642738263
2004-03-01,2004,False,False,225.67800839461094,309.05645921696356,0.9447711476493259,1.6632815893556248,-0.26978388037448964
2004-03-02,2004,False,False,225.16078277156126,308.32845539205334,0.939587267320565,1.6560129116169389,-0.2697372596205585
2004-03-03,2004,False,False,226.2830445242442,309.85625035241054,0.948524906049276,1.6681743759286567,-0.26971605618126326
2004-03-04,2004,False,False,224.75431588254503,307.7365021843979,0.9346367010847811,1.6489294723956407,-0.26965337460074645
2004-03-05,2004,False,False,229.5887827331788,314.37198377569285,0.9755114114714221,1.7050339045420633,-0.26969070215559543
2004-03-08,2004,False,False,230.83382635825282,316.0687164190676,0.9854816777261834,1.7186164837840519,-0.26967202267434764
2004-03-09,2004,False,False,227.6874715034662,311.7232486142272,0.9576866708709242,1.6802372778045704,-0.26958456735050706
2004-03-10,2004,False,False,217.713945430433,297.98415889506686,0.8712334622197155,1.561149347752817,-0.2693774520171741
2004-03-11,2004,False,False,208.70211086846945,285.5682770118336,0.7931074150073951,1.4535190030900904,-0.2691691351283353
2004-03-12,2004,False,False,218.85393119758155,299.5199964071729,0.8796267429217235,1.572427153609028,-0.2693177957305143
2004-03-15,2004,False,False,213.48582338847925,292.1175806259751,0.8328383493598439,1.5079150259042282,-0.26917844885952036
2004-03-16,2004,False,False,217.3154753387158,297.3705201707224,0.8650208704442026,1.5520604343009756,-0.2692097548406831
2004-03-17,2004,False,False,220.2342455120673,301.3701618638156,0.8893650305026286,1.585421008156568,-0.26922345546740734
2004-03-18,2004,False,False,224.95820867754918,307.85359954039495,0.9291718119252912,1.6400569684672202,-0.2692688699648246
2004-03-19,2004,False,False,223.91142384065012,306.3969661151533,0.9194792204006532,1.6265859935328089,-0.2692113545390088
2004-03-22,2004,False,False,217.98999902450407,298.23323197869865,0.8680216011786859,1.5556499014568064,-0.2690620103661887
2004-03-23,2004,False,False,213.4600022727965,291.98398756873223,0.8285214347390386,1.5011663739593448,-0.2689325053397026
2004-03-24,2004,False,False,211.30518590456325,289.0027945650403,0.8093891570383298,1.4747074739374262,-0.2688472572641202
2004-03-25,2004,False,False,211.50508627440587,289.26149668712,0.810426864276641,1.4760009020482916,-0.2688100950290644
2004-03-26,2004,False,False,216.94527702883568,296.7304041813011,0.85630259362471,1.5389878333965497,-0.2688808629927826
2004-03-29,2004,False,False,216.88583812674983,296.63227695339754,0.8551038590238922,1.5372043026880413,-0.2688393847281032
2004-03-30,2004,False,False,222.04003695890287,303.7076832590868,0.8984835873809536,1.5967571431074337,-0.26890214111084887
2004-03-31,2004,False,True,223.07754927283776,305.118870013849,0.9066457202806644,1.6078535898619575,-0.2688831429445432
2004-04-01,2004,False,False,228.16669699655677,312.12511823655495,0.9493096710513178,1.6665964821576673,-0.2689896337543951
2004-04-02,2004,False,False,231.2301434711438,316.3350045570923,0.9746382875417916,1.701409091008474,-0.2690339667123014
2004-04-05,2004,False,False,233.24784775453648,319.1013050457113,0.9910187601753007,1.723869441277945,-0.26904765331146574
2004-04-06,2004,False,False,232.5544684019378,318.12511339906223,0.9842531433612438,1.7143781006745922,-0.2689842498846765
2004-04-07,2004,False,False,226.33340922522837,309.51828358493765,0.9303489059720966,1.6398147853726024,-0.26875593065532677
2004-04-08,2004,False,False,229.19162030986737,313.44485447301753,0.9538927562648538,1.6721641472550512,-0.26879763046294636
2004-04-12,2004,False,False,229.78984636122655,314.25164842002926,0.9581580431293271,1.6779007108651833,-0.2687712299472521
2004-04-13,2004,False,False,228.24268379353765,312.0968590623839,0.9441455178325182,1.658405954534786,-0.2686799717266136
2004-04-14,2004,False,False,225.22153982119286,307.9073247263016,0.9175950602059841,1.6216034459455226,-0.2685411429513995
2004-04-15,2004,False,False,219.55669250868104,300.068312805977,0.8685675958185619,1.5537728749444848,-0.2683109707400343
2004-04-16,2004,False,False,219.90086988911725,300.52440744578826,0.8707007221532728,1.5565666307595767,-0.26827617178220287
2004-04-19,2004,False,False,218.53129183442329,298.61476310484613,0.8582592843063204,1.539241182864338,-0.2681832285777005
2004-04-20,2004,False,False,213.0997300794545,291.09778823007247,0.8113024231147854,1.4742693432220353,-0.2679445234704817
2004-04-22,2004,False,False,213.78879475185101,292.02997957180025,0.8163873810692521,1.4811383141189487,-0.2679217556179446
2004-04-23,2004,False,False,218.31943469018123,298.26524051600455,0.8540928636108807,1.5330381360170238,-0.2680359457492115
2004-04-26,2004,False,False,215.7057668179181,294.6382030647916,0.8311185638193384,1.5011732008895722,-0.26789613643386256
2004-04-27,2004,False,False,215.68599077824217,294.59188132972946,0.8301738716863993,1.4997189760689817,-0.26784815044909493
2004-04-28,2004,False,False,207.32074085441036,283.0251218029659,0.7584456391383405,1.4005523477774884,-0.26748290210527237
2004-04-29,2004,False,False,201.29743036811288,274.6912724711847,0.7066335766690366,1.3288789527018623,-0.2671866544677748
2004-04-30,2004,False,True,198.77220537303552,271.18632523065133,0.6845102150257245,1.2981891968699264,-0.26702718065162634
2004-05-03,2004,False,False,199.831527084625,272.63570954863883,0.6928043843392999,1.309540097023564,-0.26703832225259316
2004-05-04,2004,False,False,202.66399871433057,276.541882864905,0.7161064407261861,1.3416852984528247,-0.2671489880130198
2004-05-05,2004,False,False,203.09773181268844,277.12448248142255,0.719086000832913,1.3456727658645198,-0.2671245427538024
2004-05-06,2004,False,False,194.8025721879845,265.61275922649446,0.6482087090844779,1.247327938660912,-0.2665918130014544
2004-05-07,2004,False,False,189.15560792316927,257.77024473896705,0.5997856489676012,1.1800946997657302,-0.2661852491364195
2004-05-10,2004,False,False,179.0623427152292,243.76715514806008,0.5138120760949327,1.0608334372420538,-0.26543695927177013
2004-05-11,2004,False,False,188.41842485266002,256.7121211578753,0.5922683790365635,1.1693982069679603,-0.2660322231657123
2004-05-12,2004,False,False,186.36018505478125,253.8419661409958,0.5742413057724882,1.1442804863076876,-0.2658417050265518
2004-05-13,2004,False,False,187.16745454865736,254.9421193482107,0.5804248273107375,1.1527078835192701,-0.26584334111925945
2004-05-14,2004,False,False,189.30585922004167,257.8866277483574,0.5978388438990654,1.1766958129885472,-0.2659337908564844
2004-05-17,2004,False,False,184.47374733272923,251.1731324914188,0.5564277597377716,1.1191786992044177,-0.26555143257994895
2004-05-18,2004,False,False,188.85287126392058,257.22227088899626,0.5927350588523421,1.1693444532806914,-0.26579891153585355
2004-05-19,2004,False,False,190.2174506712596,259.0946052017333,0.6035995439969695,1.1842580125397029,-0.26583785670429283
2004-05-20,2004,False,False,185.79141736678207,252.94375238385334,0.5656580115178265,1.1315484751448315,-0.26548327200888766
2004-05-21,2004,False,False,186.2925307609643,253.61971081216151,0.5692511616447051,1.1363874556981117,-0.26546509273903307
2004-05-24,2004,False,False,190.17144334048754,258.97578105287494,0.6012832037490929,1.1806300730193962,-0.2656786570260007
2004-05-25,2004,False,False,192.11788903576775,261.65432057143124,0.6170243165335159,1.2023008945892006,-0.26575686342118
2004-05-26,2004,False,False,194.26098537219457,264.60532951106546,0.6344073288525984,1.226246762713291,-0.26584628612300565
2004-05-27,2004,False,False,200.94591293782628,273.849275602796,0.6899736370421912,1.303097632222153,-0.2662171097750583
2004-05-28,2004,False,False,200.32501962820706,272.9706369281006,0.6840774268183938,1.2947891815412782,-0.26612978640273355
2004-05-31,2004,False,True,199.14771480906919,271.3210619320401,0.6735102084795728,1.2800089237986563,-0.2660071673353863
2004-06-01,2004,False,False,199.20681346264354,271.3846453945724,0.6733372330862055,1.2796310213144078,-0.26596136943189186
2004-06-02,2004,False,False,200.95950337393094,273.80346593030106,0.6873848743912634,1.2990295020137235,-0.2660447058581543
2004-06-03,2004,False,False,197.84603823211225,269.45504039481796,0.6605782585429085,1.261613048877369,-0.26575491799218487
2004-06-04,2004,False,False,202.0739308326755,275.3160664278341,0.69538655512832,1.3098830982758751,-0.26602928243694346
2004-06-07,2004,False,False,208.39081224911538,284.0821995120574,0.7476865244534434,1.3824785102848263,-0.2664418516645899
2004-06-08,2004,False,False,206.810623172278,281.8660645249827,0.7337417511448456,1.3629490439220104,-0.2662805168802158
2004-06-09,2004,False,False,202.67567274576177,276.09708370422203,0.6983994922829198,1.3136627126052125,-0.26592606475016345
2004-06-11,2004,False,False,202.42142806808758,275.72490805012313,0.695592337227698,1.3096222852224115,-0.265857301396615
2004-06-14,2004,False,False,199.0074967182224,270.95863130691157,0.666330714147795,1.2687923674023698,-0.2655428773080529
2004-06-15,2004,False,False,204.64288883156155,278.777033429287,0.7128340635563142,1.3333271032343665,-0.265926298467947
2004-06-16,2004,False,False,208.80609634813342,284.5481034547921,0.7469832762194428,1.380681343645671,-0.2661834894945707
2004-06-17,2004,False,False,207.60443479983832,282.8583776968557,0.7362378059723633,1.3656017250633097,-0.26604813161188523
2004-06-18,2004,False,False,207.63937636957635,282.8883664775706,0.7358387355736875,1.3649107070179074,-0.26600242012412534
2004-06-21,2004,False,False,207.28480991811924,282.37667571923026,0.7321850410984894,1.3596936689629269,-0.2659280041804004
2004-06-22,2004,False,False,206.39569311978872,281.121598509931,0.7240690356068269,1.3482711092715003,-0.26581346216805357
2004-06-23,2004,False,False,212.80111723607482,290.0108658204849,0.7768681757286564,1.4215619014831744,-0.2662305371420204
2004-06-24,2004,False,False,211.5732023280734,288.2846301397471,0.7659130559974328,1.4061912690519431,-0.2660961417696377
2004-06-25,2004,False,False,212.03907832310594,288.9139091742041,0.7690983888697753,1.4104855354224415,-0.2660821386925527
2004-06-28,2004,False,False,208.10057889241546,283.41812807995825,0.735548910540399,1.3636936813658154,-0.26574711257105654
2004-06-29,2004,False,False,212.63951890303616,289.7117203466229,0.7726994430185625,1.4152227579512031,-0.2660306643838033
2004-06-30,2004,False,True,216.1616652940019,294.59128191497445,0.8013472107833488,1.4549273492914536,-0.26623196759641066
2004-07-01,2004,False,False,218.20334180738053,297.4214346475605,0.817639896055133,1.4775288090435423,-0.2663496426679943
2004-07-02,2004,False,False,220.4439648830969,300.52919999699367,0.8355762341574284,1.5024239492215967,-0.2664807117401501
2004-07-05,2004,False,False,221.50907630899422,301.996641123651,0.8437140715374072,1.513646240030389,-0.26651807952294915
2004-07-06,2004,False,False,216.7428473775989,295.32695418289154,0.8033279694649669,1.4571577012047237,-0.2660918879643701
2004-07-07,2004,False,False,216.62256471028968,295.14028099692456,0.801613409471716,1.4546320399744221,-0.26603524270363166
2004-07-08,2004,False,False,213.83681736282864,291.2341837793202,0.7777407619237535,1.4211868010157258,-0.26575646241836304
2004-07-12,2004,False,False,220.3214008488758,300.26402660254047,0.8309257688272227,1.4952689191346855,-0.26624110339892537
2004-07-13,2004,False,False,221.8104591138341,302.32304865431075,0.8425710606766279,1.5113860845492586,-0.2663131041409226
2004-07-14,2004,False,False,221.8185483879028,302.3155073425361,0.8419096544665712,1.5103304287043327,-0.26626804447522723
2004-07-15,2004,False,False,225.77911590369916,307.82330550093917,0.8740559027579771,1.5550551049485066,-0.26653014288091226
2004-07-16,2004,False,False,229.64465224671804,313.19849592665855,0.9053882643939464,1.5986441779770169,-0.2667760055256021
2004-07-19,2004,False,False,226.25138418757234,308.4446564179694,0.8764925228827087,1.5581902783480874,-0.26647656401289055
2004-07-20,2004,False,False,228.88251351108866,312.0973392571699,0.8975652521645721,1.5874631363602716,-0.2666310002646699
2004-07-21,2004,False,False,223.43070254751294,304.4709822449071,0.8516356564711016,1.5232401843500587,-0.266167498458713
2004-07-22,2004,False,False,222.6797403112875,303.40425059770547,0.8446842392651035,1.5134079931170867,-0.2660625555752463
2004-07-23,2004,False,False,221.33752845703577,301.51248155482614,0.8328423097782929,1.4967516217079453,-0.2659092342855849
2004-07-26,2004,False,False,218.6560957897769,297.75194639673265,0.8099243246296077,1.4646396824325523,-0.2656434376471424
2004-07-27,2004,False,False,222.88927899134563,303.64015602358006,0.8442375330253185,1.5123889978310405,-0.26594268060501025
2004-07-28,2004,False,False,227.2420497401701,309.69523966697693,0.879512817858831,1.5614809109911447,-0.26623977176875824
2004-07-29,2004,False,False,227.88361361764845,310.57165704386875,0.8840771204608728,1.5677184243784423,-0.2662446541750604
2004-07-30,2004,False,True,229.02019806844987,312.13883255771253,0.8927289096566102,1.5796597732042357,-0.2662873882373945
2004-08-02,2004,False,False,230.17508166248533,313.7373744359252,0.9015590674332243,1.5918971977432799,-0.26634471880718136
2004-08-03,2004,False,False,229.4707682050704,312.7332303709473,0.895028866558389,1.582631782342658,-0.2662411732424963
2004-08-04,2004,False,False,227.56988051647508,310.05400462000836,0.8786256552954788,1.5595452538987558,-0.2660314747575121
2004-08-05,2004,False,False,219.1536676009744,298.2539891334398,0.8084698751768329,1.4612107130291356,-0.26521127768412067
2004-08-06,2004,False,False,222.41800365628498,302.805548963411,0.8347191902655677,1.4978335497544215,-0.26547579984024505
2004-08-09,2004,False,False,218.55240636411133,297.3759304750827,0.802156274366735,1.4521253637375637,-0.265063564441965
2004-08-10,2004,False,False,223.3475229178912,304.07042662391706,0.8410061836618983,1.5063879302083834,-0.2654743659299239
2004-08-11,2004,False,False,221.72583921065996,301.78205792441986,0.8269544803874602,1.4865937357068302,-0.2652782583045732
2004-08-12,2004,False,False,221.77658435712002,301.8349187708135,0.8266884522113964,1.4860981703324212,-0.265238809146806
2004-08-13,2004,False,False,220.1352355857741,299.5190209904675,0.8124907121583194,1.466099723723909,-0.26503754299871274
2004-08-16,2004,False,False,223.79926157364878,304.6301058951519,0.8419692310588374,1.507243669918946,-0.26534095861596696
2004-08-17,2004,False,False,226.80685374620333,308.8222505172903,0.8660249747256816,1.5407963767316328,-0.2655747655284155
2004-08-18,2004,False,False,234.02227052599474,318.90491973343177,0.924669140774536,1.622769433321682,-0.26616914307370754
2004-08-19,2004,False,False,235.6255575109089,321.1311805516075,0.9371308913452896,1.6400919178383275,-0.26626384549088467
2004-08-20,2004,False,False,238.27438704169631,324.82109412516456,0.9581757620161817,1.6694299853394172,-0.26644423237524983
2004-08-23,2004,False,False,234.89093319964377,320.06642721297646,0.9296491898402399,1.6293731884561171,-0.2661181766391756
2004-08-24,2004,False,False,235.11616835662377,320.3635562488302,0.9307785382029574,1.6308317422449665,-0.26609577222321057
2004-08-25,2004,False,False,237.0409841309458,323.03992452595986,0.9458588249555249,1.651820275959372,-0.26621768353002173
2004-08-26,2004,False,False,232.3311865990881,316.4285119425142,0.9064849329279889,1.5965786134782962,-0.2657703783618086
2004-08-27,2004,False,False,232.52437868205382,316.68078394815245,0.9073588109639015,1.5976798086723916,-0.2657452221031411
2004-08-30,2004,False,False,235.2881040950544,320.53154001946046,0.9293098360384628,1.6282869476064592,-0.2659439876625891
2004-08-31,2004,False,True,234.67512837197916,319.6552594518259,0.923566625999829,1.6201250774739826,-0.26584931286780156
2004-09-01,2004,False,False,231.82469594052674,315.6331709311593,0.8994610279949515,1.5861477134429753,-0.2655249280149693
2004-09-02,2004,False,False,233.62120799976512,318.1367446700282,0.9134342308873118,1.605644164614115,-0.26565789109938454
2004-09-03,2004,False,False,230.94346877094404,314.35716765711635,0.8907652413995417,1.5736844135670345,-0.2653468966775888
2004-09-06,2004,False,False,231.85435418639892,315.6170638833842,0.8974830233493285,1.58299233887415,-0.26539347608890484
2004-09-08,2004,False,False,232.22929173773372,316.1243333552389,0.8998111127746036,1.5861359565485067,-0.26538621917228267
2004-09-09,2004,False,False,229.80300579066318,312.69786991922535,0.8792301875404698,1.5571087493394598,-0.2650957109172991
2004-09-10,2004,False,False,226.67217150592086,308.2820156035976,0.8529060341083448,1.5200164763236863,-0.2647246351295893
2004-09-13,2004,False,False,225.13400776914577,306.10273418174216,0.8396164058957434,1.5012285672438077,-0.2645148748149466
2004-09-14,2004,False,False,230.17485611666268,313.1623001249664,0.8800746707312002,1.557918437426797,-0.264998194147852
2004-09-15,2004,False,False,230.56277061385993,313.68779300491826,0.882510957578172,1.5612144840992546,-0.26499285035855713
2004-09-16,2004,False,False,235.92345076555657,321.19649586770674,0.9255314675774144,1.6215026868332072,-0.26548560211339334
2004-09-17,2004,False,False,237.94576168280193,324.01715690746636,0.9412824379715774,1.6434966181261825,-0.26563838793649097
2004-09-20,2004,False,False,238.03979826754443,324.12995968404834,0.9412954421819155,1.6433899624718507,-0.265603838350586
2004-09-21,2004,False,False,238.36212927680594,324.56335426307834,0.9431695321478746,1.6458969097533558,-0.2655913671523158
2004-09-22,2004,False,False,234.8481756211393,319.6094888683972,0.913780243711263,1.604501073432806,-0.2652027433458314
2004-09-23,2004,False,False,236.838143996389,322.38473156797613,0.9292478758433547,1.6260975030750577,-0.26535558044425966
2004-09-24,2004,False,False,237.1704572716986,322.8321441532347,0.9312057397075106,1.6287223835664713,-0.26534435443601967
2004-09-27,2004,False,False,235.8404237820255,320.94513816124544,0.9196313563653238,1.6123441478240905,-0.26516904062420354
2004-09-28,2004,False,False,239.8468098989824,326.55201811900054,0.9514850863535955,1.6569517165823369,-0.265517294057639
2004-09-29,2004,False,False,239.67192423639025,326.28717580778414,0.9493068973525154,1.6537686645869352,-0.26545711260935045
2004-09-30,2004,False,True,240.0877890785221,326.8519191051761,0.9519332445408297,1.6573326756518378,-0.2654539409289336
2004-10-01,2004,False,False,245.4487900965044,334.38192297805324,0.994665103436092,1.7173894510620236,-0.2659627413153727
2004-10-04,2004,False,False,249.22850034981425,339.68451975573805,1.0245153940344038,1.7593013575711942,-0.26629420578532503
2004-10-05,2004,False,False,249.82875904415795,340.508539209455,1.028524111897009,1.7648129252049767,-0.26630691957336716
2004-10-06,2004,False,False,248.10344921728614,338.05676148517205,1.0136546497772048,1.7437327929168172,-0.26608937467393756
2004-10-07,2004,False,False,248.92511457257572,339.192654490883,1.0194607928603494,1.7517764454853872,-0.26612468968054714
2004-10-08,2004,False,False,247.2075909132214,336.75184436671526,1.004671031733336,1.7308088104855273,-0.2659057550876608
2004-10-11,2004,False,False,247.53074190207107,337.1855297445371,1.0064351945986987,1.7331591574855825,-0.26589156394223523
2004-10-13,2004,False,False,240.94856052951783,327.8923599227484,0.9522484648447072,1.6566971592887931,-0.26515957680049207
2004-10-14,2004,False,False,237.70894094315602,323.30752458631537,0.9251789760954663,1.6184326373145748,-0.26475902085077074
2004-10-15,2004,False,False,241.83793068548732,329.1021166563478,0.9577846966443369,1.6642267645805742,-0.26515838566296046
2004-10-18,2004,False,False,242.32209562569213,329.76260638014185,0.9608687465452086,1.6684367637234647,-0.2651619955164066
2004-10-19,2004,False,False,237.2031148104629,322.53050171846496,0.9186288554273283,1.6088035473183626,-0.2645560232392652
2004-10-20,2004,False,False,237.06109220147317,322.30894329453207,0.9166641497140384,1.6059020947217486,-0.26449111284869864
2004-10-21,2004,False,False,238.96503484169295,324.96933271625704,0.9312359259856087,1.6262940542785551,-0.26465358178784726
2004-10-22,2004,False,False,235.78860299941533,320.4735036730666,0.9047548711687461,1.5888590857943306,-0.26424930517826273
2004-10-26,2004,False,False,236.97362283885406,322.1212180174873,0.9135141665695821,1.6010638088959879,-0.26433401594182093
2004-10-27,2004,False,False,240.23924639068906,326.69967196705255,0.9390593379027579,1.6369132401758701,-0.2646480330261335
2004-10-28,2004,False,False,237.87337455151354,323.3455982179069,0.9191482447892809,1.608733064178442,-0.26433705650383554
2004-10-29,2004,False,True,239.1606127952844,325.1372974664041,0.9287146193168094,1.622074979567775,-0.2644319348813051
2004-11-01,2004,False,False,241.4146971386951,328.3015502303762,0.9461079978935516,1.6465259994387442,-0.26465562843279533
2004-11-03,2004,False,False,245.32913179387884,333.81178878344014,0.9768664931013604,1.6898613117118466,-0.2650675019957557
2004-11-04,2004,False,False,247.57033901408747,336.9578468641444,0.9941227467908775,1.7141187826350737,-0.2652780123149838
2004-11-05,2004,False,False,244.2464329125052,332.24069880393193,0.9665574308575295,1.675045884089629,-0.2648509535653112
2004-11-08,2004,False,False,241.00488050581936,327.63991209019935,0.9396771066866747,1.6369409423758499,-0.2644214834257719
2004-11-09,2004,False,False,241.09460992469064,327.7460476246224,0.9396187443659745,1.6367340919116846,-0.2643859119826101
2004-11-10,2004,False,False,243.52717718504056,331.16248716132924,0.958401103217053,1.66314826828572,-0.26462933868954863
2004-11-11,2004,False,False,244.23750408411942,332.1454935940138,0.9633239878144648,1.6699798520419114,-0.26466711487991934
2004-11-12,2004,False,False,249.4255760643746,339.455313261911,1.0042231905534318,1.7276441403126634,-0.26521822955845975
2004-11-16,2004,False,False,246.8466464779587,335.7907769941589,0.9827039877747685,1.6971146746518784,-0.26487961138297544
2004-11-17,2004,False,False,250.86729244389377,341.45108642316785,1.0141894214684366,1.7414780122293685,-0.26529068900665786
2004-11-18,2004,False,False,250.64996735912683,341.12337044029107,1.0116369772000549,1.7377477563426251,-0.26522194291288037
2004-11-19,2004,False,False,249.61329787713547,339.63796484298126,1.0025134205947488,1.724732971062826,-0.26506067131648636
2004-11-22,2004,False,False,253.7631143657324,345.4807852808933,1.0349888882576774,1.7704954713784549,-0.2654783560266306
2004-11-23,2004,False,False,252.77056649967346,344.0577211564855,1.0262169659292462,1.7579777247012869,-0.26532511565201156
2004-11-24,2004,False,False,253.09877225443282,344.50081094150323,1.0280350340900064,1.7604231645953785,-0.2653173397103864
2004-11-25,2004,False,False,258.1229354261789,351.57903626889134,1.0674644407383171,1.816011503955878,-0.2658181836849801
2004-11-26,2004,False,False,259.48250890902335,353.4793932440068,1.0775220889433412,1.83009922533232,-0.2659189931054833
2004-11-29,2004,False,False,258.1044459281885,351.5116169740166,1.065661832158371,1.8132182230813654,-0.2657299688981052
2004-11-30,2004,False,True,260.8852944509551,355.4201592232913,1.0870823556076403,1.8433612737863303,-0.26598059316310496
2004-12-01,2004,False,False,261.99472713810576,356.9722969689925,1.0951596610434957,1.8546908744664288,-0.2660642594322571
2004-12-02,2004,False,False,261.6999544602765,356.5347699101509,1.092005726557216,1.850106649453052,-0.265990370234503
2004-12-03,2004,False,False,264.4185284343738,360.36695291420386,1.1129334463933978,1.879644600912588,-0.26625200702760743
2004-12-06,2004,False,False,266.1085297148794,362.7417174106851,1.1256291837247878,1.8975184730408472,-0.26639667580996906
2004-12-07,2004,False,False,259.72876729947643,353.6821680901439,1.0738798909844127,1.8240781482482968,-0.265643589830973
2004-12-08,2004,False,False,259.5744451049433,353.44364994436063,1.0718598811112923,1.821100968769127,-0.2655846408732885
2004-12-09,2004,False,False,255.20640876620502,347.2345815227996,1.0362213465388694,1.770488682362763,-0.265031703792302
2004-12-10,2004,False,False,259.3196051298761,353.0428508980951,1.0682535919967329,1.8157614389897443,-0.2654727196140617
2004-12-13,2004,False,False,262.2804487009597,357.2183136690226,1.0910741923766718,1.8479819996391327,-0.2657698705112491
2004-12-14,2004,False,False,265.7017742048401,362.0462484484351,1.1175473466040384,1.8853780711260484,-0.2661109586316208
2004-12-15,2004,False,False,265.8761680312695,362.27349885325685,1.1181333568500227,1.8860938831253393,-0.2660899324050038
2004-12-16,2004,False,False,268.4722596009571,365.9321325066896,1.138004342669738,1.9141352986880853,-0.26633319199961436
2004-12-17,2004,False,False,266.8030287109711,363.5470903633415,1.1239058388667145,1.8940443129758044,-0.2661115003167295
2004-12-20,2004,False,False,265.62772034504286,361.8619033030161,1.1137484377589617,1.879537692066441,-0.2659417365563034
2004-12-21,2004,False,False,269.1999777115699,366.90369840690914,1.1413634590693058,1.9185521464185955,-0.2662925479344239
2004-12-22,2004,False,False,267.5852499942062,364.59588360295686,1.1277130821197767,1.8990963860893957,-0.2660771499943613
2004-12-23,2004,False,False,269.18012027927386,366.8358538605294,1.1395846047936224,1.9158035318210134,-0.26621098388704434
2004-12-27,2004,False,False,269.81409763455576,367.7143032957141,1.1438123535095235,1.9216800488876262,-0.26623986280573764
2004-12-28,2004,False,False,271.6553302456894,370.3033524427167,1.1576255427985922,1.9411385784028181,-0.2663978642005068
2004-12-29,2004,False,False,272.14915658565656,370.9832172908836,1.16073054378026,1.945424409492838,-0.266411136942975
2004-12-30,2004,False,True,272.54555600899465,371.52503473383024,1.1630599683253542,1.9486113867764305,-0.26641402185924545
2005-01-03,2005,False,False,267.86156615836484,364.84918532896614,1.1250421749969441,1.8944798518759711,-0.26582934283696547
2005-01-04,2005,True,False,259.1873651003457,352.5042152623984,1.0554113013508775,1.7954339037462206,-0.2647254873040006
2005-01-05,2005,False,False,257.60764163228635,350.33836103033025,1.0420740517818974,1.7771570434429664,-0.26468902556182194
2005-01-06,2005,False,False,254.26895587275965,345.7809329429522,1.0148094760123585,1.7399440011327432,-0.26465304576319826
2005-01-07,2005,False,False,258.2857219868681,351.2243482393755,1.0458275008860838,1.7819750355594097,-0.2646132784312706
2005-01-10,2005,False,False,253.58622130387093,344.8166875411704,1.0078085613924852,1.730140043873083,-0.2645767143343569
2005-01-11,2005,False,False,254.4496227122124,345.97262912473843,1.013847429459536,1.7382083824672612,-0.26453828629179776
2005-01-12,2005,False,False,255.9571320580389,348.0043323495647,1.0249773105857507,1.7531988318794678,-0.26450015627697965
2005-01-13,2005,False,False,259.09613812454626,352.25430081016793,1.0490006969121888,1.7857200538566067,-0.26446281130240956
2005-01-14,2005,False,False,260.3810521118961,353.9833521576753,1.0583482380387044,1.798287368835378,-0.26442571232583223
2005-01-17,2005,False,False,256.1657537035234,348.2340372957004,1.0242256317939424,1.7517505910367475,-0.2643862280297369
2005-01-18,2005,False,False,251.7718783252762,342.2419201778818,0.9887194180511547,1.7033327028268705,-0.2643452964662639
2005-01-19,2005,False,False,253.72071895587993,344.87367967868613,1.003321902533596,1.7230452402580823,-0.2643082557292633
2005-01-20,2005,False,False,246.8731834944812,335.5454425467267,0.9484860575728586,1.648346034307235,-0.2642630410332495
2005-01-21,2005,False,False,249.09698259038217,338.55104944613134,0.9652621900621865,1.6710141968136596,-0.26422622822199426
2005-01-24,2005,False,False,253.10394366058392,343.98113331028287,0.9960878837585481,1.7127849630148493,-0.2641923665264646
2005-01-26,2005,False,False,256.6215913162525,348.74592197457315,1.0230318590165743,1.749278060501168,-0.2641588757130683
2005-01-27,2005,False,False,251.45541226688965,341.70374182973,0.9815241313387679,1.692700881242947,-0.26411279279408895
2005-01-28,2005,False,False,250.85869660496132,340.8744345947824,0.9760432974002466,1.6851077951538587,-0.2640730100420352
2005-01-31,2005,False,True,254.89882793008138,346.34961841066183,1.0070773852762311,1.7271623496902508,-0.2640418398617912
2005-02-01,2005,False,False,252.8561040896127,343.54398647943106,0.9901223758692734,1.70388795654996,-0.2639774991236765
2005-02-02,2005,False,False,257.66710593989603,350.0840090027033,1.0271013579187622,1.7541574134828055,-0.26398493129143075
2005-02-03,2005,False,False,260.5209584410244,353.9552872023242,1.0486576024195888,1.783396753884594,-0.2639721234278155
2005-02-04,2005,False,False,269.5294578641557,366.2189648089016,1.1185721578841932,1.8785770159651651,-0.26402102631468005
2005-02-09,2005,False,False,275.5866390713839,374.4582618849993,1.165237670573946,1.9420553094412862,-0.26403910095587657
2005-02-10,2005,False,False,276.7737384173585,376.0567763715877,1.1736157467331818,1.9533254688868147,-0.2640107669702674
2005-02-11,2005,False,False,279.4863565626399,379.73546917365894,1.1939618046783766,1.9809151526933544,-0.263997231623295
2005-02-14,2005,False,False,278.0958767599193,377.819229037759,1.182094935343743,1.9645798268002013,-0.26394461851986206
2005-02-15,2005,False,False,278.96744144825954,378.98748441977756,1.1879799329275254,1.9724508581943336,-0.2639138417054768
2005-02-16,2005,False,False,276.6651968711978,375.8279732646889,1.1689780242515506,1.9463865499844948,-0.26385150507051947
2005-02-17,2005,False,False,284.09362389966935,385.93708395687787,1.2262452025224415,2.024321946549326,-0.2638861728783437
2005-02-18,2005,False,False,280.6583752065002,381.2326225889501,1.198368474202351,1.9861563127071808,-0.26381332924619716
2005-02-21,2005,False,False,281.7236416664857,382.6650072791293,1.2057527403204622,1.996072262298533,-0.26378520035152686
2005-02-22,2005,False,False,280.6006100826658,381.113456182607,1.1960047745599933,1.9826270483856203,-0.2637347080491994
2005-02-23,2005,False,False,285.4376891773817,387.68903730956265,1.2328893547122424,2.0327695226302165,-0.26374578152060335
2005-02-24,2005,False,False,298.40367121560337,405.34908861114275,1.3333041189751782,2.1695410925284837,-0.26383534686600385
2005-02-25,2005,False,False,298.3431308789451,405.2463372630996,1.3318177836825926,2.167361732842289,-0.2637980816955523
2005-02-28,2005,False,True,295.4163884522115,401.23526866699933,1.3079405347829023,2.1346505364609323,-0.26373274853515183
2005-03-01,2005,False,False,291.19404117382777,395.4466618830843,1.2741458664622685,2.0883303377450675,-0.2636325723747779
2005-03-02,2005,False,False,296.1390970212335,402.18984412652605,1.311944689307004,2.139878130157407,-0.2636833044245884
2005-03-03,2005,False,False,301.0853002673942,408.934594857677,1.349725649479486,2.191401591652676,-0.2637323815262389
2005-03-04,2005,False,False,306.6337835509701,416.50265904638104,1.3921784532345187,2.249311524475313,-0.2637891334162553
2005-03-07,2005,False,False,309.37353899120035,420.2312079126866,1.4126968655818528,2.2772373534488146,-0.2638016092905686
2005-03-08,2005,False,False,304.889897723602,414.0854137004428,1.3768879340606817,2.228164103972268,-0.2637028795605799
2005-03-09,2005,False,False,299.6489732776812,406.9044176001086,1.3352027673074693,2.171058160539281,-0.26358879305123273
2005-03-10,2005,False,False,300.24820418590633,407.70688134995333,1.339044083601253,2.1761867527262653,-0.2635684656786804
2005-03-11,2005,False,False,295.1555027973404,400.72850534369303,1.298556127979288,2.1207175637384945,-0.2634526896353575
2005-03-14,2005,False,False,295.4511945803701,401.116032799551,1.3000446853390453,2.12263012087407,-0.2634271123038969
2005-03-15,2005,True,False,290.1645828022033,393.8725823704311,1.258090138538547,2.065156283038374,-0.26330342402633145
2005-03-16,2005,False,False,292.723813782517,397.325932938663,1.277200814432594,2.090937243511523,-0.26326527036002423
2005-03-17,2005,False,False,295.49466477065226,401.0661741678918,1.2979436638226756,2.118931011556599,-0.26322715850139444
2005-03-18,2005,False,False,290.3592155659692,394.08794075142316,1.2572094496294426,2.063581164852053,-0.26321212719087594
2005-03-21,2005,False,False,288.4913601898119,391.5395443951898,1.2418968294510289,2.042695152488229,-0.2631871689092251
2005-03-22,2005,False,False,280.1931805501409,380.27363594085875,1.176641939301942,1.9541031040603438,-0.2631801048818506
2005-03-23,2005,False,False,276.3492234309655,375.0462625772638,1.14602291404209,1.9124665643133794,-0.2631596392084179
2005-03-24,2005,False,False,281.16569943506624,381.55973266619964,1.1826553943441982,1.9620021590177812,-0.26311485368127463
2005-03-28,2005,False,False,276.53531945382224,375.2662154297049,1.1459530962906839,1.9121187793486798,-0.2630956156360337
2005-03-29,2005,False,False,272.21332409630236,369.3907714626154,1.1116689457400044,1.8655137419525878,-0.26307491922858717
2005-03-30,2005,False,False,278.86086009849765,378.38658723609205,1.1624740649160903,1.9342632778265858,-0.2630265725446973
2005-03-31,2005,False,True,280.38797023549444,380.4407041779007,1.173550156864298,1.9491527455651219,-0.26299166425583076
2005-04-01,2005,False,False,282.15428002060037,382.823616530953,1.186395040841537,1.9664751377834402,-0.26296532440342035
2005-04-04,2005,False,False,278.3433718460896,377.625635978444,1.1560292164685486,1.9250630207470487,-0.26291187534212246
2005-04-05,2005,False,False,274.5195266631483,372.4100706594546,1.125586733744857,1.8835468111456026,-0.26285686588164525
2005-04-06,2005,False,False,270.95778737458653,367.5507755686677,1.0971964967073262,1.8448202443395334,-0.26280175315814336
2005-04-07,2005,False,False,277.4529418672768,376.36142044980124,1.146637848102722,1.9118871988379205,-0.2628018527093341
2005-04-08,2005,False,False,273.0517695357606,370.36111705593123,1.1117692926199583,1.8643551203088258,-0.262741802632254
2005-04-11,2005,False,False,273.26058972055716,370.6269950834535,1.1125673731778676,1.8653034022686783,-0.26270726810110656
2005-04-12,2005,False,False,276.53411357727515,375.0586042142504,1.1370487911690503,1.8984436183481481,-0.2626909222450303
2005-04-13,2005,False,False,275.1105567633682,373.1056564224707,1.1252263944640264,1.8822375930665949,-0.26264704909255465
2005-04-14,2005,False,False,265.3849114418156,359.86800641452027,1.0493043354580354,1.77890352443645,-0.2625493049912102
2005-04-15,2005,False,False,260.3775929348143,353.04379237653694,1.0098617748731322,1.7251547076537004,-0.26247791759184935
2005-04-18,2005,False,False,262.76267036704473,356.26777124343937,1.0274897404864562,1.748979716384563,-0.2624573661267333
2005-04-19,2005,False,False,270.05224132050853,366.15823515892765,1.0829328293136022,1.8242054389427507,-0.2624712067358125
2005-04-20,2005,False,False,264.80406306305423,359.0066299401324,1.0416658678724304,1.7679771005407283,-0.2623978473399985
2005-04-22,2005,False,False,261.74728781900126,354.83371260440157,1.0173201373333431,1.7347492300917269,-0.2623381642690217
2005-04-25,2005,False,False,266.63951541348,361.4655620289523,1.0542335548033899,1.7847886134742086,-0.26233770676022805
2005-04-26,2005,False,False,267.5026537238523,362.6208289367503,1.0600897475845383,1.7926132378648463,-0.26230753344146396
2005-04-27,2005,False,False,266.93525340282196,361.83162097545494,1.0549288175736868,1.7854628250612388,-0.2622666513136792
2005-04-28,2005,False,False,258.50425553468693,350.35373430576414,0.9892593731026313,1.6960656737650184,-0.26216212295575936
2005-04-29,2005,False,True,262.9565196636002,356.3875587044038,1.0227424589507708,1.7414427592646442,-0.26216133745088865
2005-05-02,2005,False,False,261.4223527780039,354.2790684767334,1.0102048364474854,1.724225718788503,-0.2621004850723425
2005-05-03,2005,False,False,261.55159067555815,354.43794098519595,1.0104624466276428,1.7244497659916234,-0.26206661186285773
2005-05-04,2005,False,False,269.5806076722504,365.3648868661191,1.0714206956155352,1.8074140593444938,-0.2621606033777597
2005-05-05,2005,False,False,269.2217101541484,364.8583891274496,1.0679063325666114,1.802496770913109,-0.2621199945601198
2005-05-06,2005,False,False,270.9325236270573,367.17308417547764,1.0802862874472408,1.8192448876362084,-0.2621122426894055
2005-05-09,2005,False,False,269.6212308948278,365.36839044719807,1.0694612020436347,1.8043626459763011,-0.26205649436498624
2005-05-10,2005,False,False,262.2848683176415,355.3510121171712,1.0124158694448195,1.726478353840188,-0.26189919439104525
2005-05-11,2005,False,False,261.6588163165044,354.4803600092461,1.0068791609373968,1.7188048064989658,-0.2618524301045073
2005-05-12,2005,False,False,255.59143753373542,346.19271493318337,0.9596276700286397,1.6542705416563899,-0.2617076370799264
2005-05-13,2005,False,False,253.22172922560688,342.9453104104868,0.94075047946633,1.628412963000081,-0.2616264997981331
2005-05-16,2005,False,False,258.43153017376505,350.0294241207299,0.9799569987774777,1.68172853211796,-0.2616862687388575
2005-05-17,2005,False,False,258.8422268888792,350.571949027668,0.9823802934596875,1.6849055177173695,-0.2616573356573638
2005-05-18,2005,False,False,263.9948104989385,357.5780706210312,1.0211050019969772,1.7375645217067643,-0.26171420400462486
2005-05-19,2005,False,False,263.315537959055,356.63487437497884,1.0151699333601152,1.7293485283799401,-0.26166632351777375
2005-05-20,2005,False,False,260.1383710027921,352.28683477638657,0.9901296142290104,1.6950905392729028,-0.2615722606610762
2005-05-23,2005,False,False,256.9515275849389,347.92560533449836,0.9650335321499335,1.6607566322011893,-0.26147566133310673
2005-05-24,2005,False,False,260.47373259597094,352.70938170036897,0.9912444064489954,1.6963585787068616,-0.26150608373313233
2005-05-25,2005,False,False,259.81854603113266,351.7990166946943,0.9855129063514503,1.6884204332563972,-0.2614574410348226
2005-05-27,2005,False,False,268.039199038884,362.9871788200205,1.0475893706135193,1.7729104238706554,-0.2615739213979633
2005-05-30,2005,False,False,269.86160735687173,365.4539871695368,1.0607613652706567,1.7907395383855533,-0.26157158813078996
2005-05-31,2005,False,True,267.62526593240017,362.3883730957442,1.0429409613160319,1.7663234587461392,-0.26149599214185415
2005-06-01,2005,False,False,275.47247281392623,373.0977088311784,1.1021139097836898,1.8470862276399327,-0.26166131205438803
2005-06-02,2005,False,False,282.78579144510303,383.0772955787952,1.1571731663634766,1.9222262492141104,-0.26180487669508257
2005-06-03,2005,False,False,279.94713454201064,379.18058168553057,1.1347788422614333,1.8914983698723304,-0.26170498157476363
2005-06-06,2005,False,False,271.4798271823708,367.5903065071905,1.0694927921040045,1.8021437086480216,-0.2614608645098744
2005-06-07,2005,False,False,265.97204456432365,360.0452789685674,1.0268046347125463,1.7436772210975002,-0.261281677331635
2005-06-08,2005,False,False,262.4998949638607,355.2826710340058,0.999652939475393,1.706446940009739,-0.261151988640798
2005-06-09,2005,False,False,260.33354178343023,352.3049003105852,0.9824638003584165,1.6828341318216942,-0.26105614326134774
2005-06-10,2005,False,False,265.29505953245445,359.0699111386601,1.0195471659910025,1.7334041678375507,-0.2611604278087035
2005-06-13,2005,False,False,264.8238751721338,358.40919408676274,1.015262972600119,1.7274307401967417,-0.2611130530651903
2005-06-14,2005,False,False,273.72970798741943,370.5655202797187,1.0823145144271185,1.8189631556548447,-0.26131900296391164
2005-06-15,2005,False,False,271.01042917025035,366.8319791802234,1.0609158111806112,1.7895967998496078,-0.2612137312131564
2005-06-16,2005,False,False,273.8867746255054,370.74685728893695,1.082069468473089,1.8183935246567429,-0.26125665196925696
2005-06-17,2005,False,False,277.53302985076755,375.7140920940301,1.1090592942027242,1.8551675392292442,-0.26131855128471126
2005-06-20,2005,False,False,277.1429384457304,375.16421753023496,1.1053676263142505,1.8500044149396304,-0.26127566144179226
2005-06-21,2005,False,False,273.7196970478704,370.46846012351716,1.078644575441197,1.8133607603442794,-0.26115249606778923
2005-06-22,2005,False,False,273.30835949890684,369.8895451153684,1.0748046614823847,1.8079951665072826,-0.26110817916288476
2005-06-23,2005,False,False,264.280343261684,357.5328609823289,1.0055769409303372,1.7132538605074976,-0.26082222893982865
2005-06-24,2005,False,False,265.3915759081606,359.03508197647386,1.0133154034412182,1.7237144149939398,-0.26081993311853957
2005-06-27,2005,False,False,268.68558689575144,363.5208492165158,1.0376018309915653,1.7567937548305226,-0.26087984368753425
2005-06-28,2005,False,False,269.1020075284758,364.07336142155106,1.040056569823042,1.7600323746637225,-0.26085773900692066
2005-06-29,2005,False,False,267.7309122402616,362.18259465732797,1.0289631654446278,1.7447526980576007,-0.2607847086258521
2005-06-30,2005,False,True,266.98594712429497,361.1476584140814,1.0226208115476894,1.7359671091975861,-0.26072912033621254
2005-07-01,2005,False,False,269.77063747586124,364.946850944542,1.0429799448226058,1.763751846316402,-0.2607947245533129
2005-07-04,2005,False,False,267.01092569407336,361.14659511875965,1.0213516364727977,1.7339864807115908,-0.26065777913185273
2005-07-05,2005,False,False,263.1694486138536,355.8636150386244,0.991552584104838,1.6930219516436442,-0.2604766615848323
2005-07-06,2005,False,False,261.55618717265,353.6347441785636,0.9786310989285483,1.675190788094321,-0.260377574663364
2005-07-07,2005,False,False,260.8954261245044,352.7114203138767,0.9729218396163459,1.6672451662194492,-0.2603147754832139
2005-07-08,2005,False,False,260.6632692174487,352.37556376435634,0.9704566787496125,1.6637461623655447,-0.26026859969279337
2005-07-11,2005,False,False,266.9445279288667,360.9673362765096,1.0172130573969773,1.7277128685882337,-0.26047456071099795
2005-07-12,2005,False,False,272.46849834191715,368.52112972873675,1.0582152752446978,1.7837927065839825,-0.2606434845609059
2005-07-13,2005,False,False,275.8782670764276,373.17708747491145,1.083223160231924,1.8179499593574762,-0.2607309603514315
2005-07-14,2005,False,False,276.5994519938725,374.1479312308315,1.0879182213771825,1.8242654765806834,-0.26072168544686203
2005-07-15,2005,False,False,269.3011641894652,364.12686506964974,1.032096459927693,1.7476335488547052,-0.2604194031716016
2005-07-18,2005,False,False,270.3958394885078,365.6096343313751,1.0396237892452098,1.7578312934478721,-0.2604247424086451
2005-07-19,2005,False,False,269.8763337437938,364.8799223941161,1.0349741503122694,1.7513387325947711,-0.26036946079950785
2005-07-20,2005,False,False,274.52658278260253,371.2361475059532,1.0692958501201195,1.7982624183865825,-0.2605068643586219
2005-07-21,2005,False,False,276.0215690904767,373.2676040318563,1.0798180663437424,1.8125653694542456,-0.2605263191634498
2005-07-22,2005,False,False,271.3241458752408,366.81141928648776,1.043689764483521,1.7629267593315077,-0.26031706863702986
2005-07-25,2005,False,False,262.3217490416458,354.45461191295544,0.9751727249460602,1.668894532152049,-0.25992852053490856
2005-07-26,2005,False,False,265.92105020860885,359.3703527516284,1.0015562918927547,1.7049381389907512,-0.2600362045101844
2005-07-27,2005,False,False,270.90524235121165,366.1842977961413,1.0383411284039572,1.755238356760648,-0.2601942683461882
2005-07-28,2005,False,False,278.63670815400354,376.76380020805317,1.095763206029396,1.8338251448313452,-0.2604472404192302
2005-07-29,2005,False,True,278.4107568038373,376.43644932027394,1.0933139609311073,1.8303492430095787,-0.2604043596029032
2005-08-01,2005,False,False,281.14376549214546,380.17615804780195,1.1131720935684135,1.857533214084786,-0.2604908026431382
2005-08-02,2005,False,False,286.3459547488532,387.30926970971944,1.1515703885082078,1.9101970608701562,-0.2606787982031419
2005-08-03,2005,False,False,285.60616551556393,386.27630089049023,1.145310844826248,1.9014875638410436,-0.2606169085259683
2005-08-04,2005,False,False,283.03563182097105,382.72733396783696,1.1253083682279903,1.8738911789945316,-0.26047708982093143
2005-08-05,2005,False,False,283.630037318903,383.5279533332529,1.1290766508925492,1.8789630961699797,-0.26047101690016106
2005-08-08,2005,False,False,285.70630876623795,386.36510592164615,1.1439625127645914,1.8993140085474258,-0.26052766052797105
2005-08-09,2005,False,False,291.85279445943803,394.7959672660031,1.1893719088607546,1.961613583534922,-0.26075031495244405
2005-08-10,2005,False,False,290.06069002820874,392.31679822703603,1.175218738392175,1.9420561979855977,-0.26064677490473165
2005-08-11,2005,False,False,285.0156116397694,385.36705643484015,1.1366880924754552,1.8889968376797013,-0.26040483512902113
2005-08-12,2005,False,False,288.3997830857434,390.00166027085373,1.161353864767709,1.9227885911468348,-0.2605165247618393
2005-08-15,2005,False,False,292.90579300260464,396.17801038809904,1.1944082211921518,1.968108872614423,-0.26067125049249484
2005-08-16,2005,False,False,289.8355542100195,391.9422971142239,1.1706993639955874,1.9354193531837023,-0.2605147330512465
2005-08-17,2005,False,False,293.4250349279953,396.8590581545281,1.1968671234843398,1.9712755005059073,-0.26063163004901835
2005-08-18,2005,False,False,288.03728358454464,389.4383797990233,1.15582737469721,1.9147682184762567,-0.2603777682795634
2005-08-19,2005,False,False,285.38849676578707,385.7818693517838,1.1353075555019854,1.8864616119359234,-0.26023351681789586
2005-08-22,2005,False,False,291.9205684175726,394.74264274067446,1.1834709182452587,1.95254659610911,-0.26047876056464125
2005-08-23,2005,False,False,286.7955540420833,387.68304465992276,1.1444400984941212,1.8988003989526088,-0.26023188789785323
2005-08-24,2005,False,False,286.24056418938187,386.90404623410484,1.139594727447443,1.8920354447138155,-0.2601768656195813
2005-08-25,2005,False,False,293.53350022316624,396.910478032749,1.1933952258391236,1.9658677695754472,-0.2604541415030448
2005-08-26,2005,False,False,290.34777496507996,392.51605133146035,1.1688856200704252,1.932078330829356,-0.2602906964436579
2005-08-29,2005,False,False,293.4437561419529,396.75459433768054,1.1913007763847134,1.9627778148593027,-0.2603897715871163
2005-08-30,2005,False,False,295.789706366651,399.96236735220157,1.2081023195173555,1.9857625605649583,-0.26045615660089716
2005-08-31,2005,False,True,300.472522065395,406.38170223400255,1.2423322542193658,2.032699270403004,-0.26061503159810806
2005-09-01,2005,False,False,299.65094243277656,405.23183198064817,1.2354066753422055,2.0230438620225977,-0.2605444123967873
2005-09-02,2005,False,False,303.45260786169234,410.4513760198383,1.2629633398776772,2.0608944944661234,-0.26068561201016505
2005-09-05,2005,False,False,305.6630212536632,413.4786626008451,1.27863807111357,2.082375546545171,-0.26075261216384116
2005-09-06,2005,False,False,309.1834382228796,418.3107324881954,1.3040639470122324,2.1172907673002492,-0.26087615208006965
2005-09-08,2005,False,False,308.94854666363545,417.96913853213414,1.3014968002612077,2.1136402657590696,-0.2608340707913702
2005-09-09,2005,False,False,314.0431766830835,424.96999137781813,1.3386194008314733,2.1646701485582205,-0.26102270029724406
2005-09-12,2005,False,False,311.76181867643123,421.8089940663551,1.3208075831992399,2.140017325555993,-0.26089338287701913
2005-09-13,2005,False,False,309.6425414014157,418.87129431210417,1.304214517870209,2.1170436500900736,-0.260769249155807
2005-09-14,2005,False,False,311.4732588548995,421.37547629769546,1.3170168033839498,2.1345678364334417,-0.26081778277279644
2005-09-15,2005,False,False,314.84716157416784,426.00569446720266,1.3412855499495482,2.16788937103798,-0.26093203526788233
2005-09-16,2005,False,False,319.6235201504408,432.56806684038594,1.3759624506758432,2.21555023137986,-0.2611023682698722
2005-09-19,2005,False,False,322.4077897862857,436.38595139163846,1.3958116013842887,2.242783078281814,-0.26118659696050117
2005-09-20,2005,False,False,322.2762891155548,436.1867983821958,1.3939872909185183,2.2401566204549384,-0.26115074937877936
2005-09-21,2005,False,False,330.5099843106669,447.51232066006173,1.454282061712873,2.3231112920301618,-0.26145053655019235
2005-09-22,2005,False,False,328.8867308710821,445.25798967921224,1.4413649163282867,2.3052024684565064,-0.2613569245370987
2005-09-23,2005,False,False,335.4100063011867,454.2270779042673,1.488908173966403,2.370589624024598,-0.2615807761864044
2005-09-26,2005,False,False,333.86879242725837,452.0857722930644,1.4765964821520403,2.353515089422237,-0.2614923696142597
2005-09-27,2005,False,False,331.0964591738311,448.24836161556266,1.4551644218398492,2.3238755628272654,-0.2613548926748921
2005-09-28,2005,False,False,335.79614230989444,454.7050987394225,1.489134835336316,2.370563739332112,-0.2615078580802789
2005-09-29,2005,False,False,334.7034113948882,453.18166514895415,1.4801593646057345,2.3580857332844167,-0.26143655594522763
2005-09-30,2005,False,True,338.69492479304745,458.6627614858519,1.5088512947633146,2.3975019369322363,-0.2615600104620768
2005-10-03,2005,False,False,341.60936778162284,462.667708516055,1.529502908416311,2.4258993596153644,-0.2616528850105201
2005-10-04,2005,False,False,335.6399775989038,454.4067142244151,1.4843817734929963,2.3634841911503712,-0.261366597164444
2005-10-05,2005,True,False,323.9066768552343,438.1874672999574,1.3966457776931875,2.242230612652293,-0.2608034208483949
2005-10-06,2005,False,False,313.5837451601983,424.2095603352616,1.3194063991138925,2.1376446770359587,-0.26078105143984354
2005-10-07,2005,False,False,321.96069750198814,435.52057276494753,1.3804857486283781,2.2201151405911093,-0.2607451458423944
2005-10-10,2005,False,False,325.27762816192654,439.9886293669842,1.404121420265532,2.2519484801698755,-0.2607135583710276
2005-10-11,2005,False,False,328.94656219770826,444.932720204352,1.430340319155584,2.287275361687122,-0.26068246442602094
2005-10-13,2005,False,False,321.1125671241776,434.3207441446296,1.371584690725093,2.207686441245418,-0.2606556986897073
2005-10-14,2005,False,False,319.9832806465967,432.7759278016139,1.3623719501409868,2.19509728904846,-0.2606259727244389
2005-10-17,2005,False,False,325.0952352328913,439.6714976061502,1.3992268282870208,2.2448081004143927,-0.2605951556948416
2005-10-18,2005,False,False,312.54162442669264,422.67691609278705,1.3057294314031176,2.1182361939711325,-0.26056613804269657
2005-10-19,2005,False,False,315.05285608451044,426.05537999571186,1.32339864369108,2.142001327402005,-0.2605354353518987
2005-10-20,2005,False,False,304.86887874223265,412.26538892501196,1.247466853978862,2.0391845847770877,-0.2605033385480583
2005-10-21,2005,False,False,313.8500784897179,424.3935595737972,1.312822980764317,2.1274396431377833,-0.26047398361816343
2005-10-24,2005,False,False,320.97880409544865,434.01652381816035,1.3644847447178536,2.197175129415546,-0.2604456593686535
2005-10-25,2005,False,False,317.41040697756773,429.1731590854834,1.3373373120586725,2.160332541130216,-0.26041412362802163
2005-10-26,2005,False,False,319.951061736356,432.5914135254677,1.3551789601498418,2.1843313472614483,-0.26038508455619247
2005-10-27,2005,False,False,313.58542973826167,423.9651885743227,1.3074718891704316,2.1196849784718372,-0.2603509953428902
2005-10-28,2005,False,False,315.6291132879582,426.71136051244235,1.32165585353408,2.1387374807829524,-0.2603217479166344
2005-10-31,2005,False,True,325.0787202122062,439.4729848935382,1.3902847074426923,2.2314190065701336,-0.26029874102282735
2005-11-01,2005,False,False,332.71214864480174,449.8018766796146,1.445513771736874,2.3061512435105813,-0.26031400513300584
2005-11-03,2005,False,False,334.912612221567,452.76670373863425,1.460783337410485,2.3267208210039256,-0.2602976114274961
2005-11-04,2005,False,False,332.7611414442144,449.83273941540637,1.4440774252237558,2.3039496101021397,-0.26025584114516853
2005-11-07,2005,False,False,333.42623459150843,450.71646204569015,1.4480633964134242,2.3092251251519103,-0.26023062685980114
2005-11-08,2005,False,False,333.6366656603034,450.983916935642,1.4487094727361716,2.3099737022799416,-0.26020274087087847
2005-11-09,2005,False,False,330.4532386773823,446.65119659338,1.4244551627100677,2.2769713616535583,-0.2601536921925711
2005-11-10,2005,False,False,330.95961889316436,447.3197931678748,1.4272799332098596,2.2806732172194706,-0.26012748832476007
2005-11-11,2005,False,False,328.88686028008664,444.49251855973034,1.4111939903232158,2.258742804690105,-0.2600845986209974
2005-11-14,2005,False,False,325.801152355133,440.29225066047775,1.3876962429837523,2.226766219571109,-0.26003432523192915
2005-11-16,2005,False,False,328.67791771989727,444.1737650668312,1.4078968331128006,2.2540202568998624,-0.26002401859451607
2005-11-17,2005,False,False,335.245349352006,453.0577608070228,1.45511057745885,2.3178891307727776,-0.26003839167253184
2005-11-18,2005,False,False,335.4383842808111,453.3016362510762,1.455625067941516,2.31846000183804,-0.2600106475348848
2005-11-21,2005,False,False,335.5710696375528,453.46371139516117,1.4556975458291457,2.3184318433601256,-0.2599825273667232
2005-11-22,2005,False,False,339.69026302504614,459.0292640054922,1.4849324288591519,2.3579317045025037,-0.25998124812151024
2005-11-23,2005,False,False,344.61064530429246,465.68078109636593,1.520004718861371,2.40534392026593,-0.2599852532179544
2005-11-24,2005,False,False,344.68394754119237,465.762365909699,1.5196194995701195,2.4046956572346416,-0.259957495990522
2005-11-25,2005,False,False,344.46473690567103,465.4474667068146,1.5170970910169603,2.401150651858346,-0.2599277866031455
2005-11-28,2005,False,False,338.478598479947,457.3158356364783,1.4724514132939879,2.340510121522851,-0.2598581284445076
2005-11-29,2005,False,False,341.68567573735726,461.6450684106308,1.494966599031451,2.370902288504059,-0.25985199644019663
2005-11-30,2005,False,True,344.5835956674176,465.55525658761366,1.5152087274993988,2.3982135517344063,-0.2598438299395083
2005-12-01,2005,False,False,352.15257543828596,475.81958349715535,1.5695636150813081,2.471928858040397,-0.2599031488993112
2005-12-02,2005,False,False,354.5118408165264,479.0072480909268,1.5858800476370454,2.493974369541321,-0.25990297176206456
2005-12-05,2005,False,False,353.14972822348966,477.1399455085051,1.5750501016296123,2.4791454359995164,-0.2598613225578391
2005-12-06,2005,False,False,358.80545474621925,484.80538769208414,1.6153816555607787,2.533812267106479,-0.2598979634811558
2005-12-07,2005,False,False,353.8422337917114,478.0464872376774,1.5783091289472377,2.48333665232173,-0.2598162663293738
2005-12-08,2005,False,False,350.9179048741574,474.05713408595074,1.5561137711957356,2.453069655152607,-0.2597560934279013
2005-12-09,2005,False,False,355.7089788092453,480.5480676646327,1.5901139233682908,2.499136415033733,-0.2597848108350125
2005-12-12,2005,False,False,356.2310185141174,481.24012027117334,1.5930160793055341,2.5029610141055945,-0.25976450526738026
2005-12-13,2005,False,False,361.1506305946855,487.90565479372776,1.62791519143742,2.550249047355608,-0.2597941281345275
2005-12-14,2005,False,False,363.4513719217257,491.01382271714783,1.6437404954472599,2.5716280834984775,-0.2597940116828553
2005-12-15,2005,False,False,358.8149192017177,484.69879082765686,1.6091112545831274,2.524471816960109,-0.25971567086227654
2005-12-16,2005,False,False,359.92091081563046,486.18405975230837,1.616247534485372,2.5340482017301746,-0.25970236251884526
2005-12-19,2005,False,False,356.89134598949624,482.0517584593996,1.5933281196468583,2.502798244860689,-0.2596410245860453
2005-12-20,2005,False,False,357.5969042329027,482.99309512030777,1.5975562050816174,2.508424419760105,-0.25962315435621364
2005-12-21,2005,False,False,362.48236833497236,489.6122444297032,1.6321333800257327,2.5552756338256453,-0.2596542009336609
2005-12-22,2005,False,False,362.4848862789141,489.5985999882441,1.6312418291936384,2.553947666696552,-0.25962842563761857
2005-12-23,2005,False,False,360.5825268939715,486.9974483259369,1.6165283568671045,2.5338446492206894,-0.2595802542015757
2005-12-26,2005,False,False,360.2677263584694,486.5527714791784,1.6133410202168763,2.529398342336009,-0.25955056167245205
2005-12-27,2005,False,False,361.1016079801959,487.6684173530589,1.6184854169834648,2.536269600971767,-0.2595345625616595
2005-12-28,2005,False,False,358.65524337804106,484.3283113201098,1.5998481570379224,2.5108369132627906,-0.25947908681928555
2005-12-29,2005,False,True,362.111861562182,489.00657494933114,1.6239989968274058,2.5435259054299357,-0.25949490229307737
2006-01-02,2006,False,False,362.71057314330545,489.8043094451008,1.6274308506413981,2.5480822691780327,-0.25947859961824304
2006-01-03,2006,False,False,373.85424491491955,504.9552370221137,1.707220394211486,2.6565724060222022,-0.25962893835964473
2006-01-04,2006,False,False,378.86083769543677,511.75272578828213,1.7425293318180533,2.704518180473604,-0.25967988326421587
2006-01-05,2006,False,False,378.1968257571762,510.8317136833496,1.7367792353207099,2.696576839197223,-0.25964497577844214
2006-01-06,2006,False,False,384.0314533244925,518.7562757583038,1.7780435824369074,2.7526289324575886,-0.2597073591772442
2006-01-09,2006,False,False,382.60050785655767,516.7913578601735,1.7667392097065124,2.7371275878318335,-0.2596615596654839
2006-01-10,2006,False,False,379.55655363067876,512.6309052491301,1.743782315402497,2.7057655801141935,-0.2595909654603822
2006-01-11,2006,False,False,389.29886968089147,525.8743880485973,1.8132402833099523,2.8001934442603384,-0.2597112950765813
2006-01-12,2006,False,False,387.5353572651267,523.4567991561329,1.7995330246190782,2.7814216657305786,-0.2596612406413017
2006-01-13,2006,False,False,388.8023168657354,525.164114406743,1.8077196197319267,2.792450619856122,-0.2596555891772043
2006-01-16,2006,False,False,395.68543770996826,534.5158252026134,1.8564435173287501,2.858656696203122,-0.25973110794244525
2006-01-17,2006,False,False,391.2841550305633,528.5078551978397,1.8237000878494256,2.8139742127679153,-0.2596436340873469
2006-01-18,2006,False,False,387.9579967559607,523.9632826729732,1.7987351191601424,2.779879400938659,-0.25957026076939604
2006-01-19,2006,False,False,399.3131067969572,539.402007856652,1.8796618278626718,2.889918325889317,-0.2597114935043473
2006-01-20,2006,False,False,397.60446739066657,537.0591089474309,1.8663555836608299,2.8716928554397696,-0.25966348812159257
2006-01-23,2006,False,False,396.97675110250833,536.1875003930588,1.8608482406151938,2.864082878604748,-0.2596307246784014
2006-01-24,2006,False,False,405.27057003961875,547.4593722649921,1.9196164565461382,2.9439611724064614,-0.2597248479592168
2006-01-26,2006,False,False,411.91884299398913,556.491421625729,1.9664937252653538,3.0076542709671843,-0.2597930049117143
2006-01-27,2006,False,False,409.9031939319524,553.7306388376571,1.9509657430822767,2.9864050104870756,-0.2597426163876623
2006-01-30,2006,False,False,414.458990442857,559.9145296592937,1.982741192357778,3.0295425369585907,-0.25978168365258536
2006-01-31,2006,False,True,415.91107933570294,561.873832250631,1.992166038386352,3.042257785975763,-0.2597785206160296
2006-02-01,2006,False,False,417.16943837289966,563.5694936923422,2.000019932366038,3.052836950244571,-0.25977285314056353
2006-02-02,2006,False,False,404.5468589176089,546.3375337275794,1.9080844490882432,2.92734648845704,-0.25952944115436094
2006-02-03,2006,False,False,404.14646379170307,545.7713689373965,1.9040464464074467,2.9217104354782983,-0.2594949336045854
2006-02-06,2006,False,False,404.9481204623772,546.8442850587059,1.9086457176068592,2.9278520076044314,-0.2594818460635381
2006-02-07,2006,False,False,396.81353035729745,535.7320095333674,1.8490799945876963,2.8465002678901534,-0.25930591546521653
2006-02-08,2006,True,False,396.1270653737814,534.775768671341,1.8430172156013018,2.838103602904361,-0.25926511899002924
2006-02-09,2006,False,False,400.33811528009403,540.4377892099351,1.872094888418371,2.877194183251826,-0.25923367448944035
2006-02-10,2006,False,False,401.40256308889815,541.8545111182897,1.8785841177689906,2.885809243079368,-0.25920601406367205
2006-02-13,2006,False,False,392.1102370225934,529.2981927173804,1.8108260718465479,2.7942522775439453,-0.2591884075599682
2006-02-14,2006,False,False,397.7326073743929,536.8643233303936,1.849994798064917,2.8469577308706553,-0.259156196286072
2006-02-15,2006,False,False,404.6629778806839,546.1951674636238,1.8985012343224472,2.9122614462177587,-0.2591238407329296
2006-02-16,2006,False,False,415.52885300049707,560.835673202405,1.9751469188579738,3.015529879730824,-0.25908983173662503
2006-02-17,2006,False,False,417.3798156715316,563.3135367371297,1.9872114044085762,3.0316674597488404,-0.25906304668424474
2006-02-20,2006,False,False,418.70896746115267,565.087389103152,1.9955331535376577,3.0427555659208014,-0.259036786990267
2006-02-21,2006,False,False,414.71408543242535,559.6782190291015,1.965774150887428,3.002466405452454,-0.25901335565309613
2006-02-22,2006,False,False,415.3231425468845,560.4805418393123,1.9689501850055287,3.006612292735354,-0.2589874018035828
2006-02-23,2006,False,False,417.4247003354697,563.2965005879585,1.9827886486853727,3.0251437120219338,-0.25896095590906476
2006-02-24,2006,False,True,419.7041383309261,566.3524498327574,1.997886702363758,3.045374641662553,-0.25893471732158346
2006-03-01,2006,False,False,425.90646099663167,574.7199488618994,2.0412445212426356,3.103867998703411,-0.25893217759355425
2006-03-02,2006,False,False,425.38515060798466,574.0000838493833,2.036579287394055,3.097455595448732,-0.2589109957001242
2006-03-03,2006,False,False,426.66499940984056,575.7145856633676,2.0447703960367147,3.108419320588724,-0.25889492808625747
2006-03-06,2006,False,False,417.0952408897284,562.7652397261817,1.9755553785557542,3.0147644273269787,-0.2588468308869437
2006-03-07,2006,False,False,407.0301527392561,549.1464282433132,1.9028507017063223,2.9163931316577374,-0.25879486452944545
2006-03-08,2006,False,False,405.62475927240735,547.2316757778763,1.8919310177511992,2.9015277566308595,-0.25876959023649027
2006-03-09,2006,True,False,395.0669462047935,532.9469191641141,1.8157854858104274,2.7985060863881697,-0.25871239330095885
2006-03-10,2006,False,False,401.40357652211003,541.4750371179979,1.8600626579952078,2.8580935110638013,-0.25868498267513595
2006-03-13,2006,False,False,400.38399808219395,540.0852665079507,1.8519145109601922,2.846999420775121,-0.25866520916045055
2006-03-14,2006,False,False,408.5709410911759,551.1080383915943,1.9093286826925837,2.924298725389061,-0.25863730406911156
2006-03-15,2006,False,False,416.2574173287307,561.4560641073722,1.9631447225505436,2.9967469744566886,-0.2586108799260807
2006-03-16,2006,False,False,415.3506615066341,560.2184047529937,1.9557751282959726,2.9867027565961806,-0.2585915457565757
2006-03-17,2006,False,False,414.22489707347614,558.6854706081992,1.946852036093396,2.9745641274322865,-0.2585722756982737
2006-03-20,2006,False,False,415.9477677438562,560.9931623141074,1.9581937718332378,2.989747289185056,-0.2585510917315572
2006-03-21,2006,False,False,407.2274200542924,549.2209550719484,1.8952799571093428,2.9048166821189536,-0.25853626615367353
2006-03-22,2006,False,False,412.19472976613486,555.9029088369714,1.9296906009335908,2.9511022568758785,-0.25851309066091177
2006-03-23,2006,False,False,408.1394939661408,550.4203626669689,1.8999716902135426,2.9109262716528534,-0.2584949219745981
2006-03-24,2006,False,False,409.3057585489947,551.9776192870507,1.9073602367593812,2.920779877579421,-0.25847399559847173
2006-03-27,2006,False,False,410.04553840489325,552.959874824951,1.9117157713221808,2.926544341146611,-0.2584533578775491
2006-03-28,2006,False,False,399.6571132067381,538.938709268505,1.837072099924375,2.8257994793751897,-0.2584368011917574
2006-03-29,2006,False,False,408.50619551374285,550.8541996690252,1.8989949079963235,2.9091782142510274,-0.2584132139517328
2006-03-30,2006,False,False,411.65245896033605,555.0809574867136,1.9204215163749936,2.9379586743351056,-0.25839203559745727
2006-03-31,2006,False,True,413.60206283759743,557.694338543455,1.9333479633872157,2.9552789967620927,-0.25837141557181165
2006-04-03,2006,False,False,421.9817951646001,568.992989722082,1.9915999657198902,3.0338219042920356,-0.2583708362194196
2006-04-04,2006,False,False,422.9641934214138,570.3003905235885,1.997384047868287,3.041498830482123,-0.2583484064720811
2006-04-05,2006,False,False,425.74783686686806,574.0406531506569,2.0159232835905643,3.066403682295091,-0.25833155800007324
2006-04-06,2006,False,False,428.3277032986521,577.5056832215959,2.0330049800848693,3.0893400070766033,-0.2583143062606058
2006-04-07,2006,False,False,424.48233796518207,572.2924382966295,2.004593819651308,3.0508312580964727,-0.25827722059615044
2006-04-10,2006,False,False,419.6229834339511,565.7096432258404,1.9690305431647483,3.002662569994153,-0.25823611377536504
2006-04-11,2006,False,False,413.4385887268048,557.3371752767281,1.9241236137848667,2.941873931230297,-0.25818946399632325
2006-04-12,2006,False,False,419.2192665532376,565.1253990483214,1.9638439897715148,2.9953877387548244,-0.25818363984487624
2006-04-13,2006,False,False,415.51816620648765,560.1070064295094,1.9365241428020328,2.9583534023286884,-0.258145030437534
2006-04-17,2006,False,False,419.71192917899975,565.7518548334024,1.9649979298359477,2.9966771534541774,-0.25813424102234217
2006-04-18,2006,False,False,431.84374792909057,582.1182823938941,2.049504693104602,3.1106822609219673,-0.2581512022725294
2006-04-19,2006,False,False,435.87333604114974,587.5413871100139,2.0767529602904684,3.1473509678353926,-0.2581401998161964
2006-04-20,2006,False,False,434.15386651500256,585.1994951731774,2.0634141894433733,3.129200671547312,-0.2581096359515418
2006-04-24,2006,False,False,433.99443895309287,584.9646825862282,2.061089302960686,3.12592644457371,-0.2580843735140901
2006-04-25,2006,False,False,433.8677593255744,584.774101178881,2.0589971280299015,3.1229666358087966,-0.2580592087595629
2006-04-26,2006,False,False,441.23426403468574,594.7042308437693,2.1097168177855683,3.191337570551233,-0.25806099713018626
2006-04-27,2006,False,False,434.12433219177206,585.0816810179927,2.058410168082934,3.121906167641435,-0.2580107252094572
2006-04-28,2006,False,True,440.83805415554366,594.1301260396473,2.1044933391235467,3.184014972110192,-0.2580109392969482
2006-05-02,2006,False,False,447.9895928696415,603.7896343947839,2.153846733802276,3.250679026139279,-0.25803695964623585
2006-05-03,2006,False,False,446.98178245549053,602.4100923095789,2.1457451100514366,3.2396103745395823,-0.2580108000153053
2006-05-04,2006,False,False,447.63671849084386,603.2801343072548,2.149346916149205,3.244375745046245,-0.257995261181832
2006-05-05,2006,False,False,452.48534847650774,609.8239620838177,2.18244170923375,3.289043211586953,-0.2580066107433221
2006-05-08,2006,False,False,453.59940837608326,611.3151677816676,2.189257585258495,3.298157140043684,-0.2579941864977785
2006-05-09,2006,False,False,458.6908735430134,618.1875352214504,2.2240253092480176,3.3450881069878298,-0.2580069195689966
2006-05-10,2006,False,False,455.80794469287434,614.2710840432367,2.202738672386852,3.316181363446569,-0.25796939407815034
2006-05-11,2006,False,False,446.4636634322389,601.6128577489973,2.1360793727679614,3.225888528249661,-0.2578887607177591
2006-05-12,2006,False,False,439.59930382114885,592.3097986068346,2.086876694562807,3.1592133958986155,-0.2578219964364501
2006-05-15,2006,True,False,429.4121712391558,578.5112511786505,2.014380270345063,3.0610234607307945,-0.2577289199401436
2006-05-16,2006,False,False,431.0431231544465,580.6910359735176,2.024864022136467,3.0750248138492466,-0.2577066004957166
2006-05-17,2006,False,False,418.7788854651394,564.1656976577217,1.937862079155952,2.9577950728539153,-0.2577023253916232
2006-05-18,2006,False,False,413.5371983330984,557.0938231997384,1.9001652417367434,2.906937873890419,-0.2576884160052332
2006-05-19,2006,False,False,412.7703315019658,556.0457646815454,1.8938646568015445,2.898345067875717,-0.257668419184229
2006-05-22,2006,False,False,399.3015531901682,537.8989241569543,1.798545450839025,2.7699191881022602,-0.2576643394184306
2006-05-23,2006,False,False,396.14561518430804,533.6347979408707,1.775542526769037,2.7388425333436803,-0.2576465839317269
2006-05-24,2006,False,False,391.6841021028726,527.6131611607879,1.7434098205231443,2.6954758183818313,-0.257630152285931
2006-05-25,2006,False,False,411.1568199378986,553.8107850450805,1.8788828894442289,2.8777330588770753,-0.25758610875656707
2006-05-26,2006,False,False,422.80428816793676,569.4743851845993,1.9594954946530727,2.986139508132734,-0.25755345777162286
2006-05-29,2006,False,False,417.5512291926913,562.3872024268959,1.9217961330277378,2.935279406295073,-0.25753781844463586
2006-05-30,2006,False,False,398.6513023043584,536.9291768341443,1.7886577585678487,2.7559433673612634,-0.25753466284902504
2006-05-31,2006,False,True,399.9817751319036,538.7044692479503,1.7970753505727526,2.7671641206150372,-0.2575116822581931
2006-06-01,2006,False,False,413.303287504437,556.6540799020245,1.8892706516621756,2.8913900392618226,-0.25752221635170336
2006-06-02,2006,False,False,415.51800809500656,559.6243858119387,1.9037864126439725,2.9108526129952454,-0.2575055365177724
2006-06-05,2006,False,False,402.41890164123674,541.9415196268275,1.811309692104448,2.7860186001874174,-0.25744958253367234
2006-06-06,2006,False,False,400.2912182974406,539.0553916418767,1.7955156582129206,2.764603666271835,-0.2574209914157106
2006-06-07,2006,False,False,386.3596710521838,520.2498444394257,1.6973248311488893,2.6320634086529053,-0.2573574501142041
2006-06-08,2006,False,False,388.324320436904,522.8828888904335,1.7101398235875647,2.6492325246590576,-0.2573397816460682
2006-06-09,2006,False,False,384.40097931328376,517.575026022158,1.6818672975345375,2.6109885536429625,-0.257303849709265
2006-06-12,2006,False,False,367.82700934806417,495.20574448829655,1.5653826623411975,2.4537763647473354,-0.25722386413722786
2006-06-13,2006,False,False,360.1449460114704,484.8286369108329,1.5109707391237972,2.3802793410117835,-0.2571706401127739
2006-06-14,2006,False,False,361.2188739082813,486.2603994010829,1.517622420203753,2.3891365374785067,-0.25714930857378626
2006-06-16,2006,False,False,377.2030377603235,507.80102613991147,1.6281565338310529,2.538096067995402,-0.2571833880926523
2006-06-19,2006,False,False,371.7662573887101,500.45204571469424,1.5894167181303187,2.48573564179389,-0.25713909939604374
2006-06-20,2006,False,False,368.91394707457573,496.5886410842804,1.5686979073494993,2.457679530096117,-0.25710353287770005
2006-06-21,2006,False,False,378.961134016782,510.12229442005236,1.6377805151980183,2.550735227981803,-0.25711709101517466
2006-06-22,2006,False,False,376.4951383376568,506.7798975440404,1.6197474834628203,2.526301473964496,-0.25708351858029566
2006-06-23,2006,False,False,380.30913372348306,511.90708412643716,1.6454096747907063,2.5607978690477577,-0.2570738997049129
2006-06-26,2006,False,False,380.02893752180773,511.5125913009465,1.6425853271383977,2.5568756348741317,-0.2570487139812768
2006-06-27,2006,False,False,377.28280085912934,507.7923790083545,1.6226212572134115,2.5298377885387104,-0.2570136605911487
2006-06-28,2006,False,False,382.34835506531044,514.607495043591,1.656954154987266,2.576028258079223,-0.25700974286640976
2006-06-29,2006,False,False,400.4600376983805,539.017424889523,1.7818924219867647,2.7444147941382675,-0.25705548799195355
2006-06-30,2006,False,True,402.08211030657,541.1884491609268,1.7922368771289583,2.758253119173103,-0.2570386324209821
2006-07-03,2006,False,False,410.0450789476419,551.9309589493378,1.846593936496026,2.831586822458213,-0.2570717907757729
2006-07-04,2006,False,False,410.2324404530989,552.1673921864984,1.8469534862905075,2.831961413058978,-0.2570505860032025
2006-07-05,2006,False,False,399.4625936525876,537.5989018668577,1.7712964871834616,2.729625681930628,-0.25695050293923605
2006-07-06,2006,False,False,401.20603881805414,539.9378505432732,1.7824725281304943,2.74461521182587,-0.25694033412480755
2006-07-07,2006,False,False,396.53937278959637,533.6157239196092,1.74920000943596,2.699547772304983,-0.25688214380778585
2006-07-10,2006,False,False,397.00971823940756,534.2345132776885,1.7515525026493588,2.7026154385582375,-0.25686246700230164
2006-07-11,2006,False,False,401.5722870730889,540.3825444539189,1.7822560305294841,2.743989915385119,-0.25687405858215506
2006-07-12,2006,False,False,398.07888909830973,535.6456887643567,1.7571427015384242,2.709947052787431,-0.25682424511506874
2006-07-13,2006,False,False,388.55414978402774,522.759535828371,1.690285903549153,2.619502226309196,-0.25672489327560477
2006-07-14,2006,False,False,388.5513609497507,522.7390458451772,1.6893798879185118,2.618167423450468,-0.2567010939052172
2006-07-17,2006,False,False,383.31358783421325,515.6452631088558,1.6522521728232213,2.5678914416098757,-0.25663316380879186
2006-07-18,2006,False,False,386.2492176771503,519.5950420736693,1.6716843119960987,2.5940368522882262,-0.25663413543043967
2006-07-19,2006,False,False,404.39359435943277,544.0942464088677,1.7962678569470163,2.762258536248344,-0.25675818660367666
2006-07-20,2006,False,False,394.17801557048705,530.2746599443027,1.7247328265241038,2.66549304108965,-0.25665311706222305
2006-07-21,2006,False,False,390.549904991595,525.3557861940869,1.698765384936984,2.6302966469482807,-0.2565992128478992
2006-07-24,2006,False,False,398.401670127486,535.9480424372995,1.7521168002227645,2.7022726615734505,-0.2566412439614517
2006-07-25,2006,False,False,403.44010686141064,542.7390465031115,1.7860053416933979,2.7479513240925164,-0.2566591450149188
2006-07-26,2006,False,False,402.55118901436435,541.5212559001636,1.7789529813614897,2.7383124174567506,-0.25662901570648633
2006-07-27,2006,False,False,405.7975763417893,545.8909174367124,1.8004433464270702,2.767239325064397,-0.25663248209504186
2006-07-28,2006,False,False,411.2396041648219,553.2272369748235,1.8370669144090868,2.816613658499111,-0.2566533665016628
2006-07-31,2006,False,True,407.9639113806182,548.7845354725677,1.8135442164180566,2.78472093429357,-0.25660457791633373
2006-08-01,2006,False,False,405.4069552656641,545.3080009000217,1.795071933786053,2.7596175122003896,-0.25655417746200915
2006-08-02,2006,False,False,410.44868664878055,552.1172392579502,1.8289840554156283,2.8054229855957016,-0.25659143119597805
2006-08-03,2006,False,False,412.18460134346554,554.451641689857,1.8400976126122548,2.820367812722202,-0.2565905295415667
2006-08-04,2006,False,False,416.565563029622,560.3664457044866,1.8694243634864645,2.8599665322561227,-0.256619367160858
2006-08-07,2006,False,False,414.9653725688794,558.1850129859642,1.8575459787677322,2.8437890115799935,-0.256580949121051
2006-08-08,2006,False,False,413.94700497054356,556.7911502063284,1.849680070135439,2.833042937667032,-0.25654887866456133
2006-08-09,2006,False,False,410.2145939089868,551.7234904988395,1.8231405325872818,2.7970198328765132,-0.2564851760469865
2006-08-10,2006,False,False,411.3366477599297,553.2269555812047,1.8300158236549153,2.8062279325060446,-0.2564775746912207
2006-08-11,2006,False,False,406.90421227342875,547.211725351492,1.79868327819643,2.763717010491721,-0.2564044346599831
2006-08-14,2006,False,False,402.71003877098804,541.5190124863411,1.7690077404283184,2.723449114255858,-0.25633259500534034
2006-08-15,2006,False,False,410.8346331089431,552.5012910353938,1.8240276633310493,2.7978271649175306,-0.25640964143444045
2006-08-16,2006,False,False,415.05376471873006,558.1970378221431,1.8521770506515653,2.835832647119597,-0.2564386111074678
2006-08-17,2006,False,False,413.7970257916878,556.4805096663049,1.842691634769659,2.8228947796669694,-0.25640338052482314
2006-08-18,2006,False,False,413.761994596589,556.4177155693244,1.8416022322250059,2.8213220239159336,-0.2563824209420986
2006-08-21,2006,False,False,409.5666183030401,550.7233745761285,1.811949916707439,2.781085855298793,-0.2563115400390107
2006-08-22,2006,False,False,404.2900421479091,543.5654944820658,1.7748943507615365,2.7308285207661935,-0.2562257055460534
2006-08-23,2006,False,False,391.6294220351896,526.4123883077514,1.6871947216018377,2.6120181775293205,-0.2560406427854903
2006-08-24,2006,False,False,394.751936188281,530.6237263523291,1.707812267321939,2.6398287223690926,-0.2560605254086029
2006-08-25,2006,False,False,396.547662404435,533.0390911515674,1.7193190922188446,2.655306826620766,-0.25606269973982376
2006-08-28,2006,False,False,401.1508124116609,539.2546548196116,1.7500651819577349,2.6968277379585888,-0.2561013450206533
2006-08-29,2006,False,False,400.4196931988809,538.2496186194637,1.744235084497694,2.688838268250198,-0.2560706420454094
2006-08-30,2006,False,False,400.5697824897912,538.4374082297816,1.7444459330548696,2.6890260319585866,-0.25605135087708186
2006-08-31,2006,False,True,399.7252728789063,537.2788839584771,1.7378443347870296,2.67999235587998,-0.25601901579702024
2006-09-01,2006,False,False,411.7696151540398,553.5949998310824,1.8193742906815458,2.790448475392553,-0.25618978625225586
2006-09-04,2006,False,False,415.80205651312946,559.0457838938408,1.8460099692890446,2.826459848691587,-0.2562289735609784
2006-09-05,2006,False,False,412.294091070571,554.2706524417089,1.8210338082146493,2.792477950336701,-0.2561502413048454
2006-09-06,2006,False,False,405.1482292490851,544.561991274084,1.7711917185299932,2.7247742221209577,-0.25601082018012244
2006-09-08,2006,False,False,403.54286065033,542.3670647227509,1.7592674232501198,2.708492750241032,-0.2559598712790305
2006-09-11,2006,False,False,394.99837145935624,530.7616563777627,1.699920515785073,2.627899223361331,-0.25578954939009146
2006-09-12,2006,False,False,399.139829430703,536.3602832155843,1.727296408819289,2.664914815275602,-0.2558363437393574
2006-09-13,2006,False,False,403.59696539561645,542.3870164642451,1.7568098729208774,2.704829347433368,-0.2558874878189086
2006-09-14,2006,False,False,399.3100286935606,536.5554838791655,1.7265963038140018,2.6637451954876448,-0.25578986574389984
2006-09-15,2006,False,False,399.5441650777539,536.8552002615186,1.7272639254454192,2.664540616119581,-0.25576921880774606
2006-09-18,2006,False,False,403.0151216786294,541.5445273032655,1.7500178893116982,2.695288483816209,-0.2558042758080712
2006-09-19,2006,False,False,396.53604350964406,532.7401241520239,1.7048843349907505,2.633970833233451,-0.25566702125014396
2006-09-20,2006,False,False,389.0512132849518,522.5717713066703,1.65292337732664,2.5633942809865,-0.2555066411028202
2006-09-21,2006,False,False,385.093622657237,517.1868810871772,1.6250417359048193,2.5254729453795313,-0.2554072101602177
2006-09-22,2006,False,False,384.9945859044724,517.0347650366145,1.6234724763507487,2.523235196160917,-0.25537969216207645
2006-09-25,2006,False,False,386.7535333798634,519.4023525305562,1.634560854086263,2.5381631643770857,-0.25538740536006543
2006-09-26,2006,False,False,396.0566053748732,532.0008973190795,1.6970146773910324,2.622750407348175,-0.25553395234720944
2006-09-27,2006,False,False,399.2412976920085,536.3020073246026,1.7177760224098604,2.650796510038139,-0.2555662812383185
2006-09-28,2006,False,False,403.45240820298187,541.9950933878155,1.7455080517385628,2.688295974057948,-0.25561612434321745
2006-09-29,2006,False,True,403.10450303547617,541.5054746732172,1.7422075036426952,2.683710712062702,-0.25558554458061944
2006-10-02,2006,False,False,409.79972984855635,550.5849197755082,1.7868504944364259,2.7442627316339614,-0.25570113686432716
2006-10-03,2006,False,False,403.0657939391246,541.4187243332719,1.7401688807774738,2.680735905146879,-0.2555377643514667
2006-10-04,2006,False,False,417.45647826215844,560.9536650203265,1.8370828619758335,2.8123064613031903,-0.25580933989078825
2006-10-05,2006,False,False,419.99245342325065,564.382109226695,1.8533942160751415,2.834365672520412,-0.2558366990074936
2006-10-06,2006,False,False,419.6419486140716,563.8888140763527,1.8500908541059196,2.8297752573102866,-0.2558072830342569
2006-10-09,2006,False,False,424.7842627618821,570.85838182642,1.884083258325096,2.8758571026042095,-0.2558850385925566
2006-10-10,2006,False,False,427.54712806383014,574.5950921576908,1.9019035841436431,2.899966688853105,-0.2559158024508589
2006-10-11,2006,False,False,423.95925631473796,569.7033222314512,1.8766217714408708,2.8655152720066157,-0.25582449711869926
2006-10-13,2006,False,False,429.7797259582535,577.5942714305039,1.915172559794355,2.917790600788302,-0.2559141473238026
2006-10-16,2006,False,False,433.97030430557743,583.2707556378476,1.9426465580940024,2.955016425054827,-0.25597109042266253
2006-10-17,2006,False,False,430.41501726105156,578.4232571840037,1.9175969536740096,2.92088069750293,-0.2558822420860385
2006-10-18,2006,False,False,428.1273626998713,575.29803785594,1.9011534742488858,2.898437817029603,-0.25581640379750725
2006-10-19,2006,False,False,430.73113154160467,578.8185904948093,1.9178560523786121,2.9210291614164503,-0.25584433773388393
2006-10-20,2006,False,False,427.7506693021291,574.7520824113809,1.8967313948225444,2.8922262917249273,-0.25576490735362833
2006-10-23,2006,False,False,434.1833596196938,583.4748301807125,1.939345761448604,2.9500230283026956,-0.25586617080771157
2006-10-24,2006,False,False,437.2075586260494,587.566603663076,1.9588652050103241,2.976441726369512,-0.2559012784246769
2006-10-25,2006,False,False,437.95104700205724,588.5596712017212,1.962942006135052,2.9818792188260783,-0.2558935509328244
2006-10-26,2006,False,False,438.8970416628192,589.827875541966,1.9683857890238978,2.9891740374818956,-0.25588962498671897
2006-10-27,2006,False,False,435.4858708619792,585.1761817881807,1.9443668023507925,2.956439091291627,-0.25580383410134355
2006-10-30,2006,False,False,430.8537577417192,578.8656448774503,1.9121110114503068,2.9125132096641315,-0.25569298928953743
2006-10-31,2006,False,True,434.8629333210046,584.2956647468599,1.938263062979761,2.9479436807220263,-0.2557484856414183
2006-11-01,2006,False,False,442.2118051066455,594.278387068634,1.9868554202013025,3.013967065163187,-0.25588442263915967
2006-11-03,2006,False,False,447.7876534542247,601.8480468910457,2.023441867672448,3.0636506364356313,-0.2559788874162633
2006-11-06,2006,False,False,456.7128376594212,613.9761105011825,2.0826088509872123,3.1440661099546947,-0.25613907471642317
2006-11-07,2006,False,False,454.59716490431,611.0777072751746,2.067239393885614,3.123038507893578,-0.2560730664985621
2006-11-08,2006,False,False,457.776287951928,615.3854542438389,2.0875929964808773,3.1506296168381036,-0.2561145461027752
2006-11-09,2006,False,False,452.1566660094789,607.7182204416941,2.0486077552094035,3.0974613869383205,-0.2559764529013988
2006-11-10,2006,False,False,451.16440014938104,606.348759807018,2.0408384543590774,3.0867777354853994,-0.25593250938127976
2006-11-13,2006,False,False,449.9689719366519,604.7027977771021,2.0317058392894984,3.0742387084272833,-0.2558840911754575
2006-11-14,2006,False,False,457.2897421482205,614.6472742115906,2.0799380009982946,3.139772495576115,-0.25601273879431563
2006-11-16,2006,False,False,456.15478152483746,613.0836078068454,2.0712051201176154,3.127777657097826,-0.25596643636156236
2006-11-17,2006,False,False,454.75914326492415,611.1651624321048,2.060723953961586,3.113403502022668,-0.25591448724722754
2006-11-21,2006,False,False,460.2287086164013,618.5901724395688,2.0964396117959008,3.1619027182548898,-0.2560038469389653
2006-11-22,2006,False,False,464.5250059141997,624.4183794486884,2.1242389778300153,3.19962803876994,-0.25606769242708993
2006-11-23,2006,False,False,466.29325499195596,626.805944768924,2.1350218842346647,3.2141942500387675,-0.25608035647482896
2006-11-24,2006,False,False,462.9331308184926,622.2138588845602,2.1113298498589876,3.1818405796981404,-0.255990325177921
2006-11-27,2006,False,False,453.76702462133545,609.7199048169632,2.0486469122366944,3.0964208598027936,-0.2557779054998123
2006-11-28,2006,False,False,455.2249535931886,611.6851283935548,2.0573609467198946,3.108171594018219,-0.25578548102235465
2006-11-29,2006,False,False,465.4124123940672,625.5311317812209,2.1246769736704154,3.199678976623038,-0.255972422877196
2006-11-30,2006,False,True,465.0475661138398,625.0155812681198,2.121124604790871,3.1947354447524825,-0.25594244359430895
2006-12-01,2006,False,False,458.4874708694623,616.0539527270652,2.076010574336082,3.1331303325615245,-0.25576734174029503
2006-12-04,2006,False,False,473.0528706147201,635.8899309960594,2.172610145315807,3.2647047966555345,-0.2560774317125465
2006-12-05,2006,False,False,478.6051005187212,643.4394411217961,2.208714505947672,3.3138141783042077,-0.25617692989987784
2006-12-06,2006,False,False,477.9894176201211,642.5810475361584,2.2034564143852915,3.306539648390479,-0.25614143234869624
2006-12-07,2006,False,False,475.99861645096513,639.8481362034945,2.1889893203696533,3.2867117728724944,-0.2560756380798762
2006-12-08,2006,False,False,476.79796261878226,640.918665499875,2.193218642846973,3.2923703364461137,-0.25607103009410603
2006-12-11,2006,False,False,480.3439369543865,645.7333114698839,2.2158332636128764,3.323091232532697,-0.2561264404015665
2006-12-12,2006,False,False,477.3501173456784,641.6331171145205,2.194664399284216,3.2941279412384246,-0.25603884118020104
2006-12-13,2006,False,False,480.31208192595204,645.6516594516678,2.2133554776736224,3.3195005385851006,-0.2560817045930519
2006-12-14,2006,False,False,485.50434925467715,652.7104799763222,2.246949185441346,3.365188004065513,-0.25617197187903373
2006-12-15,2006,False,False,485.56157330876476,652.7693718721728,2.2461892656110236,3.3640457655071367,-0.2561514154437857
2006-12-18,2006,False,False,482.9217023197918,649.1516690838517,2.227404975053128,3.338333349487578,-0.2560726170490487
2006-12-19,2006,False,False,483.85980684363113,650.4113493838088,2.2325373874926124,3.3452235015092713,-0.25607108900846576
2006-12-20,2006,False,False,482.95720359341374,649.161835046883,2.22537324016691,3.3353514467102903,-0.25602957919031977
2006-12-21,2006,False,False,481.7267850939021,647.4654533271979,2.216025620795551,3.3225030264289392,-0.2559807127648237
2006-12-22,2006,False,False,481.45925554878875,647.0816513848912,2.2131105920010485,3.3184233847253015,-0.25595285460750683
2006-12-26,2006,False,False,484.21641760673805,650.821013399187,2.2303763815056254,3.341853670851318,-0.2559914206246756
2006-12-27,2006,False,False,494.3646216796323,664.635610193419,2.296920958902426,3.4324593168392283,-0.25618697810103086
2006-12-28,2006,False,True,493.8416630410061,663.9036153871608,2.292277753606707,3.4260241025810725,-0.25615458088292187
2007-01-02,2007,False,False,503.82750763669657,677.5191458365774,2.357784087708863,3.515360857685854,-0.25636417696419833
2007-01-03,2007,False,False,493.62603430711005,663.5744503960483,2.288752132122243,3.421022670785854,-0.25611054793852617
2007-01-04,2007,False,False,489.02081996981417,657.2699061899262,2.2570368599321586,3.377630202977625,-0.2559817278040636
2007-01-05,2007,True,False,469.6641381035629,630.8262935443482,2.1271233037967088,3.2001750679870993,-0.25547786623680957
2007-01-08,2007,False,False,476.21287589229775,639.6032108253233,2.169721202452695,3.2572638438452586,-0.25545577659341634
2007-01-09,2007,False,False,467.1091663939113,627.3629946109464,2.1081408410241242,3.1744685953199863,-0.2554403584425873
2007-01-10,2007,False,False,470.81324782398747,632.3202841147671,2.13179544007087,3.206121623823284,-0.25541966681787776
2007-01-11,2007,False,False,474.58136654106823,637.3635589079786,2.155860892135032,3.2383263891917515,-0.2553992773697509
2007-01-12,2007,False,False,479.3499566917508,643.7502045679041,2.186561915329777,3.2794410560069602,-0.2553789446738919
2007-01-15,2007,False,False,477.4432155514282,641.1736302089262,2.172882128664554,3.2609639982238763,-0.25536049354391965
2007-01-16,2007,False,False,474.2115918603518,636.8180858956608,2.1504091835075565,3.230680102438747,-0.25534214187181736
2007-01-17,2007,False,False,475.4962645407843,638.5267436846876,2.1579448309160245,3.240689948570031,-0.2553228674544128
2007-01-18,2007,False,False,472.680438511856,634.7295066323968,2.138251409658228,3.2141383620867314,-0.25530413574170174
2007-01-19,2007,False,False,483.28664995774545,648.9545473883802,2.207654756356717,3.3072204472680102,-0.25528428469657893
2007-01-22,2007,False,False,484.5443069077229,650.6269301334453,2.2149859226104835,3.3169559345347075,-0.2552655224272048
2007-01-23,2007,False,False,491.6698249828815,660.1783121390025,2.2612338359572046,3.3789464797596507,-0.25524692959110884
2007-01-24,2007,False,False,497.4275466309256,667.8931021039793,2.298382847884255,3.428719653989128,-0.2552288007408037
2007-01-26,2007,False,False,494.42472282987615,663.8447760642662,2.2774366096677396,3.400486204971461,-0.2552103433559122
2007-01-29,2007,False,False,485.14613372652747,651.369742384244,2.2149160013433495,3.31642934366334,-0.2551908660191664
2007-01-30,2007,False,False,490.4273557007836,658.4447181993445,2.248887845336421,3.361936618986194,-0.2551730735391723
2007-01-31,2007,False,True,497.13085026644643,667.4294332630141,2.2922572865327577,3.420062471940491,-0.25515593785546764
2007-02-01,2007,False,False,499.09974212295623,670.0579529345863,2.3040806760622328,3.43583786422308,-0.25513943989904364
2007-02-02,2007,False,False,501.18770330999035,672.8465914073354,2.3166833307278774,3.4526612666661896,-0.2551233673314758
2007-02-05,2007,False,False,504.4490143703697,677.2130952653513,2.337038683817219,3.4799102222625224,-0.2551103664457164
2007-02-06,2007,False,False,505.41665656235926,678.4951817684839,2.342211542293338,3.486742568638027,-0.2550917528330843
2007-02-07,2007,False,False,496.7977167732338,666.8856864726622,2.2840098795145822,3.4083519487726477,-0.25504816365015937
2007-02-08,2007,False,False,500.2327956801206,671.4858651077458,2.3055030551549818,3.4371312672318,-0.2550360004974135
2007-02-09,2007,False,False,493.39567116672987,662.2724706769675,2.259127369174729,3.374643843003822,-0.2549959525535066
2007-02-12,2007,False,False,489.70226603637724,657.2866013077003,2.233543943013496,3.3401169565438753,-0.2549638695477844
2007-02-13,2007,False,False,503.7958844266336,676.2198794643783,2.325385375753357,3.463497554220319,-0.25498214452718937
2007-02-14,2007,False,False,512.7060401965707,688.1826823772932,2.382957743232504,3.540794825070117,-0.2549855535081863
2007-02-15,2007,False,False,512.330011119918,687.6578633425885,2.379237889394842,3.535669307499667,-0.25496378587228163
2007-02-16,2007,False,False,511.2066580098535,686.1280783120753,2.3705933495155174,3.5239213954642334,-0.25493989508859793
2007-02-21,2007,False,False,513.943774958728,689.7896707344714,2.387399468786929,3.546398415679416,-0.2549268323900922
2007-02-22,2007,False,False,518.0242296487082,695.2577201826566,2.4130439727952955,3.5807609675284846,-0.25491768791490155
2007-02-23,2007,False,False,513.2271819001352,688.7877244461785,2.380200978486071,3.5364723893271908,-0.25488337889181056
2007-02-26,2007,False,False,515.4006373123542,691.691331507261,2.3932741300740212,3.5539297612036203,-0.2548690234569698
2007-02-27,2007,True,False,481.4257112655326,645.9843057695998,2.1684324690236148,3.2514506412624478,-0.2547408552101258
2007-02-28,2007,False,True,489.8162467864964,657.2075123151739,2.2224753078058974,3.323733633652459,-0.2547007792698548
2007-03-01,2007,False,False,485.67301069871496,651.6321830774136,2.194261953773312,3.2857722055913605,-0.25468228348534894
2007-03-02,2007,False,False,472.9190746062401,634.5021969823347,2.109449982467807,3.171861426662093,-0.2546612496293583
2007-03-05,2007,False,False,459.6787509576163,616.7195297686582,2.0214916405938324,3.0537286091755247,-0.2546388937446987
2007-03-06,2007,False,False,482.36147906437367,647.1418326590253,2.169639348690627,3.2524254236853514,-0.2546278810590712
2007-03-07,2007,False,False,476.3732284684658,639.0906873405104,2.1293553378041943,3.1982666830370947,-0.2546077764787519
2007-03-08,2007,False,False,485.3302090914235,651.0944758012647,2.1872431641824828,3.2758443186948725,-0.25459326237693014
2007-03-09,2007,False,False,492.8249027395401,661.1360284145264,2.2354962280721815,3.340493173715184,-0.2545786622438563
2007-03-12,2007,False,False,494.1625927260961,662.9155274735111,2.24331057278464,3.3508775669502517,-0.25456174694016065
2007-03-13,2007,False,False,477.47225374171427,640.5033013000004,2.132833159056878,3.2025268799880733,-0.25453584271523577
2007-03-14,2007,False,False,483.5327791725374,648.6203504910704,2.171652099521712,3.2545163121060074,-0.25452110960370766
2007-03-15,2007,False,False,483.4638617874912,648.512329893932,2.170254831393385,3.252539868156931,-0.25450320756960076
2007-03-16,2007,False,False,477.392817072138,640.3500835453644,2.1295119116767087,3.197765744337908,-0.2544815260599276
2007-03-19,2007,False,False,488.401462754722,655.106991466466,2.200724510159036,3.2932242514930747,-0.2544706908692447
2007-03-20,2007,False,False,495.56944321990574,664.7101292333743,2.2467325047164755,3.354860882410434,-0.2544578133757981
2007-03-21,2007,False,False,509.8972181168064,683.920960658445,2.3396066682255854,3.4793870599838614,-0.25445007910577444
2007-03-22,2007,False,False,507.6364882138814,680.8717574018409,2.3238103394956515,3.458088887750149,-0.25443156850713444
2007-03-23,2007,False,False,508.89104933387836,682.5397062352337,2.3310333488084867,3.4676803145418447,-0.2544154652323014
2007-03-26,2007,False,False,510.1864496017418,684.2624569244207,2.3385193013796304,3.4776246437647993,-0.2543994713740465
2007-03-27,2007,False,False,505.3443731230081,677.7493571324562,2.3058507905757293,3.4336859521005163,-0.2543786758262525
2007-03-28,2007,False,False,497.30791652098196,666.9497340408337,2.2523109879493464,3.361740234511992,-0.2543547269927624
2007-03-29,2007,False,False,507.09328466787855,680.0651317295001,2.3153201375017316,3.4461910543979197,-0.2543460015685999
2007-03-30,2007,False,True,512.1548131291671,686.8416316994633,2.347417079275602,3.4891609914997597,-0.25433347442563403
2007-04-02,2007,False,False,509.8930495622265,683.7849641845096,2.331545570481715,3.4677227323391673,-0.254307894631273
2007-04-03,2007,False,False,517.6498207776649,694.1917221690071,2.381122278103624,3.5342372447355137,-0.2543128875690649
2007-04-04,2007,False,False,520.6652338752135,698.2267977495363,2.3997076975201663,3.559104131567328,-0.25430356504021867
2007-04-05,2007,False,False,521.7490445445688,699.6660860266888,2.405672614520684,3.5670110053961412,-0.2542885028092291
2007-04-09,2007,False,False,524.1215200191466,702.8371487574661,2.420042544986275,3.5862130424630747,-0.2542774368917008
2007-04-10,2007,False,False,527.7350146264357,707.6759572214856,2.442498464621237,3.616281521340415,-0.254270250047131
2007-04-11,2007,False,False,525.1641678912151,704.2039277499524,2.4246114632619173,3.5921351662859635,-0.25424419376756224
2007-04-12,2007,False,False,529.7595873652422,710.3622976644784,2.453452329630001,3.6307842090252826,-0.25424028118189823
2007-04-13,2007,False,False,536.2777942601361,719.1046088193598,2.4948047850122914,3.686247043462756,-0.25424230677563353
2007-04-16,2007,False,False,547.4300170318058,734.0743503196422,2.5663193291974324,3.78224332455793,-0.2542580778180913
2007-04-17,2007,False,False,545.6307623935731,731.6392262379102,2.553440328189991,3.764827263027744,-0.25423522574205426
2007-04-18,2007,False,False,545.1713888689527,731.0047037354599,2.5492928962822434,3.759145206611067,-0.2542163051987113
2007-04-19,2007,False,False,545.8048530880633,731.8387931473575,2.5522606774361423,3.7630250123485682,-0.2542007089556345
2007-04-20,2007,False,False,553.0636321807459,741.5763235462174,2.5983320245982164,3.824829691257108,-0.254205380322829
2007-04-23,2007,False,False,550.3677016073874,737.9361999399092,2.579627327527723,3.799585040259572,-0.25417983065174965
2007-04-24,2007,False,False,549.3997356347454,736.6182045861625,2.5721699326056267,3.7894551663599643,-0.2541594380722614
2007-04-25,2007,False,False,556.197456369546,745.7361409039438,2.615193086574884,3.847163736782216,-0.25416320081342525
2007-04-26,2007,False,False,549.4644756054397,736.6708203340762,2.570269497111369,3.7866849924241466,-0.2541248269393098
2007-04-27,2007,False,False,551.34520757005,739.1810526884466,2.5813264538489764,3.801435873260452,-0.2541134468141819
2007-04-30,2007,False,True,548.3225638137586,735.1018749995153,2.5605361286607704,3.773388798698151,-0.2540862940743823
2007-05-02,2007,False,False,554.1160726302518,742.8823847622202,2.5970945995472228,3.8224881867125546,-0.2540998629175846
2007-05-03,2007,False,False,562.4931596699779,754.1395701567966,2.650398086353839,3.894121104262397,-0.25412591789471095
2007-05-04,2007,False,False,566.7739462798385,759.8844363356163,2.677094313817884,3.9299491593581717,-0.2541313926457196
2007-05-07,2007,False,False,563.292839982878,755.1842601759965,2.65343233479461,3.8980111214245055,-0.25409880781731065
2007-05-08,2007,False,False,563.2932152503595,755.1690523324352,2.6523580122333943,3.8964689511681625,-0.2540832896812215
2007-05-09,2007,False,False,574.7471861764834,770.5667460862087,2.7255268402718427,3.994834535620681,-0.25412407283900307
2007-05-10,2007,False,False,562.9040969802793,754.6139970729811,2.6476848699752997,3.8899876098985517,-0.2540502837693335
2007-05-11,2007,False,False,570.3999064521081,764.6852627931808,2.6951701831408648,3.9537914550794984,-0.2540723168005131
2007-05-14,2007,False,False,566.0756837582074,758.8505197736481,2.66607743381824,3.914545609367165,-0.2540353218351119
2007-05-15,2007,False,False,566.2042671702212,759.0078393681545,2.6658310411256227,3.9141178534724537,-0.2540205281126411
2007-05-16,2007,False,False,579.8554065680424,777.362223968744,2.75310942762487,4.031470705299315,-0.2540730837065256
2007-05-17,2007,False,False,578.7170837372215,775.814690184816,2.744639953593786,4.019977407078222,-0.254052428938464
2007-05-18,2007,False,False,583.7414552688937,782.5601854735428,2.7760399929184536,4.062135866044676,-0.25406190334656487
2007-05-21,2007,False,False,587.64509346403,787.7975296848527,2.800174031807366,4.0945166528708885,-0.2540658337693581
2007-05-22,2007,False,False,585.2875100628858,784.6092584633565,2.7838158158634987,4.072407783189492,-0.25403950597121283
2007-05-23,2007,False,False,580.9721023763116,778.7863776436564,2.7548138226436114,4.033284461856769,-0.25400325550873626
2007-05-24,2007,False,False,566.6611458758297,759.5126631406603,2.661246757494347,3.907277118676806,-0.2539148148858643
2007-05-25,2007,False,False,578.8391748088018,775.884708979396,2.7388320157937867,4.011586493701325,-0.2539623888577328
2007-05-28,2007,False,False,584.4860643895114,783.4679158233707,2.774198243783167,4.059082520726197,-0.2539757498872728
2007-05-29,2007,False,False,579.9924596560984,777.4052383817434,2.744082779470118,4.018461045891536,-0.2539380608453089
2007-05-30,2007,False,False,589.1259635903266,789.6803206454767,2.8019276031056566,4.096206234731736,-0.2539690452096097
2007-05-31,2007,False,True,586.2794262384954,785.8340727193565,2.7824479112160994,4.069897243350687,-0.25393992626243345
2007-06-01,2007,False,False,599.2083751071049,803.2371293250688,2.864613834937793,4.180503897614117,-0.25400812134942263
2007-06-04,2007,False,False,597.2498924251408,800.5809058570446,2.8507407635405593,4.161707968130527,-0.25397934417912726
2007-06-05,2007,False,False,596.4021006663029,799.4212239668378,2.8440354538595094,4.15256992566444,-0.25395763486629264
2007-06-06,2007,False,False,584.0339869908331,782.7390953012889,2.763105586281141,4.043422005807274,-0.2538586733475616
2007-06-08,2007,False,False,587.2124219327344,787.004339044233,2.7823666469097224,4.069271104954802,-0.25386380633445205
2007-06-11,2007,False,False,592.251939244218,793.7771995217979,2.8135990936524014,4.111250479857037,-0.2538813919056715
2007-06-12,2007,False,False,581.3703259181439,779.0979769140833,2.742325882961981,4.015114109520974,-0.25379048188408315
2007-06-13,2007,False,False,594.7721608759845,797.1381988007671,2.8273626825996425,4.129589438872375,-0.25386568882187144
2007-06-14,2007,False,False,602.8467186846582,808.0004636300132,2.8780747422621946,4.197815784046402,-0.2539030039954232
2007-06-15,2007,False,False,611.8872450809852,820.1642716016306,2.9349662063085864,4.274368306119811,-0.25394550059333665
2007-06-18,2007,False,False,614.300782868172,823.398895240502,2.9492175047777045,4.293467664676966,-0.2539450970616809
2007-06-19,2007,False,False,613.3830289625789,822.1449465661591,2.9420503146695296,4.283707882815933,-0.2539234942396874
2007-06-20,2007,False,False,606.5765154158387,812.9565010293175,2.8970543875094035,4.222977841498988,-0.25386350358496745
2007-06-21,2007,False,False,613.6298713631048,822.4428015708214,2.9411038623192343,4.282227370397055,-0.2538935592954248
2007-06-22,2007,False,False,609.1747331250882,816.4225919862948,2.9112342415736,4.241878600233033,-0.2538487554061778
2007-06-25,2007,False,False,606.8642080619244,813.2920276826252,2.895148960602852,4.22010287344432,-0.25381758654255016
2007-06-26,2007,False,False,604.7952588324523,810.4869619238598,2.8806240541062063,4.200429656232658,-0.2537878001185304
2007-06-27,2007,False,False,608.0967691298096,814.9180370270944,2.9005565691456674,4.227184329872318,-0.2537939504343165
2007-06-28,2007,False,False,608.1859345421079,815.020808384721,2.899877746342468,4.226167415099205,-0.2537786418638027
2007-06-29,2007,False,True,610.9749470084507,818.7613454663648,2.916506070566992,4.248470163245928,-0.25378139748348694
2007-07-02,2007,False,False,621.9482655164691,833.5482206925401,2.985631240721956,4.341627291590889,-0.2538544860671247
2007-07-03,2007,False,False,625.66114229393,838.5404359956558,3.008201338673743,4.371979608269912,-0.25386884706276547
2007-07-04,2007,False,False,625.6727202356449,838.5394339829203,3.0070531030645133,4.370334892845785,-0.2538541482017066
2007-07-05,2007,False,False,628.3522326732353,842.1375946732088,3.02298685552986,4.391734600041885,-0.2538603707425422
2007-07-06,2007,False,False,634.1061741850568,849.8832973942966,3.058588740593171,4.439667554184769,-0.25389029749237646
2007-07-10,2007,False,False,627.7938212378655,841.3510303797262,3.016962293112484,4.383416099321832,-0.2538265259453907
2007-07-11,2007,False,False,633.2238391260346,848.6597456760179,3.0504723185034193,4.428527157842332,-0.253854277462369
2007-07-12,2007,False,False,647.2965811594372,867.6278815630839,3.1392290512631487,4.548168548363204,-0.25394677267252697
2007-07-13,2007,False,False,647.6913329639223,868.1437981920122,3.1404925394953933,4.549777705337065,-0.2539354260056941
2007-07-16,2007,False,False,644.7952974763806,864.2202958984154,3.120724664334751,4.523014672509654,-0.25389938128440703
2007-07-17,2007,False,False,647.9593005698092,868.4720561059154,3.1396852181216888,4.548498076733868,-0.2539088667110935
2007-07-18,2007,False,False,646.8488061865335,866.9573284494487,3.1313336161548664,4.537136221848669,-0.2538862237390378
2007-07-19,2007,False,False,653.242337850189,875.5658668298311,3.170899694391599,4.5904175139636525,-0.25391982191426765
2007-07-20,2007,False,False,645.6818244985283,865.349775725088,3.1213733478629457,4.523509206755881,-0.2538487411549821
2007-07-23,2007,False,False,652.3577711437424,874.3393045195797,3.1627205086656307,4.579193374327309,-0.2538848845389706
2007-07-24,2007,False,False,627.3865024987342,840.6353274940369,3.0021617717112443,4.362497532616882,-0.2536757830901597
2007-07-25,2007,False,False,629.7099555897609,843.7531482351262,3.015763458057995,4.380751932261662,-0.25367987437211736
2007-07-26,2007,True,False,606.2651337830453,812.1084161187161,2.8650782663764267,4.177376059044638,-0.2534677368810573
2007-07-27,2007,False,False,595.390604278153,797.5409659066412,2.794598691909321,4.082962149936105,-0.25346705720462215
2007-07-30,2007,False,False,614.0038847224084,822.4315383218446,2.9120393140687426,4.24000676722049,-0.2534285759818121
2007-07-31,2007,False,True,609.7616600883117,816.7388616556574,2.883832229861858,4.2021583544946335,-0.2534190685475288
2007-08-01,2007,False,False,610.2844750022414,817.4245328254048,2.8860860811327664,4.20508423449178,-0.25340572677356477
2007-08-02,2007,False,False,615.469488519649,824.3564004080896,2.9180177791176103,4.247771162298937,-0.25339393469260774
2007-08-03,2007,False,False,594.7628981721666,796.5999037787843,2.7851540282124607,4.069672879610415,-0.2533731232569516
2007-08-06,2007,False,False,597.4269226271299,800.1542677031849,2.8010564925100936,4.0908846907809835,-0.25336032470085657
2007-08-07,2007,False,False,605.605512223998,811.0967890052185,2.8520262116017565,4.159078027411512,-0.253349883228176
2007-08-08,2007,False,False,621.8356301638523,832.8263727496607,2.9541662963142388,4.295827086879235,-0.25334301300906337
2007-08-09,2007,False,False,601.5116316861323,805.5824548772417,2.823871622106424,4.121170940347308,-0.2533208387988125
2007-08-10,2007,False,False,592.6376032995666,793.6786733212505,2.766417484357566,4.044103201544283,-0.25330285010733833
2007-08-13,2007,False,False,590.3849678721921,790.6459254701505,2.7510647130001153,4.023440962931895,-0.2532877880561707
2007-08-14,2007,False,False,573.3039445257592,767.7467945437832,2.6415329257366644,3.8766021194440796,-0.25326429416558793
2007-08-15,2007,False,False,554.7499256066513,742.8742127962838,2.52270797596714,3.717312781423116,-0.25323841364947375
2007-08-16,2007,False,False,540.8104078629771,724.1839246705075,2.4332429977500616,3.5973586164564377,-0.2532140117456523
2007-08-17,2007,False,False,546.9646691163069,732.4143451991887,2.4713541362238023,3.6483250385158223,-0.25320322751522095
2007-08-20,2007,False,False,554.2931420534296,742.2179198191312,2.5168944185458986,3.709244732645522,-0.25319353352650986
2007-08-21,2007,False,False,561.1843510688333,751.4356686148996,2.5596359830620976,3.7664148864155242,-0.2531837727330022
2007-08-22,2007,False,False,582.933308920087,780.5591368739231,2.6965718514370005,3.9497822299697356,-0.2531849524499985
2007-08-23,2007,False,False,584.1431242893646,782.1652192369387,2.7032226732787716,3.9585997911933823,-0.25317169579690546
2007-08-24,2007,False,False,597.1157553804373,799.5305739125305,2.784420604505389,4.067292146593607,-0.2531670772032759
2007-08-27,2007,False,False,598.0658222559538,800.7886573488626,2.7893977718696794,4.073867525901884,-0.2531539791835399
2007-08-28,2007,False,False,581.9909446558172,779.2375136032043,2.6865303572249504,3.935957811311952,-0.25312766069913195
2007-08-29,2007,False,False,594.2886121424871,795.6985834974618,2.7633915416512123,4.038840148800006,-0.25312345092998045
2007-08-30,2007,False,False,595.7179031771296,797.5987091285411,2.771404286560413,4.049482606649173,-0.25311074810036627
2007-08-31,2007,False,True,615.7785520659037,824.4602597211867,2.8973326080120487,4.218102909627764,-0.2531131187885931
2007-09-03,2007,False,False,618.0279651893139,827.4596109548156,2.9102668460196353,4.235342193853312,-0.2531019556638372
2007-09-04,2007,False,False,622.782280742597,833.8189891523318,2.9390357303959194,4.273821835517412,-0.25309654871769804
2007-09-05,2007,False,False,613.3557234613119,821.1564228112627,2.8781227107370797,4.19200400446389,-0.2530586056168648
2007-09-06,2007,False,False,615.268104758257,823.703686166695,2.8889201564893154,4.206377257873322,-0.25304679936354735
2007-09-10,2007,False,False,593.7154888420741,794.7754627313468,2.7514447249748613,4.021860256699564,-0.25297707757396604
2007-09-11,2007,False,False,608.0323512607333,813.9618536411839,2.8406298783091533,4.141381389355882,-0.2529965027958544
2007-09-12,2007,False,False,607.6590808053024,813.4431885890054,2.836996522200314,4.136397668059522,-0.2529790779128105
2007-09-13,2007,False,False,619.2475153470974,828.9697198867651,2.9088713593338373,4.232699228521108,-0.25299139342304944
2007-09-14,2007,False,False,616.6491148758189,825.4663090966925,2.8911767461443234,4.208854159029278,-0.2529687667681825
2007-09-17,2007,False,False,612.9671728316058,820.5094569038189,2.866658792762453,4.175856467852776,-0.2529431956279591
2007-09-18,2007,False,False,639.0746369737745,855.5115295899169,3.030009327083211,4.394861952276277,-0.25299120482910353
2007-09-19,2007,False,False,645.9620625048383,864.7322196520414,3.0720899759760867,4.451198464959783,-0.25299179581308284
2007-09-20,2007,False,False,641.9899986046662,859.3862036948592,3.0457081172433362,4.4157007861367585,-0.2529668316241478
2007-09-21,2007,False,False,652.0809138961596,872.9039920571867,3.107936791786152,4.499063610439837,-0.25297521854678406
2007-09-24,2007,False,False,662.4896245513926,886.8480648841023,3.172125577221233,4.58505576161682,-0.25298407835171854
2007-09-25,2007,False,False,664.0992846717631,888.9892639937977,3.180876875004473,4.596685227263803,-0.25297266056027823
2007-09-26,2007,False,False,673.7930963759997,901.9743853968348,3.2404997784511407,4.676552938900253,-0.25297978824580913
2007-09-27,2007,False,False,688.8931415636341,922.2113223040036,3.3340959237447176,4.801991762839758,-0.2529986079084995
2007-09-28,2007,False,True,682.3379919494124,913.4004058597874,3.2914339116315245,4.744656640627594,-0.25296946709025714
2007-10-01,2007,False,False,703.4792089626073,941.7743164819465,3.4231330657837553,4.92141610820315,-0.2530278256148507
2007-10-02,2007,False,False,699.8887470650783,936.937278659034,3.399300695837635,4.889320037285356,-0.2530036289443248
2007-10-03,2007,False,False,678.3516778900839,908.0006295154598,3.2627069161901874,4.70580229915456,-0.25291717225782584
2007-10-04,2007,False,False,681.863520519883,912.7009251808939,3.2835515281089167,4.7337008435121835,-0.25291680800614924
2007-10-05,2007,False,False,703.4178152589722,941.6295374514131,3.417696812931027,4.9137453108567195,-0.2529781752993622
2007-10-08,2007,False,False,707.3121372645994,946.8434457542179,3.440886706569973,4.944793323799313,-0.25297878922192607
2007-10-09,2007,False,False,717.3452532522699,960.3008368868176,3.502595027546345,5.027565880601994,-0.25299945007043956
2007-10-10,2007,False,False,713.4347461123198,955.0340261364581,3.476772508405885,4.99279765402227,-0.2529745259459666
2007-10-11,2007,False,False,705.1413628071805,943.8816677494552,3.4234701972506336,4.921128226543489,-0.25293457124929153
2007-10-15,2007,False,False,710.9654057577952,951.6869028703342,3.4587340155848043,4.968389926780887,-0.252941903883001
2007-10-16,2007,False,False,696.9662176228369,932.8725013715476,3.3696941543751526,4.848730416122556,-0.2528815925025891
2007-10-17,2007,False,False,713.5787663322915,955.1650873047008,3.472573464191,4.986789720998125,-0.25292624718321866
2007-10-18,2007,False,False,714.3852423417102,956.2324799359822,3.476352985336834,4.991772873423984,-0.2529167777384671
2007-10-19,2007,False,False,687.8029327177394,920.5208269178715,3.3085605124687554,4.766360533084617,-0.25281111235617393
2007-10-22,2007,False,False,691.4576426438039,925.4129720096179,3.3302215024661788,4.795355930603926,-0.2528118109882973
2007-10-23,2007,False,False,708.1749232058748,947.8461971678865,3.433650629063531,4.934153767129626,-0.252858823169979
2007-10-24,2007,False,False,707.4065966322878,946.7988652960654,3.42758040566439,4.92591039445617,-0.25284384829603623
2007-10-25,2007,False,False,704.2648730377526,942.5644159468208,3.406663028108805,4.897729565082496,-0.2528204320865354
2007-10-26,2007,False,False,726.0676668771961,971.82672536909,3.5417937649412323,5.07909808305942,-0.2528836181146975
2007-10-29,2007,False,False,734.7608676161931,983.4848105829487,3.594866142000071,5.150274540314062,-0.252900645023005
2007-10-30,2007,False,False,727.3684482289972,973.542312082034,3.547344660709843,5.086368532482167,-0.25286406229901315
2007-10-31,2007,False,True,737.9423225577281,987.7258608463508,3.6121395159858007,5.1732866302896925,-0.2528875148359395
2007-11-01,2007,False,False,723.7199238792933,968.5898331880195,3.5217621025013397,5.051695768027744,-0.2528107367209922
2007-11-05,2007,False,False,711.5048669603523,952.1520973232041,3.443981746300688,4.947038083215278,-0.2527403248277099
2007-11-06,2007,False,False,728.9250995381211,975.5504571651837,3.5512904670470924,5.0911793250537265,-0.2528063574935142
2007-11-07,2007,False,False,717.6968394088171,960.4391848518549,3.4797108898710665,4.994856935671892,-0.25274098482402096
2007-11-08,2007,False,False,718.4389463096619,961.418617058602,3.4828702725397624,4.998999580989635,-0.2527303574506604
2007-11-09,2007,False,False,727.0258177026777,972.9430715821409,3.534960780154588,5.068916073558987,-0.2527560564047878
2007-11-12,2007,True,False,695.6512439091598,930.7508936020786,3.3378318458398537,4.803829005067112,-0.2525913768216378
2007-11-13,2007,False,False,711.5347319199693,951.9761335513987,3.435419916823955,4.934234428305962,-0.2525708294119199
2007-11-14,2007,False,False,730.8517664406263,977.7934899087828,3.554340295956674,5.093170320848433,-0.25254997708278193
2007-11-16,2007,False,False,730.661309077392,977.5210078721697,3.551660613924737,5.089475131006959,-0.2525364639805874
2007-11-19,2007,False,False,705.0102812331749,943.1968818199389,3.390427841176768,4.873726894322792,-0.2525311577866678
2007-11-21,2007,False,False,685.2259506131066,916.7190326440787,3.265823414694962,4.706966454861565,-0.25252348188220775
2007-11-22,2007,False,False,686.0867681263398,917.8525535830381,3.2697833587947773,4.712151496258672,-0.2525087330769521
2007-11-23,2007,False,False,689.6553703262277,922.6075377680695,3.290586783300041,4.739863529008946,-0.25249324106476423
2007-11-26,2007,False,False,668.2844038337713,894.0076795842284,3.156269614678119,4.560113228183417,-0.2524847167481079
2007-11-27,2007,False,False,672.3541084484262,899.4328514642198,3.180212061688513,4.592023618396654,-0.2524688114806166
2007-11-28,2007,False,False,698.3005741485613,934.1165853726582,3.340108246261912,4.805762225083581,-0.25244815788172736
2007-11-29,2007,False,False,703.3471571169135,940.8482603402966,3.3700444686793185,4.84568899492009,-0.25243295144902644
2007-11-30,2007,False,True,713.0083596602433,953.7516502407174,3.4286233519269773,4.9239232934206045,-0.25241716805387737
2007-12-03,2007,False,False,715.2538639232946,956.7391755772453,3.4410381340528806,4.940429513760061,-0.2524045401488356
2007-12-04,2007,False,False,718.4942238153022,961.0586438175256,3.4596193202329104,4.9651915823156765,-0.2523929435135268
2007-12-05,2007,False,False,734.9037858192196,983.0094394489352,3.559899394948622,5.099334681172297,-0.2523939686365586
2007-12-06,2007,False,False,744.7151224799577,996.1263307756313,3.6191840815435006,5.1785919896489885,-0.25238887933010756
2007-12-07,2007,False,False,743.0489299371216,993.8767577326713,3.6072617081874565,5.162515204680704,-0.25237316985635394
2007-12-10,2007,False,False,740.9272000230998,991.01729743443,3.592523967085329,5.142669198973739,-0.25235694478670523
2007-12-11,2007,False,False,730.4259116105162,976.9390299506232,3.525874839583233,5.05332273291264,-0.2523321423165643
2007-12-12,2007,False,False,733.0755088407104,980.4675672132806,3.5407292357648954,5.073095736352047,-0.2523204914117828
2007-12-13,2007,False,False,711.8668874450836,952.0539974305484,3.407844504303924,4.895071191520423,-0.25228307494500724
2007-12-14,2007,True,False,707.2187285017366,945.8120772863763,3.3775574666544896,4.854407631071106,-0.25226295425322376
2007-12-17,2007,False,False,677.6383517449499,906.2567498621185,3.1930183332447912,4.607638878486811,-0.25226669831915904
2007-12-18,2007,False,False,692.0554002544797,925.507632590775,3.280755053120492,4.724789479942938,-0.2522423631264845
2007-12-19,2007,False,False,699.1942465890962,935.0305941048916,3.323427151701728,4.781707555440759,-0.2522231347323586
2007-12-20,2007,False,False,699.3604520189965,935.2340424001866,3.3229698270404997,4.780979657693461,-0.25220808876443757
2007-12-21,2007,False,False,714.8892089897012,955.9708157463259,3.4174410442206042,4.9071317141894495,-0.2521851114967484
2007-12-26,2007,False,False,728.4283068073984,974.0482445154544,3.4995571456874295,5.016770213204591,-0.25216403714196
2007-12-27,2007,False,False,722.6638148781008,966.3248236099432,3.4624180678579117,4.967014348191759,-0.2521522812811401
2007-12-28,2007,False,True,721.2527216386059,964.4200813357918,3.452177294065468,4.953210378615998,-0.25213842432685707
2008-01-02,2008,False,False,711.9030291982472,951.8943765241843,3.3931717934655268,4.874164533355237,-0.2521197238313969
2008-01-03,2008,False,False,712.8208976158405,953.1063633998756,3.397543727947312,4.87991587291345,-0.25210771327441384
2008-01-04,2008,False,False,691.8556864828817,925.0394393255247,3.2669513703790054,4.705089053108963,-0.2520797956600257
2008-01-07,2008,False,False,688.9081708560678,921.079657074185,3.2475254221894962,4.678999647257159,-0.2520645032543779
2008-01-08,2008,False,False,703.7761910366221,940.9565329689813,3.3379219289019852,4.799849484105843,-0.25206301632657657
2008-01-09,2008,False,False,710.5393627445741,949.9893621588926,3.3783235380387477,4.853807689359374,-0.2520554534107181
2008-01-10,2008,False,False,720.1206519789542,962.7927489575915,3.436061511163989,4.930961492551898,-0.2520501917379171
2008-01-11,2008,False,False,702.3518291813397,939.0024976073013,3.325333845398279,4.78271332837341,-0.2520234706818969
2008-01-14,2008,False,False,705.1790591460957,942.7691535633505,3.3414717801430687,4.80420762967762,-0.2520130124317752
2008-01-15,2008,False,False,679.3963314266456,908.2565352799014,3.1815131770104212,4.590090047150624,-0.25197749200089925
2008-01-16,2008,False,False,666.6505825562958,891.187007759734,3.1018641176918287,4.483424307926872,-0.25195208553127124
2008-01-17,2008,False,False,646.9851959963712,864.8592103853811,2.97969804215694,4.319872120120973,-0.25191847617825014
2008-01-18,2008,False,False,652.351370570196,872.0228988726282,3.011531122100765,4.362366288821432,-0.25191027504716756
2008-01-21,2008,False,False,609.3920902481404,814.5285630060289,2.746262849886109,4.007347723397719,-0.2518468744678879
2008-01-22,2008,False,False,636.4857323690891,850.7629582012866,2.9116770207055516,4.228569541184378,-0.25186478062612183
2008-01-23,2008,False,False,615.4413561776174,822.5901136282603,2.7812371210444597,4.053947450612482,-0.25182500253614304
2008-01-24,2008,False,False,652.0530393321442,871.5593652315114,3.0050055062810843,4.353245589313174,-0.2518547039432707
2008-01-28,2008,False,False,664.9028601669224,888.735950301705,3.0827368606740855,4.457150572028013,-0.2518555596392792
2008-01-29,2008,False,False,675.548970402929,902.9640359967514,3.1468951705529102,4.542895280892072,-0.25185395711002667
2008-01-30,2008,False,False,684.202703372331,914.5263800427285,3.198789237527455,4.612230853564377,-0.2518502272833686
2008-01-31,2008,False,True,675.2012692365886,902.4666345064103,3.142339075071095,4.536605119671229,-0.2518268893055762
2008-02-01,2008,False,False,693.254721366433,926.6305468073506,3.251723597792842,4.683014973963738,-0.2518542327845761
2008-02-06,2008,False,False,669.3958811230633,894.6548490135473,3.1040728432843503,4.4851378287374635,-0.25178309617262573
2008-02-07,2008,False,False,669.4132904799828,894.6603020274641,3.1028556513289267,4.483401851136071,-0.25176819742312284
2008-02-08,2008,False,False,670.7173868608844,896.3892138108773,3.1095228475836194,4.492226721188865,-0.2517565176744817
2008-02-11,2008,False,False,688.5204327756048,920.2177183713584,3.217243140791906,4.636407688283626,-0.2517852905569147
2008-02-12,2008,False,False,701.7355294480476,937.9008735125709,3.2968015016155023,4.742867095307395,-0.2518020301868905
2008-02-13,2008,False,False,710.6810359332619,949.8651067145832,3.350173866859528,4.814251619709111,-0.25180846110730093
2008-02-14,2008,False,False,701.9936864957738,938.2109310845858,3.295613540553849,4.741065278778463,-0.2517741338994435
2008-02-15,2008,False,False,695.8502648756157,929.9642311064177,3.25665004270338,4.688770248236296,-0.2517451299737268
2008-02-18,2008,False,False,713.2262271914067,953.220676603456,3.3615379197414628,4.8291576618814505,-0.251772181723129
2008-02-19,2008,False,False,707.5607405453885,945.6141487938712,3.325500022639119,4.780781475895609,-0.25174476138297985
2008-02-20,2008,False,False,724.0453881108284,967.6767187063713,3.424851197846812,4.913752864400468,-0.2517693418533815
2008-02-21,2008,False,False,724.6054008945499,968.408964341066,3.4268497160760276,4.916324862533845,-0.251756822193821
2008-02-22,2008,False,False,733.9052814399739,980.8478654851394,3.4822244768111545,4.990391978212038,-0.25176440988942217
2008-02-25,2008,False,False,738.3997636553597,986.8501540431957,3.5082247781014884,5.025113408361414,-0.25176100887243824
2008-02-26,2008,False,False,740.5103469914394,989.6593184362019,3.5196583979561025,5.040323498325678,-0.25175226141300044
2008-02-27,2008,False,False,744.0987913411569,994.4480104661382,3.5401018097244634,5.067601862189026,-0.25174691536426563
2008-02-28,2008,False,False,744.8332164140196,995.4138734324958,3.543123952445063,5.071545295414903,-0.251735146260717
2008-02-29,2008,False,True,721.4908177540809,964.1299256597212,3.3993342545980534,4.878841010120251,-0.25166640039682475
2008-03-03,2008,False,False,732.8786358408535,979.3821853677141,3.467410154470304,4.9700224649052975,-0.2516929072324402
2008-03-04,2008,False,False,723.4731114200065,966.7537902108287,3.408733159171276,4.89124795984661,-0.251646987324216
2008-03-05,2008,False,False,734.552876632452,981.592998680614,3.474888069646372,4.979853784225488,-0.2516726610522032
2008-03-06,2008,False,False,715.8615966358375,956.513842119076,3.359693036759059,4.825297455049184,-0.2515930610581586
2008-03-07,2008,False,False,703.3775820569164,939.7576680074246,3.2823597081090794,4.721507872191322,-0.2515330217541154
2008-03-10,2008,False,False,682.2636700622382,911.4301368001138,3.1525482048827644,4.547353236762713,-0.25143613041197277
2008-03-11,2008,False,False,709.1380536226789,947.4474845094926,3.314804098708115,4.764815847334911,-0.2515278522378367
2008-03-12,2008,False,False,707.0227363784647,944.5941291332813,3.3006249171439457,4.745706381589302,-0.25150631941022306
2008-03-13,2008,False,False,708.2414119704438,946.2111422682323,3.306727953605617,4.753792291080768,-0.25149749317824954
2008-03-14,2008,False,False,705.0206152753815,941.8755100037322,3.285839606537273,4.725686990904147,-0.25147155034046076
2008-03-17,2008,False,False,682.6564842808143,911.8716285690037,3.1486264617490995,4.541608195496832,-0.25136777711561853
2008-03-18,2008,False,False,704.4614727281079,941.0917018396259,3.2798388379593426,4.7174465482358805,-0.25144226503002665
2008-03-19,2008,False,False,669.3414611322639,893.9841582874928,3.065238148389091,4.4296031478135,-0.25128263747486557
2008-03-20,2008,False,False,671.2035368636003,896.4638714534208,3.0753098777389205,4.443010755637042,-0.2512765341280401
2008-03-24,2008,False,False,680.5993174479681,909.0451171066944,3.131103596042294,4.517724534790254,-0.2513030380558259
2008-03-25,2008,False,False,696.7484777735607,930.6816000152363,3.2278427049366547,4.647339805917696,-0.2513567714649627
2008-03-26,2008,False,False,698.8505402845661,933.483098318577,3.2393117396697972,4.662621160561584,-0.25135169394779555
2008-03-27,2008,False,False,691.4983241767898,923.6078718928338,3.193440413443237,4.601018022394383,-0.25130745934458176
2008-03-28,2008,False,False,688.0430901839857,918.9578954874918,3.1712221290329534,4.571130012049056,-0.2512789828972628
2008-03-31,2008,False,True,693.9359018702138,926.842201876881,3.2056721325467494,4.617225465920491,-0.25129013281335866
2008-04-01,2008,False,False,714.4463861139502,954.3569920692178,3.3287288252720577,4.782312992917938,-0.2513845531063781
2008-04-02,2008,False,False,721.170371684212,963.3662545692448,3.3682081930684893,4.835215271402983,-0.2514058196831144
2008-04-03,2008,False,False,730.3995519530466,975.7382236539585,3.422834657155126,4.90844945119179,-0.2514390291918298
2008-04-04,2008,False,False,733.5151284685517,979.9039420990719,3.440420206929831,4.931963904318393,-0.25144180265539684
2008-04-07,2008,False,False,730.5004527849453,975.8410628038638,3.4208961119550008,4.905666374317331,-0.25141451755881883
2008-04-08,2008,False,False,734.6705441213549,981.4222496490684,3.4448520387635986,4.937731847487881,-0.25142257128972334
2008-04-09,2008,False,False,722.6836019635024,965.3159552972583,3.371070173166345,4.838604568330191,-0.25135019472359177
2008-04-10,2008,False,False,723.2998730265615,966.1268722545389,3.373537959561701,4.8418267542025095,-0.25134069468673403
2008-04-11,2008,False,False,712.6799154985358,951.8554724993456,3.3080823907510792,4.75387591320848,-0.25127297568904217
2008-04-14,2008,False,False,707.8371951662104,945.3388207365323,3.2775772945296167,4.712838916681202,-0.25123439380737544
2008-04-15,2008,False,False,713.1501400154274,952.4540524346335,3.308444459241649,4.754181559587832,-0.2512498233458138
2008-04-16,2008,False,False,730.5663916931735,975.815474335821,3.412394082702514,4.893622364409618,-0.2513273145310324
2008-04-17,2008,False,False,735.1498628057942,981.9515381717174,3.4388002067054844,4.928977084993118,-0.25133793855594944
2008-04-18,2008,False,False,739.3902853315262,987.6271301158862,3.4631204345967372,4.9615319725305005,-0.2513467251099434
2008-04-22,2008,False,False,744.9873863063632,995.1237827371776,3.4956135380556397,5.0050573096208995,-0.25136209260599895
2008-04-23,2008,False,False,739.7675277124536,988.1009007335415,3.462831968388832,4.960964928297723,-0.2513239010679288
2008-04-24,2008,False,False,735.6098852613067,982.5038245643434,3.4364754711336696,4.925496931605748,-0.2512905630800095
2008-04-25,2008,False,False,742.5786143100322,991.841604647079,3.4772181741345607,4.980095807518994,-0.251313303625472
2008-04-28,2008,False,False,748.1802454741976,999.3443381121041,3.509697231618297,5.023602497231397,-0.2513288794054602
2008-04-29,2008,False,False,727.2529746768637,971.2374986520143,3.382299130047098,4.852507165478421,-0.25120995051547956
2008-04-30,2008,False,True,773.0860847186954,1032.7426851042992,3.657145088666839,5.221341476531923,-0.25142429390277454
2008-05-02,2008,False,False,790.1005112060012,1055.5859953333725,3.7582084384583023,5.357037008933288,-0.25150531107939367
2008-05-05,2008,False,False,799.3071563859108,1067.9388134922651,3.8122044333889873,5.429493157689736,-0.25154217986319116
2008-05-06,2008,False,False,799.5883092963894,1068.299389272875,3.812448445960815,5.429728493968552,-0.25153162369528315
2008-05-07,2008,False,False,786.3014319137529,1050.430034091784,3.731055547014157,5.320276980094969,-0.25144806755873095
2008-05-08,2008,False,False,794.3313604156259,1061.2018221867202,3.7779329949812075,5.383168855258467,-0.2514794605433103
2008-05-09,2008,False,False,793.5149617065806,1060.0877336410733,3.771587262216359,5.374550412754499,-0.25146293412800635
2008-05-12,2008,False,False,802.2865954562366,1071.8560728321456,3.8228830505334326,5.443378856820834,-0.25149783092018185
2008-05-13,2008,False,False,803.3265550792123,1073.2361771429298,3.827683624274112,5.449736641483953,-0.25149135652717747
2008-05-14,2008,False,False,797.9788344944939,1066.0338294193327,3.794105343914051,5.404528864039248,-0.2514507396738508
2008-05-15,2008,False,False,814.6284674861348,1088.3870051117353,3.8926634683851935,5.536858889559972,-0.25152683405797926
2008-05-16,2008,False,False,829.1139157808942,1107.832394135019,3.9781682124340687,5.651650520174236,-0.2515890308224328
2008-05-19,2008,False,False,836.7739543241082,1118.1072001136047,4.022652787059473,5.711327731774338,-0.2516156284128317
2008-05-20,2008,False,False,837.7071147336683,1119.3438095879778,4.026745362938303,5.716734530980965,-0.25160874830582924
2008-05-21,2008,False,False,823.9172730808526,1100.7986743766621,3.9425151354580237,5.603471351989575,-0.25152773866901346
2008-05-23,2008,False,False,814.4197858166402,1088.0207229405105,3.88407667656156,5.524861906689718,-0.25146665992209216
2008-05-26,2008,False,False,816.4733753018323,1090.7627347654823,3.8949243123611046,5.539344932646776,-0.25146564942248695
2008-05-27,2008,False,False,809.3124464384452,1081.1241703600808,3.8505390856364707,5.479617442973215,-0.2514158238004295
2008-05-28,2008,False,False,833.8390593794729,1114.0608130378787,3.996039900416255,5.6750198504366605,-0.2515318287646099
2008-05-29,2008,False,False,818.5351151983924,1093.4813379877721,3.902875802326399,5.54975344706662,-0.25144116615226064
2008-05-30,2008,False,True,827.5888664884707,1105.6287287562568,3.9556219550207814,5.620531309917705,-0.2514766983131477
2008-06-02,2008,False,False,819.7618839361005,1095.0864982312034,3.907354493346097,5.555534909593864,-0.25141814344329005
2008-06-03,2008,False,False,798.457474877182,1066.4196784785129,3.7784573874097527,5.382106938742881,-0.2512727484395628
2008-06-04,2008,True,False,783.3426634975763,1046.0766967647369,3.6866655081051567,5.258578527652272,-0.25116134799650314
2008-06-05,2008,False,False,812.6110555648361,1085.140440868906,3.860390819385234,5.490444106592715,-0.25114664889444815
2008-06-06,2008,False,False,796.1301719031267,1063.1188926062955,3.7604594561405627,5.35691820749778,-0.2511372176338914
2008-06-09,2008,False,False,790.4220164979506,1055.4812934806446,3.72498216523113,5.309452651037159,-0.25112645635680764
2008-06-10,2008,False,False,773.2874071700771,1032.5868784281452,3.6212394850801415,5.170837918893297,-0.2511163725543235
2008-06-11,2008,False,False,762.1541614346341,1017.705596781621,3.5534103528100465,5.080175684897309,-0.2511054632647589
2008-06-12,2008,False,False,768.2109007219182,1025.7767060563128,3.588290362673572,5.126652681223712,-0.2510934434499187
2008-06-13,2008,False,False,766.9125133377215,1024.0271120310492,3.579233090728504,5.114463847782779,-0.2510818274951414
2008-06-16,2008,False,False,767.8852266363596,1025.3099343007937,3.583737850870821,5.120383348583475,-0.2510701389428982
2008-06-17,2008,False,False,781.0837847961834,1042.9169342952473,3.6611990567547172,5.223715720431995,-0.2510584888296957
2008-06-18,2008,False,False,765.7651434678443,1022.4472338292135,3.5684852309161155,5.099827247276558,-0.2510467844878972
2008-06-19,2008,False,False,760.109345431499,1014.8795432459735,3.5334553405457196,5.052959502461075,-0.25103491297067804
2008-06-20,2008,False,False,737.6090753793737,984.8207971989549,3.3980098191274406,4.8720149747808215,-0.2510220362148171
2008-06-23,2008,False,False,737.9612568992765,985.275073780862,3.398860742232417,4.873056074197589,-0.2510099194253963
2008-06-24,2008,False,False,732.6176639141075,978.1242452468153,3.365769279851378,4.828776716851057,-0.25099733753226594
2008-06-25,2008,False,False,751.8924144985035,1003.8442915096007,3.4793590650974666,4.980348970695493,-0.25098700978037836
2008-06-26,2008,False,False,730.1938167517002,974.8559533842954,3.3488571048739937,4.806005394517925,-0.2509726034736002
2008-06-27,2008,False,False,734.5096450082746,980.6025655472639,3.3733208236954253,4.838574957894115,-0.25096091850590607
2008-06-30,2008,False,True,742.5017818488308,991.2578539920914,3.419653463385897,4.900344369000544,-0.25094991292270286
2008-07-01,2008,False,False,724.0524236110894,966.5837495121058,3.3086700891111613,4.751918444486429,-0.25091599773267126
2008-07-02,2008,False,False,697.9764560486708,931.7161696195645,3.1523748061305445,4.542930159986593,-0.2508700838221297
2008-07-03,2008,False,False,677.1150086577792,903.8181460388623,3.0271776670643797,4.375506680955656,-0.25082826492768306
2008-07-04,2008,False,False,678.2096638099997,905.2659276385299,3.0325980010324303,4.382662272445312,-0.25081719845662087
2008-07-07,2008,False,False,675.0808245432031,901.0687253820012,3.0129095217374946,4.356258297326135,-0.2507998496374316
2008-07-08,2008,False,False,680.2464647416158,907.9576518216135,3.042523561403443,4.395750497049026,-0.2507949424988558
2008-07-10,2008,False,False,688.4682239503,918.9312865061136,3.090278403161382,4.459489144783824,-0.2507946632572079
2008-07-11,2008,False,False,687.3220065302311,917.3839914608566,3.0823661294992126,4.448825003277226,-0.25078046605573656
2008-07-14,2008,False,False,694.0671510558767,926.3840314816483,3.121316416526123,4.500795868447034,-0.25077815736332
2008-07-15,2008,False,False,697.300587614584,930.6904380287498,3.1393990630115614,4.52487577890785,-0.25077065464269466
2008-07-16,2008,False,False,709.224891125836,946.6127717622495,3.2090497989663858,4.617879951111273,-0.2507761227375829
2008-07-17,2008,False,False,687.0526844207077,916.9628303537628,3.0763643627981576,4.440448292282304,-0.25073006050240454
2008-07-18,2008,False,False,685.5415623756066,914.9278157774745,3.066302068553072,4.426910743355201,-0.25071513779143684
2008-07-21,2008,False,False,694.7071230433453,927.162904478778,3.1195570638688936,4.498001050817552,-0.25071730147153815
2008-07-22,2008,False,False,681.926048840331,910.0648421794791,3.0426766570970836,4.395156703839542,-0.2506841081705644
2008-07-23,2008,False,False,679.3881976517747,906.6575351684253,3.026546430048233,4.373509098519762,-0.25066723509272093
2008-07-24,2008,False,False,656.7742042593225,876.4171161907966,2.8914711806369757,4.192883532506739,-0.25061458508035084
2008-07-25,2008,False,False,654.1364292034551,872.8762542221987,2.87479844977814,4.170510929695308,-0.2505966039981897
2008-07-28,2008,False,False,650.4161455850515,867.8885468802065,2.8517241461295106,4.13958224262841,-0.2505764156894358
2008-07-29,2008,False,False,663.8516264868707,885.8306706565652,2.930230296746812,4.244422700334885,-0.2505885735534159
2008-07-30,2008,False,False,686.194818258767,915.6785480739929,3.061416734380649,4.419673946093043,-0.2506160380167409
2008-07-31,2008,False,True,680.6227491815418,908.2158051375131,3.0273535454529092,4.374058018565167,-0.2505935865336668
2008-08-01,2008,False,False,659.2846073944451,879.6484121485663,2.8999934521924917,4.203553987357717,-0.250513502566186
2008-08-04,2008,False,False,636.2758206751134,848.8456287419388,2.7628251856314785,4.0199262752973,-0.2504222215078987
2008-08-05,2008,False,False,646.1505414267446,862.0423069096984,2.820146782083793,4.096533909094501,-0.25044219263077205
2008-08-06,2008,False,False,658.4251460189662,878.450126617645,2.8916206209958597,4.19207786630187,-0.25046951890809743
2008-08-07,2008,False,False,652.4849756068145,870.4858414460031,2.8554261361122966,4.143557307362427,-0.2504358548521106
2008-08-08,2008,False,False,647.6147662396145,863.9532073816836,2.8255724587994098,4.10352105626311,-0.25040527576453975
2008-08-11,2008,False,False,626.3752935680702,835.5178376558318,2.6990666942996264,3.9341604585974315,-0.2503148761904854
2008-08-12,2008,False,False,623.9443216193401,832.2490018088874,2.6836746567349286,3.9134745678905363,-0.25029129471684375
2008-08-13,2008,False,False,624.7928144938894,833.3682223943006,2.687647303083664,3.918699457639211,-0.25028001103901654
2008-08-14,2008,False,False,631.2873480765384,842.0420735617106,2.724932371342316,3.968497764764238,-0.25029001768725356
2008-08-15,2008,False,False,621.1336071910955,828.4398608577259,2.663990379498035,3.886864347756248,-0.2502369374790775
2008-08-18,2008,False,False,610.71545588964,814.4838563342556,2.601523328751036,3.803190391187691,-0.25018101815021265
2008-08-19,2008,False,False,614.3238322911196,819.2959125850913,2.6217856479824566,3.830211724954216,-0.25018076759010255
2008-08-20,2008,False,False,634.2016621979741,845.8771549538656,2.7379272821098666,3.9855235066043155,-0.25024377537118414
2008-08-21,2008,False,False,640.6091616359216,854.4345509192618,2.774633107282366,4.034547017201038,-0.25025367835756585
2008-08-22,2008,False,False,639.6921047179591,853.1913945495437,2.76817228585614,4.02581186130166,-0.25023610317155753
2008-08-25,2008,False,False,624.0796233414538,832.2851665213685,2.675174450412375,3.901286734982821,-0.25016130474862797
2008-08-26,2008,False,False,622.6024908658459,830.2926064270284,2.6654478015651137,3.888181871311353,-0.2501408707647401
2008-08-27,2008,False,False,636.0605545029903,848.2839421518693,2.743629945224998,3.992702574324343,-0.2501796593137494
2008-08-28,2008,False,False,645.9520433008483,861.5030566429526,2.8007825467407717,4.069084950827124,-0.2502034225880161
2008-08-29,2008,False,True,637.9943461294151,850.8392391541244,2.7529079184083236,4.0049367009066135,-0.25015876469956
2008-09-01,2008,False,False,632.1279807306572,842.9651318199805,2.7174059278466873,3.95729294307393,-0.250113727283264
2008-09-02,2008,False,False,623.5301348220473,831.4318925899358,2.665863967419839,3.8881618484710287,-0.25005266170421747
2008-09-03,2008,False,False,613.5672330685614,818.0700042578176,2.60632624298914,3.808319554814851,-0.24998199435852486
2008-09-04,2008,False,False,589.4475375659425,785.7434645711313,2.4636340348426105,3.6170823238688268,-0.24982190225702938
2008-09-05,2008,False,False,595.2487665641924,793.4994401361831,2.4967884818190202,3.661411931374107,-0.24984349521149796
2008-09-08,2008,False,False,581.6612291855052,775.2819360384192,2.4160563379821443,3.5531774140003263,-0.2497423167658056
2008-09-09,2008,False,False,555.6304326863917,740.3952570473012,2.262308385134939,3.3471298785803647,-0.2495489032408882
2008-09-10,2008,False,False,569.3780045710456,758.7962716695713,2.3421334313135014,3.4539802499281134,-0.2496299391162673
2008-09-11,2008,False,False,587.5335193832118,783.102232163941,2.4477827224408264,3.595425208750788,-0.24973586429490258
2008-09-12,2008,False,False,600.948353915187,801.0575068822462,2.52556367630243,3.6995373737091777,-0.24980622645419492
2008-09-15,2008,False,False,555.6341901868485,740.3385424934014,2.258851555348085,3.342161539550742,-0.2494863386208197
2008-09-16,2008,False,False,564.9487241088202,752.8009935614076,2.312599128569841,3.4140783204560154,-0.24953775441220094
2008-09-17,2008,False,False,544.4140825168396,725.2770453871359,2.191342876464287,3.2515574203349296,-0.24937086320408208
2008-09-18,2008,False,False,555.8437856985704,740.5730086386254,2.257475568824866,3.3400655807271606,-0.24944093395955325
2008-09-19,2008,False,False,598.2197737045244,797.3250750735428,2.5048828286283715,3.6714118912431273,-0.24971659313568384
2008-09-22,2008,False,False,591.4992645632722,788.3067440846547,2.4645856816805076,3.617345146395741,-0.24965850032135184
2008-09-23,2008,False,False,569.3309361817608,758.5942848015088,2.333851635879354,3.442127832215383,-0.24949218892318714
2008-09-24,2008,False,False,572.2260460390472,762.4571799643276,2.3499129890524313,3.463559861419693,-0.24949746546314977
2008-09-25,2008,False,False,594.919427619899,792.8421342398188,2.4818375652135614,3.640204031198727,-0.24963696815847103
2008-09-26,2008,False,False,583.0393792478093,776.9120077980202,2.411400623258458,3.5457617477543737,-0.24954258217696834
2008-09-29,2008,False,False,528.8461358031551,704.298496228981,2.0934897600822686,3.119799765232008,-0.24911647741014475
2008-09-30,2008,False,True,568.966194215718,758.0284858450045,2.327287685472035,3.432915121900611,-0.24941317530901397
2008-10-01,2008,False,False,571.945563454729,762.0101225682388,2.3438606912706574,3.455066807084264,-0.2494252418497095
2008-10-02,2008,False,False,530.1712454509475,705.9598597933544,2.098840824745055,3.126321925094575,-0.24900652905940435
2008-10-03,2008,False,False,511.78926448036196,681.2877138244568,1.99063848654683,2.981101986270962,-0.24879129023566748
2008-10-06,2008,False,False,484.26778576940706,644.3559878384625,1.829098062661001,2.7643352096227174,-0.24844682922258954
2008-10-07,2008,False,False,461.94314663701874,614.3952215768783,1.6979919686773566,2.5883926095145253,-0.24813356221844163
2008-10-08,2008,False,False,444.3481231556787,590.7786881354442,1.5945688836203629,2.449583606782233,-0.2478602697093133
2008-10-09,2008,False,False,427.23287111944177,567.8057126430623,1.493998993844457,2.314601875835135,-0.24757208036754697
2008-10-10,2008,False,False,410.397086520319,545.2076104210507,1.3951111367590294,2.1818764373722828,-0.24726456733907431
2008-10-13,2008,False,False,469.97956233576684,625.1157733061078,1.7421435651249708,2.6473015692644544,-0.24817196685000875
2008-10-14,2008,False,False,478.46295719748684,636.4804243321632,1.7909327962318526,2.7126679583159405,-0.24826759958953748
2008-10-15,2008,False,False,424.4835547707049,564.0584512784662,1.475436551654719,2.2893875201330434,-0.24744757602941314
2008-10-16,2008,False,False,420.0635388216641,558.1146678782773,1.4490396433202215,2.253900471787168,-0.2473526266231756
2008-10-17,2008,False,False,419.6207437419548,557.5058666487023,1.4458380907412467,2.249527352488635,-0.24732497208613624
2008-10-20,2008,False,False,454.36369747332145,604.0946812252465,1.6476729267510493,2.5201868933824856,-0.24786012591310236
2008-10-21,2008,False,False,449.8707918539475,598.053124755765,1.6208278147519732,2.48409875111008,-0.2477745316728054
2008-10-22,2008,False,False,404.587389455086,537.2958307905116,1.3564218681861173,2.1293502426390902,-0.24699324604878203
2008-10-23,2008,False,False,390.35818053167657,518.19414860982,1.2729716841084961,2.0173330172217367,-0.24669512077875455
2008-10-24,2008,False,False,363.7445717521472,482.4802252192861,1.1174702987343417,1.808667471537226,-0.24609434182131273
2008-10-27,2008,False,False,340.444648298401,451.2112277488583,0.981332720360127,1.6259762748541853,-0.24548719676831576
2008-10-28,2008,False,False,385.562688047207,511.71702122603074,1.243344757168166,1.977356814621479,-0.24653143816980838
2008-10-29,2008,False,False,402.2437183520504,534.0778528432854,1.3398091861651888,2.1066744095588175,-0.2468444137673672
2008-10-30,2008,False,False,431.9855737791721,573.9582719941769,1.5121790636968284,2.3378104313188546,-0.24735717759015974
2008-10-31,2008,False,True,429.83973835819114,571.0650389578143,1.499068246268553,2.3201455753361295,-0.24730160483533947
2008-11-03,2008,False,False,441.2147935322245,586.3320354069314,1.5644175824754556,2.407864384439185,-0.24750010763780161
2008-11-04,2008,False,False,464.11177783094064,617.0814797824127,1.6966739384672387,2.5854887204482693,-0.2478922264939959
2008-11-05,2008,False,False,436.02979513971735,579.3285758774523,1.5327319191851507,2.3651002573132356,-0.24735320628832147
2008-11-06,2008,False,False,419.8419465720764,557.5582657035246,1.4379575137131568,2.237654965882325,-0.24699897320628617
2008-11-07,2008,False,False,423.3531302707397,562.2582833681413,1.457595317795311,2.263949704856304,-0.24704865576244928
2008-11-10,2008,False,False,424.6737455357939,564.0147521412936,1.46450860268176,2.2731460875640126,-0.2470520603875851
2008-11-11,2008,False,False,430.1778172319361,571.3926880876627,1.4956880999715372,2.3149499461574323,-0.24714154345997075
2008-11-12,2008,False,False,397.37659910875715,527.2983706887604,1.3046872353682493,2.0582017836039217,-0.24639137687889812
2008-11-13,2008,False,False,415.90077352919803,552.1719065683932,1.4113868468278188,2.201484963319948,-0.2467911377202895
2008-11-14,2008,False,False,413.41983317110675,548.8200825949393,1.3962711501680989,2.181080405522833,-0.24671154303179121
2008-11-17,2008,False,False,412.8563816366443,548.0448602079006,1.392275465415139,2.175618281168073,-0.2466741108017555
2008-11-18,2008,False,False,394.40085443641914,523.2273852785934,1.2846390958207206,2.0308903415528277,-0.2462151914574967
2008-11-19,2008,False,False,386.58151568773735,512.7021553417713,1.2386616269634283,1.969015834042565,-0.24599202156651945
2008-11-21,2008,False,False,361.6442831082701,479.1749700052744,1.0936140704013195,1.7740171938148124,-0.2452771831878252
2008-11-24,2008,False,False,395.6329307468552,524.8286980487056,1.289681901976926,2.0373881397884275,-0.2461674976658016
2008-11-25,2008,False,False,402.80376905161495,534.4463307458595,1.3304724762425955,2.092107272890174,-0.24631577414055328
2008-11-26,2008,False,False,421.75467313827795,559.8932792688461,1.4393725386993244,2.2383477339750613,-0.24672310107197692
2008-11-27,2008,False,False,418.87620460943435,556.0072817957696,1.4219865756479768,2.2148929866462637,-0.24663539790960087
2008-11-28,2008,False,True,423.3001631782153,561.9338292577983,1.4468217524752327,2.248172423455481,-0.24670816893634995
2008-12-01,2008,False,False,402.1248965002423,533.4117971462117,1.3237497630756558,2.0824143146270537,-0.24612672863323048
2008-12-02,2008,False,False,405.2059204753442,537.5419585718146,1.3408776457270029,2.105383931668484,-0.24618736451396572
2008-12-03,2008,False,False,408.59618372473875,542.0883971923901,1.359781598179259,2.1307444250210223,-0.24625543390900917
2008-12-04,2008,False,False,406.75378993627936,539.5909834466896,1.3484629903942222,2.115421382486661,-0.2461812698609228
2008-12-05,2008,False,False,409.3089588562398,543.0132740243313,1.3625336730518889,2.134275751944192,-0.24622660543303854
2008-12-08,2008,False,False,442.8667623612135,588.1692343996788,1.5554919928517799,2.3939367247529066,-0.24704194565152626
2008-12-09,2008,False,False,439.3030772968137,583.3547336483954,1.5341971577549098,2.3651845033077326,-0.24693663742241223
2008-12-10,2008,False,False,451.2997969259104,599.4866072968855,1.6026516547053653,2.457246870224253,-0.24718952611661615
2008-12-11,2008,False,False,445.6877866499757,591.9147883640745,1.56954618996815,2.4125960701301503,-0.2470406291389321
2008-12-12,2008,False,False,455.48823442837937,605.0901879764153,1.6252924174546357,2.4875515157142094,-0.24723910008910444
2008-12-15,2008,False,False,443.51919547065813,588.9609628924355,1.5555701265955522,2.393609696873728,-0.24694636246772783
2008-12-16,2008,False,False,462.655908878828,614.7042178548725,1.665068599532419,2.540922913910556,-0.2473519858162777
2008-12-17,2008,False,False,462.1808523020782,614.0474218650315,1.6615655185838074,2.5361210588254046,-0.2473205882074916
2008-12-18,2008,False,False,457.54081836559266,607.7840123672485,1.6340864615175166,2.499044400502294,-0.24719833188187357
2008-12-19,2008,False,False,452.9705942542149,601.6145761794334,1.6070250029019557,2.4625299348456595,-0.24707510058879445
2008-12-22,2008,False,False,435.8601529319832,578.5643396572402,1.507825966236957,2.328908743712544,-0.24665223371665024
2008-12-23,2008,False,False,422.72328229214935,560.8630577963779,1.4315403065409797,2.226132055199183,-0.24629858141660743
2008-12-26,2008,False,False,427.260160512104,566.9529926780613,1.4569301927090508,2.260224224715706,-0.24639226526718505
2008-12-29,2008,False,False,429.54624221404316,570.0130560690782,1.4693661524233579,2.276878735665871,-0.24642736224977324
2008-12-30,2008,False,True,435.1873019814532,577.5893661803203,1.5010764481692709,2.3194791159788526,-0.24654550886314275
2009-01-02,2009,False,False,465.96390566239677,619.0740271444196,1.6772207986074776,2.5569232749747774,-0.24732118416963533
2009-01-05,2009,False,False,480.54885044699074,638.7247597704578,1.7602641847338085,2.6688238389440957,-0.2476433031660017
2009-01-06,2009,False,False,489.64916122696116,650.9796408297092,1.8117671276363638,2.73819317949792,-0.24782722758752251
2009-01-07,2009,False,False,472.6774414910057,628.0772319808336,1.7135665039122796,2.605692146418126,-0.24742146757927708
2009-01-08,2009,False,False,486.07447856535157,646.1261094798697,1.789714143173649,2.7082941511553056,-0.2477095857391669
2009-01-09,2009,False,False,481.4725579377813,639.9039746546509,1.7625474635774334,2.6715801824447185,-0.2475862363604997
2009-01-12,2009,False,False,456.659324121425,606.4275376849156,1.6194607502184986,2.4785518414048693,-0.24696802875285384
2009-01-13,2009,False,False,458.3125691465217,608.6402914327153,1.6282260928664538,2.490291130553529,-0.24698943596443157
2009-01-14,2009,False,False,440.537466080119,584.654546146402,1.5256038186411405,2.351827864885188,-0.24649954578510203
2009-01-15,2009,False,False,453.92321038863867,602.6881957159612,1.6016341206772409,2.4542718640925725,-0.24683573759163768
2009-01-16,2009,False,False,456.1433750718814,605.6654222869988,1.6136455324718986,2.4703885042365554,-0.24687235181846878
2009-01-19,2009,False,False,450.3367786878361,597.8188211667666,1.5796705816815488,2.424494065603409,-0.246700233008872
2009-01-20,2009,False,False,432.6325120616163,573.9285965289907,1.477579152793548,2.2867468031384797,-0.24619105115497963
2009-01-21,2009,False,False,447.176278174864,593.5238010485523,1.5601695315354807,2.3980370289039254,-0.2465739749865845
2009-01-22,2009,False,False,439.8257667861896,583.5952804791197,1.5174001369610193,2.34028369857223,-0.24635139882368184
2009-01-23,2009,False,False,442.58844050245904,587.3040629349301,1.532522411594452,2.3605954554859765,-0.2464066427691387
2009-01-26,2009,False,False,446.937576714804,593.1521387560512,1.556711825391142,2.3931339999665147,-0.24650431565143793
2009-01-27,2009,False,False,449.1464486322204,596.1141373976118,1.5686479905437438,2.409149478581113,-0.24654286745654386
2009-01-28,2009,False,False,466.62975591054334,619.6732181052706,1.6679076706020717,2.5429179363492196,-0.24697446609468954
2009-01-29,2009,False,False,459.9584074282275,610.660526749029,1.6290491442549744,2.490438503464782,-0.24678542777784218
2009-01-30,2009,False,True,456.15473705572884,605.5148065751221,1.6065984974613072,2.4600846090006976,-0.2466662547266103
2009-02-02,2009,False,False,448.974367356859,595.796810058291,1.5647536059738054,2.40347273279887,-0.2464303940920184
2009-02-03,2009,False,False,461.35295400071107,612.4970629809793,1.6346298134558368,2.4977624155005165,-0.2467670754936533
2009-02-04,2009,False,False,465.76911412198234,618.4424797901518,1.6590054088790618,2.530594556366233,-0.24686752714654103
2009-02-05,2009,False,False,476.9989184967824,633.591074433956,1.7222512786753588,2.6159287697562483,-0.2471501923809004
2009-02-06,2009,False,False,495.8398189017912,659.019963686067,1.828880107839062,2.7598603316479258,-0.24761032104637248
2009-02-09,2009,False,False,488.41956348036973,648.977953927205,1.785662909583857,2.7013951744897624,-0.24740191785443133
2009-02-10,2009,False,False,478.2923522425571,635.2796634994726,1.7270390688520831,2.6221203493793177,-0.24711527894997032
2009-02-11,2009,False,False,474.22080112781447,629.7607430160747,1.7029684674796264,2.589516584638804,-0.24698259396630895
2009-02-12,2009,False,False,470.34293805724315,624.5034366482108,1.680016741066912,2.558424140445646,-0.2468529227290832
2009-02-13,2009,False,False,483.7767709299705,642.629008877617,1.7556904673226166,2.6605449872775657,-0.24719120324974087
2009-02-16,2009,False,False,479.08001123448366,636.2656202156307,1.728073458469062,2.6231512698137784,-0.24704400801645832
2009-02-17,2009,False,False,463.05158840823486,614.5965732195551,1.6359672964415646,2.4986522194661585,-0.24657635824009572
2009-02-18,2009,False,False,461.1385525230893,611.993155626766,1.6242472163817911,2.482730572646787,-0.2464972062460088
2009-02-19,2009,False,False,461.8322063819988,612.9105894875621,1.627364005965859,2.4868491184501007,-0.2464933478011464
2009-02-20,2009,False,False,450.30195454153096,597.317214477338,1.560958983174583,2.3970647268853345,-0.24612593840016428
2009-02-25,2009,False,False,444.847324783927,589.9301719969718,1.5291382963078597,2.3539933973295932,-0.24593223757639837
2009-02-26,2009,False,False,444.31656906325094,589.19379789773,1.5253230954021206,2.348749088146239,-0.24589062096615322
2009-02-27,2009,False,True,444.4078280097521,589.2975779633928,1.5250444773281364,2.3482816929738224,-0.24586856517275768
2009-03-02,2009,False,False,422.2256973588977,559.2692372728915,1.3983902251215463,2.176845654532304,-0.245040368360408
2009-03-03,2009,False,False,424.92746137703784,562.9086632938504,1.4131141327555063,2.1966934931504154,-0.2451218304394498
2009-03-04,2009,False,False,447.0414898505005,592.8127717416046,1.5380420068931637,2.3656467040813682,-0.2458976743413398
2009-03-05,2009,False,False,435.30014858189276,576.9107591794314,1.4707438773998036,2.2745192729482686,-0.2454636325364401
2009-03-06,2009,False,False,432.336024000481,572.8842704342214,1.4532866979650714,2.250826399162464,-0.24533444831224105
2009-03-09,2009,False,False,428.2323566856932,567.315986909079,1.4293738646429213,2.218399100567235,-0.2451607806456476
2009-03-10,2009,False,False,451.6983231447388,599.0492596943469,1.5618363261624784,2.397546716492816,-0.2459746576179579
2009-03-11,2009,False,False,451.8606977404146,599.2529063969016,1.5620967397652374,2.3978257579205757,-0.2459599395899552
2009-03-12,2009,False,False,455.85519827480607,604.6413975070469,1.5840799696072487,2.4274956828536545,-0.24607345750008258
2009-03-13,2009,False,False,454.3535439020645,602.5936225629897,1.5749041643084536,2.4150076497644957,-0.2460033978295706
2009-03-16,2009,False,False,449.74307094519554,596.3396339119973,1.5481193821257535,2.378694809699702,-0.24582730147437304
2009-03-17,2009,False,False,460.094828298057,610.3294570216619,1.6060984095152557,2.457066955323523,-0.24615333078749435
2009-03-18,2009,False,False,467.3444970989502,620.1221721192882,1.6464810646529995,2.511631347908453,-0.24636705779800638
2009-03-19,2009,False,False,470.9390740274141,624.969568885245,1.6661501874943667,2.5381704877703015,-0.24646079189515468
2009-03-20,2009,False,False,466.6839239548762,619.1963300580256,1.6413805832280097,2.504584322427724,-0.2463070252513565
2009-03-23,2009,False,False,493.66764400296927,655.6891032655493,1.793386874502398,2.7101749670375734,-0.24710103989170995
2009-03-24,2009,False,False,482.73778491706804,640.8850214405572,1.7308385878569026,2.6254745363055436,-0.24676382070532998
2009-03-25,2009,False,False,486.4730081108225,645.9227117964699,1.7512612283902556,2.653033331496745,-0.2468557008038602
2009-03-26,2009,False,False,495.5225612750731,658.1506601105679,1.8017209838220527,2.7212322082838583,-0.24709858804695817
2009-03-27,2009,False,False,487.7957412235261,647.6802717210616,1.7573243337403834,2.661090950119053,-0.24685718784158583
2009-03-30,2009,False,False,473.5352006289313,628.3697969251739,1.676027334661312,2.5510237689067106,-0.24640680862431752
2009-03-31,2009,False,True,476.69175512534673,632.6245518537994,1.69317375777032,2.574150010473443,-0.2464855280616567
2009-04-01,2009,False,False,488.724178145389,648.9123688321639,1.7603737822388532,2.6651362261065454,-0.2468564298983278
2009-04-02,2009,False,False,508.8515751010434,676.1699792313786,1.8732443540431585,2.8180123050896593,-0.24745021114443855
2009-04-03,2009,False,False,516.3676902689779,686.3375832780335,1.9148613619473767,2.874330134225422,-0.24764765495903396
2009-04-06,2009,False,False,513.8657533289288,682.9293607713225,1.899919601179056,2.8540031646237165,-0.2475565075302193
2009-04-07,2009,False,False,510.0062890545546,677.681503629694,1.8773274417746375,2.8233089062324064,-0.24742480601442285
2009-04-08,2009,False,False,514.1336619278808,683.2568998169991,1.8997950475345782,2.8536768179187764,-0.24752510795634208
2009-04-09,2009,False,False,529.6596560485345,704.2789819801053,1.9865218835553113,2.9711247926704556,-0.24794056105525442
2009-04-13,2009,False,False,534.9487009135223,711.4286021084233,2.0154943681709256,3.0103077909155767,-0.24806410744785468
2009-04-14,2009,False,False,529.3409111662297,703.8115255693178,1.983042610122455,2.9662526095763195,-0.2478939432853955
2009-04-15,2009,False,False,524.4631588056845,697.1837492288065,1.954722021440476,2.927795770303135,-0.2477404136487371
2009-04-16,2009,False,False,535.4979401093997,712.1196256545295,2.016040214640381,3.0108117468573896,-0.24802249394937237
2009-04-17,2009,False,False,534.4528840292787,710.6856753566382,2.0093067794441364,3.0016085324135036,-0.24797571899689952
2009-04-20,2009,False,False,516.4800860439515,686.3123267038422,1.9072900987557073,2.863283572777046,-0.24745620040885097
2009-04-22,2009,False,False,527.8684792068724,701.7273954132594,1.9705598154579196,2.9489442623143467,-0.2477584847660087
2009-04-23,2009,False,False,529.58387699539,704.0342364913025,1.9793748354171026,2.960811457053741,-0.24778675589034027
2009-04-24,2009,False,False,544.0749290519875,723.6538310447452,2.060038971046049,3.0700440441211763,-0.2481558091573952
2009-04-27,2009,False,False,532.4785513665324,707.9214013140461,1.993975548870016,2.9804408283050106,-0.2478281481840442
2009-04-28,2009,False,False,534.7072566926067,710.9238440942257,2.005661926321566,2.9961992360552316,-0.24786985113171034
2009-04-29,2009,False,False,551.0005885477369,732.9857735129482,2.0963786937214772,3.1190546418260645,-0.2482792866402017
2009-04-30,2009,False,True,552.3737813112168,734.8288801229003,2.1032234905124536,3.1282521355219117,-0.24829603700546965
2009-05-04,2009,False,False,582.4123483387009,775.5728561902039,2.2710606477882664,3.355927302388115,-0.24905527096493907
2009-05-05,2009,False,False,586.1923831116136,780.6844500182785,2.2913665531252865,3.383405109591682,-0.24913019197719544
2009-05-06,2009,False,False,602.2347646150494,802.4358400701459,2.380492644485261,3.504270783441739,-0.24949169199321375
2009-05-07,2009,False,False,579.1517049224902,771.0946710079583,2.250009567466275,3.327130589270249,-0.24892269821365043
2009-05-08,2009,False,False,593.3233656223858,790.3075247056843,2.3286023316823883,3.4337028033979484,-0.24925001081908793
2009-05-11,2009,False,False,592.8144307481573,789.5990595754835,2.3248145302756997,3.428486032391943,-0.24922095136881828
2009-05-12,2009,False,False,585.1762245189735,779.2162943151707,2.2810553659600417,3.3690288439314307,-0.2490195228357397
2009-05-13,2009,False,False,566.1083704535253,753.323691086262,2.173253197609446,3.222666429855728,-0.24851909325031296
2009-05-14,2009,False,False,572.249619899199,761.6394131174297,2.20677848080246,3.268083009904342,-0.24866070473302904
2009-05-15,2009,False,False,570.9764271357194,759.8938630132809,2.1987474909564106,3.2571084762648788,-0.24861029292752657
2009-05-18,2009,False,False,594.6043533608276,791.9387084035876,2.3301840009007426,3.435389013741739,-0.24917882274065395
2009-05-19,2009,False,False,602.8330534592326,803.0870655128523,2.375325047364124,3.4965681159734174,-0.24935529490284747
2009-05-20,2009,False,False,600.1910405956013,799.484049783722,2.3595916070282743,3.4751416164775923,-0.2492770296568566
2009-05-21,2009,False,False,578.3741394956822,769.8610364246421,2.2365648544805943,3.3081199576085174,-0.24872917042048992
2009-05-22,2009,False,False,590.1047376836411,785.7614097578178,2.301285245782607,3.395868026617163,-0.24900264844322229
2009-05-25,2009,False,False,589.6186164777484,785.0839023880333,2.2976432688912105,3.3908495659285975,-0.24897375339849315
2009-05-26,2009,False,False,603.0465515898952,803.2875330961863,2.371800679842858,3.491403595729306,-0.24927684453720267
2009-05-27,2009,False,False,602.5354494171748,802.576126978746,2.368001394170904,3.486171755051682,-0.2492482280959606
2009-05-28,2009,False,False,616.8340681813594,821.9612606131891,2.4469632197896583,3.5932453792298915,-0.24955822404428563
2009-05-29,2009,False,True,618.6748270773827,824.4412900170713,2.4562839501529754,3.6058172626652025,-0.24958291806979715
2009-06-01,2009,False,False,633.4208363604276,844.4585970319098,2.5377227562683453,3.716391100444177,-0.24990894925249674
2009-06-02,2009,False,False,627.9159507401241,836.9624113581317,2.5060449256959862,3.67328121205019,-0.24976803949748438
2009-06-03,2009,False,False,606.1435507762542,807.3646771310761,2.3835764397398553,3.506820366760393,-0.2492320162802385
2009-06-04,2009,False,False,621.9014603183364,828.7567831615386,2.470616706533368,3.6250046362987796,-0.24959714001264788
2009-06-05,2009,False,False,620.5472935150586,826.8998925594,2.4621395227992107,3.613415978678905,-0.24954967451458232
2009-06-08,2009,False,False,623.8958222341928,831.4322296674541,2.4798970164456966,3.6374706037228517,-0.24961313746072744
2009-06-09,2009,False,False,618.545042943498,824.145417623493,2.449135927194226,3.595606417974868,-0.24947099174908305
2009-06-10,2009,False,False,621.4877165029372,828.1263473482093,2.4646249128117015,3.616579053441039,-0.24952548787629014
2009-06-12,2009,False,False,623.2155622234924,830.456774365633,2.4733351397806103,3.628341895349866,-0.24955087192882186
2009-06-15,2009,False,False,605.8744891971794,806.8795780890846,2.3757931210243473,3.4957471848954036,-0.24911411113903914
2009-06-16,2009,False,False,596.4767932803868,794.094499843309,2.3225497768934007,3.4233380627876633,-0.24885918061630719
2009-06-17,2009,False,False,594.7000032711873,791.6634202711685,2.311774083451321,3.408626843196642,-0.24879691540189564
2009-06-18,2009,False,False,593.1184982629428,789.4976609464353,2.302091321188175,3.3954005513984997,-0.24873938505159943
2009-06-19,2009,False,False,598.5358844951141,796.8408119138475,2.3313685593420077,3.435106559817333,-0.2488639191841162
2009-06-22,2009,False,False,577.1504043462205,767.7687589246452,2.21148873642571,3.272163205463049,-0.24827573714435736
2009-06-23,2009,False,False,580.8342939898918,772.7567277659799,2.231131171864298,3.298779147837239,-0.24836074133049746
2009-06-24,2009,False,False,579.2683022761156,770.6120452833304,2.2215662997347527,3.28571317556937,-0.24830100201309935
2009-06-25,2009,False,False,600.3351805766349,799.2170806098311,2.3378445306087716,3.443621576067369,-0.24884590789956873
2009-06-26,2009,False,False,600.0497200665507,798.8121674597701,2.3353743042343997,3.4401946841331847,-0.24882250858206856
2009-06-29,2009,False,False,607.534252786634,808.96380763484,2.376083437025487,3.4954326436442544,-0.248996992136303
2009-06-30,2009,False,True,599.9151104533049,798.5951273432528,2.3328617247405825,3.4366395963514043,-0.24878691352764926
2009-07-01,2009,False,False,600.8539482507915,799.8558818272198,2.337234754233126,3.442521938954516,-0.24879723722456237
2009-07-02,2009,False,False,594.981080956558,791.8504397932837,2.3037818730550916,3.3969484289379714,-0.24861937171888093
2009-07-03,2009,False,False,593.997068718357,790.4954752956999,2.2974856199353653,3.3883170468093358,-0.24857625719342524
2009-07-06,2009,False,False,590.4810814999008,785.6961782221246,2.2771402101407205,3.360574147549632,-0.24846130366060448
2009-07-07,2009,False,False,577.2287909774093,767.6522531797362,2.20278269899193,3.259356764175082,-0.24805953661122349
2009-07-08,2009,False,False,574.0900277648866,763.3661068845907,2.184563946250001,3.2345068964853745,-0.24794928332902755
2009-07-10,2009,False,False,574.6285997514206,764.0823660309377,2.186747969380199,3.2374116593598767,-0.24794940271118127
2009-07-13,2009,False,False,574.2879329602908,763.6025664533247,2.184056079920967,3.2336835841666183,-0.24792299267973417
2009-07-14,2009,False,False,570.7476491850571,758.770217938623,2.1636302046034905,3.2058313919500394,-0.24779908898424252
2009-07-15,2009,False,False,598.4441823003039,796.4303848812898,2.3163153679110033,3.4134681278056362,-0.2485919753180893
2009-07-16,2009,False,False,605.5794405544927,806.1203430501243,2.355010750994419,3.46604068171814,-0.24877290869108115
2009-07-17,2009,False,False,607.384855543717,808.5599322676053,2.3641658665563376,3.478428627866898,-0.24880663596536756
2009-07-20,2009,False,False,619.7775236659041,825.4017257487545,2.431941988585424,3.570560776861968,-0.24912015042895697
2009-07-21,2009,False,False,620.7200116503246,826.6674457074449,2.4362959879987773,3.5764176662213867,-0.2491297257760946
2009-07-22,2009,False,False,618.9289658947426,824.21464578277,2.425518804952034,3.5616911213134443,-0.24906822626655012
2009-07-23,2009,False,False,632.3978688206738,842.5204784518489,2.499183378786424,3.6618336332848784,-0.24939762890663542
2009-07-24,2009,False,False,634.8151463946658,845.7924053698127,2.5116754389445926,3.678761105892854,-0.2494433121362678
2009-07-27,2009,False,False,635.9066076333194,847.2607787656455,2.5168289009384175,3.6857056643650576,-0.24945586580821444
2009-07-28,2009,False,False,635.068602872468,846.1044332569912,2.511311702235309,3.67813458950837,-0.24942054679014347
2009-07-29,2009,False,False,626.7071065678174,834.713623659402,2.46421013680703,3.61399490464996,-0.2491950666621202
2009-07-30,2009,False,False,635.2381050507939,846.3022552255351,2.51048437857761,3.676877572208433,-0.2493957080599929
2009-07-31,2009,False,True,638.5606289843528,850.8056198748619,2.5279592761566447,3.7005835352202316,-0.24946355070118897
2009-08-03,2009,False,False,652.6624943419349,869.9942106141087,2.60492172045782,3.8053336199095957,-0.24980823276831277
2009-08-04,2009,False,False,653.1693525331548,870.6672835817377,2.6067726540090055,3.8077867355289223,-0.24980602251854844
2009-08-05,2009,False,False,657.1638502712187,876.0902953482491,2.627876145030387,3.836460621007684,-0.24989027528264807
2009-08-06,2009,False,False,650.0342892603771,866.3630607825994,2.5875742639863124,3.781504409049825,-0.2496975936702669
2009-08-07,2009,False,False,656.636617425913,875.3377684058584,2.6230606846936864,3.8297669827963805,-0.24984772607063221
2009-08-10,2009,False,False,662.3933569745803,883.160839191305,2.653864065265612,3.871651595223905,-0.2499742656375905
2009-08-11,2009,False,False,650.2487813218089,866.6034800371721,2.5859307793482103,3.7790633090285217,-0.24965823897462636
2009-08-12,2009,False,False,659.7309929097216,879.5004020465435,2.6372672226579557,3.8489126917766905,-0.24987982794030783
2009-08-13,2009,False,False,665.0225617610209,886.6899405205642,2.6654786868717686,3.8872673886960234,-0.24999424108658008
2009-08-14,2009,False,False,660.3936069364727,880.3683693514511,2.6390096420010294,3.851150815109019,-0.24986672633073947
2009-08-17,2009,False,False,644.2477419942753,858.3615137725528,2.549108757051359,3.728644225924347,-0.2494447483289809
2009-08-18,2009,False,False,650.3472569096888,866.6514223696311,2.58177088777956,3.7730605480624835,-0.24958611949025045
2009-08-19,2009,False,False,655.0415639239552,873.0275289695405,2.6066787735718555,3.8069161269953726,-0.2496896808086687
2009-08-20,2009,False,False,662.7910774017597,883.5646285633755,2.6483912517528054,3.8636585058534436,-0.24986689600802692
2009-08-21,2009,False,False,673.0718814497691,897.5491816939561,2.704011926217282,3.9393429810201983,-0.25010027842767135
2009-08-24,2009,False,False,673.6531121997638,898.3235452616464,2.706239286401634,3.9423092613294664,-0.25009968206549116
2009-08-25,2009,False,False,669.6633963619862,892.8725761212802,2.6833240763755133,3.911033027382631,-0.24998996018999153
2009-08-26,2009,False,False,673.6379321402563,898.2684009936034,2.704214866442886,3.939417758802218,-0.25007054529011163
2009-08-27,2009,False,False,672.9801525629308,897.3553128774518,2.6996291109480484,3.9331051231482954,-0.2500404879701904
2009-08-28,2009,False,False,672.990357194479,897.3519759176779,2.69871695919499,3.9317957326017368,-0.2500263271764185
2009-08-31,2009,False,True,659.2175700325774,878.5770983198738,2.622074560618557,3.8273466940652403,-0.24967590062019984
2009-09-01,2009,False,False,651.5767547143291,868.1416366708761,2.5791555974368063,3.7687612791233063,-0.24945800639976623
2009-09-02,2009,False,False,646.7281042637065,861.513255661797,2.5515926227870906,3.7311135901929227,-0.24931148764866862
2009-09-03,2009,False,False,650.4424501546061,866.5604092780154,2.5710565890841117,3.7575865607420456,-0.24939745320637297
2009-09-04,2009,False,False,661.2707822426762,881.3073909516386,2.629557351567224,3.8372857318307396,-0.24967067219459727
2009-09-08,2009,False,False,675.0353475139128,900.0578885478103,2.7041396126971953,3.938911852496477,-0.25000896486442437
2009-09-09,2009,False,False,675.712053465893,900.9632594431762,2.7068843058473746,3.9425884138732235,-0.25001153334098836
2009-09-10,2009,False,False,682.8985256091684,910.7446122422722,2.745330122170941,3.9949430287510355,-0.2501756074868695
2009-09-11,2009,False,False,681.0137128803985,908.1573855867757,2.7340177468638034,3.979453028021486,-0.2501148769049716
2009-09-14,2009,False,False,686.7780950079585,915.9997370647728,2.764641084616844,4.021141863315122,-0.2502420391422071
2009-09-15,2009,False,False,691.3463565046693,922.21119355175,2.788693498590306,4.053871363409903,-0.2503383592189349
2009-09-16,2009,False,False,704.4753329760688,940.0950740498896,2.8596352706750436,4.150533930354209,-0.25063394924385785
2009-09-17,2009,False,False,702.5309765729424,937.4266603654677,2.84797874492222,4.134574822033078,-0.2505749982627421
2009-09-18,2009,False,False,707.9053590403009,944.7372523570738,2.876404834379744,4.173267874706271,-0.2506854606673853
2009-09-21,2009,False,False,710.5196298440454,948.284467837359,2.8897060027958688,4.1913383275767835,-0.25073155372412237
2009-09-22,2009,False,False,717.0163307251864,957.1253264527152,2.92424887808937,4.238371606856142,-0.25086473953982324
2009-09-23,2009,False,False,705.6890547405471,941.66342342285,2.8612480848232122,4.152405391318356,-0.2505931130090624
2009-09-24,2009,False,False,700.6046250276733,934.7135604429106,2.8324295716543726,4.113046306147727,-0.2504606173727765
2009-09-25,2009,False,False,704.182088908558,939.5740772110247,2.8509957987186754,4.138295734747791,-0.25053052655644803
2009-09-28,2009,False,False,715.190420839798,954.5664863399054,2.9101793380983483,4.218926376760743,-0.250769400482461
2009-09-29,2009,False,False,714.3099798595143,953.348707557376,2.9043491871550753,4.210911727929436,-0.2507358805890818
2009-09-30,2009,False,True,717.581512448015,957.7920909699764,2.9212104505356007,4.2338365626774666,-0.2507961600295686
2009-10-01,2009,False,False,705.5543131188316,941.3586441712671,2.8544850612631274,4.142698108115663,-0.25049361634112133
2009-10-02,2009,False,False,713.7311266045666,952.5018991639854,2.898141393679037,4.202221035746084,-0.2506774766212947
2009-10-05,2009,False,False,727.4362622697882,971.190828055607,2.9719608704278606,4.302914037745124,-0.2509852428011833
2009-10-06,2009,False,False,730.9206463838624,975.9293293667162,2.989948940488981,4.327402109878097,-0.2510516649211073
2009-10-07,2009,False,False,730.5997106195157,975.4739034877417,2.987160582902762,4.323532217578632,-0.2510310034873252
2009-10-08,2009,False,False,743.4411208015417,992.9839230063623,3.0561869412398996,4.417683134095507,-0.25130598433991125
2009-10-09,2009,False,False,747.0378622321699,997.8757821796486,3.074751975811835,4.4429588118889916,-0.2513718885927628
2009-10-13,2009,False,False,753.6396200559973,1006.8692246231858,3.109694110925978,4.490587825782109,-0.2515019809667517
2009-10-14,2009,False,False,771.4310259251962,1031.1355532069647,3.2056208578476424,4.621455508137658,-0.2518626445126966
2009-10-15,2009,False,False,777.2070430236073,1039.0019321334453,3.2360103564743703,4.6628706397099275,-0.25196766340201004
2009-10-16,2009,False,False,771.5189636465668,1031.2208269334933,3.203917549708848,4.61900294904083,-0.25183923414269394
2009-10-19,2009,False,False,783.4178271212969,1047.4443530356968,3.267645750855314,4.705922545719749,-0.2520673534104221
2009-10-20,2009,False,False,761.3779368961891,1017.3444631647102,3.146508473760365,4.540517045243495,-0.25160261399788986
2009-10-21,2009,False,False,763.5070750427718,1020.233172840766,3.1570258169297913,4.554808563561339,-0.2516347288367019
2009-10-22,2009,False,False,770.9620640623604,1030.3912008772838,3.196527564880654,4.608661280047423,-0.25177732165612765
2009-10-23,2009,False,False,758.7344466568464,1013.6842010188332,3.128899554235235,4.516291324538869,-0.2515080674096942
2009-10-26,2009,False,False,759.0867422450909,1014.1476767668335,3.129746525167593,4.517383733705571,-0.25150275484029394
2009-10-27,2009,False,False,737.1817948681897,984.2319720237206,3.0095357918238754,4.353243049080065,-0.25100807957656635
2009-10-28,2009,False,False,703.0233980914163,937.5913857874067,2.8227579906576232,4.09824420029403,-0.25018146631007687
2009-10-29,2009,False,False,743.6596129537506,993.038870850192,3.0426745721016726,4.398347472910699,-0.2511273880779056
2009-10-30,2009,False,True,718.8964551393916,959.2219600638559,2.907045951844519,4.213162826434,-0.25054212156325706
2009-11-03,2009,False,False,731.4707107894992,976.3833440653347,2.9742474992852395,4.304913793892296,-0.2508365538642854
2009-11-04,2009,False,False,746.002493251165,996.2193684640241,3.0520432738056407,4.411140080279147,-0.2511664429879984
2009-11-05,2009,False,False,756.3572071088771,1010.3481114277467,3.1071125850439163,4.486314409010342,-0.2513894977840352
2009-11-06,2009,False,False,752.4221235310583,1004.952182104293,3.0845772420257447,4.455454702851876,-0.25128564629259875
2009-11-09,2009,False,False,772.4164107390618,1032.2518263002935,3.191919966878655,4.602052185005877,-0.2517170800196218
2009-11-10,2009,False,False,773.4858475157383,1033.6937559679734,3.1965251578523777,4.608275660591517,-0.2517263038012363
2009-11-11,2009,False,False,774.9957021596387,1035.737444657484,3.2035165118564466,4.617759477160204,-0.25174501881996947
2009-11-12,2009,False,False,752.4250454649915,1004.8790509687146,3.079930326436883,4.448830470435381,-0.2512282500668659
2009-11-13,2009,False,False,762.4894553931297,1018.6111410677495,3.1333237239570506,4.521715172692508,-0.25144206198858443
2009-11-16,2009,False,False,777.3877394366111,1038.9479299671234,3.212882786450545,4.6303510180762535,-0.25175485987905966
2009-11-17,2009,False,False,786.3249260122747,1051.139853618676,3.2601008252732298,4.694798180426246,-0.2519312027745346
2009-11-18,2009,False,False,776.221824994832,1037.3163367304885,3.20416609888877,4.618303990273455,-0.25170191820038124
2009-11-19,2009,False,False,774.1256371532247,1034.4329578320358,3.19161787002316,4.601090395784748,-0.25164252425247846
2009-11-23,2009,False,False,779.6777316212138,1041.9997064688666,3.220477749516541,4.6404542515408735,-0.2517486072396419
2009-11-24,2009,False,False,785.5204722238018,1049.963575537613,3.250894039376882,4.681944726634762,-0.25185931157507857
2009-11-25,2009,False,False,792.4181168502398,1059.36879851309,3.287000062686377,4.731209331363528,-0.25199031917641634
2009-11-26,2009,False,False,775.072132409529,1035.6490653984984,3.1919642800401506,4.601290134520771,-0.25160736555939844
2009-11-27,2009,False,False,782.9994719563058,1046.4611981616117,3.2336340259447374,4.658156734510706,-0.2517644482835548
2009-11-30,2009,False,True,782.6219518187808,1045.9260977355548,3.2303889287501653,4.65365458235435,-0.25174259107486785
2009-12-01,2009,False,False,798.2304173504685,1067.2545417089457,3.313593176711529,4.767384716071038,-0.2520711918711549
2009-12-02,2009,False,False,800.6346738543873,1070.524326784511,3.325416930601768,4.783491770850951,-0.2521097803921747
2009-12-03,2009,False,False,797.2629658090339,1065.8946478799262,3.3060381626196795,4.756924914285316,-0.25202460919116454
2009-12-04,2009,False,False,789.1992846653862,1054.8480195343197,3.2613352303746552,4.695723647593519,-0.25183602751248335
2009-12-07,2009,False,False,799.6143326687579,1069.0737165381186,3.316406654082363,4.770978226926416,-0.252049395379325
2009-12-08,2009,False,False,790.7250248680355,1056.8979247457878,3.2672694272425007,4.703712491882286,-0.2518435258937366
2009-12-09,2009,False,False,794.00863421796,1061.3703515747102,3.283834012505853,4.72630348839876,-0.25190237974904517
2009-12-10,2009,False,False,802.2293495324471,1072.5949823689712,3.3270191452667044,4.7853019545251945,-0.25206684469042073
2009-12-11,2009,False,False,808.4296863791109,1081.0564544220908,3.3592865267139977,4.829368856414618,-0.25218550513971105
2009-12-14,2009,False,False,809.4142483024893,1082.3846025457453,3.3634191283153054,4.8349574261226165,-0.25219349351536924
2009-12-15,2009,False,False,809.024058571949,1081.832579647029,3.3601404396224686,4.830410022349927,-0.2521725877067684
2009-12-16,2009,False,False,801.2214798624052,1071.1430465113635,3.3169260768448554,4.7712448626689845,-0.2519939493871277
2009-12-17,2009,False,False,783.5402405584105,1046.9430212540262,3.2205237843167804,4.639337577452336,-0.2515922789953865
2009-12-18,2009,False,False,780.46761970494,1042.7223871901858,3.2028412477379646,4.61509093801931,-0.2515096738183029
2009-12-21,2009,False,False,770.6048526763268,1029.2152496042181,3.148612935000413,4.540862716577218,-0.2512694958876087
2009-12-22,2009,False,False,787.6822903121604,1052.5527246451577,3.2394095280525317,4.664976989478782,-0.2516457637999008
2009-12-23,2009,False,False,789.6820604764846,1055.2693163548645,3.249029112060718,4.678070036883855,-0.251677227568577
2009-12-28,2009,False,False,793.3005744775792,1060.1997735622867,3.2673511268293653,4.7030649465426935,-0.2517442521119603
2009-12-29,2009,False,False,797.84874546336,1066.4016706827792,3.290662788186932,4.734883950969504,-0.25183093069187923
2009-12-30,2009,False,True,801.2337615690376,1071.0127858654098,3.307708395532459,4.758133257340913,-0.25189150667177407
2010-01-04,2010,False,False,817.9023862753814,1093.8114206654052,3.3960807183118087,4.8790429965043,-0.25224552347622986
2010-01-05,2010,False,False,820.1763847401913,1096.9049308697565,3.407056365968222,4.894002739401972,-0.25228124912351513
2010-01-06,2010,False,False,825.812889781023,1104.6014512476543,3.4360884664516353,4.933680399690537,-0.25238837152688676
2010-01-07,2010,False,False,822.6919119577693,1100.3096582032072,3.418074145618319,4.908955202334917,-0.252308742521432
2010-01-08,2010,False,False,820.5952678427956,1097.420098395698,3.4055693950305495,4.891772215178938,-0.25225055651667805
2010-01-11,2010,False,False,822.5960726292835,1100.1396276866342,3.415063666654347,4.904704216397189,-0.2522802997661009
2010-01-12,2010,False,False,818.5683655580211,1094.6065927713164,3.3922052938724647,4.873347998490543,-0.2521803075517971
2010-01-13,2010,False,False,822.1535796104342,1099.4950552093646,3.410197067362578,4.897912492653282,-0.25224440463365194
2010-01-14,2010,False,False,815.5440496936028,1090.4277054739075,3.373507463781669,4.847622467966199,-0.2520879232987191
2010-01-15,2010,False,False,806.2074879322449,1077.627261084167,3.3222184736773848,4.77734705434514,-0.2518679537476206
2010-01-18,2010,False,False,811.0809898355838,1084.27928946631,3.347119550599743,4.8113699576473605,-0.25196303414150467
2010-01-19,2010,False,False,816.924414848222,1092.2590672040974,3.377203576456914,4.852487951742203,-0.2520781567514576
2010-01-20,2010,False,False,797.4882421145801,1065.6330403200952,3.271856949584725,4.708211944201244,-0.25162958359940657
2010-01-21,2010,False,False,775.5264822278169,1035.5496809083602,3.1530448597318266,4.545502800805762,-0.2510967879903714
2010-01-22,2010,False,False,775.0076314149511,1034.8199975076798,3.1490969278343393,4.540033798998568,-0.2510701056400879
2010-01-26,2010,False,False,767.1175702944281,1023.9997000753563,3.105699671998347,4.480561775051203,-0.25086152834031505
2010-01-27,2010,False,False,761.9921835711859,1016.9640270265137,3.0771195403696225,4.44137327893657,-0.2507186455757302
2010-01-28,2010,False,False,767.9537833858036,1025.1055768838405,3.1078608908587464,4.483391317790813,-0.25085396011573546
2010-01-29,2010,False,True,765.8842875361495,1022.2531809416308,3.0956379012628306,4.466594550490004,-0.25078806129938536
2010-02-01,2010,False,False,779.2854968631566,1040.5957882712637,3.166064432294867,4.563030647128823,-0.25111603790192205
2010-02-02,2010,False,False,786.0878526240169,1049.8962325956027,3.2011821102233675,4.6110843784800615,-0.25127090828718024
2010-02-03,2010,False,False,785.5200246922951,1049.0975890012198,3.196901289540312,4.605151855750062,-0.25124217906158797
2010-02-04,2010,False,False,749.364014840053,999.5337866164894,3.002537764724318,4.338756130295788,-0.25028645867318133
2010-02-05,2010,False,False,736.0586314663722,981.281345716158,2.9303041727661516,4.2397105377902236,-0.24990051560678306
2010-02-08,2010,False,False,740.5673010127454,987.4388373402298,2.9532062331641202,4.271025822100871,-0.25001197744303727
2010-02-09,2010,False,False,758.4754645878427,1011.9571560355006,3.0476010562055045,4.400305012937744,-0.25048658427468595
2010-02-10,2010,False,False,762.3323476298606,1017.2215289143304,3.066977551078094,4.426789425150547,-0.2505739153559897
2010-02-11,2010,False,False,774.6789951380424,1034.1191095026675,3.1316213074028925,4.51530191734756,-0.2508803018729593
2010-02-12,2010,False,False,771.6094203366107,1029.8924154496488,3.1140312695672367,4.4911325468286964,-0.25078638432371814
2010-02-17,2010,False,False,787.972186018637,1052.2931330317697,3.200029419110294,4.608906246541858,-0.2511856617857
2010-02-18,2010,False,False,794.3187246861468,1060.9689881881025,3.2326042168000715,4.653475958373548,-0.2513271042514962
2010-02-19,2010,False,False,791.652039267526,1057.2943584347322,3.2171461103330765,4.632228011786085,-0.2512472681311527
2010-02-22,2010,False,False,786.9934924665018,1050.8903552950455,3.191089604851193,4.596457513405568,-0.25111740868004506
2010-02-23,2010,False,False,774.7772336191747,1034.1303011254752,3.12481224641974,4.50557391903536,-0.2507934128069149
2010-02-24,2010,False,False,771.2560622530345,1029.2848011374872,3.10485189844903,4.478156836331984,-0.2506874079936855
2010-02-25,2010,False,False,775.0333255925601,1034.44007410659,3.1237362875158388,4.503967287590487,-0.25077020410106443
2010-02-26,2010,False,True,779.4489153721231,1040.4700219966549,3.146004869000654,4.534415010620505,-0.25086845474282293
2010-03-01,2010,False,False,787.7584700811237,1051.8510932231045,3.1892357946510623,4.5936589928627525,-0.2510741537880068
2010-03-02,2010,False,False,794.0897375403806,1060.5187833494242,3.221928794135171,4.638449379805076,-0.2512252022237492
2010-03-03,2010,False,False,792.5611259162262,1058.406013076476,3.212827801264895,4.625915946558574,-0.25117477024484836
2010-03-04,2010,False,False,794.5822070167897,1061.1619337136913,3.222594907898835,4.639261662526549,-0.25121493546603857
2010-03-05,2010,False,False,806.3951427037862,1077.3481755408625,3.284381677566893,4.723956580605184,-0.2514999690801438
2010-03-08,2010,False,False,803.3470267001221,1073.151282011567,3.2672012965595396,4.700341682740425,-0.2514130671359872
2010-03-09,2010,False,False,814.807719348013,1088.854393997465,3.3270786296477253,4.782417700748486,-0.2516834906119596
2010-03-10,2010,False,False,819.4470110951412,1095.2014024736525,3.350711277744285,4.814781222736382,-0.25178418394615343
2010-03-11,2010,False,False,818.4106043653328,1093.763731055981,3.344205839003612,4.805807942369619,-0.2517482696421163
2010-03-12,2010,False,False,812.2575481011586,1085.3081606227151,3.3105499783863968,4.759595683969185,-0.25158809491019474
2010-03-15,2010,False,False,808.677873625269,1080.3821916205134,3.2905631126600188,4.7321315818389404,-0.25148907497975603
2010-03-16,2010,False,False,819.1980727960143,1094.795340672053,3.3453772311596692,4.807263107808399,-0.2517340526009729
2010-03-17,2010,False,False,816.7437965791325,1091.412946480085,3.3313597697302386,4.787986573447535,-0.25166381871022125
2010-03-18,2010,False,False,816.491723766711,1091.0510525198604,3.329024814807365,4.7847335656885175,-0.25164663754187766
2010-03-19,2010,False,False,806.6300775778598,1077.5088508043798,3.2757528887510423,4.711616402051334,-0.251393548205478
2010-03-22,2010,False,False,809.100359807956,1080.88088715239,3.287859049673499,4.728170600116353,-0.2514435499553028
2010-03-23,2010,False,False,813.0790817884194,1086.3218707222259,3.307951827029174,4.755679112326929,-0.25153022902148214
2010-03-24,2010,False,False,807.723477300925,1078.9600699522832,3.278590506200201,4.715357348895098,-0.2513870533349335
2010-03-25,2010,False,False,802.385895611416,1071.622988908675,3.24933815313437,4.675185066750984,-0.25124236423058277
2010-03-26,2010,False,False,805.1784209067563,1075.4370077053886,3.2631454145615537,4.694072554609562,-0.2513011779046649
2010-03-29,2010,False,False,819.5541300262614,1095.1383007449588,3.3382612176303823,4.797049693241439,-0.2516432586927455
2010-03-30,2010,False,False,819.8309921142068,1095.501883816465,3.3387282141340897,4.797639974178254,-0.2516389024744413
2010-03-31,2010,False,True,824.5736297788962,1101.9906395841658,3.362823437983577,4.830638304678126,-0.25174171162647296
2010-04-01,2010,False,False,833.347576550528,1114.0171067917042,3.4080802779715835,4.892711487922265,-0.25194364478790277
2010-04-05,2010,False,False,835.146700501838,1116.4683508837595,3.4164288762656687,4.904116080823688,-0.2519745858977879
2010-04-06,2010,False,False,832.983432468235,1113.4799173949016,3.4038246495809403,4.8867561057092335,-0.2519097835036992
2010-04-07,2010,False,False,829.5804696972614,1108.7895978494075,3.3846747869834104,4.860410136624776,-0.25181434664763824
2010-04-08,2010,False,False,840.9442240983797,1124.3714221631164,3.44356261082367,4.941196418299162,-0.2520761311413152
2010-04-09,2010,False,False,836.8020984733242,1118.6663601031762,3.420507651734412,4.909489488130883,-0.25196454607239216
2010-04-12,2010,False,False,827.6934372515527,1106.1431052841324,3.371235475318472,4.841790891387021,-0.2517302387931577
2010-04-13,2010,False,False,829.7743100068105,1108.981141661787,3.3810681626547536,4.855233060516299,-0.25176878232265554
2010-04-14,2010,False,False,832.589896950825,1112.8278133072731,3.3947738028547105,4.873992152585237,-0.2518250469707384
2010-04-15,2010,False,False,826.8167081080975,1104.883584084668,3.3631488554517013,4.83052023263677,-0.2516707461147889
2010-04-16,2010,False,False,814.2849700208722,1087.6610378896958,3.2958848326081354,4.738122067473995,-0.2513430732052644
2010-04-19,2010,False,False,810.6417793223218,1082.6409270270065,3.2755368107717384,4.710131471661427,-0.2512367128514251
2010-04-20,2010,False,False,813.2110927166506,1086.1495077637442,3.287957251340102,4.7271263261995475,-0.25128991275707724
2010-04-22,2010,False,False,814.0364152350446,1087.2638912314433,3.291177729230599,4.731491255832595,-0.2512982158240712
2010-04-23,2010,False,False,815.4903683844334,1089.241275624623,3.297709451301361,4.740401979576406,-0.251322561278453
2010-04-26,2010,False,False,808.2679412606706,1079.307493370222,3.2585244534281905,4.6865515983678705,-0.25112357115506456
2010-04-27,2010,False,False,781.388230883658,1042.3876674781654,3.115818966993194,4.490585554270031,-0.2503861516569357
2010-04-28,2010,False,False,783.0877731726821,1044.7022032036912,3.1236849561489306,4.501328084274308,-0.2504200998416012
2010-04-29,2010,False,False,798.2214862663006,1065.4595275332101,3.2022715781326694,4.609157818021639,-0.2508195143607458
2010-04-30,2010,False,True,793.1575743721348,1058.4890126554856,3.174513549327025,4.570994803449924,-0.2506699976201927
2010-05-03,2010,False,False,788.5247412239695,1052.105105741535,3.149090344701418,4.536007822744233,-0.25052664708037053
2010-05-04,2010,False,False,762.9059567786741,1016.8838803485501,3.0132828387655692,4.349339049929747,-0.2497609889172614
2010-05-05,2010,False,False,763.4651723387246,1017.6344969087846,3.0152187876567034,4.3519470160492055,-0.24976484714515568
2010-05-06,2010,False,False,746.4031104761593,994.1712771816508,2.9245030846267763,4.227240065301618,-0.24922080570249694
2010-05-07,2010,False,False,740.252940246976,985.7023595847987,2.8911919262043786,4.181414155514586,-0.2490096700602521
2010-05-10,2010,False,False,769.7507237493531,1026.2181832716774,3.045236536220324,4.393038500676983,-0.24991513861573034
2010-05-11,2010,False,False,758.0745127075169,1010.1557953295279,2.982878350477321,4.307298399279481,-0.2495469350247883
2010-05-12,2010,False,False,767.2332264784271,1022.7231966118521,3.0299894337286064,4.371982773599023,-0.24981341088168307
2010-05-13,2010,False,False,762.3141958609884,1015.9460186256266,3.003150315849151,4.335050360374634,-0.24965088510091482
2010-05-14,2010,False,False,746.6688628020797,994.4295612411204,2.920011529710918,4.220755196515882,-0.24914856526370488
2010-05-17,2010,False,False,740.4859549588344,985.915658073227,2.886579618629223,4.1747635140059405,-0.2489358000399703
2010-05-18,2010,False,False,717.4326815862479,954.2197653572177,2.764639258698452,4.007150193028878,-0.2481473266091142
2010-05-19,2010,False,False,704.3423653126134,936.2142201878899,2.69502614828001,3.9114410751800364,-0.2476696570884619
2010-05-20,2010,False,False,687.311215970643,912.7934781253978,2.6047791047411346,3.787378381776562,-0.2470244009826048
2010-05-21,2010,False,False,710.9396129519125,945.244031575569,2.727773251433249,3.9563357460891257,-0.24787717329789316
2010-05-24,2010,False,False,707.0611137472722,939.8966737253702,2.70651108055235,3.9270669366532136,-0.24772463451246407
2010-05-25,2010,False,False,698.7696526080855,928.4853549452811,2.6621319452881944,3.8660325564888707,-0.24740907448209948
2010-05-26,2010,False,False,710.2957407422076,944.3058243160831,2.721609420056476,3.947710157344747,-0.24781175499299513
2010-05-27,2010,False,False,732.032428345068,974.1569327831515,2.834542528123329,4.102842501483209,-0.2485477403998323
2010-05-28,2010,False,False,730.4285659418542,971.9352100275046,2.825187003685521,4.089935015106632,-0.24848018838500152
2010-05-31,2010,False,True,743.0182272937942,989.2171618526272,2.890147786878503,4.179147444254593,-0.248882595301669
2010-06-01,2010,False,False,729.3146796152919,970.3498390112093,2.8174497188238106,4.079099356738633,-0.24840026731135778
2010-06-02,2010,False,False,741.9317173692349,987.6868873228535,2.882523315413389,4.1685583438275415,-0.24881890516917082
2010-06-04,2010,False,False,727.5250524326216,967.8524158501062,2.806184878197571,4.063502922982619,-0.24830992771392202
2010-06-07,2010,False,False,721.9510413972603,960.1673960272179,2.776082657370477,4.0220461560576775,-0.2480987748757144
2010-06-08,2010,False,False,729.6708971062282,970.768294916371,2.8155101691311724,4.076228633775845,-0.24835730531446
2010-06-09,2010,False,False,725.4191662876133,964.9020919225502,2.792333206880726,4.044297717294885,-0.24819401640820515
2010-06-10,2010,False,False,743.3776822773722,989.5864259186951,2.885249210508913,4.17205449086426,-0.24879963709359887
2010-06-11,2010,False,False,749.7741170861768,998.3669389511506,2.917705015877012,4.216647354559384,-0.24899945317313565
2010-06-14,2010,False,False,748.9943984515961,997.2765422584984,2.9126573053441587,4.209653578962305,-0.24896017632644407
2010-06-15,2010,False,False,759.4156206282128,1011.5932123817759,2.966109931159529,4.283127943301988,-0.2492875482624246
2010-06-16,2010,False,False,762.9815636065878,1016.4803402523548,2.983742624499836,4.3073314632768405,-0.24938876494436935
2010-06-17,2010,False,False,760.6360288457754,1013.236139331562,2.970508726264301,4.289077535660651,-0.2493003364965134
2010-06-18,2010,False,False,759.5049797188224,1011.662482128771,2.9636194269620444,4.279550726815157,-0.24925062149122212
2010-06-21,2010,False,False,762.8653715454911,1016.266871220366,2.9801671558895184,4.30226193680191,-0.24934542968086937
2010-06-22,2010,False,False,765.7076649642528,1020.1586079622698,2.9940042136734495,4.321244601889633,-0.2494229240551855
2010-06-23,2010,False,False,763.8845632083315,1017.6330216961638,2.9835052960950983,4.30675278262216,-0.24935163568581042
2010-06-24,2010,False,False,754.1565253740357,1004.2340739519382,2.9317991640652306,4.235579829441584,-0.2490231660769867
2010-06-25,2010,False,False,762.6452017059219,1015.8924974639272,2.9750680654813495,4.295046524383834,-0.24928552616562438
2010-06-28,2010,False,False,757.3683387006353,1008.6162093387371,2.946584395214228,4.255816475462402,-0.24910155945522972
2010-06-29,2010,False,False,731.7812652543267,973.4029135474059,2.8123062690004614,4.071064545893209,-0.248223674832171
2010-06-30,2010,False,True,719.9428490306225,957.1011077843247,2.7497023387011583,3.9849016030433573,-0.2477880934677007
2010-07-01,2010,False,False,723.4159403788705,961.8654449351905,2.7668571157838526,4.008473678065708,-0.24790318210504636
2010-07-02,2010,False,False,725.6718084530589,964.9537215173002,2.777666826354545,4.023308912212023,-0.24797242368058092
2010-07-05,2010,False,False,719.2800414761988,956.1346016250428,2.743464899876127,3.9761652129184384,-0.24772093776994042
2010-07-06,2010,False,False,733.0099299715647,975.022077584025,2.813976345243523,4.073207043920844,-0.24821196686349323
2010-07-07,2010,False,False,746.9630502115971,994.2169334074115,2.885614083339989,4.171799752676651,-0.2486920860907268
2010-07-08,2010,False,False,749.2067129732258,997.2884038344414,2.896320201198053,4.186492441932459,-0.2487562172661133
2010-07-12,2010,False,False,743.3658960866767,989.2279169238252,2.8649873280069835,4.143299394751257,-0.2485393068987568
2010-07-13,2010,False,False,751.6887170497612,1000.6701091155714,2.907292836149748,4.201503042432426,-0.24881465909466316
2010-07-14,2010,False,False,749.3853875753704,997.4805799744488,2.8943561343931643,4.183640727409905,-0.24872182715119484
2010-07-15,2010,False,False,749.5460483495937,997.6838522901438,2.8942273664872498,4.18341437360045,-0.2487138619823902
2010-07-16,2010,False,False,736.474667420678,979.6672106299903,2.8253692841539046,4.088550933274746,-0.24823995390528952
2010-07-19,2010,False,False,747.447410029314,994.7582232764993,2.8814034645439155,4.16565842947737,-0.24861399228508174
2010-07-20,2010,False,False,760.7892380262871,1013.1113577440648,2.9497092703466072,4.259663414740509,-0.2490566488955699
2010-07-21,2010,False,False,761.0004310758742,1013.3842106831274,2.9498292270374087,4.2597796402238455,-0.24905043609976918
2010-07-22,2010,False,False,775.5491021278143,1033.399112634288,3.024346712301482,4.362337871341746,-0.24951638467075488
2010-07-23,2010,False,False,782.1543960702338,1042.4763489658749,3.057619149573841,4.40810358900281,-0.24971497257839714
2010-07-26,2010,False,False,783.5739150632295,1044.4130112578412,3.063979307564292,4.416812357721577,-0.24974707647549266
2010-07-27,2010,False,False,786.2585660337904,1048.091702203924,3.076896268323357,4.434549566983309,-0.24981891910750897
2010-07-28,2010,False,False,787.8325335614202,1050.2410330377415,3.084049174226073,4.444349961439786,-0.2498555009961141
2010-07-29,2010,False,False,789.5404173221813,1052.574760376828,3.091892587306467,4.455101176681487,-0.24989611470493445
2010-07-30,2010,False,True,795.9941144385089,1061.4432548383106,3.1243218364689573,4.49970598361819,-0.25008321376561726
2010-08-02,2010,False,False,807.4703575036447,1077.2432229565718,3.1827991205745656,4.5802568648562705,-0.2504289279374773
2010-08-03,2010,False,False,801.5831175983594,1069.1119261706056,3.15132499697832,4.536832009358126,-0.2502346125073108
2010-08-04,2010,False,False,804.7608888063273,1073.4745041838707,3.166801495349306,4.558116990361299,-0.25032137636267204
2010-08-05,2010,False,False,806.4001062217246,1075.7165664894214,3.174306432206574,4.568415167709946,-0.2503600564102173
2010-08-06,2010,False,False,802.8300506093126,1070.7789348937354,3.1548485329110507,4.541551768445585,-0.25023735110274103
2010-08-09,2010,False,False,800.2236443474071,1067.1694554850874,3.140385742154975,4.52157291172905,-0.25014378903520873
2010-08-10,2010,False,False,792.9795615178467,1057.1680864613352,3.1019398902874737,4.468539360956824,-0.2499021000792866
2010-08-11,2010,False,False,776.6797071107098,1034.685577052077,3.016679256331832,4.350983238163068,-0.24935678592954946
2010-08-12,2010,False,False,778.7313956496197,1037.4961287407164,3.026343291255378,4.36425730488737,-0.24941272157340777
2010-08-13,2010,False,False,782.1790525540005,1042.2306774067429,3.0432187866983105,4.387470606895757,-0.24951446017670253
2010-08-16,2010,False,False,787.2145407745573,1049.1536586536845,3.068292200385309,4.421982732060385,-0.24966706803964045
2010-08-17,2010,False,False,797.3194542360247,1063.0635882311585,3.119546264253768,4.49257842674624,-0.24997952797659817
2010-08-18,2010,False,False,797.9878359953897,1063.9675938056628,3.1220315548012607,4.495958455910913,-0.24998858927545042
2010-08-19,2010,False,False,789.463906372188,1052.2022726585012,3.077043647931487,4.433908450349068,-0.24970328720396762
2010-08-20,2010,False,False,787.1142679474026,1048.946684179425,3.0639553848492973,4.415824231858096,-0.24961460880812048
2010-08-23,2010,False,False,779.2285506958964,1038.0609808692038,3.022296601433533,4.358362641746242,-0.24934222068204337
2010-08-24,2010,False,False,769.8576636357258,1025.128338463903,2.972992868868394,4.290364402112565,-0.2490133822762972
2010-08-25,2010,False,False,765.8773041982931,1019.6252045698299,2.9515245526178346,4.26073041757417,-0.24886389551206767
2010-08-26,2010,False,False,755.2465323042751,1004.956122663365,2.895761714113494,4.1838299410537,-0.24847810240441348
2010-08-27,2010,False,False,774.8850496266136,1032.0057661954147,2.9961254317359347,4.322111311837582,-0.24914658909000142
2010-08-30,2010,False,False,759.8238633417719,1011.2304543002481,2.9175357378764897,4.213749705789889,-0.24861453676495993
2010-08-31,2010,False,True,769.9604878022262,1025.1840896433466,2.968868493825908,4.284454070326529,-0.24895392390444793
2010-09-01,2010,False,False,791.989988838177,1055.557875068969,3.0814208013746542,4.439684754956651,-0.24969534352966738
2010-09-02,2010,False,False,789.0210705900873,1051.443884479903,3.0651232783100664,4.417154458802249,-0.2495832804426108
2010-09-03,2010,False,False,787.5919608863263,1049.4542110958137,3.0567650671113196,4.405577246262469,-0.24952232068901548
2010-09-06,2010,False,False,788.4230013045989,1050.5826369116216,3.06004978602172,4.410062622644446,-0.249537377066966
2010-09-08,2010,False,False,784.5920685984387,1045.2794126668766,3.039331561796325,4.381433602844915,-0.2493948899302747
2010-09-09,2010,False,False,787.112917430348,1048.7390952479655,3.0513164867738496,4.397921813776293,-0.249467364192958
2010-09-10,2010,False,False,789.2444510121057,1051.6616791831848,3.061292200748399,4.411638143309698,-0.24952628147000266
2010-09-13,2010,False,False,803.2516396460943,1070.9678962919832,3.132357773779514,4.50963395936591,-0.24997598674321053
2010-09-14,2010,False,False,799.4354217560111,1065.6849725820514,3.111717819465156,4.481113011075944,-0.2498388901749674
2010-09-15,2010,False,False,804.2168769833205,1072.2633838369848,3.1352973596106093,4.513597223451685,-0.24998196422084962
2010-09-16,2010,False,False,799.2014586171628,1065.3260452240293,3.1085019904431865,4.476584320613125,-0.2498057639723834
2010-09-17,2010,False,False,792.7030377408325,1056.3427589125843,3.0740978444829867,4.429074385013282,-0.24957781832399417
2010-09-20,2010,False,False,805.3134595309582,1073.7219988990073,3.1378964155003963,4.517044770462235,-0.24997954744642914
2010-09-21,2010,False,False,799.9846954302074,1066.3523690524735,3.1095104217305165,4.477837512255857,-0.24979329661822003
2010-09-22,2010,False,False,806.9454263252994,1075.937305250075,3.1442538402619924,4.525723504585859,-0.2500070195653781
2010-09-23,2010,False,False,812.3444475544608,1083.3677094932114,3.1709617111598227,4.562523691774435,-0.2501673804414316
2010-09-24,2010,False,False,805.5726048631252,1074.0072109186115,3.135180812057108,4.513114502393264,-0.24993743368435195
2010-09-27,2010,False,False,812.6866436094344,1083.803650362638,3.170679256060147,4.5620421939431575,-0.2501532511562298
2010-09-28,2010,False,False,817.4300000106231,1090.3295005429393,3.1939970682196632,4.594165529294338,-0.2502908528077278
2010-09-29,2010,False,False,817.4845772270845,1090.3867190682606,3.1932525944720993,4.593092599031136,-0.25028014104424523
2010-09-30,2010,False,True,819.8311296329077,1093.6059426013303,3.20426220324568,4.608235603083745,-0.25034137279576407
2010-10-01,2010,False,False,829.0016920285585,1106.2501709501132,3.250200933240494,4.671623537298709,-0.25062005521177666
2010-10-04,2010,False,False,830.8262532200631,1108.750593182338,3.2584636249106254,4.682986125998657,-0.2506644340676977
2010-10-05,2010,False,False,841.1217576013548,1122.9482099771067,3.3101294266018684,4.754282398037954,-0.25097012477672265
2010-10-06,2010,False,False,832.7108524256353,1111.3148765160886,3.2659367439837865,4.6932114575619295,-0.25069764652468407
2010-10-07,2010,False,False,825.6547369440409,1101.5523192234923,3.228705438893935,4.641753235459627,-0.2504625313429847
2010-10-08,2010,False,False,835.8613820871645,1115.627233767255,3.2798841888743704,4.712377029018202,-0.25077000920403836
2010-10-11,2010,False,False,837.4819890837466,1117.8460236184799,3.2870846638533227,4.72227296451743,-0.25080738188537965
2010-10-13,2010,False,False,845.8408411600074,1129.3693928938862,3.328765819652033,4.779781949303409,-0.2510503237628636
2010-10-14,2010,False,False,846.0892060061876,1129.6933071615367,3.328929168616974,4.779960640376244,-0.25104521674819136
2010-10-15,2010,False,False,847.7120943696033,1131.915247263108,3.336123244857305,4.789847812087509,-0.2510816543735833
2010-10-18,2010,False,False,846.6824375156089,1130.4743912865056,3.329749105168033,4.780999188373846,-0.2510379323568179
2010-10-19,2010,False,False,825.379414294955,1101.0388356034462,3.219731156927173,4.62903290185811,-0.250363032069991
2010-10-20,2010,False,False,831.601652263221,1109.6118379165973,3.2504556721861535,4.67141240948938,-0.2505472419755066
2010-10-21,2010,False,False,823.0670970051215,1097.8077608867854,3.2057593101947948,4.609646197684136,-0.2502630001993559
2010-10-22,2010,False,False,821.721242707992,1095.930280212122,3.197809669006344,4.5986221211347225,-0.250206644031275
2010-10-25,2010,False,False,822.3478581751808,1096.7765059872647,3.199937988637287,4.601514330884906,-0.2502138278072037
2010-10-26,2010,False,False,835.6310405617362,1115.099690636146,3.266688999549329,4.693641514608864,-0.25062212143111406
2010-10-27,2010,False,False,833.7253388436449,1112.4491385263889,3.2558720716878238,4.678658185433328,-0.2505497015818241
2010-10-28,2010,False,False,830.9372044343226,1108.5800695825058,3.2405573076515566,4.65746399378671,-0.2504490859670102
2010-10-29,2010,False,True,835.0157560574099,1114.1929391573265,3.260284469680662,4.684657852843502,-0.250564487790652
2010-11-01,2010,False,False,845.1908042698883,1128.2367823567274,3.3110982110170273,4.754842042115416,-0.25087462358353185
2010-11-03,2010,False,False,849.1629301301889,1133.7075579565628,3.3302546156562407,4.781272605591855,-0.2509859141622447
2010-11-04,2010,False,False,861.6568736606655,1150.9563495961993,3.3928466666360713,4.867735659424926,-0.2513557321587664
2010-11-05,2010,False,False,857.2683604175828,1144.871874277295,3.3693596351558757,4.8352287170096595,-0.25121021864674864
2010-11-08,2010,False,False,857.897713524972,1145.7225990118102,3.371453317324698,4.838076937639797,-0.2512169051523363
2010-11-09,2010,False,False,846.7929703921546,1130.3556130326363,3.313769589364007,4.758306739850414,-0.2508614451691977
2010-11-10,2010,False,False,846.3742635761944,1129.7578126912065,3.3105386482108186,4.753795837490229,-0.2508356622380522
2010-11-11,2010,False,False,841.3685265362851,1122.8202715053087,3.283953801101247,4.7170074923895555,-0.25066500143580006
2010-11-12,2010,False,False,831.9735537768985,1109.8163615343342,3.2350397239852295,4.649357910584547,-0.250350253778305
2010-11-16,2010,False,False,818.6234894064662,1091.346113953626,3.166022846852245,4.553924244038809,-0.24989562986499847
2010-11-17,2010,False,False,824.5619253406343,1099.5345294379997,3.195176419947261,4.5941721161943505,-0.2500809176387675
2010-11-18,2010,False,False,836.8488348309629,1116.4971790431518,3.256606484389435,4.679029394929562,-0.2504693692570277
2010-11-19,2010,False,False,838.2277310115268,1118.3838483003092,3.262536135324315,4.687179498094631,-0.2505008613228422
2010-11-22,2010,False,False,823.84352305543,1098.4843094333016,3.1883249774043207,4.584566901033562,-0.25001794201280525
2010-11-23,2010,False,False,804.7306119950184,1072.0492234370718,3.090117468843803,4.448788937418408,-0.24935292671078058
2010-11-24,2010,False,False,823.9077055961427,1098.5348060730657,3.186522894289343,4.5819858032167975,-0.2499939910494352
2010-11-25,2010,False,False,820.9037538843631,1094.3639351699017,3.170199410131384,4.559379909422919,-0.24988047622666165
2010-11-26,2010,False,False,808.0009514816553,1076.511848976087,3.1036107236244552,4.467302432585511,-0.24942679242204635
2010-11-29,2010,False,False,804.4244907629873,1071.5497125792172,3.084409701766881,4.4407195358172995,-0.2492886878512246
2010-11-30,2010,False,True,802.1614129304147,1068.4028044936697,3.071885344824439,4.423364489815582,-0.24919570637914068
2010-12-01,2010,False,False,820.9213730888124,1094.3370054185343,3.1661065333168343,4.553667741370039,-0.24984591672941991
2010-12-02,2010,False,False,823.0361386243435,1097.244307094575,3.175829647526265,4.567076697024904,-0.24990621204161478
2010-12-03,2010,False,False,825.8102191747807,1101.0637026671104,3.1888924161039593,4.585105738166503,-0.24998869985958327
2010-12-06,2010,False,False,823.413581796896,1097.7299466257866,3.1757269301460553,4.566850731500004,-0.24989421639820164
2010-12-07,2010,False,False,821.0181991707698,1094.397926403297,3.162574162864839,4.548613340045688,-0.24979920067189898
2010-12-08,2010,False,False,807.8028639946549,1076.0976247704257,3.0945836697773963,4.454513666468487,-0.24932195239535881
2010-12-09,2010,False,False,804.480219819018,1071.4828344294924,3.0767578707044825,4.429811660960265,-0.24918981996817435
2010-12-10,2010,False,False,809.8020167808621,1078.8267312439327,3.1027363938234265,4.465708409197247,-0.24936786109561238
2010-12-13,2010,False,False,818.7981831648798,1091.2537368116411,3.1473135182012717,4.527334412215259,-0.2496720464323957
2010-12-14,2010,False,False,814.4729923342232,1085.252027222214,3.1244111017648146,4.495609494011694,-0.249507974273101
2010-12-15,2010,False,False,804.5643843150492,1071.526239424202,3.07325266890454,4.424795329775372,-0.24914168714394536
2010-12-16,2010,False,False,798.1814006004985,1062.6777869467535,3.03996370513629,4.378701741596005,-0.24889612787164417
2010-12-17,2010,False,False,805.9266935496607,1073.3743389385168,3.0781832685645476,4.431532799447916,-0.24916530579009444
2010-12-20,2010,False,False,797.788540261691,1062.0977915155036,3.0360297146459914,4.373176011039647,-0.24885585241324215
2010-12-21,2010,False,False,808.6870243798935,1077.1564562375095,3.090180036603507,4.448045660160814,-0.24923903143594894
2010-12-22,2010,False,False,811.6536522910856,1081.2422211002324,3.104196170987911,4.467393846160578,-0.24933226204839043
2010-12-23,2010,False,False,811.8746552180572,1081.52969875039,3.1043254115501204,4.467530975868606,-0.24932745151972702
2010-12-27,2010,False,False,804.1336878958145,1070.802616889244,3.064213585032997,4.411998785721811,-0.2490364935492232
2010-12-28,2010,False,False,806.8936239718837,1074.6024450494674,3.0771814493285747,4.429896859008378,-0.24912359199523337
2010-12-29,2010,False,False,817.3383442268862,1089.0333745603564,3.1289644524331512,4.501491668455011,-0.2494827400888
2010-12-30,2010,False,True,821.4056175669417,1094.6417681440616,3.148513220035059,4.528493778505362,-0.24961239240887467
2011-01-03,2011,False,False,828.9557251006964,1105.0768757429773,3.185588109571807,4.579787304938032,-0.24986601086610927
2011-01-04,2011,False,False,833.0605124423698,1110.7413822876479,3.2052524605874293,4.60697315642427,-0.24999597050519118
2011-01-05,2011,False,False,841.9307328943792,1123.0043989714788,3.248956512209836,4.667445869147004,-0.2502872351475429
2011-01-06,2011,False,False,836.1381524335662,1114.964404732358,3.218658690381262,4.625451083412503,-0.25007637115170744
2011-01-07,2011,False,False,830.2380055265497,1106.7754674130435,3.1878335713823436,4.582726191238555,-0.24985868410407341
2011-01-10,2011,False,False,831.0846588248379,1107.9285622932862,3.1910471952841037,4.587133445755351,-0.24987522922544114
2011-01-11,2011,False,False,834.5156444722122,1112.6600818022193,3.2072883512589465,4.609579439386032,-0.2499815009805022
2011-01-12,2011,False,False,848.361754124955,1131.813018999501,3.2760169058717485,4.704702716731356,-0.2504400109526139
2011-01-13,2011,False,False,838.0148810542549,1117.466872671525,3.2228011139040307,4.630974415074452,-0.2500763095993932
2011-01-14,2011,False,False,840.5604682335145,1120.9724153104062,3.234561552813674,4.64721619803731,-0.2501506221268107
2011-01-17,2011,False,False,836.8330950988051,1115.7920334433916,3.2147222115276,4.619703014068958,-0.25000979571767046
2011-01-18,2011,False,False,840.4269703380969,1120.7490998436454,3.2317571517527535,4.643248236876362,-0.25012032536511153
2011-01-19,2011,False,False,830.6480435406179,1107.1893666612489,3.18146510717653,4.573568420142204,-0.24976876715728114
2011-01-20,2011,False,False,825.033980034533,1099.3965579157675,3.1521589332387165,4.532946944719515,-0.2495574284872878
2011-01-21,2011,False,False,820.1968360036257,1092.679519392126,3.126776533351575,4.497758588136483,-0.24937109056467577
2011-01-24,2011,False,False,823.5945136952294,1097.3649186683801,3.1428295457506508,4.519944258895272,-0.249479822359697
2011-01-26,2011,False,False,815.4618212048658,1086.0846621915475,3.100889219033773,4.4618288267113275,-0.24917287796018361
2011-01-27,2011,False,False,808.0003068369432,1075.7337599923994,3.062344428541695,4.408415082918046,-0.24888449457730866
2011-01-28,2011,False,False,792.6152632509522,1054.4114546337028,2.9839922757021973,4.2998816518406775,-0.24828655856522086
2011-01-31,2011,False,True,791.2657587668891,1052.523615131169,2.9762098430496935,4.28906339261894,-0.24822042242892672
2011-02-01,2011,False,False,805.8304989722114,1072.6907253581765,3.0483823108375354,4.3890516219953595,-0.24877648335857394
2011-02-02,2011,False,False,792.6615751283657,1054.4195880668901,2.9812233808556785,4.295929623640834,-0.2482484353486034
2011-02-03,2011,False,False,793.5826009854288,1055.6768107198102,2.9848486115261297,4.30091293356671,-0.2482712579010551
2011-02-04,2011,False,False,776.5715131887996,1032.0805188163845,2.8984513714297164,4.181127102491891,-0.24756693006918584
2011-02-07,2011,False,False,777.6810940146586,1033.5990745029967,2.903041877112464,4.187448303653685,-0.2475988870359579
2011-02-08,2011,False,False,782.3997971712498,1040.1197942464948,2.9257390726103853,4.218864998728022,-0.24777914861426886
2011-02-09,2011,False,False,764.7257441727807,1015.6046471756033,2.8360960329710587,4.094580622902449,-0.24702417786342046
2011-02-10,2011,False,False,768.885740591827,1021.3510116867809,2.855996693038249,4.12212142270201,-0.2471875664743335
2011-02-11,2011,False,False,782.3710520798384,1040.0220574867874,2.9226425273494026,4.214450025002694,-0.24773609708775068
2011-02-14,2011,False,False,791.5680783307587,1052.7496344007457,2.967759791131622,4.276940523312009,-0.24809465378599616
2011-02-15,2011,False,False,789.1523770570191,1049.3822267441826,2.9546598699925783,4.258743306159772,-0.24798385474333184
2011-02-16,2011,False,False,803.2255967780454,1068.868100406047,3.024176336563354,4.355050603236709,-0.24852692631306705
2011-02-17,2011,False,False,804.578599445048,1070.724033402944,3.0299454016781757,4.363005426511115,-0.24856585418377175
2011-02-18,2011,False,False,808.9840709353881,1076.8106209561704,3.0509968499518676,4.392141316755986,-0.24872205456421081
2011-02-21,2011,False,False,799.8155238342349,1064.0839177190874,3.004082722574392,4.327078436641238,-0.24835296303634014
2011-02-22,2011,False,False,790.5252658125099,1051.1885258268624,2.956582911974524,4.261203832967278,-0.24797003925562766
2011-02-23,2011,False,False,795.9438923136456,1058.6793239095848,2.9827064914368053,4.297369646783012,-0.2481728183995192
2011-02-24,2011,False,False,796.4331694974527,1059.3381524109463,2.984157926450488,4.299340432270867,-0.2481785276166525
2011-02-25,2011,False,False,795.9532079820106,1058.6536374233265,2.980761230217607,4.294591835075401,-0.24814577700852813
2011-02-28,2011,False,True,801.4863590981921,1066.3031641000157,3.0074317954909597,4.331515820500078,-0.24835038844261048
2011-03-01,2011,False,False,788.5234571622135,1048.3015607159844,2.941678790860862,4.240260122598351,-0.24780856319277422
2011-03-02,2011,False,False,800.4155906047845,1064.7808257506388,3.000173108686452,4.321370142970826,-0.2482813634059241
2011-03-03,2011,False,False,810.3247599956029,1078.5091664149954,3.0487318486575443,4.3886967629585785,-0.24866214842739587
2011-03-04,2011,False,False,808.8503651601952,1076.445327577612,3.0404038221608225,4.377105584950012,-0.24859131770268483
2011-03-09,2011,False,False,800.3616798582448,1064.650710934294,2.99705000642643,4.31692388338173,-0.2482401301776429
2011-03-10,2011,False,False,786.4577141034122,1045.3435894845152,2.9266790290469933,4.2192618590525015,-0.24765625195900043
2011-03-11,2011,False,False,793.8506499451271,1055.5812122079833,2.9626488350006337,4.269124187394259,-0.2479492427829294
2011-03-14,2011,False,False,799.4265911722327,1063.2981564745673,2.9895338437777768,4.306383385448173,-0.24816328674660504
2011-03-15,2011,False,False,797.6031472112865,1060.750089118252,2.97948826121098,4.292409567945662,-0.2480762854573091
2011-03-16,2011,False,False,786.2137039804319,1044.9313119401506,2.9217310649855266,4.2122464491076395,-0.2475929326678432
2011-03-17,2011,False,False,788.69508516612,1048.3552380727142,2.9331742551623172,4.228083590483733,-0.24768336483342313
2011-03-18,2011,False,False,796.316385827877,1058.909666513471,2.9702383908797274,4.279464149283687,-0.24798459112211102
2011-03-21,2011,False,False,794.1935124700226,1055.9462070453267,2.95871439873498,4.263439436969347,-0.24788449717312944
2011-03-22,2011,False,False,804.3786131793631,1070.0573414310218,3.0085312949137695,4.332511668260906,-0.24828457127013215
2011-03-23,2011,False,False,806.9035684715727,1073.5417170061448,3.0201601276163768,4.348606419247696,-0.24837241470053273
2011-03-24,2011,False,False,803.9564372767439,1069.4347819570198,3.004526846017937,4.326881029672062,-0.248241734006876
2011-03-25,2011,False,False,806.6615064804652,1073.169025777696,3.0170480521910763,4.344213787368181,-0.2483369468328629
2011-03-28,2011,False,False,800.171640729761,1064.1473295060264,2.983784840048596,4.298030801239107,-0.24806310315959923
2011-03-29,2011,False,False,802.7965198892816,1067.7703273630395,2.9959058823595432,4.314808455706052,-0.2481561817962632
2011-03-30,2011,False,False,809.440711136214,1076.969232440015,3.0280224961754723,4.359325564274956,-0.24840869473836324
2011-03-31,2011,False,True,816.2142558826104,1086.3475869093004,3.0607674422020414,4.404714362732838,-0.2486619699641709
2011-04-01,2011,False,False,824.0416715620761,1097.195950776891,3.0986365863035195,4.457257346796055,-0.24895669640541673
2011-04-04,2011,False,False,829.0620934894981,1104.1466433148128,3.122528075451573,4.490391578901189,-0.24913769515204054
2011-04-05,2011,False,False,830.640046933381,1106.3172715216997,3.1292937968954044,4.499745724466848,-0.249184598021447
2011-04-06,2011,False,False,821.560253009143,1093.6890080939554,3.083087838653862,4.435545685007887,-0.24881730827584092
2011-04-07,2011,False,False,823.2008299726076,1095.9465926386183,3.090171487834608,4.445341333716984,-0.24886775003273076
2011-04-08,2011,False,False,818.0278767508852,1088.7432009209351,3.063406446605704,4.408136161437325,-0.2486493820958514
2011-04-11,2011,False,False,811.7651145927591,1080.0265471793712,3.031243381406801,4.363435545323589,-0.24838410989730897
2011-04-12,2011,False,False,797.3523975583312,1059.9932150745824,2.9586348454685893,4.262574101493876,-0.24777594212975362
2011-04-13,2011,False,False,792.7311929053114,1053.5559577937331,2.9346637056428726,4.22924848434716,-0.2475661240003033
2011-04-14,2011,False,False,790.4157657109969,1050.3204043595167,2.9221466567012118,4.211827548401885,-0.24745271782757483
2011-04-15,2011,False,False,795.0918153148891,1056.7929162348782,2.944319710439397,4.242575824663887,-0.24763706957118226
2011-04-18,2011,False,False,780.6723682483021,1036.7502390956108,2.8717762977597854,4.141804892408407,-0.24700054187659837
2011-04-19,2011,False,False,789.1957148803531,1048.5649428844597,2.913026770022627,4.199043297182864,-0.24735637955873013
2011-04-20,2011,False,False,799.5136987320446,1062.871603070809,2.9631516503806017,4.26860434603323,-0.24777960346092653
2011-04-25,2011,False,False,798.5893349645088,1061.567620746204,2.9575371320619888,4.26076807359882,-0.2477263630147657
2011-04-26,2011,False,False,800.6026872685813,1064.3428251667347,2.966480067301967,4.273145678792167,-0.24779622849135763
2011-04-27,2011,False,False,790.6197002149269,1050.4604264338734,2.91599955789458,4.203010454182376,-0.24735889109222298
2011-04-28,2011,False,False,783.9279270237448,1041.1480663418995,2.8818427452309487,4.155541636824626,-0.24705433130361976
2011-04-29,2011,False,True,789.2237099279804,1048.4811133413705,2.9070480689503975,4.190500561095893,-0.24726950263049663
2011-05-02,2011,False,False,781.6253308291643,1037.9025350102613,2.868561817377191,4.136975426372497,-0.2469183719438196
2011-05-03,2011,False,False,768.6148651910327,1019.8017907084691,2.8033124233474394,4.046252675570472,-0.24630955525478504
2011-05-04,2011,False,False,760.6449655033672,1008.7068423026112,2.7630288376600127,3.9902294874426465,-0.24592068418311142
2011-05-05,2011,False,False,758.3122091931502,1005.446862494848,2.7506449195704366,3.9729835824835105,-0.24579583717480058
2011-05-06,2011,False,False,769.882330503488,1021.5102531047974,2.80701534526337,4.051298172242199,-0.2463293166529722
2011-05-09,2011,False,False,772.2619655247258,1024.799944935968,2.817924323942464,4.066426694065459,-0.24642661297861534
2011-05-10,2011,False,False,775.215136167927,1028.8867840609166,2.8316632207805865,4.085488485585299,-0.24654962219630439
2011-05-11,2011,False,False,762.7009818844421,1011.4758543723361,2.7689626238674134,3.998308354939666,-0.24595235903309776
2011-05-12,2011,False,False,765.3396661096334,1015.1255942353622,2.7811526284329515,4.015217397973943,-0.24606406295358818
2011-05-13,2011,False,False,756.6262689709023,1002.9972715135052,2.737264911845498,3.9541849962499134,-0.24563476844840604
2011-05-16,2011,False,False,752.0448834411618,996.6119606392648,2.713801893536601,3.9215405463667397,-0.24539849696488525
2011-05-17,2011,False,False,761.7138277007308,1010.0329379744728,2.7607056125260496,3.9866976291378826,-0.24585248751562783
2011-05-18,2011,False,False,752.2604692295262,996.8761557270115,2.7131995340025967,3.9206361736581226,-0.24538222234745855
2011-05-19,2011,False,False,746.9076395050085,989.4186278384867,2.6859506660184356,3.882729881661442,-0.24510453059012527
2011-05-20,2011,False,False,749.5670841683855,993.0972222773815,2.6982453132326705,3.8997844561790522,-0.24522285698325696
2011-05-23,2011,False,False,746.7455450140728,989.1578916036997,2.6834982041052915,3.879254173829909,-0.2450694157599138
2011-05-24,2011,False,False,758.1016741154205,1004.923858123926,2.7386767161038437,3.9559123243053964,-0.24561282132289441
2011-05-25,2011,False,False,758.7367479190151,1005.7888143323755,2.7409700704209614,3.9590663189852675,-0.24563015902831364
2011-05-26,2011,False,False,766.8825376121408,1017.0927853402529,2.7802858676825224,4.0136771851861,-0.24600533140583436
2011-05-27,2011,False,False,769.1681803198348,1020.2518388718863,2.790703397633594,4.028122861823813,-0.2460996873376674
2011-05-30,2011,False,False,765.3235622090007,1014.8905483577321,2.77091116877895,4.000580529422196,-0.24590532107385754
2011-05-31,2011,False,True,772.9676793354209,1025.497253295992,2.8077225583025656,4.05171060736942,-0.2462508535726744
2011-06-01,2011,False,False,759.2289986076815,1006.3648283026021,2.739167207026574,3.956299576537206,-0.24557280098088807
2011-06-02,2011,False,False,768.4773700951517,1019.2128970635075,2.7838276135986364,4.018398789761702,-0.24600898172576047
2011-06-03,2011,False,False,769.9214137816086,1021.2032771499321,2.7900491536366103,4.027020351652268,-0.24606448979445494
2011-06-06,2011,False,False,755.4507565053133,1001.0524975097511,2.7179437278208525,3.926670365058536,-0.24534351756316897
2011-06-07,2011,False,False,757.2107694982218,1003.4824665585585,2.725732464728832,3.937472304997593,-0.24541704042415913
2011-06-08,2011,False,False,755.1494930448741,1000.5961070009305,2.7147199236220088,3.922117181311675,-0.24530038867703496
2011-06-09,2011,False,False,760.1687807645848,1007.5605076100865,2.7385349873668097,3.955215611197146,-0.24553535492603806
2011-06-10,2011,False,False,751.4142021581802,995.3621620832515,2.694614433463306,3.8940775939471513,-0.2450846226809531
2011-06-13,2011,False,False,743.770877336415,984.7098366544433,2.6561770655582193,3.8405680172620107,-0.2446801589152594
2011-06-14,2011,False,False,745.8935135875221,987.6443014835452,2.6657532846566725,3.8538568525987476,-0.24477515592697507
2011-06-15,2011,False,False,739.0845986851408,978.1528400474555,2.6314404708441637,3.8060855500693886,-0.24440785895046435
2011-06-16,2011,False,False,730.8837078092473,966.7248067312366,2.5903059330980565,3.7488236120130916,-0.24395887772801983
2011-06-17,2011,False,False,732.977256633226,969.6188039843789,2.5997479862716895,3.7619258380897937,-0.24405626868903552
2011-06-20,2011,False,False,734.259779547865,971.3844700019463,2.605203500235016,3.7694818494367253,-0.24411002829148187
2011-06-21,2011,False,False,737.2203618369479,975.4847184114323,2.6188937818082993,3.7884944101542954,-0.24425226974595327
2011-06-22,2011,False,False,734.6498843063439,971.8899382299496,2.6054329447144706,3.769733279464581,-0.2441017697494411
2011-06-24,2011,False,False,732.6660602569966,969.111333511837,2.5948568377095627,3.7549855148945275,-0.2439815375990052
2011-06-27,2011,False,False,734.9950461382012,972.3328800856862,2.6054417119603417,3.7696777579536107,-0.24409113258267034
2011-06-28,2011,False,False,747.4418939263587,989.6307952383663,2.665642170119928,3.853397174218985,-0.24472652071591305
2011-06-29,2011,False,False,747.8317179990156,990.1545034149198,2.6666976600465393,3.854831793535679,-0.24473229640441263
2011-06-30,2011,False,True,748.6778154383896,991.3129970967194,2.669989291364655,3.859377436748624,-0.24476142486675845
2011-07-01,2011,False,False,760.0296071464257,1007.1033076835728,2.724765869329041,3.935628812451582,-0.2453310386850367
2011-07-04,2011,False,False,765.7464227755054,1015.0461009945618,2.7519073444436795,3.973394335251003,-0.24560429124823768
2011-07-05,2011,False,False,756.0640122778814,1001.5432499281878,2.703602579387802,3.9060900976188346,-0.24510098557192384
2011-07-06,2011,False,False,750.7161987640702,994.0769506124791,2.6765485480516498,3.868380588354025,-0.24481077817815555
2011-07-07,2011,False,False,746.6801711795708,988.4375024844716,2.655929959144552,3.839633376585195,-0.24458534879265037
2011-07-08,2011,False,False,738.8114473146474,977.4604717558759,2.6165595323094624,3.784771540063728,-0.2441520975395841
2011-07-11,2011,False,False,724.1442502856386,957.0155861762372,2.5439359720341197,3.6835999323470006,-0.2433307662428339
2011-07-12,2011,False,False,718.2717224001026,948.8185463854478,2.514377020130977,3.6424020209912404,-0.24298304967121498
2011-07-13,2011,False,False,729.3269364197728,964.1958297472559,2.5676370055474558,3.7165414453045367,-0.24359044716989608
2011-07-14,2011,False,False,718.0817896411426,948.516642918142,2.5118112674578463,3.638763274634602,-0.24294234054561148
2011-07-15,2011,False,False,715.8366350210079,945.3712438029092,2.5000161432924712,3.622304102412362,-0.24279838242018148
2011-07-18,2011,False,False,708.5724733669847,935.2361531869063,2.463692258078835,3.571685106360575,-0.24235983505079817
2011-07-19,2011,False,False,711.4147667857462,939.1757595474543,2.4767768448919405,3.5898745521285873,-0.24251157511928934
2011-07-20,2011,False,False,711.8844386975787,939.8111481076381,2.4782627297927298,3.5919111471057237,-0.24252394735793725
2011-07-21,2011,False,False,724.9700691991401,958.0160793947576,2.541375076339135,3.6797714973923954,-0.24325897571870425
2011-07-22,2011,False,False,725.1089429201025,958.1907837423907,2.5412297212377095,3.6795363857186523,-0.24325201700640875
2011-07-25,2011,False,False,721.7345117173429,953.4727040394847,2.523930422242316,3.65541194718186,-0.24304648821131347
2011-07-26,2011,False,False,714.5844184049992,943.4964700484994,2.4882084580439283,3.6056313042813777,-0.242620994259505
2011-07-27,2011,False,False,702.6434547421254,926.8482578067791,2.4291221356227357,3.5233124364262984,-0.2419002260361306
2011-07-28,2011,False,False,707.4819441402744,933.5678551051333,2.451933277636097,3.5550476201690984,-0.2421740527252818
2011-07-29,2011,False,True,708.8413491172053,935.4423253404534,2.457762678620513,3.5631332943436753,-0.2422393878112976
2011-08-01,2011,False,False,705.5996591377113,930.9058367567545,2.4412197116555046,3.540041188593163,-0.24202896654295625
2011-08-02,2011,False,False,691.6697655428684,911.4685532655534,2.37256828651388,3.4443028885112845,-0.24114796603262223
2011-08-03,2011,False,False,676.9642072246063,890.9498887138292,2.3001646388651853,3.343333497333207,-0.24017701129985158
2011-08-04,2011,False,False,640.4373751430969,840.009430503565,2.121436666304562,3.0941336939143875,-0.2375831128953273
2011-08-05,2011,False,False,638.7127941079375,837.5879960529481,2.1123716662039325,3.081466929919027,-0.23743798010739248
2011-08-08,2011,False,False,593.265817707108,774.2116556466682,1.8903015901850209,2.771842423188597,-0.23371624105610156
2011-08-09,2011,False,False,621.6210583727761,813.7255426166313,2.0278026985543938,2.963508572677365,-0.23608019434429983
2011-08-10,2011,False,False,624.4592110047884,817.665173227915,2.040982818782581,2.981854538268483,-0.23628982687424882
2011-08-11,2011,False,False,646.7232022247827,848.6870383402407,2.1487370133721417,3.132049509277209,-0.23797209924453955
2011-08-12,2011,False,False,648.249568927483,850.7978627462279,2.155500547160234,3.1414499138969827,-0.23806864437218278
2011-08-15,2011,False,False,661.7302978381723,869.5746776143949,2.220439452026653,3.2319546307937115,-0.23901843639976517
2011-08-16,2011,False,False,658.0323344919614,864.4020825245059,2.20176511388092,3.2058912413927727,-0.23874277052854498
2011-08-17,2011,False,False,666.6309383787775,876.3725577764393,2.2429170014196025,3.2632336778464683,-0.23932928699847122
2011-08-18,2011,False,False,644.5565651880336,845.5807731497456,2.1348701626823368,3.1125730138388983,-0.23773507433584018
2011-08-19,2011,False,False,636.7635483755363,834.6991221668009,2.096313237344045,3.058790657470702,-0.23713403852329729
2011-08-22,2011,False,False,636.7271787972303,834.6312817890871,2.095481951455569,3.0576029340834925,-0.2371156069871193
2011-08-23,2011,False,False,652.1242558481317,856.0797439832523,2.169665656066574,3.1609962196988173,-0.23824356266874902
2011-08-24,2011,False,False,652.2703956165126,856.2663462080146,2.1697061270187596,3.161023867057751,-0.23823889785567354
2011-08-25,2011,False,False,642.7093195079864,842.9197825135834,2.122584357558869,3.095301013479598,-0.2375201853829676
2011-08-26,2011,False,False,647.2813109335235,849.2766178483894,2.144133083732004,3.1253140888094944,-0.23784395174638562
2011-08-29,2011,False,False,664.5491087879653,873.3331167179339,2.227328864468581,3.2412714705473986,-0.2390657172312417
2011-08-30,2011,False,False,670.5811749869974,881.7254928725481,2.255935618471805,3.2811244112452194,-0.23946718065014727
2011-08-31,2011,False,True,683.2862391742677,899.420926680192,2.3169234911372216,3.3661210033019033,-0.2403042681069122
2011-09-01,2011,False,False,701.8471500764348,925.3072954225088,2.4062376130356204,3.4907449049855988,-0.24149830705056619
2011-09-02,2011,False,False,683.7921232995512,900.0892978555344,2.3178453302427386,3.3673464082639146,-0.24030635079354
2011-09-05,2011,False,False,666.3530655677358,875.7309999087162,2.23248195355104,3.2481753287325112,-0.23908932578931807
2011-09-06,2011,False,False,684.754280791552,901.3944835643258,2.32097919090591,3.3716591581641664,-0.240338948953989
2011-09-08,2011,False,False,696.3912433537864,917.6171917615522,2.3766372917177354,3.449309865387346,-0.24108740594002798
2011-09-09,2011,False,False,675.3932533615772,888.291740453831,2.2740670176807756,3.306123395551813,-0.23967180757921192
2011-09-12,2011,False,False,674.3800368315789,886.8587657111809,2.2684008247087823,3.2981846480348027,-0.23958575716305086
2011-09-13,2011,False,False,672.8078854273522,884.6456931650555,2.2600289787665884,3.286469671542724,-0.23946062177706096
2011-09-14,2011,False,False,681.330782261742,896.5221421714917,2.3005643431364664,3.3430138375089564,-0.2400290520304703
2011-09-15,2011,False,False,682.4620505553142,898.0821957360523,2.30528207141642,3.349567829902467,-0.2400895443696215
2011-09-16,2011,False,False,691.965935128146,911.3277959894042,2.350538307053508,3.412700879819573,-0.24070577220033418
2011-09-19,2011,False,False,690.7816160856288,909.6560157967107,2.344032719639973,3.403590671215058,-0.24061227091361947
2011-09-20,2011,False,False,682.5706871956676,898.1772917889008,2.303522569972117,3.347020771506549,-0.2400490488507111
2011-09-21,2011,False,False,678.0897930786189,891.9045265920373,2.2810796439288006,3.3156670641550194,-0.23972827487534287
2011-09-22,2011,False,False,647.3275530386629,848.951244268505,2.131508549599613,3.10688231505151,-0.23749737407307792
2011-09-23,2011,False,False,646.8048303778855,848.2028451493128,2.1282591980505745,3.102316846645686,-0.23744086208054904
2011-09-26,2011,False,False,652.7497826903236,856.4812920417615,2.1562849266628588,3.1414015963336386,-0.23787035542336643
2011-09-27,2011,False,False,654.7707840489943,859.283133946548,2.165328375927458,3.153993050846572,-0.23800344940818474
2011-09-28,2011,False,False,647.4039608874598,848.982516825619,2.128994977822015,3.103252670503567,-0.23743546179474906
2011-09-29,2011,False,False,648.7519590302228,850.845057293568,2.134788573316769,3.1113083762459564,-0.2375204469144806
2011-09-30,2011,False,True,636.7083338598375,834.0170912047854,2.0758856708204703,3.02906807345307,-0.23657639564666977
2011-10-03,2011,False,False,619.271657080403,809.6318759915575,1.9909280709026946,2.910320579529377,-0.23511947164632085
2011-10-04,2011,False,False,618.1239394927704,808.0082311139392,1.9846641211625804,2.9015366060547527,-0.2350029174324002
2011-10-05,2011,False,False,621.9039742656832,813.2704394470936,2.0021915243334933,2.9259977767178063,-0.23530483329937812
2011-10-06,2011,False,False,636.5205014981279,833.6751490539378,2.072010142365482,3.02352871165028,-0.23648857445198268
2011-10-07,2011,False,False,624.6275461243068,817.0365187028291,2.013884420382662,2.9422751203996578,-0.2354961720487121
2011-10-10,2011,False,False,647.8334194852017,849.4436530034504,2.125100914062719,3.0976538977493986,-0.23734385771839983
2011-10-11,2011,False,False,654.3282807900814,858.4994563925397,2.155670512611919,3.140339794514299,-0.2378233021374253
2011-10-13,2011,False,False,663.0816952602111,870.7112758365665,2.197115213405067,3.1982221592891342,-0.23845973554995947
2011-10-14,2011,False,False,668.0252271182524,877.5993106222644,2.220174630601361,3.2304136448409952,-0.23880383788748982
2011-10-17,2011,False,False,655.3109796843404,859.8130380693602,2.1581252032980256,3.1436772919005316,-0.23784479803215408
2011-10-18,2011,False,False,668.1366339524204,877.7152500972893,2.219159884135969,3.2289339922779536,-0.23877745786191862
2011-10-19,2011,False,False,667.445189731505,876.7291842206686,2.2150539004407754,3.22316562726719,-0.2387099668356515
2011-10-20,2011,False,False,656.5788494327974,861.5251066218042,2.16194967220225,3.148928998901056,-0.2378877360784507
2011-10-21,2011,False,False,670.8417648060364,881.4356925028753,2.229859243168206,3.243792453071138,-0.23892148853065864
2011-10-24,2011,False,False,689.5533455047677,907.5626736436716,2.31914967751994,3.3685327251199597,-0.24021407498354108
2011-10-25,2011,False,False,682.6908039990028,897.95335177856,2.2853262945091566,3.3212384589921076,-0.23972575786168682
2011-10-26,2011,False,False,692.5278677150857,911.6794213499558,2.3318636887904045,3.386237292999547,-0.24038225334774443
2011-10-27,2011,False,False,716.8402039902696,945.632684727996,2.4480048291980254,3.548497762039423,-0.241946460219421
2011-10-28,2011,False,False,719.6620646930762,949.5559771590555,2.4607456825827176,3.5662706283195744,-0.24210675094036171
2011-10-31,2011,False,True,706.3090345457601,930.8770940047549,2.3957165122392308,3.475370644253629,-0.24124351206545824
2011-11-01,2011,False,False,694.7696910311447,914.7151716298221,2.339436150113649,3.396612216437501,-0.24045242433968017
2011-11-03,2011,False,False,704.7892640939144,928.711254460227,2.386781663113476,3.4628123712649064,-0.24111045202790993
2011-11-04,2011,False,False,710.2346966553445,936.3087340698166,2.412129217657191,3.498240375065177,-0.24145244959085765
2011-11-07,2011,False,False,716.3189119301786,944.7997842040091,2.440532718204508,3.537943247857873,-0.2418299369811192
2011-11-08,2011,False,False,714.406936453295,942.1052461641581,2.4305255051778865,3.5239147474869537,-0.24169094762814602
2011-11-09,2011,False,False,697.6090423872644,918.5873235777646,2.3490592529393393,3.4099247411318503,-0.24056317294889484
2011-11-10,2011,False,False,695.0582841969765,914.9992150133111,2.3360128831148375,3.3916449004718556,-0.24037280820304852
2011-11-11,2011,False,False,709.081656052689,934.5960702389928,2.402503148045532,3.4846260568089864,-0.24129612927714927
2011-11-14,2011,False,False,705.8464878123256,930.0505646838938,2.386166888041859,3.4617441337677803,-0.24106654561063656
2011-11-16,2011,False,False,709.329944896872,934.9035062536325,2.402062085836316,3.483949670281211,-0.24128004638755096
2011-11-17,2011,False,False,691.4598084190562,909.8856617152276,2.315558899156347,3.362913745937317,-0.240058572727057
2011-11-18,2011,False,False,688.5782520378987,905.8348112719622,2.3009503932785167,3.3424487596930117,-0.2398412564085437
2011-11-21,2011,False,False,683.5293971648346,898.7522036916521,2.2759616446912747,3.3074632336048504,-0.23946846043078762
2011-11-22,2011,False,False,678.9482224926555,892.3238173882834,2.253225790573337,3.275629216043524,-0.23912350061455345
2011-11-23,2011,False,False,668.6636307365123,877.9171228295342,2.203179069396466,3.205591007566631,-0.23835221645819604
2011-11-24,2011,False,False,672.2155288260664,882.8658040983378,2.2194230307761798,3.228284502386675,-0.23859829466088167
2011-11-25,2011,False,False,667.8738976714139,876.7725067416949,2.197864006087689,3.1980967524141484,-0.23825862177932589
2011-11-28,2011,False,False,680.7337724419978,894.7417870832792,2.25865855644805,3.2831105173924326,-0.23918410622009134
2011-11-29,2011,False,False,672.593665509425,883.3349364285531,2.2189215865490546,3.2274943116944392,-0.23857459071095333
2011-11-30,2011,False,True,690.6094293239127,908.5166074330011,2.3043513364780503,3.346969413555029,-0.23984941642925128
2011-12-01,2011,False,False,705.132320930633,928.8354853129948,2.3730703279141894,3.4431765812238933,-0.24084261197985923
2011-12-02,2011,False,False,702.2466725719692,924.7753390266932,2.3585015085427807,3.4227470096926798,-0.24062997472329972
2011-12-05,2011,False,False,713.9766008326723,941.1829342233876,2.4138225449649626,3.5001916253850505,-0.24140507135118583
2011-12-06,2011,False,False,721.1648980694146,951.2304019936754,2.447407889701276,3.547197460019846,-0.2418609660099894
2011-12-07,2011,False,False,711.2429440542641,937.3165709077283,2.3992038746334874,3.4796649952349323,-0.24119239312554464
2011-12-08,2011,False,False,697.5225142611932,918.083331475697,2.332872081794097,3.386746293740532,-0.2402405202804211
2011-12-09,2011,False,False,706.4788707939645,930.6068001277957,2.3748990643023773,3.4455738859608074,-0.2408406314063607
2011-12-12,2011,False,False,696.3744074321273,916.4373818540488,2.325872766903496,3.3768899292551797,-0.2401287625093501
2011-12-13,2011,False,False,698.1102379365998,918.8491823888163,2.333404956041063,3.387410829960242,-0.24023414144891686
2011-12-14,2011,False,False,688.4848616098153,905.3506804830439,2.2866974525587906,3.3219741509761134,-0.23953791999970797
2011-12-15,2011,False,False,684.9393278945369,900.3664267708536,2.2690286104057438,3.2972034004972564,-0.23926602822024567
2011-12-16,2011,False,False,682.3063409126927,896.6601089976625,2.2557221447776743,3.2785417607250427,-0.23905799525818827
2011-12-19,2011,False,False,673.2513062943048,883.9603170537646,2.2117849686915942,3.216984701982975,-0.23836930990494232
2011-12-20,2011,False,False,691.1620276488999,909.0235321072929,2.296480259056756,3.335565335964831,-0.23966541763044114
2011-12-21,2011,False,False,688.802804687086,905.7005951158015,2.2844820386986386,3.318735807772896,-0.2394806756210459
2011-12-22,2011,False,False,696.7667666472474,916.8343084342387,2.3217030873081033,3.370833252467426,-0.24002978483955362
2011-12-23,2011,False,False,700.8524049903132,922.536794011929,2.3404222661817013,3.3970205797209516,-0.24029869644283186
2011-12-26,2011,False,False,700.5350053445585,922.0732386839484,2.338151829415867,3.3938139351855945,-0.24026099451230765
2011-12-27,2011,False,False,704.4153206726014,927.4881886753639,2.355880611189798,3.4186143289888022,-0.24051289356186256
2011-12-28,2011,False,False,687.6720798250296,904.0217864453978,2.2753716662113,3.305842031152949,-0.23931912910091735
2011-12-29,2011,False,True,690.240609223761,907.599703524502,2.286860043922671,3.321903350116677,-0.23948784189402628
2012-01-02,2012,False,False,702.5505750019032,924.8385281486238,2.3447204885604096,3.4029945797146004,-0.2403532577645796
2012-01-03,2012,False,False,718.9670010804997,947.8344076634816,2.4221004131211448,3.511451169749119,-0.24146349270772494
2012-01-04,2012,False,False,720.1553035449116,949.4812086251939,2.426979690560422,3.518265438733078,-0.24152758685170383
2012-01-05,2012,False,False,710.8721322431651,936.4475196155298,2.3820377836670743,3.4552328753797292,-0.24088417412326268
2012-01-06,2012,False,False,711.5357203358524,937.3586968967593,2.3844281148477684,3.4585577881839056,-0.24091415304356967
2012-01-09,2012,False,False,717.081433452413,945.1143727703083,2.410033990602507,3.494429761815325,-0.2412754962655872
2012-01-10,2012,False,False,725.3761936034444,956.7240770568218,2.448698226323824,3.54860892420042,-0.24181254449566558
2012-01-11,2012,False,False,727.2146856154284,959.2824117095672,2.456656495682208,3.559739847419853,-0.24191804546959605
2012-01-12,2012,False,False,726.7832176279944,958.658374353267,2.453823844803775,3.5557424443128784,-0.24187464787099044
2012-01-13,2012,False,False,718.0019470296367,946.3283253858041,2.411321467787866,3.496130052737983,-0.24127606902507348
2012-01-16,2012,False,False,727.2891017532779,959.3293179375787,2.45466436028474,3.556868508638126,-0.24187754074185308
2012-01-17,2012,False,False,735.1960295425997,970.3953003733004,2.4914329761181797,3.6083901645950496,-0.24237470105247017
2012-01-18,2012,False,False,747.5288089890778,987.6661086357042,2.549198505261278,3.6893484696698593,-0.24313611406423163
2012-01-19,2012,False,False,749.9034222069542,990.9760587880735,2.559668143387441,3.704000279057311,-0.24326787155276186
2012-01-20,2012,False,False,754.3540792433938,997.1965200240927,2.579985460816106,3.732458061131287,-0.24352515868670677
2012-01-23,2012,False,False,755.2458040194396,998.4275336881409,2.5834075653882125,3.7372295995144507,-0.24356472699666076
2012-01-24,2012,False,False,756.4341064838515,1000.0743346498532,2.5882349754147005,3.743971318646243,-0.24362211860111904
2012-01-26,2012,False,False,761.8087170878931,1007.5901332362878,2.612913969929032,3.7785439923130175,-0.2439299552874412
2012-01-27,2012,False,False,761.2974012612838,1006.8541531460012,2.6096738375450346,3.773975438262819,-0.24388512588189115
2012-01-30,2012,False,False,759.8165045304004,1004.7588684287352,2.601838960527857,3.762965290519964,-0.24378223631047047
2012-01-31,2012,False,True,763.3089874967338,1009.636016856916,2.6175781397949467,3.7850048192270895,-0.2439760718194458
2012-02-01,2012,False,False,780.4148361567343,1033.6201211210655,2.6977261563536032,3.897451945461407,-0.24496938458367523
2012-02-02,2012,False,False,780.7640454240477,1034.0889522249731,2.6984584550129407,3.898451780671775,-0.24497399982454593
2012-02-03,2012,False,False,787.9345415237826,1044.1303724029615,2.7314945884725494,3.944784914171552,-0.24536766447045288
2012-02-06,2012,False,False,788.0556141077376,1044.2790500261303,2.731137968613759,3.9442566535002435,-0.24535916516948364
2012-02-07,2012,False,False,796.0245885992273,1055.4410073867034,2.767929044191658,3.995859277615188,-0.24578959598111239
2012-02-08,2012,False,False,795.0962324397328,1054.1169789984751,2.762597363973829,3.988349340216943,-0.24572296217526057
2012-02-09,2012,False,False,791.7154069341336,1049.3513006923083,2.745665520853719,3.9645604365422953,-0.24551920180420006
2012-02-10,2012,False,False,774.2813617336466,1024.86416797265,2.662271813029446,3.8475029105004603,-0.24450343183984802
2012-02-13,2012,False,False,793.6571703930649,1052.0337993701478,2.7529831352583956,3.974774063721455,-0.24559726990879271
2012-02-14,2012,False,False,786.2611392603549,1041.6334198029833,2.717084261245768,3.924367996082778,-0.24516521425640325
2012-02-15,2012,False,False,790.0780261147187,1046.9685838141158,2.7341996259153367,3.9483589782259205,-0.24536606128480243
2012-02-16,2012,False,False,798.948140505475,1059.395147423606,2.775183951654818,4.005846257410722,-0.24584500651293772
2012-02-17,2012,False,False,799.7079958028338,1060.440254792843,2.7778348881784787,4.009538747156643,-0.24587171018035636
2012-02-22,2012,False,False,798.4944687891411,1058.7160345536915,2.771164530696913,4.000150299905578,-0.24578976540602637
2012-02-23,2012,False,False,795.433034640244,1054.3985711205585,2.7557722808560228,3.9785220803406096,-0.24560497668836911
2012-02-24,2012,False,False,796.8887068218467,1056.4201466060476,2.761710665742878,3.9868280212459393,-0.24567066485620848
2012-02-27,2012,False,False,788.9451476490761,1045.2513986851109,2.7232880788207763,3.9328804210176616,-0.24521014882970626
2012-02-28,2012,False,False,797.1764793264282,1056.7815325485333,2.7612001756151314,3.9860563989128712,-0.24565631138163613
2012-02-29,2012,False,True,795.5523062826901,1054.4810360440526,2.7526052183145753,3.973967151151192,-0.24555086427419204
2012-03-01,2012,False,False,806.9817813277373,1070.5173139164883,2.8057018626388466,4.048527525436816,-0.24617587138745667
2012-03-02,2012,False,False,818.1146786844184,1086.1369971932313,2.8573773962831552,4.121091714155827,-0.24676658580034527
2012-03-05,2012,False,False,808.8407497146753,1073.0917677124899,2.8128340462230246,4.058499869225365,-0.2462520223793334
2012-03-06,2012,False,False,787.7835610494619,1043.4949144874881,2.7127759946632732,3.917928045999301,-0.24505280273801688
2012-03-07,2012,False,False,798.1179800143882,1057.9929969296732,2.7606758535696163,3.985188676901437,-0.24563018627670496
2012-03-08,2012,False,False,808.338330637635,1072.330850681207,2.8080178316976374,4.051665677727313,-0.24618569900872356
2012-03-09,2012,False,False,806.0453841786641,1069.0916170683138,2.796403008334534,4.035327676194156,-0.24604648347255842
2012-03-12,2012,False,False,802.4520586245496,1064.0257763819977,2.7786697966053278,4.010395351113859,-0.245834004742701
2012-03-13,2012,False,False,825.4252498475406,1096.2771977483267,2.8860165839173746,4.161159501490089,-0.24706520253919007
2012-03-14,2012,False,False,823.9079681119888,1094.1275192318608,2.8780434956062795,4.149936975417401,-0.24697263012777648
2012-03-15,2012,False,False,818.1587509001357,1086.0333562922388,2.8501588277653442,4.110745206081123,-0.24665412331959824
2012-03-16,2012,False,False,817.462761224675,1085.037324348461,2.8460608954112163,4.104966025591562,-0.24660401731752235
2012-03-19,2012,False,False,818.0329301418542,1085.819830870911,2.847920560855418,4.107555330160368,-0.24662185485622512
2012-03-20,2012,False,False,813.1164118242599,1078.895337373042,2.823976284765651,4.073898551134443,-0.24634356674106705
2012-03-21,2012,False,False,808.1998935066654,1071.970843875173,2.800042243459422,4.040256158421416,-0.24606168337095435
2012-03-22,2012,False,False,796.4734951908179,1055.4806975454326,2.74410617397393,3.9616613987178457,-0.2453926471198834
2012-03-23,2012,False,False,796.3364403895855,1055.2697861858453,2.7426621851251607,3.9596101892947226,-0.24537170417068932
2012-03-26,2012,False,False,806.3286543294738,1069.2871825560771,2.788814693560107,4.024416492147308,-0.2459194615968502
2012-03-27,2012,False,False,798.9938871682785,1058.9658408164044,2.753548049904362,3.9748555408842394,-0.24549607138196428
2012-03-28,2012,False,False,788.1115945808575,1043.6613867974822,2.701634304179945,3.9019108688182342,-0.24485891252601544
2012-03-29,2012,False,False,785.7844276193828,1040.3740845773934,2.689916202268179,3.885427931846885,-0.2447097257919747
2012-03-30,2012,False,True,781.7120150302153,1034.635283390343,2.670009460235752,3.857442645025084,-0.24445644993986326
2012-04-02,2012,False,False,789.8152399527727,1046.0083729899952,2.7071825390883486,3.9096849236798645,-0.2449245528550592
2012-04-03,2012,False,False,779.2340705082631,1031.1106116488108,2.6566591764817598,3.83862323626847,-0.24427693624235058
2012-04-04,2012,False,False,770.6605038773091,1019.0356035222707,2.6155782494830353,3.780837924101668,-0.2437354482870464
2012-04-05,2012,False,False,773.4937714142836,1022.9989659334819,2.6280195657330374,3.7983065944347185,-0.2438958423496801
2012-04-09,2012,False,False,763.8593692057123,1009.4323893469308,2.58199000799865,3.733563373256416,-0.24327832426706275
2012-04-10,2012,False,False,750.3922707167167,990.4769202596952,2.5180134585875136,3.643586124049204,-0.24239297719328
2012-04-11,2012,False,False,745.3662295119886,983.389845370396,2.493631260895189,3.6092798001893414,-0.24204400419525907
2012-04-12,2012,False,False,765.5492918183824,1011.747569369527,2.587391245634406,3.741085142312685,-0.2433396283863214
2012-04-13,2012,False,False,754.7285788563464,996.51300224705,2.5358565418428034,3.6686015565568058,-0.24263047531291693
2012-04-16,2012,False,False,753.0561468969893,994.1412082958494,2.5271950674332047,3.6563991020882876,-0.24250585267673053
2012-04-17,2012,False,False,761.592831517928,1006.1237559759363,2.566344329280861,3.7114200701284767,-0.24304259093933656
2012-04-18,2012,False,False,766.8671615668393,1013.5193296822265,2.590202067260483,3.7449406820328957,-0.24336207597808834
2012-04-19,2012,False,False,760.7802847844936,1004.9406863329161,2.5608719156774793,3.7036774459766724,-0.24296001233602882
2012-04-20,2012,False,False,759.4158373476704,1003.0019283862349,2.5536538949352847,3.693504578316495,-0.24285705156168413
2012-04-23,2012,False,False,748.5723107172986,987.7352845226822,2.5020926817183553,3.6209837872406183,-0.2421326620127353
2012-04-24,2012,False,False,753.5500630778437,994.7138605949907,2.5245559545268645,3.652543782015859,-0.24244539768742568
2012-04-25,2012,False,False,751.0791527267313,991.2193807061476,2.5121774735877076,3.6351151774895847,-0.24226748654605568
2012-04-26,2012,False,False,756.2394144339634,998.4545707070603,2.5354811333986125,3.6678568055496035,-0.24259006206118228
2012-04-27,2012,False,False,750.5061495108235,990.3731168444203,2.507857674740937,3.6289933014462274,-0.24219858481000955
2012-04-30,2012,False,True,752.0276311184864,992.4920666437902,2.514147808964889,3.6378133955317296,-0.24228348377479525
2012-05-02,2012,False,False,758.9514066672018,1002.2184127483875,2.5457487676106263,3.68226907633564,-0.24272853400694727
2012-05-03,2012,False,False,755.3580811130872,997.1424669499507,2.528211843840322,3.6575656630358635,-0.24247727265736774
2012-05-04,2012,False,False,740.7571605869216,976.573883747579,2.4592777611785763,3.56052333739052,-0.24147350967006853
2012-05-07,2012,False,False,745.3702537382397,983.0480603610724,2.4800818298474687,3.589782964334379,-0.2417763853127729
2012-05-08,2012,False,False,735.6634354118239,969.3676803485022,2.434032586263553,3.5249499188769464,-0.24108937163312283
2012-05-09,2012,False,False,729.1002265137473,960.1117728148439,2.402673946394238,3.480793169691677,-0.2406090132858384
2012-05-10,2012,False,False,728.186708510704,958.8075216333049,2.3976898382259777,3.473757258946492,-0.24052879010559292
2012-05-11,2012,False,False,725.3024317684678,954.7295264473328,2.3835143127451848,3.4537848986092703,-0.24030585451001152
2012-05-14,2012,False,False,703.6110231235176,924.1814371203122,2.2816286853333443,3.3103649812692115,-0.23866570473875492
2012-05-15,2012,False,False,688.8088860426295,903.3296517171058,2.2119108717545246,3.2122196561628495,-0.23747783023252
2012-05-16,2012,False,False,684.857385895642,897.749593157546,2.1928083258538082,3.1853127886132677,-0.23713985379054758
2012-05-17,2012,False,False,663.8073835359545,868.1042509820521,2.094017465633686,3.046248627458718,-0.23533678957911408
2012-05-18,2012,False,False,669.2706280378084,875.7749729486187,2.1188209736987464,3.081137344814576,-0.23579612490585056
2012-05-21,2012,False,False,693.0089896967839,909.1670050059541,2.228758528871081,3.2358479691086384,-0.23775391552815384
2012-05-22,2012,False,False,675.356855099039,884.3039911515837,2.1458502672409177,3.119137794904688,-0.23628428475194774
2012-05-23,2012,False,False,670.6197662829063,877.6182559723256,2.123123382350537,3.0871298965688325,-0.23586392862815142
2012-05-24,2012,False,False,664.3175457505918,868.7296764633327,2.0931187315371464,3.0448789168663106,-0.2353000435589111
2012-05-25,2012,False,False,668.9275590566847,875.1995183492627,2.1139243121555356,3.074140796378286,-0.23568564078009668
2012-05-28,2012,False,False,677.5227780160269,887.2783371572783,2.1532686939607766,3.129495116873307,-0.23640333631189547
2012-05-29,2012,False,False,670.9564892727249,878.0180948960563,2.1220479619289225,3.085532590463883,-0.23582840356820245
2012-05-30,2012,False,False,661.4755262628339,864.6555949048309,2.07728094264799,3.0225043535433027,-0.23498381302252513
2012-05-31,2012,False,True,669.420213469579,875.8188229240935,2.1135823882305997,3.073575920577179,-0.2356635916609009
2012-06-01,2012,False,False,657.0651672436151,858.3893852006817,2.0554064972965125,2.991580493841812,-0.23453717092505666
2012-06-04,2012,False,False,657.2731518968408,858.6619948433234,2.0556631887347314,2.991920013218612,-0.23453797204944338
2012-06-05,2012,False,False,646.6542258312356,843.6788522542121,2.005597145392682,2.9213518580256195,-0.2335303603931158
2012-06-06,2012,False,False,665.8061103288487,870.6445278908735,2.093894564725133,3.045745947448297,-0.23527215872848073
2012-06-08,2012,False,False,668.9794155923693,875.0954481978566,2.107918307049334,3.065484079897127,-0.23553548704881977
2012-06-11,2012,False,False,664.1427278348285,868.2598185294308,2.084731666673611,3.0327906109123584,-0.2350875698017615
2012-06-12,2012,False,False,676.1422991724671,885.1474654203024,2.139736703842429,3.1102738120283373,-0.23612468477056703
2012-06-13,2012,False,False,683.0532817877928,894.8649923413218,2.171092301707487,3.1544335763292564,-0.23669683400995
2012-06-14,2012,False,False,679.694463465049,890.111767387745,2.154766597656296,3.1314075998502906,-0.23639425028636352
2012-06-15,2012,False,False,688.3340377301826,902.2649813301304,2.194125465105255,3.186844460928679,-0.23710434077200704
2012-06-18,2012,False,False,689.4165843590634,903.7699000920022,2.198406793593428,3.1928550224634753,-0.2371768695893921
2012-06-19,2012,False,False,700.876612440559,919.8972988892313,2.2508191671640025,3.266685059783076,-0.23809254219263165
2012-06-20,2012,False,False,700.5964986597393,919.4821492099497,2.248766513608807,3.2637706895893794,-0.23805318106315
2012-06-21,2012,False,False,681.695412509826,892.828957289947,2.160386706118804,3.139216306397529,-0.23647703522182595
2012-06-22,2012,False,False,680.9963257100183,891.8234500529593,2.156414024148404,3.1335965239998114,-0.23640006811933623
2012-06-25,2012,False,False,662.4061898595228,865.6084053429503,2.0695374877642387,3.0111603584010664,-0.234750742055144
2012-06-26,2012,False,False,662.8119690172205,866.1597190435998,2.0707063656113984,3.01278535577299,-0.23476934513984649
2012-06-27,2012,False,False,654.5619002032689,854.5144352622428,2.031782770742329,2.9579177177500826,-0.23399550295204818
2012-06-28,2012,False,False,649.4026271754593,847.2242640274701,2.0071897530699663,2.9232427137183152,-0.2334938283183975
2012-06-29,2012,False,True,668.8713935262575,874.6364447812856,2.0966268218808213,3.049242799913359,-0.2352578062379762
2012-07-02,2012,False,False,672.7763476161034,880.1254965121414,2.114018800956176,3.073756981872376,-0.23559043536148438
2012-07-03,2012,False,False,685.2292410263698,897.6728827882927,2.170959467067819,3.154061379143708,-0.23666042033267665
2012-07-04,2012,False,False,688.6589864047796,902.4915711243541,2.1861288201146443,3.175440183655306,-0.23693582473371433
2012-07-05,2012,False,False,692.1542070113134,907.4026234999287,2.201594349611802,3.197236804735353,-0.23721379122575603
2012-07-06,2012,False,False,680.9659803351811,891.600154993387,2.149148995163797,3.1232334848846346,-0.23624286456048016
2012-07-10,2012,False,False,661.7562397354782,864.4819652557544,2.059639153334443,2.996944357193052,-0.23450544218155023
2012-07-11,2012,False,False,660.2447726890247,862.330225954826,2.0519789184392505,2.98611814771106,-0.234348103758093
2012-07-12,2012,False,False,658.6011004345651,859.9919885323022,2.0437110715505864,2.974434806157207,-0.23417763279567194
2012-07-13,2012,False,False,669.0248321146987,874.6768941483489,2.091203844754383,3.0414113921045827,-0.23511774851888423
2012-07-16,2012,False,False,658.4788102022209,859.7803656112483,2.0418070862839057,2.971708684081877,-0.23413137059243616
2012-07-17,2012,False,False,664.3173367518721,867.9970529410379,2.0681029407937785,3.008783398232196,-0.23465484761617217
2012-07-18,2012,False,False,672.0492837050579,878.884734507551,2.1031299379521133,3.0581748954834147,-0.2353385406317079
2012-07-19,2012,False,False,680.8062487765737,891.2183799400319,2.1428734280738726,3.1142198238603367,-0.23609491893290657
2012-07-20,2012,False,False,667.7147918195226,872.7310786821356,2.0817605776285655,3.0279895939175487,-0.23491347090812564
2012-07-23,2012,False,False,654.521015559985,854.0994384983799,2.0202024449043474,2.941131225767079,-0.2336711791887841
2012-07-24,2012,False,False,650.0591708559969,847.7856854657293,1.9989548743356615,2.911137828378804,-0.23322700300266552
2012-07-25,2012,False,False,649.7521514293351,847.3330261181455,1.996880118606641,2.908190983633002,-0.2331797163554219
2012-07-26,2012,False,False,665.7143573713646,869.8308996340583,2.069829052437122,3.0110779298013224,-0.23466232614703197
2012-07-27,2012,False,False,694.8539662808687,910.9177602103233,2.203497978462841,3.199620848390075,-0.23719352434139307
2012-07-30,2012,False,False,702.747205869189,922.0329727034422,2.239177200011626,3.249932490511915,-0.2378285520433152
2012-07-31,2012,False,True,689.7468895171397,903.6742409012446,2.1785570945490305,3.1643974235080394,-0.23673060678453417
2012-08-01,2012,False,False,692.0133316206552,906.8570649221291,2.1883627057842685,3.1782276629024375,-0.2369102492683588
2012-08-02,2012,False,False,683.2560951159429,894.4718720303705,2.14738437565926,3.1203390860601887,-0.23613462146661668
2012-08-03,2012,False,False,703.0883774280182,922.461777894836,2.2380922468651216,3.248422285058316,-0.23781299748533014
2012-08-06,2012,False,False,715.5583467630876,940.054372932709,2.2948632583685713,3.328578694184646,-0.23881174603683408
2012-08-07,2012,False,False,708.5415650157178,930.1271099263316,2.26190071964802,3.282010313912256,-0.23823146594250322
2012-08-08,2012,False,False,722.5620653192335,949.9094179627617,2.325780969049904,3.3722066466166734,-0.2393358233368318
2012-08-09,2012,False,False,720.8506021433672,947.4745077528889,2.3172396657257788,3.3601267863778403,-0.23918733829261785
2012-08-10,2012,False,False,726.4127067746807,955.3115793978673,2.342166884540439,3.395312327695728,-0.23960650907996062
2012-08-13,2012,False,False,724.6517379385256,952.8067555970747,2.333397994517217,3.3829110757465433,-0.23945570947970052
2012-08-14,2012,False,False,712.8341618948997,936.0996462749263,2.2783814684228534,3.305197333397981,-0.2385061091182754
2012-08-15,2012,False,False,714.09087103787,937.8564907870025,2.2835046049322285,3.312414891663546,-0.23859260126393056
2012-08-16,2012,False,False,728.4671504990835,958.1412423489604,2.3489395285786365,3.404806830706794,-0.23970796965884944
2012-08-17,2012,False,False,724.3651570866446,952.3303433720195,2.3294161896468473,3.377217805267076,-0.23937616591968902
2012-08-20,2012,False,False,726.6982151017006,955.6072446673211,2.3394723171506717,3.3914019235461312,-0.23954300351219227
2012-08-21,2012,False,False,722.574092430976,949.7650939930564,2.3198569967863456,3.363683012752756,-0.23920757142896376
2012-08-22,2012,False,False,727.8992771166215,957.2675791672041,2.3436555569567195,3.3972746796176745,-0.23960730211935777
2012-08-23,2012,False,False,718.0278210503859,943.3088472060786,2.2976517340572835,3.3322890346924536,-0.23882000770260658
2012-08-24,2012,False,False,717.0927070079888,941.9703238621057,2.292699592969403,3.3252779893847935,-0.23873110559588773
2012-08-27,2012,False,False,713.5510172898785,936.950704974101,2.275783113306827,3.30137050187711,-0.23843270141986572
2012-08-28,2012,False,False,716.9588272202368,941.7454077755019,2.290770909212821,3.322519333234194,-0.23869145386780677
2012-08-29,2012,False,False,705.1710230137894,925.0803432626396,2.2360202572460404,3.245181144261914,-0.23771915796335952
2012-08-30,2012,False,False,703.9282666538832,923.3073568893791,2.229672877127331,3.23619972241287,-0.2376013670838536
2012-08-31,2012,False,True,701.74764038869,920.2098784780006,2.2190258733426145,3.2211462315504615,-0.23740479557841798
2012-09-03,2012,False,False,704.3097754845817,923.810372462568,2.2299989703613443,3.2366394102796985,-0.23760352072349167
2012-09-04,2012,False,False,692.4131779309155,906.9695346642101,2.174674319663946,3.1584027892422757,-0.23656401734897348
2012-09-05,2012,False,False,699.6522291039996,917.1821153075422,2.2070910381124222,3.2042123500225097,-0.2371719668024732
2012-09-06,2012,False,False,716.3283823208942,940.7365937936806,2.2827398128550387,3.311142132677263,-0.23854521335012824
2012-09-10,2012,False,False,717.3261841789961,942.1254793677628,2.286519773185658,3.3164659049885437,-0.2386086568209831
2012-09-11,2012,False,False,728.9961060162703,958.6022948876356,2.339181777798731,3.390897686322342,-0.2395218435172628
2012-09-12,2012,False,False,734.743599553556,966.7061551302453,2.3646971297945436,3.4269503368220438,-0.23995146234011178
2012-09-13,2012,False,False,758.0241956853398,999.5978011356108,2.4704722212099894,3.5764718606208685,-0.2416708051736679
2012-09-14,2012,False,False,759.7576242789312,1002.0266941939584,2.4775704315344957,3.58648691632985,-0.2417790577025607
2012-09-17,2012,False,False,756.3940230929256,997.2495561735461,2.4613406644425786,3.5635215720851106,-0.24151981977789483
2012-09-18,2012,False,False,756.4278333954959,997.2755787844512,2.460661891286882,3.5625417762833074,-0.24150570866531929
2012-09-19,2012,False,False,754.7409227638341,994.868896650412,2.4521130314185955,3.5504354926234543,-0.241366450087098
2012-09-20,2012,False,False,755.2057973296104,995.5043452627191,2.4534079781618763,3.5522461034877653,-0.24138372582361012
2012-09-21,2012,False,False,751.0618546181769,989.623983300632,2.4336321553766505,3.5242674886217538,-0.24106340661509984
2012-09-24,2012,False,False,757.8436058094686,999.190046653776,2.4638028651382973,3.5669018249751607,-0.24154207865917132
2012-09-25,2012,False,False,741.825262797563,976.5220061206605,2.389773928127392,3.462221769190128,-0.24033943101339394
2012-09-26,2012,False,False,741.6149668489396,976.2029184793828,2.3879981654556026,3.4596911399635184,-0.24030654609787216
2012-09-27,2012,False,False,738.9498061190363,972.4132150730436,2.375011133716752,3.4413103573047668,-0.24008662709964346
2012-09-28,2012,False,True,726.8663646216996,955.3082227919402,2.3190244959894954,3.362138003616166,-0.239128956204948
2012-10-01,2012,False,False,731.4168342534358,961.7294094266192,2.3391098471831473,3.390547210497121,-0.2394775213440704
2012-10-02,2012,False,False,727.4844975878503,956.1452865827126,2.320468661189358,3.3641486109584395,-0.2391485815007275
2012-10-03,2012,False,False,720.7457375119294,946.5893670965011,2.2890284640660536,3.319636190857296,-0.238586696021431
2012-10-04,2012,False,False,718.8596728277286,943.9012349840623,2.2797413525943644,3.3064759787742366,-0.23841642940549124
2012-10-05,2012,False,False,720.200829666318,945.7804349288558,2.2851789866595467,3.3141550007121765,-0.2385116005064183
2012-10-08,2012,False,False,728.7507634940133,957.8618716904498,2.3234902149395293,3.3683584529829798,-0.23919013269846268
2012-10-09,2012,False,False,724.487970842583,951.810070316577,2.3033648411475283,3.3398593879719574,-0.2388313662182472
2012-10-10,2012,False,False,719.0218712547778,944.0552862666211,2.2777623637805866,3.3036088474649112,-0.2383688945821857
2012-10-11,2012,False,False,727.1141628956559,955.4890439594459,2.3139655238666723,3.3548288724068387,-0.23901360513505054
2012-10-15,2012,False,False,732.1785104066573,962.6374973450734,2.3363560954735827,3.3865006092774674,-0.23940370863800275
2012-10-16,2012,False,False,733.8455604974248,964.977918401401,2.3432599567080854,3.396254753537134,-0.23952087762471708
2012-10-17,2012,False,False,737.8083500328295,970.5673895419876,2.360617743420755,3.4208038447047056,-0.23981749440293632
2012-10-18,2012,False,False,733.8227434516797,964.9078763378828,2.3417719635555683,3.3941157688746477,-0.23948932178193127
2012-10-19,2012,False,False,724.6074456095598,951.8470315620285,2.2991233036859096,3.333740623833739,-0.2387354043428146
2012-10-22,2012,False,False,722.1235487466178,948.3128161994852,2.287133886287107,3.3167560431178718,-0.23851756887495934
2012-10-23,2012,False,False,710.6474163724142,932.0523205903796,2.23422489867462,3.2418599613132715,-0.2375455747781663
2012-10-24,2012,False,False,704.6529522259507,923.5497674859522,2.2062802376361765,3.2022947021077455,-0.23701680512125844
2012-10-25,2012,False,False,712.4098829422915,934.508904923996,2.2409051746754365,3.251281205196012,-0.23766389042570757
2012-10-26,2012,False,False,706.0678525587311,925.5144579704812,2.211389860717818,3.2094930897975162,-0.237107701043336
2012-10-29,2012,False,False,704.9700001155343,923.9418448922387,2.205733774812268,3.201471803974628,-0.23699743223800362
2012-10-30,2012,False,False,710.8007728142788,932.1749831390475,2.2315802855784526,3.238034641260394,-0.2374813895769905
2012-10-31,2012,False,True,703.82440838264,922.2827935879691,2.1992018562847266,3.19219451630895,-0.2368670289895115
2012-11-01,2012,False,False,718.8713234753293,943.579150342161,2.266815390105538,3.2879703077017606,-0.23814412048565092
2012-11-05,2012,False,False,716.9514852899586,940.8372098729507,2.257311865258061,3.274487562789589,-0.23796436007587896
2012-11-06,2012,False,False,731.24931358284,961.072269227174,2.3214766813468706,3.3653772687822867,-0.23913181453996302
2012-11-07,2012,False,False,720.5653765695664,945.9134562386456,2.2721659069841684,3.2954960966860103,-0.23823329521620196
2012-11-08,2012,False,False,709.2921625031773,929.9197624265695,2.220203366203194,3.2218579417215816,-0.23725444800493078
2012-11-09,2012,False,False,707.4428185529644,927.2776973636603,2.211040026876809,3.20885720255842,-0.23707555938820446
2012-11-12,2012,False,False,704.1486849870414,922.5886713036447,2.1953248184269847,3.1865738607043825,-0.2367685547319167
2012-11-13,2012,False,False,709.0122629446545,929.4573953359289,2.2166267898635232,3.2167360342365443,-0.23717615621488508
2012-11-14,2012,False,False,695.3001536648208,910.0083033650709,2.1536650560113615,3.1275143862345063,-0.23594086878800158
2012-11-16,2012,False,False,685.3486494734698,895.8871926157985,2.107786238662512,3.062495622840137,-0.23500564008243197
2012-11-19,2012,False,False,697.3616888825153,912.8851898531706,2.1615061056472893,3.1385871169673685,-0.2360904781523735
2012-11-21,2012,False,False,695.0332578972493,909.5643598930686,2.1501984494388684,3.12254838691992,-0.2358613765616765
2012-11-22,2012,False,False,697.3085111138174,912.7659757629223,2.159757145519325,3.1360728689471795,-0.23604896585788904
2012-11-23,2012,False,False,710.3313975517495,931.194712437163,2.218001085713696,3.21857404299144,-0.2371827416280753
2012-11-26,2012,False,False,700.8373074105325,917.7216605540204,2.1742333351132577,3.156546257574824,-0.23632912076255974
2012-11-27,2012,False,False,695.3118830130211,909.8713677906732,2.1484570489150143,3.1200085767451835,-0.23581298672870654
2012-11-28,2012,False,False,698.6874394534278,914.6318803744136,2.1629881700298137,3.140577966908234,-0.23609984033421927
2012-11-29,2012,False,False,713.7187271833071,935.9060964641017,2.230265797161228,3.2358779973363347,-0.23740348537126654
2012-11-30,2012,False,True,709.4600317201442,929.8504904110708,2.210226387873955,3.2074682824030356,-0.2370170914181008
2012-12-03,2012,False,False,717.817253046435,941.6804113931338,2.247225572967034,3.2599264652114623,-0.23772731771654132
2012-12-04,2012,False,False,710.582472748584,931.3959844932917,2.2136895752448518,3.2123436484621237,-0.23707801560346764
2012-12-05,2012,False,False,711.954262898777,933.3183734690632,2.21908483601557,3.219977574087701,-0.23717963437009726
2012-12-06,2012,False,False,711.7565867358045,933.014767035462,2.2173828631954997,3.2175454059865185,-0.2371432780240743
2012-12-07,2012,False,False,721.2900808014917,946.5130116356256,2.259658913991175,3.2774878758326036,-0.23795016874087815
2012-12-10,2012,False,False,730.0252105437658,958.8789252618668,2.2983066741435194,3.332284300881928,-0.23866799935727212
2012-12-11,2012,False,False,734.3595836640529,965.0031859414116,2.317057090577905,3.358860061968735,-0.23900812519323822
2012-12-12,2012,False,False,732.7136958351202,962.6455612130657,2.308792404674401,3.347119945267231,-0.23885412725344068
2012-12-13,2012,False,False,730.9734734876188,960.1541405545248,2.3001059751134028,3.334781672932392,-0.2386915364803256
2012-12-14,2012,False,False,734.3161364453462,964.8718452278857,2.31436571113747,3.3549882683304775,-0.2389495661240757
2012-12-17,2012,False,False,733.9336695688532,964.3061476130081,2.3118089877762236,3.3513438598731877,-0.2388997297325196
2012-12-18,2012,False,False,744.1893303057122,978.8286510209876,2.3572450991235137,3.4157683504706213,-0.23971439788826165
2012-12-19,2012,False,False,750.3773139782878,987.5819127472878,2.384312616288945,3.4541404233152546,-0.2401872651850584
2012-12-20,2012,False,False,753.6014599290106,992.1315231383367,2.398002574830208,3.4735389319864884,-0.2404218167111568
2012-12-21,2012,False,False,750.5875504783182,987.8336147451456,2.383565216280923,3.4530440935168096,-0.24016804118174828
2012-12-26,2012,False,False,750.1042471877809,987.1248994733244,2.380539922228356,3.4487351503554926,-0.24011211996780213
2012-12-27,2012,False,False,743.9563100494502,978.3819570026196,2.3519933869562206,3.4082290928778853,-0.23960544782669346
2012-12-28,2012,False,True,750.1274116074572,987.1112745963094,2.378952304538095,3.446447182866258,-0.24007816452686093
2013-01-02,2013,False,False,768.4033797921095,1013.0386266904528,2.4605342002218094,3.562258451747697,-0.24148659335681466
2013-01-03,2013,False,False,777.1471129359905,1025.4325701178345,2.49916152908572,3.617084899758689,-0.24212753175307566
2013-01-04,2013,False,False,768.1901770914468,1012.6959553843204,2.458090829350564,3.5587599277750757,-0.24144046097239835
2013-01-07,2013,False,False,761.5018324262206,1003.1801772537855,2.4272478527541,3.5149557913265097,-0.24091220132475244
2013-01-08,2013,False,False,752.3703720189076,990.1957809433126,2.385424858023796,3.455562759762066,-0.24018018810162978
2013-01-09,2013,False,False,757.5595074993788,997.543077637889,2.4080440568738117,3.4876616603246937,-0.24057464335953715
2013-01-10,2013,False,False,758.7447301185653,999.2058115005477,2.412644963052017,3.494179062221354,-0.24065220459523984
2013-01-11,2013,False,False,756.7290810018894,996.3241016827862,2.4028502571819437,3.480258273091758,-0.240478997021373
2013-01-14,2013,False,False,763.4309908297114,1005.8191626084922,2.432252367249826,3.5219872435834594,-0.24098583601267964
2013-01-15,2013,False,False,759.4499441859014,1000.1470759469389,2.4136234648766965,3.49552409993273,-0.2406617362082928
2013-01-16,2013,False,False,760.1790075067124,1001.1621767858993,2.4161693040104772,3.499123841751313,-0.24070342934132005
2013-01-17,2013,False,False,764.8659000787695,1007.7964131645602,2.4364963418173207,3.5279684802002063,-0.24105117850436653
2013-01-18,2013,False,False,762.1996051411551,1003.9909477160973,2.423784322559199,3.5099058613985115,-0.24083020183097759
2013-01-21,2013,False,False,761.6035365366779,1003.1246900063445,2.4203751640868765,3.5050510030225057,-0.24076882552670398
2013-01-22,2013,False,False,759.2851500411853,999.8131682243682,2.409234156695508,3.4892188438554053,-0.24057296485737623
2013-01-23,2013,False,False,762.4578994457917,1004.2976969869821,2.422748159119629,3.5083906876286077,-0.2408048910863182
2013-01-24,2013,False,False,753.4207735570474,991.4472322870616,2.3814567738187633,3.4497524851524464,-0.24007980553935981
2013-01-28,2013,False,False,740.4331187909244,972.9879967669993,2.3224563022669678,3.365971780364741,-0.2390110450990124
2013-01-29,2013,False,False,744.8068937650721,979.1776838458225,2.3413682480381355,3.3928073832006564,-0.2393547095152686
2013-01-30,2013,False,False,732.6534207816497,961.9027794841263,2.2861430662995823,3.3143866657767305,-0.2383290324053583
2013-01-31,2013,False,True,737.5465489154632,968.8298191903311,2.3073836274236013,3.3445283371763725,-0.23872435147398297
2013-02-01,2013,False,False,744.3283723748211,978.4448733374038,2.33696406045997,3.386552358673293,-0.23927408415358997
2013-02-04,2013,False,False,735.5379280331481,965.9283272806651,2.296733741184428,3.3293600326324633,-0.2385170749636516
2013-02-05,2013,False,False,734.102724431297,963.8651878527123,2.2894819616040194,3.3190374362332147,-0.2383761404779826
2013-02-06,2013,False,False,728.5244445913127,955.9138304665372,2.2636734700457013,3.2823416994518837,-0.23787644725701518
2013-02-07,2013,False,False,721.979891828963,946.5891878094693,2.233550150017749,3.2395136552800317,-0.23728276096231515
2013-02-08,2013,False,False,723.4655221841518,948.6771925966603,2.2393978605260525,3.2478083250596734,-0.23739547252746018
2013-02-13,2013,False,False,722.4706223811829,947.2398212180107,2.2341385732059913,3.240317528456651,-0.2372885871159932
2013-02-14,2013,False,False,718.7798313909657,941.9709985240165,2.2168167491390807,3.21568323556248,-0.23694059316345328
2013-02-15,2013,False,False,716.85048373296,939.2055722593847,2.2073847146888586,3.202262068274652,-0.23674805079309713
2013-02-18,2013,False,False,713.6049014803169,934.5694886059164,2.192069638828455,3.1804798198077773,-0.2364346255891674
2013-02-19,2013,False,False,710.244110202578,929.7696677167498,2.1762469524587336,3.1579761537643467,-0.23610746310240927
2013-02-20,2013,False,False,697.3323766760324,911.3958678721042,2.117730447135763,3.0747952363879474,-0.23487432710865797
2013-02-21,2013,False,False,697.126487592459,911.0798533838768,2.116035951493484,3.072370837077174,-0.23483492143610174
2013-02-22,2013,False,False,703.3688818640156,919.9282606125157,2.1431578633446575,3.1109008666894944,-0.23540898570102453
2013-02-25,2013,False,False,702.5175941032209,918.6949933722267,2.138574508279467,3.1043707820054802,-0.23530921669170068
2013-02-26,2013,False,False,706.3523478869529,924.1216166069174,2.154923638204752,3.127590347127671,-0.23565001056846224
2013-02-27,2013,False,False,710.115238615427,929.4461067143899,2.170943759632271,3.150342327179116,-0.23598018918418173
2013-02-28,2013,False,True,711.8864960981807,931.9400501532534,2.178064714724021,3.160446652469881,-0.23612415199763748
2013-03-01,2013,False,False,705.7733835972488,923.2215097133487,2.150070893091938,3.1206048190731916,-0.23553191062848555
2013-03-04,2013,False,False,701.4338056727465,917.0262575717903,2.1300035951483554,3.092040417544803,-0.23509954062811111
2013-03-05,2013,False,False,695.2278415416878,908.1756128950159,2.101618744330527,3.0516422614098406,-0.23447862762413185
2013-03-06,2013,False,False,717.9707115037064,940.5117910118961,2.2023671342716606,3.1949678457265662,-0.23661700112101502
2013-03-07,2013,False,False,728.3629458387423,955.2761581424684,2.247995299169419,3.259871385250695,-0.23753676920499944
2013-03-08,2013,False,False,723.6898320831698,948.6063694055687,2.2264370578830572,3.229185775325763,-0.23710207371192304
2013-03-11,2013,False,False,725.0178537833444,950.474669000029,2.2316374137880293,3.236570844662488,-0.23720444381109296
2013-03-12,2013,False,False,721.2331042727702,945.0687964753444,2.214051266812701,3.2115365261824618,-0.23684592384953818
2013-03-13,2013,False,False,711.8985877344737,931.7670180090963,2.171746882309974,3.1513344531481238,-0.23596932068320553
2013-03-14,2013,False,False,710.7522389669413,930.1149182102118,2.165934249295952,3.1430508606245517,-0.23584470579762618
2013-03-15,2013,False,False,706.1055890666385,923.4827808037224,2.144536134787969,3.1125931008849808,-0.23538846230343025
2013-03-18,2013,False,False,707.3382496331694,925.2154057765327,2.149324352774574,3.119391833377261,-0.2354880331467234
2013-03-19,2013,False,False,700.4104610359641,915.3377886047791,2.117785270580743,3.0745060699077635,-0.234806571130885
2013-03-20,2013,False,False,696.6824034912045,910.0125743180853,2.100500238056094,3.049900197232245,-0.23442551987453475
2013-03-21,2013,False,False,691.5610011528324,902.7049850272558,2.0770233644174967,3.0164849166952425,-0.23390142668598224
2013-03-22,2013,False,False,687.8094455296869,897.3463389558012,2.05965055840608,2.9917541768496494,-0.23350726952309453
2013-03-25,2013,False,False,683.6357229739863,891.3870567901752,2.0404079296152378,2.9643631611748953,-0.23306523494326636
2013-03-26,2013,False,False,692.7914564852186,904.3921979653788,2.0804422253678014,3.021308127902974,-0.23397010937975882
2013-03-27,2013,False,False,696.9809966047599,910.3317099506488,2.098381847542831,3.0468180037815022,-0.23436590312497763
2013-03-28,2013,False,True,700.6560885033275,915.5392930559635,2.1140270600147884,3.0690635246931715,-0.23470669820776446
2013-04-01,2013,False,False,695.5694942882893,908.275164525816,2.0907955714688677,3.035963162910109,-0.234186377152098
2013-04-02,2013,False,False,684.0589132748988,891.8613440557541,2.0390339442745904,2.962227295885822,-0.23299858455112576
2013-04-03,2013,False,False,691.7884675892369,902.8512709246703,2.0727531368793075,3.0102418656052388,-0.2337736127006499
2013-04-04,2013,False,False,681.4013456730456,888.0375945659109,2.026005168511708,2.943646968197424,-0.23268862732537
2013-04-05,2013,False,False,686.037480629383,894.6215606109455,2.045978723278794,2.972083619261514,-0.23315342393393523
2013-04-08,2013,False,False,686.5587142279818,895.3446678204513,2.0476779081952374,2.974492068613787,-0.23319059251307062
2013-04-09,2013,False,False,695.9546929459124,908.7080849241138,2.0887640195299717,3.032999368232904,-0.23412732373341705
2013-04-10,2013,False,False,699.1315516071467,913.2136020285564,2.1022376231055317,3.0521781453465593,-0.23442713725010345
2013-04-11,2013,False,False,690.2152268885682,900.4947838453611,2.062055856331619,2.994935520185107,-0.23351557469199458
2013-04-12,2013,False,False,685.2615222915863,893.4199301542498,2.0394664295191323,2.962749690200301,-0.23299055778476396
2013-04-15,2013,False,False,662.3482135705677,860.765191221173,1.9372426322419853,2.8171405375661775,-0.2305123158722414
2013-04-16,2013,False,False,674.2670418014192,877.721905848409,1.989495147043777,2.8915521823186214,-0.23179877668693905
2013-04-17,2013,False,False,661.6638001430827,859.7518075387527,1.9330251064170496,2.8111101684167963,-0.23040138521225662
2013-04-18,2013,False,False,664.9482252505207,864.4105316588273,1.9469905228669329,2.8309894634355763,-0.23074950975612585
2013-04-19,2013,False,False,673.6972083344464,876.8524321212767,1.9851638637175868,2.8853481383017296,-0.2316869023164574
2013-04-22,2013,False,False,677.9496173893747,882.8898569143649,2.0034014463484175,2.9113122940225593,-0.23212435607907123
2013-04-23,2013,False,False,684.6911117280866,892.4724887998207,2.0326564240019938,2.952968543103695,-0.23281544213329686
2013-04-24,2013,False,False,685.8713181365667,894.134171756204,2.03727234279478,2.9595313564083106,-0.232921255218979
2013-04-25,2013,False,False,685.6782557795699,893.8399063974313,2.0358063246428935,2.9574316644684013,-0.2328847136136991
2013-04-26,2013,False,False,677.6102573180602,882.3293602982807,1.999482024345538,2.9056832850225702,-0.23202118414263473
2013-04-29,2013,False,False,684.9014469953246,892.694923899887,2.031147019492484,2.950772143592338,-0.2327709851835853
2013-04-30,2013,False,True,696.6174617146703,909.3627710045424,2.0823781491799567,3.023729075241338,-0.23394987795119382
2013-05-02,2013,False,False,689.9528432645135,899.8396176002905,2.0522455674225366,2.980752468844765,-0.23324909264998472
2013-05-03,2013,False,False,691.8957078091338,902.5896087553093,2.0601958433007175,2.992077039566448,-0.23343266851556932
2013-05-06,2013,False,False,691.2794491081793,901.6906249943175,2.0568263700298512,2.9872611338978037,-0.23335185046141993
2013-05-07,2013,False,False,700.9633335241812,915.4782976614929,2.0989957903174323,3.047377737029758,-0.2343200976858446
2013-05-08,2013,False,False,695.6513374696574,907.8838068181526,2.0748638364266054,3.0129572601938968,-0.23376611385140056
2013-05-09,2013,False,False,691.6239790791255,902.1210412034333,2.0564190994658325,2.986646015419213,-0.23333571938805875
2013-05-10,2013,False,False,687.7960121498492,896.6425817243586,2.0388630875545615,2.9616019811090952,-0.23292064623215947
2013-05-13,2013,False,False,680.3147784416103,885.9550418069032,2.005176766359658,2.913558241048584,-0.23211139805230974
2013-05-14,2013,False,False,682.8610645137143,889.5654331092676,2.0157901902813875,2.9286801462238947,-0.23236555839750495
2013-05-15,2013,False,False,685.9838519846651,893.9978399777348,2.0289446786539034,2.9474252816510575,-0.23267840110021998
2013-05-16,2013,False,False,684.1631456639192,891.3814714991967,2.020270350839248,2.935045386059098,-0.23246873808893642
2013-05-17,2013,False,False,688.6782513134075,897.7991419212553,2.039563530387044,2.962543501544002,-0.23292614221075914
2013-05-20,2013,False,False,694.8456368921202,906.572747340346,2.0661396038525996,3.0004260756770886,-0.23354674080969162
2013-05-21,2013,False,False,701.3329841692434,915.80257627802,2.094116106629015,3.0403054835795,-0.23418758328942246
2013-05-22,2013,False,False,703.2507536786943,918.5167851962872,2.1019251895090485,3.0514287941865215,-0.23436265399503886
2013-05-23,2013,False,False,702.3931263667465,917.2736413763574,2.0974917374426028,3.0450958565526056,-0.23425999103951733
2013-05-24,2013,False,False,703.0829501780199,918.2369603917562,2.0998828372325042,3.048493841744044,-0.23431207792152364
2013-05-27,2013,False,False,703.0134210387344,918.1175414523575,2.098925659490642,3.0471176260494346,-0.23428821550817214
2013-05-28,2013,False,False,698.9582299728329,912.3150900841499,2.080403531884468,3.020696094809475,-0.23386312736714399
2013-05-29,2013,False,False,683.0183724557083,889.566659329973,2.0095228328933854,2.91961809608255,-0.2321897799427849
2013-05-31,2013,False,True,670.1921243930615,871.2578282774866,1.9523882131852925,2.8381402126761524,-0.23077635271517793
2013-06-03,2013,False,False,675.2415116721812,878.4444916431725,1.9739771489635816,2.868947331614941,-0.23132136623782606
2013-06-04,2013,False,False,676.1303702568907,879.6919686531036,1.9772363287401613,2.873588589401601,-0.2314009967692282
2013-06-05,2013,False,False,662.2723595609605,859.888177601995,1.9155727913755682,2.785552179625776,-0.2298157169600049
2013-06-06,2013,False,False,663.305628666236,861.3418017284032,1.9194789994112496,2.7911170850721976,-0.22991589710934712
2013-06-07,2013,False,False,648.9122952428048,840.7738334121865,1.855499649033244,2.6997748444980703,-0.22819637165768247
2013-06-10,2013,False,False,645.5176594607738,835.9065896338489,1.8399369091983004,2.677547688666295,-0.22776340387084515
2013-06-11,2013,False,False,627.9244809165552,810.7708180700687,1.7619286602883446,2.5661790986147732,-0.22552160620279182
2013-06-12,2013,False,False,621.2518631996867,801.2242301478112,1.7319782902360887,2.523413501089759,-0.22462172282897996
2013-06-13,2013,False,False,635.3814326815025,821.3729226706272,1.7934993742866672,2.6112241049489,-0.22643976305475044
2013-06-14,2013,False,False,623.0829643530114,803.7953902107311,1.7388262169363138,2.5331665503768397,-0.22482391421819703
2013-06-17,2013,False,False,620.353232934629,799.8773024686849,1.7262282264760667,2.515171621484003,-0.2244395096347721
2013-06-18,2013,False,False,624.6955105636789,806.0545614307046,1.7447078671514888,2.5415402523317425,-0.22499599846581453
2013-06-19,2013,False,False,606.8153360717953,780.5091009687753,1.6655626447256542,2.428548653497805,-0.2225390641587519
2013-06-20,2013,False,False,610.5311503683424,785.7920787588422,1.6812962247182361,2.45099727166817,-0.2230372806344959
2013-06-21,2013,False,False,597.3675877365557,766.9796176011876,1.6229092765600686,2.367638277063392,-0.22114281262794433
2013-06-24,2013,False,False,584.9728457276873,749.2646537303067,1.567922939981068,2.289133686261223,-0.21927073055518143
2013-06-25,2013,False,False,595.6082737671834,764.4254327681887,1.6140367512274887,2.354950330340964,-0.2208418921773354
2013-06-26,2013,False,False,598.8400960899854,769.0175083345491,1.6276441250109053,2.3743637926044276,-0.2212919867235723
2013-06-27,2013,False,False,603.8803579017707,776.1911450262079,1.6491790212843633,2.4050938584172314,-0.2219953013231285
2013-06-28,2013,False,True,602.1927548529702,773.7607034580438,1.6411962932147812,2.3936872958686135,-0.2217325690466222
2013-07-01,2013,False,False,599.6426983518543,770.096251600291,1.6294876148576427,2.376941904565757,-0.22134058293911618
2013-07-02,2013,False,False,576.8671841875841,737.5224429546024,1.5291108115039558,2.233458299123406,-0.2178310101634524
2013-07-03,2013,False,False,574.8032869587055,734.5528852293304,1.519560134108691,2.219797464643409,-0.21747868871381593
2013-07-04,2013,False,False,583.0517381593424,746.3233331462295,1.5552068206186318,2.2707397070153483,-0.2187679089418162
2013-07-05,2013,False,False,576.7929776652079,737.3578271051472,1.527274548622699,2.230805058018968,-0.21775702859263568
2013-07-08,2013,False,False,575.2986236663338,735.2023487800341,1.5202249543328041,2.220719170282905,-0.21749621091259874
2013-07-10,2013,False,False,579.9972680739114,741.8988630031735,1.540302587622148,2.24940772169417,-0.2182259644850939
2013-07-11,2013,False,False,593.0787949114999,760.5774912094237,1.5970807102016318,2.330554300678209,-0.22022568145104793
2013-07-12,2013,False,False,580.656351574725,742.8018949645393,1.5421770616206865,2.2520679978546996,-0.2182890815020807
2013-07-15,2013,False,False,594.4545698030844,762.5049295139096,1.6020693465316063,2.3376658275579008,-0.2203924895514523
2013-07-16,2013,False,False,595.9873614556951,764.6763166246898,1.6082597875522757,2.3465046679417494,-0.2206017781662104
2013-07-17,2013,False,False,602.1699209201786,773.4938720888998,1.634792812299906,2.384420283602983,-0.22149361145686042
2013-07-18,2013,False,False,605.0626353422897,777.6090714585812,1.6469234395566459,2.401749765776255,-0.22189354837726072
2013-07-19,2013,False,False,602.1800696251788,773.4693459273931,1.6337895689371638,2.3829673181715005,-0.2214558045565952
2013-07-22,2013,False,False,615.6155505269978,792.6539001057425,1.6920179112689229,2.4661868022910625,-0.22334886582293634
2013-07-23,2013,False,False,618.4605843822872,796.7009470241389,1.703921473849427,2.483191739771673,-0.22372304602827509
2013-07-24,2013,False,False,613.4266897411047,789.4862089780307,1.6813803247177233,2.4509629639413224,-0.22300518645516365
2013-07-25,2013,False,False,621.3716050845331,800.8227964335194,1.7155691918672482,2.499821517985186,-0.2240835202846071
2013-07-26,2013,False,False,625.4699078098528,806.6612093382056,1.7329370351175295,2.524636863046777,-0.2246188355542773
2013-07-29,2013,False,False,623.1231210936093,803.2873021411943,1.7221423081928915,2.5091979045087918,-0.2242836162943822
2013-07-30,2013,False,False,615.7478596711178,792.7259200398767,1.689389103189317,2.4623724917366063,-0.2232525213252221
2013-07-31,2013,False,True,612.059971461751,787.4351028673664,1.6727509670818819,2.438581235228674,-0.2227169334552197
2013-08-01,2013,False,False,622.4433257452575,802.2758741950167,1.7175537143075341,2.5026928422882255,-0.2241530055109766
2013-08-02,2013,False,False,614.8833876775874,791.4367007391016,1.6840147874815319,2.4546840111627453,-0.22307951210328736
2013-08-05,2013,False,False,614.4999452583279,790.8683297860838,1.6818089259439026,2.4515182018039763,-0.22300600224497613
2013-08-06,2013,False,False,602.9721399253436,774.3504542119867,1.6309772071316062,2.3787604110796723,-0.221318801266857
2013-08-07,2013,False,False,603.301168368213,774.8017518928677,1.6318908792585138,2.380059199215366,-0.2213476971440408
2013-08-08,2013,False,False,620.2528059022961,799.0428689261136,1.7053056561955815,2.4851195710496623,-0.2237552826972916
2013-08-09,2013,False,False,631.0900381173444,814.5332178224934,1.7520279164681023,2.5519783532398126,-0.2252126441148109
2013-08-12,2013,False,False,635.9787203821598,821.5101662082778,1.7727966405880928,2.581693154296891,-0.22584193532558194
2013-08-13,2013,False,False,639.4583164222109,826.4704692795331,1.787414892270386,2.6026055724489257,-0.226278082289314
2013-08-14,2013,False,False,642.8730075758464,831.3378822687056,1.8017444862655738,2.623104875180571,-0.22670069380038604
2013-08-15,2013,False,False,643.0601350016667,831.5860951304107,1.802004945541031,2.6234688240976505,-0.2267064844310307
2013-08-16,2013,False,False,650.29691407995,841.9235748688694,1.8329766553978022,2.667785870715867,-0.22760576673335875
2013-08-19,2013,False,False,650.7451439398741,842.545470327916,1.834368078930356,2.6697684314421206,-0.22764388765082766
2013-08-20,2013,False,False,638.6187079497572,825.1708510793555,1.7809999158540495,2.593380586648025,-0.22607699106867496
2013-08-21,2013,False,False,637.5027186402332,823.5540792350637,1.7755907005907634,2.585630267795646,-0.22591274244872828
2013-08-22,2013,False,False,648.8689998239902,839.8015884138678,1.8245187962263123,2.6556460120904415,-0.22735440278279506
2013-08-23,2013,False,False,658.0330776032868,852.8973648603554,1.8638432655335917,2.711917314921428,-0.22847331377201963
2013-08-26,2013,False,False,649.3228743781227,840.4119636580054,1.8253764312339196,2.656855854524549,-0.22737549861634754
2013-08-27,2013,False,False,634.1067832852807,818.6155152999704,1.758621560663669,2.561309340834358,-0.22539119839071098
2013-08-28,2013,False,False,631.5899206715934,814.9938522464391,1.7471289550761275,2.544852659039474,-0.22503719637800135
2013-08-29,2013,False,False,632.2622948229172,815.9365368290225,1.7495098806294078,2.5482513955798565,-0.22510849032440605
2013-08-30,2013,False,True,633.2944405238975,817.3941165238882,1.7534540892343364,2.55388746314734,-0.22522755214205215
2013-09-02,2013,False,False,654.1797220244636,847.3005522386809,1.843670909234886,2.6831528869824672,-0.22792482514494572
2013-09-03,2013,False,False,651.8358982887763,843.9214120805581,1.8328960811391353,2.6677048124362,-0.22761066497675952
2013-09-04,2013,False,False,652.9176609220598,845.4508817820887,1.8370103205800237,2.673591665099082,-0.22772845236638306
2013-09-05,2013,False,False,660.216604450231,855.8891081614037,1.8681317115132083,2.7181777557694407,-0.22861899029362664
2013-09-06,2013,False,False,676.2059586575803,878.7800450987268,1.9369855494951778,2.8168316333140146,-0.2305173946210718
2013-09-09,2013,False,False,681.9847133961916,887.0399542858205,1.9614720805045538,2.8519104714644814,-0.23116798730303456
2013-09-10,2013,False,False,678.9203199461164,882.628291451682,1.9475556582320532,2.831960744363308,-0.23079701101640615
2013-09-11,2013,False,False,674.3074487577449,875.9977754709685,1.9269236097380404,2.8023880291216074,-0.23024068366473593
2013-09-12,2013,False,False,671.3508498905566,871.7405742370887,1.9134878792522603,2.7831271045626913,-0.22987311852715464
2013-09-13,2013,False,False,676.9926085508112,879.8041782581391,1.9373646238774862,2.8173321783927525,-0.2305189890196475
2013-09-16,2013,False,False,677.3153604385606,880.246042152133,1.9381579362135448,2.8184604183422417,-0.23053859034392554
2013-09-17,2013,False,False,682.4917202647637,887.6427643434946,1.9600012650888132,2.8497517660498524,-0.23111892792869415
2013-09-18,2013,False,False,698.8699334488977,911.0909072017515,2.030408548921505,2.950631643864708,-0.23293062423886068
2013-09-19,2013,False,False,691.991208721409,901.213592038455,1.9999618875205587,2.9069953412071747,-0.23215626702190095
2013-09-20,2013,False,False,680.7955676030674,885.1504575505078,1.9508167016851217,2.8365654506833153,-0.2308702302577521
2013-09-23,2013,False,False,686.4593414532661,893.2456076973255,1.974751582855672,2.8708538509376464,-0.2314998970743649
2013-09-24,2013,False,False,684.552627602894,890.492813414538,1.9658768680958887,2.858128549970146,-0.23126541024175085
2013-09-25,2013,False,False,682.6617692520152,887.7627388803598,1.9570744955223427,2.845506913466905,-0.2310312887056023
2013-09-26,2013,False,False,677.2553246105808,879.9950913091695,1.9330504881052168,2.8110738126402475,-0.23038738363525701
2013-09-27,2013,False,False,676.8004726131028,879.3227068127251,1.9304762731701355,2.8073766686736548,-0.23031616564719826
2013-09-30,2013,False,True,660.8701968366793,856.4751938676959,1.860909943015927,2.7076848219380776,-0.22838372720136568
2013-10-01,2013,False,False,670.509902478002,870.285424214281,1.90209404535078,2.7667603983681714,-0.22955172656906453
2013-10-02,2013,False,False,669.6490469260383,869.0315447833804,1.8978227806771173,2.760625687679727,-0.22943067953539165
2013-10-03,2013,False,False,662.7307061575376,859.0875943555366,1.8673450416898727,2.7168951599280176,-0.2285644554619607
2013-10-04,2013,False,False,666.870492636452,865.0076382154424,1.884713434387511,2.7418047167491397,-0.22905826125160933
2013-10-07,2013,False,False,661.9877014252182,857.983888091539,1.863053240462583,2.7107238484590823,-0.22843807370588964
2013-10-08,2013,False,False,660.8373404220725,856.3146840110783,1.8575406711238327,2.7028083722983265,-0.22827746299218754
2013-10-09,2013,False,False,663.5645045576305,860.2081792263218,1.8687939106814846,2.718945135752895,-0.2286000986941955
2013-10-10,2013,False,False,668.7288528815083,867.598059966586,1.8905776388413247,2.750188945542469,-0.22921813252180023
2013-10-11,2013,False,False,670.5173486333875,870.1449410993907,1.8977638140864168,2.7604911020830487,-0.22941878190291187
2013-10-14,2013,False,False,682.2069764430288,886.8959907041494,1.9477288104808679,2.8321637772300274,-0.23079258042265827
2013-10-15,2013,False,False,691.4904466532871,900.1951655422333,1.9872802917027803,2.8888972215385738,-0.23184385661883966
2013-10-16,2013,False,False,702.8539530740672,916.4783612568848,2.03580111186921,2.958498086179972,-0.23309269177926573
2013-10-17,2013,False,False,695.8833690050776,906.4594625668274,2.0051290813212135,2.914488854494373,-0.23230613420423685
2013-10-18,2013,False,False,696.1587482045812,906.8356260178292,2.005753934429391,2.9153781487535335,-0.23232090995188348
2013-10-21,2013,False,False,704.1752613438077,918.3172236759822,2.039795610155326,2.9642072343370103,-0.23318953060139058
2013-10-22,2013,False,False,708.5869867492855,924.627391241385,2.0582662216613934,2.990698066907836,-0.23365131353295543
2013-10-23,2013,False,False,696.9915017669093,907.973607635482,2.007655636142385,2.918084986044294,-0.23236590149135072
2013-10-24,2013,False,False,690.6143012113353,898.8059771987782,1.9795777392347982,2.877797312994166,-0.2316313879401357
2013-10-25,2013,False,False,682.4106383687925,887.0181031494831,1.943631785911896,2.8262221253634863,-0.23066887141784687
2013-10-28,2013,False,False,692.9395067335054,902.1039267361474,1.9884884033134491,2.8905663444461633,-0.23186288608609462
2013-10-29,2013,False,False,686.8852336532254,893.3995681997213,1.9618223423367427,2.852304099848817,-0.23115562386339683
2013-10-30,2013,False,False,682.7540387453164,887.4540584682338,1.943456961788618,2.825950017763707,-0.23065984967856745
2013-10-31,2013,False,True,683.7486188391078,888.8619878433792,1.947192322582361,2.8313016717387036,-0.23075952376131204
2013-11-01,2013,False,False,681.0298459886153,884.9342833765581,1.9348076828722363,2.81350677798925,-0.23041760412979417
2013-11-04,2013,False,False,685.9153250678306,891.9279290149029,1.955190742922626,2.8427733903136407,-0.23097449608356202
2013-11-05,2013,False,False,679.0660234967895,882.0678921249124,1.9250180109814097,2.7994309567837985,-0.23014313347138038
2013-11-06,2013,False,False,674.0169484941308,874.7933698659031,1.902611518900382,2.7672425266210694,-0.22951296647635688
2013-11-07,2013,False,False,666.7257461674241,864.2986679346996,1.8705617895266382,2.7212043260274847,-0.2285933429000757
2013-11-08,2013,False,False,661.1670138141424,856.2921675125153,1.8459839742792714,2.6858974133977775,-0.22787216922140197
2013-11-11,2013,False,False,665.4973222744047,862.4884680926303,1.8639748863451162,2.711728401757639,-0.2283985851473077
2013-11-12,2013,False,False,656.2015969793679,849.114837723318,1.8233311464239104,2.6533473543349277,-0.22719334555641157
2013-11-13,2013,False,False,661.113083640486,856.145835873123,1.8438190149805824,2.6827645192640563,-0.22780318966772384
2013-11-14,2013,False,False,675.0969958570662,876.20679893074,1.9033143778370882,2.768204884491639,-0.22952321680120924
2013-11-18,2013,False,False,684.9074896566264,890.2738306866394,1.9448387199538129,2.8278349814542088,-0.2306777240342116
2013-11-19,2013,False,False,670.426331617191,869.4527976047575,1.8819231449607754,2.7374667770340255,-0.22891003000491983
2013-11-21,2013,False,False,666.5448601599613,863.8552065181422,1.8645899893778024,2.7125647871171004,-0.22840673398666034
2013-11-22,2013,False,False,667.8832700863177,865.7544938391005,1.8696929289100033,2.719885884880803,-0.22855350467237312
2013-11-25,2013,False,False,661.8078081452289,857.0058579918535,1.8429455923037188,2.6814631023841775,-0.22776746276159077
2013-11-26,2013,False,False,652.5456189426459,843.6803927031084,1.8025241319869507,2.62340132490033,-0.2265487919519814
2013-11-27,2013,False,False,657.324101917366,850.5203687986917,1.822408573204509,2.651951866028281,-0.22715066442700693
2013-11-28,2013,False,False,657.2127032209785,850.3374174325528,1.8212926708537256,2.6503413762355406,-0.22711539002326997
2013-11-29,2013,False,True,664.5162030071112,860.8038636758614,1.852000871275155,2.6944371831582035,-0.22802832207391543
2013-12-02,2013,False,False,650.4515084831469,840.5573806784518,1.7910069243856794,2.6067276948714055,-0.22616644213136505
2013-12-03,2013,False,False,640.2838447843137,825.9143862347713,1.7467584219692842,2.5430962606594387,-0.2247576075006047
2013-12-04,2013,False,False,638.8182267355098,823.783946959892,1.7398524397234052,2.5331591404600333,-0.22453183374959318
2013-12-05,2013,False,False,645.3937423650455,833.2157463604194,1.7674297235242302,2.572805050969977,-0.22541821228871595
2013-12-06,2013,False,False,647.233140448057,835.8375456218871,1.7746908096825544,2.5832385755450935,-0.22564720400721283
2013-12-09,2013,False,False,649.8079371298752,839.5167647026349,1.7851005651855694,2.598199532900984,-0.22597384060573988
2013-12-10,2013,False,False,647.8944867716384,836.7423933336815,1.7762731729050807,2.5854996556923657,-0.22569420178371813
2013-12-11,2013,False,False,637.3954545402268,821.6229285045491,1.730668238165571,2.5199178447770985,-0.2242238715266116
2013-12-12,2013,False,False,638.0597205672585,822.5550210841142,1.7328978112664357,2.5231166367444025,-0.22429539153951528
2013-12-13,2013,False,False,637.3089688157587,821.4524785065248,1.7290670289608778,2.517601327839525,-0.22416818319856524
2013-12-16,2013,False,False,639.967263523686,825.2517582833661,1.739832809137006,2.5330742242866062,-0.22451875188378467
2013-12-17,2013,False,False,637.8610376680112,822.2001976023942,1.7302004315594082,2.519216885434893,-0.22420228123507102
2013-12-18,2013,False,False,643.3100143551222,830.0121617097292,1.7529032145827301,2.5518538451542465,-0.22493905025442285
2013-12-19,2013,False,False,655.5679584937533,847.6146491383737,1.8047266857422453,2.626363056435285,-0.22657311413841397
2013-12-20,2013,False,False,650.5138644840607,840.3243882263389,1.7824771330925602,2.594363659680423,-0.2258776805739372
2013-12-23,2013,False,False,652.5097643318563,843.1712192843091,1.7903861180070377,2.6057288243083216,-0.22612424450906643
2013-12-26,2013,False,False,651.0214466830582,841.0081405578961,1.783395024072481,2.595669367821788,-0.225903513548403
2013-12-27,2013,False,False,651.5936595583547,841.8078711405383,1.7852147427691198,2.5982788642677677,-0.22595917441882374
2013-12-30,2013,False,True,654.3907754381057,845.8067600255018,1.7965417753765198,2.614558803527786,-0.22631172229177354
2014-01-02,2014,False,False,641.1368879588306,826.7066324891382,1.7393691076120161,2.5322481869801985,-0.22446867756651967
2014-01-03,2014,False,False,648.4808912782925,837.2589951486243,1.7702096326451326,2.576640367625191,-0.22547157446402988
2014-01-06,2014,False,False,648.4411367725128,837.1817837094393,1.769502040185455,2.57561623793587,-0.22544762751602432
2014-01-07,2014,False,False,642.2858362642812,828.3007015413598,1.742680201439089,2.536998337327235,-0.22457407669814733
2014-01-08,2014,False,False,644.0037608354376,830.7538249847878,1.7494823866446003,2.5467852027295423,-0.2247959124988319
2014-01-09,2014,False,False,629.7340947735084,810.1913941107861,1.6880384332590577,2.4583257024519387,-0.22273415966771148
2014-01-10,2014,False,False,634.0544885600775,816.3910027477253,1.7059551403145887,2.4841129118234644,-0.22334459048906496
2014-01-13,2014,False,False,631.025230955567,812.0101365221478,1.6925048644341496,2.464744570110018,-0.22288503237378532
2014-01-14,2014,False,False,634.2212530982034,816.5911124809173,1.7056171355750385,2.483615372228075,-0.22333069340988654
2014-01-15,2014,False,False,638.8553348243905,823.2423027212824,1.7248579616395094,2.511308774693333,-0.22397654650081567
2014-01-16,2014,False,False,634.2343675800872,816.570029334177,1.7046241687850197,2.482174965177727,-0.22329458001632074
2014-01-17,2014,False,False,628.411918492876,808.1681163002053,1.679275621481254,2.4456780152334336,-0.22242426319693653
2014-01-20,2014,False,False,623.0568074015248,800.4389777495919,1.6559290375573616,2.4120630712053908,-0.22160611274424857
2014-01-21,2014,False,False,621.2048491514861,797.7529383345437,1.6475216352833577,2.399954405920179,-0.22130672379801486
2014-01-22,2014,False,False,629.8920071942216,810.2388913141522,1.6840255971863014,2.452499633722903,-0.22258482782456945
2014-01-23,2014,False,False,618.7699429525908,794.2077123546694,1.6361229173038336,2.3835340185520386,-0.22089658243426047
2014-01-24,2014,False,False,612.7325891096556,785.496424869478,1.609896797756519,2.345773736133304,-0.21994223053087703
2014-01-27,2014,False,False,611.7932916613929,784.1242416031606,1.6053914859757343,2.3392824845663056,-0.21977505706166278
2014-01-28,2014,False,False,613.4343341702574,786.4666865008761,1.6118744632757234,2.348609851561694,-0.22001230986714648
2014-01-29,2014,False,False,610.238536786895,781.8460714967525,1.59776466898446,2.3282921000248753,-0.21949017967351947
2014-01-30,2014,False,False,606.7191275181885,776.759588489386,1.58228299582127,2.3059994093183387,-0.2189100250463416
2014-01-31,2014,False,True,611.2672017147495,783.286963264666,1.601137028573402,2.333136013892196,-0.21961269575195586
2014-02-03,2014,False,False,594.3042507583091,758.8140040856332,1.5284162976316065,2.2283088878350696,-0.21679852037727942
2014-02-04,2014,False,False,603.6702122232564,772.2923001703793,1.5677167682826725,2.2849523614222855,-0.21833972436333027
2014-02-05,2014,False,False,599.8438277679692,766.7547675898978,1.550898693463615,2.2607049440352873,-0.21768490640960936
2014-02-06,2014,False,False,612.5976189807913,785.116379380741,1.6045817133537041,2.338079844305872,-0.2197365447094909
2014-02-07,2014,False,False,616.474725912473,790.6828819145884,1.6205089305524885,2.361032441719823,-0.2203262015490729
2014-02-10,2014,False,False,612.3865546130319,784.7680022113631,1.6025777926605689,2.335180629882546,-0.21965911850710673
2014-02-11,2014,False,False,621.0141517022892,797.1819985464268,1.6386834574135931,2.387219029302855,-0.22098824003221373
2014-02-12,2014,False,False,618.2592111803956,793.188876216025,1.6264197586252993,2.369536432523471,-0.22053973559254425
2014-02-13,2014,False,False,613.7001657665023,786.5952649560736,1.6064988989870557,2.3408165850757,-0.2198018560399374
2014-02-14,2014,False,False,618.1792113372256,793.0294192401253,1.6249648039797262,2.367428531805203,-0.2204838857938458
2014-02-17,2014,False,False,611.1024494857872,782.8066987456629,1.5943640394217247,2.323314365296807,-0.21934437905936088
2014-02-18,2014,False,False,600.0128774424134,766.7997976712409,1.5467439619796828,2.254668071609681,-0.2175103863294654
2014-02-19,2014,False,False,606.3488415473337,775.9105679950085,1.5730907767762936,2.292639796286902,-0.21853256475914584
2014-02-20,2014,False,False,607.9704751589908,778.2259661027057,1.5794250112812507,2.3017648116364264,-0.2187738502177472
2014-02-21,2014,False,False,609.0656833737982,779.7825594298089,1.5835235774074148,2.307667272236729,-0.21892882059434882
2014-02-24,2014,False,False,609.2669379948649,780.0505822118388,1.583829253582972,2.3081025539094093,-0.2189391920363879
2014-02-25,2014,False,False,601.5877812310182,768.9595522815549,1.5507219895315587,2.2603754601719523,-0.21766004538721628
2014-02-26,2014,False,False,600.306603683621,767.0907544940076,1.5447503335465065,2.251762418372224,-0.21742427455067115
2014-02-27,2014,False,False,611.8494453811757,783.7068686573784,1.5931317880109157,2.321495523023431,-0.21928788702671886
2014-02-28,2014,False,True,606.0551538952376,775.3327380108501,1.5680303131154134,2.285308211910382,-0.21832895196699875
2014-03-05,2014,False,False,600.3427714857139,767.0647801823375,1.543258117776714,2.2495497934145847,-0.21735062409851802
2014-03-06,2014,False,False,606.1459303737389,775.4170926832927,1.5672698789792774,2.284200793799055,-0.21829691904752735
2014-03-07,2014,False,False,596.513475334065,761.4913316181999,1.5259095233668893,2.2245008470572314,-0.21665099710793856
2014-03-10,2014,False,False,588.4573307080569,749.8406442575327,1.4912409276856242,2.1744590554574694,-0.21522348086275345
2014-03-11,2014,False,False,590.3854739608951,752.6001838506761,1.498846960404768,2.1854318318473704,-0.21553902506349398
2014-03-12,2014,False,False,592.3109936418747,755.3559368677137,1.5064385031616077,2.1963836972130424,-0.21585180610607058
2014-03-13,2014,False,False,587.5957966753112,748.5272072267757,1.48593189419526,2.1667817718344993,-0.21499740957673463
2014-03-14,2014,False,False,582.1940223601803,740.7075470824046,1.4625303706240929,2.133001646163332,-0.21400284815052595
2014-03-17,2014,False,False,583.9820896894363,743.2649164382634,1.4695436688402599,2.1431189433178286,-0.2143015541647153
2014-03-18,2014,False,False,595.8198060573208,760.3268478830819,1.5190423487069635,2.2145549865995897,-0.21636358400835787
2014-03-19,2014,False,False,600.6207604953518,767.2326883117391,1.538775183406381,2.243030273175316,-0.2171595792966139
2014-03-20,2014,False,False,608.7865028762383,778.994894912562,1.5727187621549215,2.2920157925575353,-0.21849744221421208
2014-03-21,2014,False,False,610.0078786840314,780.7343638296343,1.5773070257942177,2.298633069326896,-0.21867422910419942
2014-03-24,2014,False,False,617.0469680541515,790.8704829437636,1.606467850829008,2.340715690513897,-0.21978758676466137
2014-03-25,2014,False,False,619.2294837089346,793.9971557853959,1.61510562135358,2.35317758611303,-0.220111206700214
2014-03-26,2014,False,False,616.8350071538362,790.5178996603813,1.6044144746495301,2.337742243010499,-0.21970772904846558
2014-03-27,2014,False,False,636.0555688002291,818.2354208997991,1.68497129686833,2.45400422063901,-0.22264967690989224
2014-03-28,2014,False,False,637.4998341476638,820.2965841520945,1.6904702018670839,2.461935828274055,-0.22284226648752892
2014-03-31,2014,False,True,644.921280599093,830.9845555751637,1.7211868379708566,2.50626394757453,-0.2239070193636601
2014-04-01,2014,False,False,643.3286964789113,828.6609733162113,1.7138945221637263,2.4957223088640004,-0.22365271541100862
2014-04-02,2014,False,False,659.701876173217,852.2984470145502,1.782378220890835,2.5946792366703932,-0.2259731570742206
2014-04-03,2014,False,False,656.409673762014,847.5188664459874,1.7679092294413405,2.5737670944380664,-0.22549255273263336
2014-04-04,2014,False,False,652.7296389891013,842.17885673295,1.7518112942204942,2.5505010823480183,-0.22495128704462586
2014-04-07,2014,False,False,665.0305788854566,859.9318244143028,1.8030793630577726,2.624580924823194,-0.22664732249163222
2014-04-08,2014,False,False,659.0805841131262,851.3116558850741,1.7774150194400598,2.5874911752426213,-0.22580575567486272
2014-04-09,2014,False,False,654.0659497425659,844.0431105866377,1.75570233723432,2.556111694066306,-0.22507992596732584
2014-04-10,2014,False,False,653.4543533608261,843.137084399004,1.752545717610893,2.551546269582999,-0.22497258695884026
2014-04-11,2014,False,False,661.9454106450931,855.3846598963981,1.7877254607079096,2.6023780159882004,-0.22614299545041394
2014-04-14,2014,False,False,658.9041585855846,850.9677099507308,1.7743332993077243,2.5830219366346556,-0.22570016361286638
2014-04-15,2014,False,False,645.9275539658101,832.1938839804282,1.7191225172208382,2.5032367248176306,-0.22382564159651852
2014-04-16,2014,False,False,654.4870522550848,844.5403587386119,1.7545751357537238,2.5544627893039222,-0.22503756572082212
2014-04-17,2014,False,False,664.8944576795641,859.5571135381169,1.7977885869116936,2.616903486379621,-0.22646855315673053
2014-04-22,2014,False,False,663.4387555693975,857.4313298007442,1.7910759594842132,2.607199536393539,-0.2262485256707707
2014-04-23,2014,False,False,658.8461740630505,850.7726632771773,1.7711721306542607,2.578433914940809,-0.22559080409897725
2014-04-24,2014,False,False,661.7250689366969,854.9104993898175,1.7826958323662607,2.5950819991161374,-0.22597152636563067
2014-04-25,2014,False,False,657.0070122545028,848.070517554803,1.7622745943010414,2.5655687095009587,-0.22529200266409866
2014-04-28,2014,False,False,657.011384917831,848.0545847142765,1.7617124208399786,2.564752352729199,-0.22527229171316976
2014-04-29,2014,False,False,662.1146124542233,855.4066468025815,1.7825787453423967,2.5949008060625403,-0.2259650834732967
2014-04-30,2014,False,True,659.7463636106226,851.9622062546794,1.7720435445824472,2.579673135523863,-0.22561545715632036
2014-05-02,2014,False,False,675.2388361216167,874.3543189153776,1.8365704257959492,2.6730227439933847,-0.22772859753327512
2014-05-05,2014,False,False,680.6020398914906,882.0921403438645,1.8585285675442598,2.7047869894442305,-0.22842296313152433
2014-05-06,2014,False,False,684.4481347170298,887.6351186035629,1.8741073443426561,2.7273220337282185,-0.22890823000129723
2014-05-07,2014,False,False,687.6098194924934,892.187942050274,1.8868065192607681,2.7456910801790793,-0.2292993582581424
2014-05-08,2014,False,False,680.4711330143175,881.8389355615269,1.856264999660337,2.701502627781744,-0.22834986574842586
2014-05-09,2014,False,False,676.8457514598635,876.5727237794478,1.840479772313576,2.678662509865788,-0.2278498599162857
2014-05-12,2014,False,False,687.7526766353507,892.3307991931315,1.88567556630217,2.7440453112998524,-0.22926264872036872
2014-05-13,2014,False,False,686.1463047286202,889.9855441093647,1.8783604473234163,2.7334591342981738,-0.22903657338022565
2014-05-14,2014,False,False,691.9543750310431,898.3669661662932,1.9021453716101266,2.7678662451552145,-0.22976422654552708
2014-05-15,2014,False,False,685.648387447126,889.2226480333471,1.875123030429242,2.728769091194147,-0.22893508283494235
2014-05-16,2014,False,False,687.0648265948964,891.2505767069407,1.8804873943886653,2.736526674155671,-0.22910027263767396
2014-05-19,2014,False,False,680.0173947900639,881.0335908599251,1.8503723134912855,2.692955171269147,-0.22815951418340485
2014-05-20,2014,False,False,668.8064685139375,864.7931632339036,1.8028209616429227,2.6241581376795002,-0.22662840440027499
2014-05-21,2014,False,False,666.9947735921842,862.1508617062406,1.794670839073397,2.6123639456965386,-0.22635955814952446
2014-05-22,2014,False,False,673.9207136430641,872.1495366243817,1.8231268674455108,2.653528878737685,-0.22728765499154413
2014-05-23,2014,False,False,671.915102540456,869.2266912330389,1.8141637721080124,2.6405585392688105,-0.22699669796458632
2014-05-26,2014,False,False,675.4532128434612,874.3240998268931,1.8284182392248618,2.6611776862143084,-0.22745671430400494
2014-05-27,2014,False,False,666.603501240096,861.4997063056776,1.7908041319860475,2.606757143624248,-0.22622898607980313
2014-05-28,2014,False,False,672.2062485274962,869.5840819187098,1.8136996649546382,2.6398775603533795,-0.22697958425791975
2014-05-29,2014,False,False,667.6911339079438,863.030668879747,1.7942434858642526,2.6117265935581284,-0.2263413596012327
2014-05-30,2014,False,True,656.3319187876343,846.5757077109116,1.746158656015206,2.5421577728490026,-0.22472153073903423
2014-06-02,2014,False,False,660.5594516720435,852.675426645627,1.7632385693018104,2.5668941229121343,-0.2253096183730262
2014-06-03,2014,False,False,665.4828014406964,859.7829934729702,1.7832210493887812,2.5958346634352707,-0.22598747998890512
2014-06-04,2014,False,False,663.2540661860581,856.5312057318259,1.7732894492814926,2.581446502839941,-0.2256510191950689
2014-06-05,2014,False,False,660.181225202993,852.0567828422476,1.7598335046989808,2.5619535476353583,-0.22519104536578638
2014-06-06,2014,False,False,678.1425864255882,878.0491060839154,1.8342958957514681,2.6698048868443447,-0.22767122963077424
2014-06-09,2014,False,False,691.2560431268138,897.019538270388,1.8884681810885113,2.748267259102127,-0.22938574508680443
2014-06-10,2014,False,False,695.0843368153455,902.5409838240872,1.903826385112481,2.770509826881631,-0.22985842274967172
2014-06-11,2014,False,False,700.8175718099213,910.8216195100632,1.927134285422841,2.804267041259881,-0.23056550613401605
2014-06-13,2014,False,False,697.4937804751618,905.9837104952747,1.9126113909951803,2.783228681189059,-0.230125473123725
2014-06-16,2014,False,False,695.5274024063858,903.1119309759409,1.9037619524766711,2.7704079737514564,-0.22985470731765278
2014-06-17,2014,False,False,691.8157787099168,897.7122706767368,1.88763176526547,2.747041551594464,-0.22935688715896219
2014-06-18,2014,False,False,702.1687815425037,912.6843554858987,1.9302013725692002,2.8086981669738798,-0.23065539874551688
2014-06-20,2014,False,False,695.7879586507394,903.4185245821873,1.9029361472033481,2.7692033304922177,-0.22982766047162118
2014-06-23,2014,False,False,690.9584652058132,896.3996988161381,1.8821538614512514,2.739098633920225,-0.2291848534550469
2014-06-24,2014,False,False,691.8095751765158,897.6088771571177,1.8850706603059257,2.7433206027184456,-0.22927502971272284
2014-06-25,2014,False,False,682.109363541884,883.5351161426728,1.843993396378274,2.6838198829736193,-0.22797707631607322
2014-06-26,2014,False,False,683.0859486884337,884.9260375462574,1.8474403302062834,2.688809722110331,-0.22808695901579557
2014-06-27,2014,False,False,679.157595142774,879.2124574116444,1.8304440245037736,2.6641887893882967,-0.22753870305457402
2014-06-30,2014,False,True,679.3357018975686,879.4468320531969,1.830565424573202,2.664361800221654,-0.22754204445587656
2014-07-01,2014,False,False,679.4153769455269,879.5419093133701,1.8303613506535865,2.6640640039564745,-0.22753495910624144
2014-07-02,2014,False,False,677.8296542049677,877.2220144572372,1.8232208240267491,2.653707746698072,-0.22729976786508177
2014-07-03,2014,False,False,687.5252904564898,891.2610745533424,1.8630619704794196,2.7114790157436177,-0.22859270971634804
2014-07-04,2014,False,False,689.6353819863394,894.3004328868204,1.8713055268167045,2.7234310226173446,-0.22885491650699297
2014-07-07,2014,False,False,686.7835006531402,890.1444975860985,1.8588906365882845,2.705426480017818,-0.22845841038666692
2014-07-08,2014,False,False,684.9240138925506,887.4276210122166,1.8506107275134527,2.6934180216172465,-0.22819168834150838
2014-07-10,2014,False,False,695.8972155708807,903.3192624578172,1.8957326919915594,2.758846940433512,-0.22962207882356833
2014-07-11,2014,False,False,698.1441891107456,906.5571116501698,1.9045333132444031,2.7716067428713567,-0.22989497281650395
2014-07-14,2014,False,False,709.1173907890757,922.4487530957703,1.9496280199205263,2.836996136908101,-0.23126635663037876
2014-07-15,2014,False,False,711.7864171931539,926.2986157696524,1.960170355056594,2.8522815778700097,-0.23157996236263667
2014-07-16,2014,False,False,708.9117221916187,922.109598659118,1.9476578885306384,2.8341355453601578,-0.2312066556703457
2014-07-17,2014,False,False,708.0446300036389,920.831780812076,1.9434961942706073,2.8280988620305503,-0.23108145835364347
2014-07-18,2014,False,False,723.7744815299952,943.6209796035648,2.0083201575023413,2.922097402470891,-0.23298178275554215
2014-07-21,2014,False,False,730.9035800937335,953.9383360957737,2.037377930121295,2.9642318462612436,-0.23380416486338584
2014-07-22,2014,False,False,734.9414265979628,959.7731073584004,2.0535809981407334,2.9877258473814554,-0.2342550328162929
2014-07-23,2014,False,False,728.5534266727057,950.4894915367544,2.0264681621600307,2.9484080086496594,-0.23349660026774388
2014-07-24,2014,False,False,734.9638946838644,959.7647710198722,2.0525213673862592,2.986185569650215,-0.2342249717054402
2014-07-25,2014,False,False,733.229883099122,957.2298443999586,2.0447447014308575,2.974906866137993,-0.2340085431010055
2014-07-28,2014,False,False,731.8380765394177,955.191144927231,2.0383917123735023,2.9656926190600266,-0.23383075688461175
2014-07-29,2014,False,False,725.3017877699774,945.6924973418043,2.0106866662150003,2.925516026701829,-0.23304690498371416
2014-07-30,2014,False,False,722.5981952809611,941.7515938048631,1.9988983769441884,2.908420121431237,-0.23270828524800136
2014-07-31,2014,False,True,710.6892876184265,924.462180008613,1.9489182058855867,2.8359426556373983,-0.231240278956782
2014-08-01,2014,False,False,711.5696055603044,925.7185926785542,1.9519876959238225,2.8403971644112285,-0.23133270608577994
2014-08-04,2014,False,False,719.7617042038244,937.5892068814895,1.9853833277267054,2.888874845844614,-0.23232722932272232
2014-08-05,2014,False,False,715.086893905921,930.7814757970343,1.9654077353918522,2.8598757882578436,-0.23173493188227945
2014-08-06,2014,False,False,718.3854606913995,935.5483576167333,1.9784984549890208,2.878877691994353,-0.23212364722497758
2014-08-07,2014,False,False,715.022436322808,930.6448904578543,1.9639698307893738,2.857785767788184,-0.23169143928675684
2014-08-08,2014,False,False,708.043445522983,920.492278391083,1.9344606978454002,2.814947275747532,-0.23079914721222505
2014-08-11,2014,False,False,719.9655789394156,937.7776256693522,1.9832827856605615,2.8858188908951057,-0.23226406854660253
2014-08-12,2014,False,False,718.062629344319,934.9936870537233,1.9748106561907077,2.8735189244679797,-0.23201339293849133
2014-08-13,2014,False,False,708.2889641733516,920.7841648846374,1.9337412717239415,2.8138989078061907,-0.23077634131328573
2014-08-14,2014,False,False,710.6065432203884,924.1269884643403,1.94276028547193,2.8269900922404156,-0.23105097882572134
2014-08-15,2014,False,False,724.1484470886669,943.7636877202775,1.998248696542193,2.907538927863925,-0.23270151573865439
2014-08-18,2014,False,False,731.0059461345393,953.6969203641481,2.026044720840789,2.9478879021579165,-0.233502876516136
2014-08-19,2014,False,False,741.1942407574467,968.465327497308,2.067615107588959,3.008232533985705,-0.23467137158866747
2014-08-20,2014,False,False,746.1353916631072,975.6166789281632,2.087456793088719,3.0370345334958477,-0.23521665037253148
2014-08-21,2014,False,False,747.4833898058699,977.5520030846142,2.0924253715372867,3.044245875645567,-0.2353517895240097
2014-08-22,2014,False,False,740.8580108652508,967.9127143369112,2.0644117053713344,3.003578294480034,-0.23458179659021117
2014-08-25,2014,False,False,756.053905687879,989.9504420207488,2.1266506536915037,3.0939266015036875,-0.23627095499389394
2014-08-26,2014,False,False,757.08251247394,991.4221193083641,2.130288001959586,3.0992054549075894,-0.23636713592581948
2014-08-27,2014,False,False,770.0084472971505,1010.1646424601175,2.1831057860708976,3.1758774589886754,-0.23773965655548934
2014-08-28,2014,False,False,762.5275557939367,999.2834424566039,2.151560454964115,3.1300831119048773,-0.23692565752979422
2014-08-29,2014,False,True,773.9591953411484,1015.856760614875,2.198178493145241,3.197755209152376,-0.23812172606629256
2014-09-01,2014,False,False,772.3278452639174,1013.4656705869972,2.1908380461607853,3.18708821650966,-0.2379338859928164
2014-09-02,2014,False,False,780.97405277199,1026.0087755289994,2.2259536539586517,3.2381136052643607,-0.23882322315486237
2014-09-03,2014,False,False,780.3579109357049,1025.0928723516429,2.222803461720576,3.2335354217638717,-0.23874418408011844
2014-09-04,2014,False,False,768.5744784490175,1007.9499138185563,2.1735432668690664,3.1619553498513957,-0.23748743076199064
2014-09-05,2014,False,False,767.2625197284885,1006.0229275189324,2.167531513234518,3.153219066507133,-0.2373309804969138
2014-09-08,2014,False,False,750.3231981978976,981.388008801178,2.097018829334661,3.050757259592104,-0.23544694711069414
2014-09-09,2014,False,False,744.4866046363179,972.8863301855135,2.0723513978613752,3.014912636293622,-0.2347650680893456
2014-09-10,2014,False,False,739.0757141258856,965.0032355390787,2.0494496831900757,2.9816337550374588,-0.23412099886585713
2014-09-11,2014,False,False,740.7067186206823,967.3526335926501,2.05560618969717,2.990579024758729,-0.2342950306862015
2014-09-12,2014,False,False,724.6685369893574,944.0271503938974,1.988884104568028,2.8936252922133,-0.232364729460389
2014-09-15,2014,False,False,736.3603692202671,960.9958158874622,2.036537605032029,2.9628693438658233,-0.23375278326237903
2014-09-16,2014,False,False,749.7137209160772,980.3788152759358,2.091023586985326,3.042041592217127,-0.23528159805751814
2014-09-17,2014,False,False,749.6853732444652,980.3170287098974,2.090327564432871,3.0410295356225863,-0.23526231689450994
2014-09-18,2014,False,False,741.361519492569,968.2011423104568,2.055442755495788,2.9903381661352664,-0.2342897698680374
2014-09-19,2014,False,False,734.7250787191342,958.5372153581794,2.027524205248352,2.949769383382646,-0.23349342420201458
2014-09-22,2014,False,False,723.6991740895389,942.495011417712,1.9815321778969768,2.882938249286454,-0.23214535321418606
2014-09-23,2014,False,False,720.5779774016348,937.9390432488619,1.968117487892897,2.8634448514276283,-0.23174327522855342
2014-09-24,2014,False,False,723.8620603040476,942.6905095988096,1.9810867328133743,2.882289631443993,-0.2321318047297315
2014-09-25,2014,False,False,714.0709454731308,928.4425638220375,1.940213513084199,2.8228965757224076,-0.23089378568171415
2014-09-26,2014,False,False,728.3783647787462,949.2119073473375,1.998563627457413,2.907683750307153,-0.23264935981021506
2014-09-29,2014,False,False,698.9139971267446,906.3769951747804,1.8767273969669556,2.730644320644559,-0.2288926121828918
2014-09-30,2014,False,True,693.1491525520814,897.9795741466414,1.8524656483624748,2.6953891940191004,-0.22810142623701912
2014-10-01,2014,False,False,678.8479665050723,877.1557556595245,1.7931132790011919,2.609048726327203,-0.22608047416316224
2014-10-02,2014,False,False,686.4215522735584,888.1533409342034,1.82376957651437,2.653644579053242,-0.22713621551933083
2014-10-03,2014,False,False,698.1111800831995,905.1385651564735,1.8713442671519291,2.7228517522530207,-0.22872452135268884
2014-10-06,2014,False,False,727.5426555526119,947.9329956472149,1.9918614478294425,2.898168943301617,-0.23249569442841078
2014-10-07,2014,False,False,731.2412256859108,953.2935649954826,2.0065334627772513,2.919512333731874,-0.23293175099805075
2014-10-08,2014,False,False,726.9746316564286,947.0671469689466,1.988456930848589,2.8932161537597447,-0.2323937811768848
2014-10-09,2014,False,False,729.4027086001036,950.579519814657,1.9979024835243706,2.906956568216067,-0.2326757589493179
2014-10-10,2014,False,False,707.1351036385549,918.1668886554183,1.9058616015163055,2.7730638626182995,-0.22984033471943488
2014-10-13,2014,False,False,737.3489738635456,962.0994749920067,2.029479528199633,2.9528917336220353,-0.23360422385671542
2014-10-14,2014,False,False,738.0646568619312,963.1208148069766,2.031878390395502,2.956381271755753,-0.23367385948371378
2014-10-15,2014,False,False,716.6611195886032,931.9651497553759,1.9434295983103342,2.8277140079238654,-0.23102154648517292
2014-10-16,2014,False,False,695.7509278930381,901.5271584219975,1.8570382684413276,2.702039750706292,-0.22825294679878871
2014-10-17,2014,False,False,712.0543919869231,925.2241668187543,1.9234650152979702,2.798671159734264,-0.23039797540609408
2014-10-20,2014,False,False,695.8862493916491,901.6844718585402,1.8565739311097498,2.7013640643845127,-0.22823751421902883
2014-10-21,2014,False,False,674.5973508017089,870.6955726073588,1.7686900550391336,2.573518588502722,-0.2252201894382213
2014-10-22,2014,False,False,674.3967228113846,870.3839475718131,1.7673728143910519,2.5716022826318827,-0.22517329887251636
2014-10-23,2014,False,False,655.0740202269703,842.2552892179723,1.6876030084231748,2.455560408850047,-0.22223816387641604
2014-10-24,2014,False,False,669.1190452239471,862.6669283784094,1.7447365864367366,2.5386729717680425,-0.2243599201354366
2014-10-27,2014,False,False,652.7701043071116,838.8642246682805,1.6771955062524193,2.440420322284317,-0.22184057310914373
2014-10-28,2014,False,False,673.6466822872607,869.2137780447479,1.7623237105735416,2.5642568898251383,-0.22499309226023245
2014-10-29,2014,False,False,659.0813139609224,848.0056515041273,1.7021159039396108,2.476672011514247,-0.22278664913153035
2014-10-30,2014,False,False,673.8112052813416,869.4135711279646,1.7620134951828295,2.5638054065127758,-0.22498195604751292
2014-10-31,2014,False,True,699.9965238832449,907.4857915208634,1.8688382126362493,2.719204063610096,-0.22864189122992817
2014-11-03,2014,False,False,692.2766527285073,896.2192286946016,1.836587535441371,2.672237512442836,-0.2275588041813711
2014-11-04,2014,False,False,697.3069986016552,903.520968793699,1.856583219799795,2.70135800066414,-0.2282337403495598
2014-11-05,2014,False,False,689.5440096137631,892.191612919621,1.8241724903344467,2.6541583628956236,-0.22713462037903587
2014-11-06,2014,False,False,677.4898836802379,874.6130198344074,1.7742042650699394,2.581389520873651,-0.22538326286463395
2014-11-07,2014,False,False,684.2245246464161,884.3967465139983,1.801177756578734,2.6206718775621565,-0.22633758282874228
2014-11-10,2014,False,False,678.6025984318441,876.1854475381102,1.7775634145206887,2.5862825297768404,-0.22550345895544244
2014-11-11,2014,False,False,675.790859882883,872.0666605357869,1.7654590432424668,2.5686552983372715,-0.2250697217714005
2014-11-12,2014,False,False,681.5996081196505,880.501997879064,1.788628887655762,2.602398354802372,-0.22589657972216493
2014-11-13,2014,False,False,668.7298935431182,861.7356526989087,1.7353860015757254,2.52486058154559,-0.22397327829167446
2014-11-14,2014,False,False,667.942639922281,860.565148798827,1.7315777353687771,2.519315072573765,-0.22383256996336365
2014-11-17,2014,False,False,662.1160751027364,852.0558320245716,1.7071670813324706,2.48376604443014,-0.2229193789690036
2014-11-18,2014,False,False,671.3497252984246,865.4788975707341,1.7443297720890847,2.5378870597770975,-0.2243026061261577
2014-11-19,2014,False,False,686.6983511548556,887.8072798030004,1.806467771981556,2.628379934664876,-0.22652318045057007
2014-11-21,2014,False,False,717.335328709878,932.4002827039197,1.93104757967477,2.809807606747199,-0.23065732388064364
2014-11-24,2014,False,False,709.6640506686961,921.2044866458323,1.8990791147506396,2.763252041769687,-0.22963461320881018
2014-11-25,2014,False,False,711.4721940260877,923.8136923144518,1.9058408612415443,2.7730997751450097,-0.22985316201189887
2014-11-26,2014,False,False,706.2509898958348,916.1859699972395,1.8838961547433613,2.7411419363738556,-0.22914013854854953
2014-11-27,2014,False,False,702.0015339683479,909.9734169243359,1.8659280501501092,2.7149752732192485,-0.2285472070809743
2014-11-28,2014,False,True,701.40443227309,909.0798336875085,1.862875233767714,2.7105299334184023,-0.2284457246972721
2014-12-01,2014,False,False,674.2174217835936,869.4205487844682,1.751346344760635,2.5479312335624082,-0.22452094935389666
2014-12-02,2014,False,False,666.6920291443305,858.4262594458534,1.720081718255122,2.502351119730124,-0.2233555045546889
2014-12-03,2014,False,False,674.8181818035657,870.250615041512,1.752674614740223,2.549869936942737,-0.2245702902819826
2014-12-04,2014,False,False,664.6749207227631,855.4396923090134,1.71074600621029,2.4887426276876567,-0.22300201089726812
2014-12-05,2014,False,False,671.1814169984941,864.9027242637238,1.7367234128378963,2.5266166126961216,-0.2239804567966197
2014-12-08,2014,False,False,651.6251222939751,836.3683852220015,1.6564415910883614,2.4095735231227127,-0.2208874297406508
2014-12-09,2014,False,False,650.7557314600401,835.077990226154,1.6523567616060326,2.403619279503379,-0.22072460407703498
2014-12-10,2014,False,False,643.4438747564008,824.3950184349617,1.622020679528935,2.359392903157953,-0.2194956782030052
2014-12-11,2014,False,False,647.072540839905,829.6624144901389,1.6362702825011404,2.380168728825174,-0.22007731152006305
2014-12-12,2014,False,False,625.9077684493665,798.783049414118,1.5495224784088246,2.2536987756175884,-0.21642332181629298
2014-12-15,2014,False,False,614.7414284120422,782.4805630689941,1.5035285213278033,2.1866445248177317,-0.21436843619355406
2014-12-16,2014,False,False,614.6640140743864,782.3448036136142,1.5027036403680225,2.185443011456084,-0.2143310580765898
2014-12-17,2014,False,False,634.1755560533143,810.7681052794393,1.5816224549290219,2.3005011409706464,-0.21780894941009132
2014-12-18,2014,False,False,631.7395506147559,807.1937171231734,1.5711825421845984,2.28528171397303,-0.21736314689580782
2014-12-19,2014,False,False,644.9676379922805,826.4562671331344,1.6244868280459022,2.362996000541747,-0.21959858779994912
2014-12-22,2014,False,False,650.3774812311068,834.3204706151304,1.6459620880028756,2.3943062270753876,-0.2204704257686564
2014-12-23,2014,False,False,659.1987663645355,847.1582712609992,1.6813047238744576,2.4458339282529966,-0.22187058932528048
2014-12-26,2014,False,False,650.7486216792784,834.8157707274293,1.6463953707982037,2.3949401005588826,-0.22048834665373085
2014-12-29,2014,False,False,655.9224575191703,842.3358951465956,1.6668935048553375,2.4248257578637755,-0.22130534707295468
2014-12-30,2014,False,True,649.2833758947554,832.6337731923152,1.6393633166453467,2.3846901349281104,-0.22020533300564415
2015-01-02,2015,False,False,632.2756105628293,807.7861678853952,1.5697286281825846,2.2830480986245987,-0.21727353636422564
2015-01-05,2015,False,False,620.9688668796922,791.2601699863332,1.5232868042711947,2.215259978659635,-0.2152153104200636
2015-01-06,2015,False,False,626.5385343480054,799.3681546798113,1.5454264308972943,2.247578109552338,-0.21620778776336558
2015-01-07,2015,False,False,643.2628308807945,823.7582111795888,1.6128664310438459,2.3460198133020045,-0.21911208634913892
2015-01-08,2015,False,False,648.7901789943446,831.8044236017467,1.6348083076544646,2.3780492932965926,-0.22002076379317992
2015-01-09,2015,False,False,636.25548961303,813.486030821923,1.5834039601457133,2.3030175265391306,-0.2178655004435962
2015-01-12,2015,False,False,628.3125072576734,801.8700127313869,1.5506597046996209,2.2552233263791077,-0.21644094768244238
2015-01-13,2015,False,False,627.2414580784437,800.2847458899552,1.545819601787266,2.248159965923668,-0.21622714752494632
2015-01-14,2015,False,False,622.7742521623967,793.742212649553,1.527199863847407,2.22098289191123,-0.21539481932862858
2015-01-15,2015,False,False,627.1614872008624,800.1242367918027,1.54451144343472,2.2462536654999723,-0.21616986667527516
2015-01-16,2015,False,False,638.504267509906,816.659058207086,1.5900308320857688,2.3126985169690566,-0.21815075570006603
2015-01-19,2015,False,False,624.1962716888453,795.7522241066564,1.531502839989523,2.2272685798068332,-0.21558966122954515
2015-01-20,2015,False,False,625.597311610489,797.7753903219706,1.5366950268044541,2.234849043591694,-0.2158227501126514
2015-01-21,2015,False,False,641.0147271526583,820.257832502297,1.5987083533215878,2.3253695912255283,-0.2185204435083974
2015-01-22,2015,False,False,643.5551957393365,823.9441879850453,1.6085039780980632,2.339669551763357,-0.21893350893930086
2015-01-23,2015,False,False,635.9908062100134,812.880790294811,1.577345991974195,2.2941907750272157,-0.21760876403616847
2015-01-26,2015,False,False,633.7713169667567,809.619180521702,1.5678560016017533,2.2803401101593175,-0.2171982430574737
2015-01-27,2015,False,False,633.9863883399609,809.9112246213375,1.5682318972104894,2.280890377516992,-0.21721496249620176
2015-01-28,2015,False,False,623.80561325754,795.028768744384,1.5265029659418206,2.2199815127544964,-0.21536724483223746
2015-01-29,2015,False,False,624.6254749783278,796.2036068670384,1.5293357066226152,2.2241179607033947,-0.21549529593799388
2015-01-30,2015,False,True,614.9252698194018,782.0226242490398,1.4895759911716668,2.166083498983967,-0.21367329952902336
2015-02-02,2015,False,False,623.4566735034368,794.4659574765725,1.5235484873087164,2.2157380783850473,-0.2152506125200191
2015-02-03,2015,False,False,638.4886038430908,816.4100601539488,1.5838117961276152,2.303817689471915,-0.21793148442745514
2015-02-04,2015,False,False,642.3927111785637,822.0904219927268,1.599026478133096,2.3260570006448824,-0.21858630876464935
2015-02-05,2015,False,False,641.6817274780344,821.0256509759696,1.5955665381133977,2.3210026331612252,-0.21843887981422438
2015-02-06,2015,False,False,636.700253201716,813.7193939154272,1.5748381392116126,2.2907097484784744,-0.21754322440557372
2015-02-09,2015,False,False,643.4893770349416,823.6163182046413,1.6017090715698443,2.3299851140349377,-0.21870249191073465
2015-02-10,2015,False,False,633.5947511458132,809.1293013044191,1.5611285696439787,2.270677615872343,-0.2169425206522887
2015-02-11,2015,False,False,630.5635033071856,804.6733751079879,1.5483033362212257,2.251935507845483,-0.21637334748081682
2015-02-12,2015,False,False,645.3686657835812,826.2860478410552,1.607550164782146,2.3385294862264856,-0.21895248325949634
2015-02-13,2015,False,False,658.0082407931955,844.7336312920755,1.6580225166691016,2.4122992287381866,-0.22104647380177267
2015-02-18,2015,False,False,665.414816559931,855.5329853038978,1.687338276436786,2.455147797951573,-0.22222190378367945
2015-02-19,2015,False,False,665.626303538562,855.8164406249817,1.687589381716939,2.4555172568976382,-0.22223239477326306
2015-02-20,2015,False,False,665.0393121254381,854.9328890999068,1.68461709312803,2.4511756007621264,-0.22211518517481887
2015-02-23,2015,False,False,665.5846771401646,855.7043199979491,1.68621618576748,2.4535151928168353,-0.22217913175691373
2015-02-24,2015,False,False,672.4105309794106,865.6549266020862,1.713156143830843,2.4928914321536766,-0.22323490536952006
2015-02-25,2015,False,False,671.7457449572616,864.6576752671427,1.7098662952108268,2.488085646528142,-0.22310786780476966
2015-02-26,2015,False,False,671.2254835240202,863.8716521713541,1.7071608118826713,2.484133932127352,-0.22300322989313848
2015-02-27,2015,False,True,669.2568963564768,860.9688453718966,1.6986165175664385,2.4716485700479702,-0.22267001883512938
2015-03-02,2015,False,False,662.8885161859884,851.6293335964946,1.6724477471306107,2.433359966854111,-0.22162319916041362
2015-03-03,2015,False,False,666.1654127828754,856.4031567644067,1.6851665594033083,2.4519731492885577,-0.22213573417953325
2015-03-04,2015,False,False,656.6741836222333,842.4941738542304,1.6464246271641567,2.395287016814997,-0.2205593771431208
2015-03-05,2015,False,False,655.5464452735163,840.822968041678,1.6413959333365122,2.387931373061706,-0.22035140548037213
2015-03-06,2015,False,False,651.2115614301447,834.458945250446,1.6234488832563967,2.361673099342577,-0.21960023900912629
2015-03-09,2015,False,False,642.1294954111062,821.1486653742194,1.5863875684812037,2.3074461073293344,-0.21801066909306777
2015-03-10,2015,False,False,632.0501298807656,806.3790990118425,1.5453236055970785,2.247362287801672,-0.21618736069015698
2015-03-11,2015,False,False,639.0786201671427,816.642396415485,1.5731569626056259,2.2880916400330653,-0.21743149391671157
2015-03-12,2015,False,False,638.8368506282487,816.2675737823822,1.5717128479087776,2.2859810838449057,-0.21736833466502092
2015-03-13,2015,False,False,635.6360342378524,811.562961519036,1.558359449914517,2.2664444115292337,-0.21677545134870846
2015-03-16,2015,False,False,638.5605737272923,815.821202397606,1.5696602564478561,2.2829827058253764,-0.21727877156093134
2015-03-17,2015,False,False,654.9966223569851,839.8499961265669,1.6353192560083523,2.379059969785017,-0.22010284529634516
2015-03-18,2015,False,False,669.1987565832306,860.6100415374718,1.6919679365205837,2.4619529921053904,-0.22241349242484632
2015-03-19,2015,False,False,662.7119734740793,851.0972780895747,1.6653863649780152,2.423060350634487,-0.221344033714168
2015-03-20,2015,False,False,674.3131213733537,868.0514616158639,1.7115497477999968,2.490610885678853,-0.2231876205609623
2015-03-23,2015,False,False,673.6956107169683,867.126840322647,1.7085715343152965,2.4862555714726304,-0.22307143616233283
2015-03-24,2015,False,False,669.15106926159,860.4560385583457,1.6898087929389694,2.4588037362111463,-0.22232974228094005
2015-03-25,2015,False,False,673.2143530060141,866.380533238956,1.7056477468272395,2.481982413455797,-0.22295766446966647
2015-03-26,2015,False,False,658.6767404094804,845.0874906070273,1.6467375870335283,2.395785350384402,-0.22058159926571375
2015-03-27,2015,False,False,653.1877130849977,837.0346812817833,1.6242019152428684,2.3628128174213354,-0.21964080140055098
2015-03-30,2015,False,False,666.3372246542268,856.2544892805649,1.6765417094016777,2.439400906367067,-0.22180002207744198
2015-03-31,2015,False,True,665.3185356401555,854.7428485921988,1.6719619905227123,2.4327022031815213,-0.2216155575493074
2015-04-01,2015,False,False,678.7327825513005,874.3708268704802,1.7252872216474624,2.5108244403552704,-0.22374722292531313
2015-04-02,2015,False,False,687.9226224966949,887.8102523358742,1.7616323665062015,2.5640716673459423,-0.22514679157315964
2015-04-06,2015,False,False,694.9791563160032,898.124487038547,1.7894005872606988,2.6047541121354487,-0.22618838886398707
2015-04-07,2015,False,False,694.936760959243,898.0391322894399,1.7886707903661434,2.6036883318195825,-0.22616205021312652
2015-04-08,2015,False,False,694.2105258941154,896.9519852923103,1.7851976966664607,2.5986037524265204,-0.2260337930264158
2015-04-09,2015,False,False,695.8751632705857,899.3673513091169,1.79131633883107,2.6075706029246564,-0.22626148007521996
2015-04-10,2015,False,False,700.61850518898,906.2928712498809,1.8097794473189488,2.6346215009018685,-0.22694028893469353
2015-04-13,2015,False,False,700.961204553729,906.7716617266823,1.8105902347783838,2.6358125971398647,-0.22697054380928416
2015-04-14,2015,False,False,698.0699523635286,902.512868880101,1.7984363694669416,2.6180110999402726,-0.2265263173147425
2015-04-15,2015,False,False,708.8061027487275,918.2175646898138,1.8409062234417934,2.6802307201996545,-0.22806301033004994
2015-04-16,2015,False,False,706.0667895896439,914.1813552084309,1.8293600063700417,2.663319395746066,-0.22765129088783198
2015-04-17,2015,False,False,697.9104849525527,902.2095140229059,1.796115724970163,2.614621450412283,-0.22644300009583618
2015-04-20,2015,False,False,695.7530344043752,899.0257052516416,1.786913816961246,2.6011444231990453,-0.22610329121831885
2015-04-22,2015,False,False,705.5683110671972,913.3813653952523,1.8256640411181304,2.657914959532448,-0.22752057596240427
2015-04-23,2015,False,False,717.7949924731194,931.2696173859339,1.8740540239163934,2.728807276820556,-0.2292296676788791
2015-04-24,2015,False,False,728.2180252604086,946.5156109903388,1.9152042644531968,2.7890937189365044,-0.23063284239076165
2015-04-27,2015,False,False,716.1799749559711,928.857199296023,1.8664397636820937,2.717659392819784,-0.22896654566626506
2015-04-28,2015,False,False,719.3957136425964,933.5448540515465,1.8787343483097092,2.735673685680458,-0.22939352027870064
2015-04-29,2015,False,False,713.8935511796989,925.4612033625992,1.8561454338055565,2.7025853305165004,-0.2286078026979239
2015-04-30,2015,False,True,724.2563558825815,940.6189657231417,1.8970254235303257,2.762475862892567,-0.2300215259578804
2015-05-04,2015,False,False,737.134481587834,959.4815524678694,1.9479483366839991,2.837158778115854,-0.23173668144857973
2015-05-05,2015,False,False,745.142231308406,971.2016795270231,1.9793771743638784,2.883253416741396,-0.23276262076555343
2015-05-06,2015,False,False,734.3731913051507,955.3854389527995,1.9357313264247478,2.8192502056877853,-0.2313330710690974
2015-05-07,2015,False,False,732.3499991951297,952.3950800333133,1.9270583501004381,2.806535092059606,-0.23104390756668625
2015-05-08,2015,False,False,735.0000729753674,956.2581166886514,1.9370632286727965,2.8212112554991067,-0.23137899679164087
2015-05-11,2015,False,False,735.5949774435693,957.1072250549998,1.9388532858312795,2.8238402918697556,-0.23143932237968579
2015-05-12,2015,False,False,731.0246392638498,950.3814485469511,1.9200105422961844,2.796211098649695,-0.23080922888223288
2015-05-13,2015,False,False,726.2836548449783,943.4054174615403,1.900493829253108,2.767593520213819,-0.23014682616597693
2015-05-14,2015,False,False,729.5792413707791,948.2151056230889,1.9130734333031705,2.786045540519421,-0.23057622996697602
2015-05-15,2015,False,False,736.3827716082429,958.1692316306323,1.9396517828672368,2.8250268727769754,-0.23146898554125828
2015-05-18,2015,False,False,724.5194740032583,940.7482503073232,1.891716120547828,2.754732589532322,-0.2298476518382334
2015-05-19,2015,False,False,716.5229791128597,928.9979774853437,1.8592297650154017,2.707094882224037,-0.22871416679250633
2015-05-20,2015,False,False,709.7539736472721,919.04783133916,1.8316535952414603,2.666658014518891,-0.2277290153515974
2015-05-21,2015,False,False,712.2111578617302,922.6279933351942,1.8408901390575592,2.680207392641381,-0.22806248779947746
2015-05-22,2015,False,False,703.879872388503,910.3867464593662,1.8070981949691043,2.6306550207751394,-0.22683422718311763
2015-05-25,2015,False,False,706.5758016420956,914.3170306682466,1.8172878853353094,2.6456021956469162,-0.22720918681162405
2015-05-26,2015,False,False,695.4531497796347,897.9822144323778,1.772386485069303,2.5797576816120302,-0.22553794651797576
2015-05-27,2015,False,False,702.4210524974584,908.1773944813507,1.799605629722831,2.61967873448127,-0.22655963827573278
2015-05-28,2015,False,False,699.5056178188219,903.8785520698028,1.7874302363770544,2.601827264673452,-0.2261066310103108
2015-05-29,2015,False,True,685.6871888374544,883.5903491850084,1.7318214694719298,2.520280275637484,-0.22397614520132858
2015-06-01,2015,False,False,688.8242348511152,888.1737800784117,1.743799114543516,2.5378697613138557,-0.2244488068649101
2015-06-02,2015,False,False,702.6183438228467,908.4036181980777,1.7982145306807849,2.6177652156570512,-0.2265350668499423
2015-06-03,2015,False,False,694.5165783358724,896.4865346279751,1.7654243733510273,2.5696278398156003,-0.22529056320507523
2015-06-05,2015,False,False,688.3018454252987,887.3399404746798,1.740159005484601,2.5325381516527536,-0.22430872991348316
2015-06-08,2015,False,False,686.4860440432449,884.6517368110032,1.7324122298916116,2.5211687780574423,-0.2240041866442346
2015-06-09,2015,False,False,686.6060964878302,884.8057005832594,1.7323721861369021,2.521114214941908,-0.2240035342954697
2015-06-10,2015,False,False,698.7502068971709,902.6130561172928,1.7801732369913954,2.5912986317664166,-0.2258585202579103
2015-06-11,2015,False,False,696.6541395996112,899.5133737316736,1.7713083787823138,2.578287715166726,-0.22552108735247733
2015-06-12,2015,False,False,692.8121422643082,893.8503648022804,1.7555028385512257,2.555086678190888,-0.22491261452071099
2015-06-15,2015,False,False,690.4643261366623,890.3810716965443,1.745644924989568,2.540617781788947,-0.2245294199470771
2015-06-16,2015,False,False,696.9524718921772,899.8844952204843,1.770920467575865,2.577730859452891,-0.2255089674354106
2015-06-17,2015,False,False,691.8258368928822,892.3354165448488,1.7500175231403605,2.54704594878702,-0.22470203012713108
2015-06-18,2015,False,False,703.1667921084589,908.9636016754645,1.7945690072440645,2.6124594313370086,-0.22640819631024456
2015-06-19,2015,False,False,697.6344160178106,900.8188250698537,1.7720572821899756,2.5794125499464386,-0.2255552430715324
2015-06-22,2015,False,False,698.9854940057988,902.7801467449198,1.7769003734623108,2.586527257215913,-0.225741176823534
2015-06-23,2015,False,False,697.9922394355943,901.2995837259025,1.7724299277751996,2.579968083647428,-0.2255713282922548
2015-06-24,2015,False,False,698.8395916267269,902.5213490167203,1.7752706929200572,2.5841430274869754,-0.22568081919823912
2015-06-25,2015,False,False,691.2803351727794,891.4007623133489,1.7447319036922604,2.539311024499967,-0.22450107247072593
2015-06-26,2015,False,False,700.9245238058768,905.5378013353381,1.7824981096263537,2.5947625383822497,-0.2259577427112721
2015-06-29,2015,False,False,689.5338258232639,888.791997378679,1.7367624914550257,2.5276189652149417,-0.22418988035793386
2015-06-30,2015,False,True,690.3419385048587,889.9561522989844,1.7394521369240423,2.531572032932478,-0.22429668391916968
2015-07-01,2015,False,False,686.6991072904552,884.5804755013951,1.7245050244165943,2.5096069361642366,-0.22370080924381397
2015-07-02,2015,False,False,690.721554568558,890.4714098599018,1.7399701046715244,2.5323424119938402,-0.22431922359278278
2015-07-03,2015,False,False,684.0737069609554,880.6788875096078,1.7131100690717536,2.492867410349986,-0.22324275435353558
2015-07-06,2015,False,False,679.8981765909097,874.5202366484316,1.696063425558762,2.467816367387436,-0.22254723435949775
2015-07-07,2015,False,False,682.1604352885595,877.8240033891207,1.7045466888355212,2.480289795379466,-0.22289612421754168
2015-07-08,2015,False,False,675.7957053050048,868.4476141492812,1.6788298228306493,2.4424950470782316,-0.22183480696529456
2015-07-10,2015,False,False,685.0689464872886,882.0562919970871,1.7150994096055392,2.495809480082132,-0.2233274081224388
2015-07-13,2015,False,False,691.1457645990355,890.9667901425742,1.7386899894053998,2.5304880012854163,-0.2242743812163447
2015-07-14,2015,False,False,692.5567312627328,893.0193073251158,1.7437867977273762,2.537983929615082,-0.22447731467624576
2015-07-15,2015,False,False,688.7592233770122,887.416283026408,1.728250434694682,2.515152723547169,-0.22386005694182665
2015-07-16,2015,False,False,690.7149804405697,890.2695462748363,1.7355048730319589,2.5258199852468763,-0.22415072678748227
2015-07-17,2015,False,False,682.4568300534808,878.1101620710832,1.7023128619828252,2.4770380787551893,-0.2228118298462013
2015-07-20,2015,False,False,674.0416075598993,865.7199094978314,1.6685109530893976,2.427359728082111,-0.22140914149602597
2015-07-21,2015,False,False,672.6520823670284,863.6561962231741,1.6625307326510654,2.4185743643234674,-0.22115757947597603
2015-07-22,2015,False,False,666.3269340980365,854.3379851418067,1.6370197068100025,2.381082150228413,-0.22006636051955863
2015-07-23,2015,False,False,653.7203844577914,835.7872188656784,1.5866633917394624,2.3070717293246266,-0.21783873969140877
2015-07-24,2015,False,False,647.3691145385549,826.4306135529273,1.5610718431663737,2.269461157735012,-0.21666852132275805
2015-07-27,2015,False,False,641.5935475397738,817.920190274207,1.5377666389563145,2.235211108599884,-0.21557927635374774
2015-07-28,2015,False,False,651.5180048847047,832.4860413402178,1.5765587106711312,2.292233131311305,-0.21738266765911518
2015-07-29,2015,False,False,658.9042134905881,843.3211132064569,1.6053006284674578,2.334483193842928,-0.21867933439337595
2015-07-30,2015,False,False,654.983055522487,837.5363450351734,1.5893310371059681,2.3110152004984394,-0.2179646180071384
2015-07-31,2015,False,True,666.0631392369706,853.8007636040101,1.6326606293951405,2.3747065755099213,-0.21988458241074083
2015-08-03,2015,False,False,657.8211837580727,841.649878835996,1.599594440895658,2.3260533412788704,-0.21841468727133762
2015-08-04,2015,False,False,656.9612750792913,840.3620276012891,1.5957077660705767,2.3203391495065047,-0.21824017090050207
2015-08-05,2015,False,False,659.618549647849,844.2498790670893,1.6057166182477105,2.335072885705206,-0.2186927519886187
2015-08-06,2015,False,False,656.5184528068282,839.665484233263,1.5929824165776552,2.316339132762558,-0.21811904248234604
2015-08-07,2015,False,False,640.2086716576378,815.6424096552518,1.5280899031234285,2.220851937337399,-0.2150865819639819
2015-08-10,2015,False,False,649.1043438326357,828.7103603845508,1.562735706051015,2.2718401143214075,-0.2167295416320988
2015-08-11,2015,False,False,645.9505208026837,824.0469049042971,1.5498046873790146,2.252816729885383,-0.2161240859490845
2015-08-12,2015,False,False,638.192557297531,812.6082373821237,1.518707705928989,2.2070612638647993,-0.21463685951115308
2015-08-13,2015,False,False,633.9229177492725,806.3028047397645,1.5013869358764982,2.1815781472256774,-0.21379050894673235
2015-08-14,2015,False,False,628.2538877852925,797.938102436323,1.4785518774170847,2.14798049054345,-0.21265335510729244
2015-08-17,2015,False,False,624.9823462267276,793.1014185333242,1.4651820568672576,2.128311380390648,-0.21197676410350874
2015-08-18,2015,False,False,627.6894686605992,797.0626235075929,1.4753950876756021,2.143345557494732,-0.21249667196994115
2015-08-19,2015,False,False,617.9022293569718,782.6377799770514,1.4363399955870082,2.0858793427559292,-0.21048760337752925
2015-08-20,2015,False,False,618.6438401953676,783.7066410052724,1.4388062031354831,2.089513696472822,-0.21061809633024964
2015-08-21,2015,False,False,608.0877802688219,768.1504413029265,1.3967423771856717,2.0276199826128862,-0.20837410541951717
2015-08-24,2015,False,False,592.3578085003873,744.9805838497347,1.3343054941842993,1.935746342811865,-0.2048681249659683
2015-08-25,2015,False,False,594.782497720261,748.5261748950142,1.3434207227252304,1.9491650418002435,-0.20539519168627174
2015-08-26,2015,False,False,611.8630296841143,773.6385367150625,1.4102651703932465,2.0475350348933246,-0.2091099387549401
2015-08-27,2015,False,False,631.0420769298414,801.8389637417407,1.485349515290073,2.158030427339939,-0.2130064695470576
2015-08-28,2015,False,False,624.6858992755854,792.4630908776242,1.4598544693019488,2.1205184527339407,-0.2117160957190216
2015-08-31,2015,False,True,618.7067174905793,783.6419853944888,1.4358532184668475,2.085204666907436,-0.21047272986640742
2015-09-01,2015,False,False,605.6540437696992,764.3872679846023,1.3840177917832581,2.0088346068747236,-0.2076607380358677
2015-09-02,2015,False,False,616.9590674576469,781.0218607621835,1.4280622969660013,2.0737367083968987,-0.21006171727950218
2015-09-03,2015,False,False,627.2946243096626,796.2280140856059,1.4682756437142426,2.132993872174953,-0.21216710136724792
2015-09-04,2015,False,False,617.4394002743944,781.6845081523082,1.429042226632125,2.0751919578865627,-0.21011687728869677
2015-09-08,2015,False,False,620.5024159343053,786.1750966046444,1.440635087960369,2.0922788965531995,-0.21073254722243306
2015-09-09,2015,False,False,619.3526595993168,784.4584693938442,1.4356565265141668,2.084949036942084,-0.21047106537342342
2015-09-10,2015,False,False,617.6537782674843,781.932746109115,1.428520753345285,2.074440679328106,-0.21009347499395592
2015-09-11,2015,False,False,616.5209040470645,780.240993476408,1.4236126890655845,2.067214687945445,-0.20983271937543213
2015-09-14,2015,False,False,626.6181721333119,795.0960454914717,1.4628451459478846,2.125026568467323,-0.21189625368343878
2015-09-15,2015,False,False,627.6074253414937,796.5310945536905,1.4662716938943428,2.130081022759637,-0.21207416806100654
2015-09-16,2015,False,False,641.2181124198048,816.5629160272258,1.5192853808823013,2.20819854753447,-0.2147352030882268
2015-09-17,2015,False,False,641.2426896624047,816.576584637177,1.5189106776862134,2.207652128204399,-0.21471824966996456
2015-09-18,2015,False,False,626.6097131358997,794.993405031983,1.46096951110041,2.122285675270552,-0.21180514307450027
2015-09-21,2015,False,False,618.9704947744349,783.7150236163869,1.4305124140357388,2.077415014200472,-0.21020973680171695
2015-09-22,2015,False,False,615.304162685318,778.2904035549388,1.4156641271997903,2.0555428070020034,-0.20941571439807138
2015-09-23,2015,False,False,604.8061635446873,762.7998148678839,1.3740055017641928,1.9941674976122545,-0.20712334775613572
2015-09-24,2015,False,False,604.3045435271205,762.0381697701005,1.3715932375386894,1.9906188684679704,-0.20698914109586752
2015-09-25,2015,False,False,599.0993154404084,754.3460974582631,1.3507260134993602,1.9598781850940816,-0.20580312212252716
2015-09-28,2015,False,False,589.1678937528984,739.6903197805981,1.3113255686177592,1.901830135511407,-0.20349384330505582
2015-09-29,2015,False,False,591.213876078397,742.6823829742827,1.3189188266055916,1.9130239152894912,-0.20394789262307134
2015-09-30,2015,False,True,601.8415619534532,758.3189673416042,1.3601629880527573,1.9737998719278598,-0.20634774036670223
2015-10-01,2015,False,False,604.7857184013343,762.6400607760442,1.3712658861889504,1.9901869447903153,-0.20698406823014392
2015-10-02,2015,False,False,624.4552595162824,791.6373427444107,1.4479298954343713,2.10330113825511,-0.2111851907447284
2015-10-05,2015,False,False,630.9432912034555,801.1869756286892,1.4729020371915946,2.1401505203812006,-0.21248933096003464
2015-10-06,2015,False,False,632.5541028054474,803.5408874734173,1.4787527820329158,2.1487886988135405,-0.21279164176151089
2015-10-07,2015,False,False,646.0527747722296,823.4338329168268,1.5311769160852275,2.226140017024881,-0.2154162861104033
2015-10-08,2015,False,False,648.2932436202912,826.7167243470806,1.5394810886077437,2.238397912943237,-0.21582178692187903
2015-10-09,2015,False,False,650.9855371697444,830.6662259473103,1.5495517121530455,2.253261981516881,-0.21630913014749586
2015-10-13,2015,False,False,628.4958754733952,797.4629392758371,1.4610131241732796,2.1226406348671603,-0.211880772736446
2015-10-14,2015,False,False,621.1039572766913,786.5344625683877,1.4316150452666885,2.0792736230306006,-0.21032836215655648
2015-10-15,2015,False,False,626.2927505521376,794.1672335905038,1.4514720897660558,2.108576310419493,-0.21138429783786228
2015-10-16,2015,False,False,627.1954258889845,795.4763799883219,1.4545478836505166,2.1131203838529187,-0.21154739264767097
2015-10-19,2015,False,False,629.65216831287,799.0783557109953,1.4637032857406873,2.126634147555599,-0.21202700109099448
2015-10-20,2015,False,False,625.470589524388,792.886328542501,1.4468856892720092,2.101828036399501,-0.2111472136565401
2015-10-21,2015,False,False,624.9401102163763,792.0810366228295,1.444355059516465,2.0981005343787333,-0.21101493241030822
2015-10-22,2015,False,False,633.5003073984955,804.6878874691837,1.4773755037929988,2.1468241409409416,-0.21273786114649829
2015-10-23,2015,False,False,631.5454567079346,801.7811158240669,1.4692710092844208,2.134873102272464,-0.21232186161077748
2015-10-26,2015,False,False,627.17555108734,795.3112362469308,1.451728699336213,2.1089977589697595,-0.21140866304495098
2015-10-27,2015,False,False,625.3254151344406,792.5589579459285,1.4440412651820682,2.097662035522892,-0.2110045456364612
2015-10-28,2015,False,False,621.9270295799286,787.5224332836331,1.4303065912129695,2.0774043727123734,-0.21027388770786148
2015-10-29,2015,False,False,609.2845456157271,768.8474112280417,1.3804605503126082,2.0038689554956046,-0.20753515363660102
2015-10-30,2015,False,True,612.0751660757079,772.941981741808,1.390918617483234,2.0193046161789376,-0.20812275625602616
2015-11-03,2015,False,False,637.050019286454,809.8118300882369,1.4879651318484326,2.1626772398101752,-0.21333574588921334
2015-11-04,2015,False,False,633.1836048503261,804.0749149409543,1.472356862342005,2.139626671573804,-0.21253157748762408
2015-11-05,2015,False,False,637.0764612202485,809.8006518575406,1.4870459755875731,2.1613339604054396,-0.21329223462724212
2015-11-06,2015,False,False,624.2594462175721,790.8411514156429,1.4365097531088473,2.086684855566396,-0.2106386407686066
2015-11-09,2015,False,False,616.0580925926063,778.7002969186814,1.4040057012239715,2.038674397505637,-0.208863673186784
2015-11-10,2015,False,False,616.24361378961,778.9492442974964,1.4042358648875952,2.0390216923310946,-0.2088783469513784
2015-11-11,2015,False,False,626.0883280916739,793.4675698883333,1.4421429344573604,2.095028500898857,-0.21094654419236702
2015-11-12,2015,False,False,624.071417747534,790.4628988432452,1.4337760544341434,2.082675508625135,-0.2104987866466682
2015-11-13,2015,False,False,619.9429883305688,784.3389129729615,1.4171797205583432,2.058165267081114,-0.2095980728780441
2015-11-16,2015,False,False,623.7580500914657,789.9497251037021,1.4315557964172854,2.0794100896533316,-0.21038259743734866
2015-11-17,2015,False,False,628.3839096250191,796.758316380761,1.4490860067436642,2.105314463842966,-0.2113243166642742
2015-11-18,2015,False,False,630.5785165240202,799.9752553330281,1.4571353186949105,2.1172128489186903,-0.2117524731917969
2015-11-19,2015,False,False,638.6536886416134,811.8794633244238,1.4880910568363035,2.1629505440155943,-0.2133639074617042
2015-11-23,2015,False,False,638.8361299933916,812.1238608950015,1.4882916092403526,2.1632540707267376,-0.2133759876364647
2015-11-24,2015,False,False,640.4163648041082,814.4331973596396,1.4939354235044182,2.1715988419416177,-0.21366618295974082
2015-11-25,2015,False,False,624.2991245399667,790.5983246243727,1.430672820954788,2.078149214726041,-0.21034600618894272
2015-11-26,2015,False,False,627.534262851766,795.3524247151755,1.4427680791197606,2.096024599382982,-0.21099849154732508
2015-11-27,2015,False,False,613.0691884485075,773.9582713320848,1.3859718518069726,2.0121276434472777,-0.20787823949043904
2015-11-30,2015,False,True,604.5376069743802,761.3295762852371,1.3522864084606234,1.9623718921604554,-0.20594493396131208
2015-12-01,2015,False,False,603.7479499112789,760.1375323363334,1.3487568562975252,1.9571582662374376,-0.20573853516268392
2015-12-02,2015,False,False,602.2897382975955,757.9565440069754,1.3426283092088505,1.9481001322713936,-0.2053769532570291
2015-12-03,2015,False,False,619.2073661867364,782.9576056638475,1.4079617584551287,2.0447505567328315,-0.20914317492103796
2015-12-04,2015,False,False,607.4798099083501,765.5859187022519,1.3618966170620141,1.97661710226381,-0.20651647964203435
2015-12-07,2015,False,False,605.9549823831259,763.306390274244,1.3555101356001007,1.9671774160320465,-0.20614449177424576
2015-12-08,2015,False,False,597.1140395592757,750.2046617654341,1.3206919532035588,1.9156807686180883,-0.20406514383141106
2015-12-09,2015,False,False,616.1537948770181,778.3448330032605,1.3942249655217331,2.0244602020721216,-0.2083794113470565
2015-12-10,2015,False,False,610.7590847919824,770.3408672691115,1.3728014172182688,1.9927772621177606,-0.20715736274365493
2015-12-11,2015,False,False,606.6114838865263,764.1816599228669,1.35623027339882,1.9682721302111745,-0.20619465802443482
2015-12-14,2015,False,False,600.7822874880343,755.534990017902,1.33313509704091,1.9341164660889398,-0.204825328508215
2015-12-15,2015,False,False,602.2599668524923,757.6968528170434,1.3384195956221792,1.9419407991343167,-0.20514389809942035
2015-12-16,2015,False,False,603.9453646671482,760.1659784922821,1.3445084032109786,1.9509548854514054,-0.2055085576639234
2015-12-17,2015,False,False,606.7973394121582,764.3607370252084,1.355122605907852,1.9666630585104152,-0.20613748192544046
2015-12-18,2015,False,False,591.4380752713868,741.6169273567526,1.295064320028664,1.8778305291298123,-0.20250192052739213
2015-12-21,2015,False,False,583.3818085699484,729.6759134688514,1.2633629818426706,1.8309443781526729,-0.20049189263138267
2015-12-22,2015,False,False,586.5067488565968,734.2744501799771,1.275045573532183,1.848232933203945,-0.20124314728254689
2015-12-23,2015,False,False,592.7781502801267,743.5273192218406,1.2989263148346972,1.8835653256615883,-0.20274866174316852
2015-12-28,2015,False,False,589.9697117059854,739.3490378313259,1.2875909721054106,1.86680510985392,-0.20204168597216676
2015-12-29,2015,False,False,588.7607394188713,737.5367312066758,1.28246070718694,1.8592236139045388,-0.20172011168093795
2015-12-30,2015,False,True,585.3429477634793,732.4570778863902,1.268771115362323,1.838980922040272,-0.20085017206391087
2016-01-04,2016,False,False,571.6056293801345,712.0833466590418,1.2150738238267498,1.7594500482402196,-0.1972770714804689
2016-01-05,2016,False,False,574.832554771333,716.837900814947,1.2271244985023095,1.777308343287927,-0.19809966225582287
2016-01-06,2016,False,False,567.5143182476482,705.9724343244008,1.1983225375546005,1.7346536701658746,-0.1961239693576049
2016-01-07,2016,False,False,555.2655917232181,687.8036797259621,1.150437473041407,1.6637321473284303,-0.1926975558716848
2016-01-08,2016,False,False,554.3770454149696,686.4621915987688,1.1465587656173675,1.657995035740087,-0.19241430598846698
2016-01-11,2016,False,False,546.8815466883153,675.3341554774695,1.11710460209413,1.6143742775207661,-0.1902060006106704
2016-01-12,2016,False,False,541.9532700594951,668.0088169814765,1.0975987229843973,1.5854894118248226,-0.18870341785545142
2016-01-13,2016,False,False,535.5109643315657,658.4408229455967,1.0722420208349792,1.547938011398439,-0.18669841590940972
2016-01-14,2016,False,False,541.9020314526058,667.8822619068145,1.0965462426388735,1.5839468491609603,-0.18862640564001976
2016-01-15,2016,False,False,531.335128557895,652.2047084897278,1.0552458148615647,1.5227787991255752,-0.18532460492614866
2016-01-18,2016,False,False,524.180237899495,641.5811980553193,1.0271574435356006,1.4811811038166227,-0.18298690876801793
2016-01-19,2016,False,False,525.5988378700517,643.6571702573467,1.0322299388544938,1.4887029375029686,-0.18341803345419572
2016-01-20,2016,False,False,520.95710091553,636.7562686419529,1.0138728214435537,1.461519654973979,-0.1818579155465475
2016-01-21,2016,False,False,521.826804025926,638.0191873927685,1.016824507016394,1.4659000326408869,-0.18211424619008165
2016-01-22,2016,False,False,525.4624362853615,643.3791385801976,1.0304629427337542,1.4861101551807514,-0.18327716151172302
2016-01-26,2016,False,False,519.4267841955186,634.4135002287672,1.0067321878232725,1.450967162331553,-0.18124884793874152
2016-01-27,2016,False,False,529.5047682563168,649.3161847531745,1.0452511886298064,1.5080316142123027,-0.18451937485957148
2016-01-28,2016,False,False,532.4526824837678,653.6574536344199,1.056219708778778,1.524286914441865,-0.18542551680048602
2016-01-29,2016,False,True,552.7615701781226,683.7146637391754,1.1342145566722879,1.6398249565219127,-0.19153179024255795
2016-02-01,2016,False,False,554.6854929023186,686.5432052905406,1.1412077133571827,1.6502074157903848,-0.19206032682592888
2016-02-02,2016,False,False,532.2225167222168,653.1957428904801,1.0540783704493437,1.5209667103227953,-0.18520210439973217
2016-02-03,2016,False,False,543.5981422379585,670.0451256679676,1.097555788489279,1.5854706311314755,-0.18871413071463528
2016-02-04,2016,False,False,557.7143737308868,690.9599770829013,1.1515884468805786,1.6656323988985027,-0.19284127557510866
2016-02-05,2016,False,False,555.1475399115109,687.126842334107,1.1412511689644145,1.6503065376264785,-0.19207414743728324
2016-02-10,2016,False,False,552.741884658928,683.5328030312759,1.1315396404545632,1.6359089217767893,-0.19134548889581726
2016-02-11,2016,False,False,540.72289177464,665.6781502115019,1.0847676427999509,1.5665350758966188,-0.18771122110160998
2016-02-12,2016,False,False,546.3620203873304,674.0179010162439,1.1060820424750006,1.5981619231707511,-0.1893953861409935
2016-02-15,2016,False,False,549.6637746106704,678.8903448264833,1.1183796587429486,1.6164130936517616,-0.1903496952056989
2016-02-16,2016,False,False,559.4670821047048,693.4073202245247,1.1557239018433156,1.6718189179204965,-0.19316242302785347
2016-02-17,2016,False,False,567.3119502404475,705.0191082823384,1.185508324121756,1.7160103522636718,-0.19532400813559714
2016-02-18,2016,False,False,565.61716889321,702.4795932677188,1.1785376462540014,1.7056785469464129,-0.1948276158996547
2016-02-19,2016,False,False,566.4201420237237,703.6452962150639,1.1811882242502527,1.709619097706975,-0.19502035319425826
2016-02-22,2016,False,False,585.7668632560137,732.3191586556143,1.2552320976422005,1.8194658590591022,-0.20012079933650795
2016-02-23,2016,False,False,577.6759277857935,720.2914632153086,1.2236310024169526,1.772596799248554,-0.19799698137875132
2016-02-24,2016,False,False,572.7508450705402,712.9600558197745,1.2042264647235696,1.7438203485063228,-0.19665787669972512
2016-02-25,2016,False,False,570.5602086420229,709.684979656109,1.195351147063271,1.7306631456998929,-0.196037361649533
2016-02-26,2016,False,False,567.2498773715815,704.7489262117816,1.18217203281232,1.7111216031633627,-0.1951035946649754
2016-02-29,2016,False,True,580.9996072826941,725.1201019948119,1.234613874164208,1.7889234692108147,-0.1987539640890399
2016-03-01,2016,False,False,596.1925391247661,747.6666521890808,1.2926474149178206,1.8751383233979682,-0.202595785997431
2016-03-02,2016,False,False,605.0405335292694,760.7879996665675,1.3262655955337164,1.9250849340553104,-0.20471861570576555
2016-03-03,2016,False,False,631.3206800458845,799.8042545506428,1.4268836206551563,2.074557679558648,-0.21065601182556615
2016-03-04,2016,False,False,652.9419332832927,831.8998716783265,1.509560190816289,2.1973789617266215,-0.21511956485098738
2016-03-07,2016,False,False,654.8265117016424,834.6772862303012,1.5163638877617696,2.2074935016710264,-0.21547342607216347
2016-03-08,2016,False,False,653.2298384002819,832.2834120990912,1.5097898087331818,2.197735778236117,-0.2151353386308884
2016-03-09,2016,False,False,648.2899360726433,824.9232776049771,1.4903751691283658,2.168903807806792,-0.21412093260982812
2016-03-10,2016,False,False,658.6702105109246,840.320778327368,1.5298087694204505,2.2274890229053934,-0.2161681259125987
2016-03-11,2016,False,False,659.4864248411061,841.5111720134325,1.532501544162041,2.2314969077143507,-0.21630698822073502
2016-03-14,2016,False,False,650.7333319194705,828.4866641981027,1.4984525832859248,2.180926110359208,-0.21455183282965784
2016-03-15,2016,False,False,630.9614653282995,799.094118628643,1.4221169494368504,2.0675398027970937,-0.21040406803253986
2016-03-16,2016,False,False,638.2321227040616,809.872382128572,1.4495999126813248,2.108372715776096,-0.21193494581626748
2016-03-17,2016,False,False,674.2041999397989,863.2856917737955,1.5872130470391719,2.3128004917187344,-0.21902539754306638
2016-03-18,2016,False,False,673.1203779026285,861.6536418805879,1.582603472943465,2.3059609559422625,-0.218804000603397
2016-03-21,2016,False,False,677.2380722460335,867.7482790987938,1.597949012975194,2.328764104650996,-0.2195454735451806
2016-03-22,2016,False,False,675.4470264904514,865.0656708702625,1.5906266706398067,2.317894832487059,-0.21919566428876236
2016-03-23,2016,False,False,660.4354599342404,842.7443995668883,1.532609398388232,2.2317198519211336,-0.21632767862514657
2016-03-24,2016,False,False,660.1044889521532,842.2306859661222,1.5308990514024692,2.2291870148579105,-0.21624265186331004
2016-03-28,2016,False,False,673.6214146499316,862.2875823505667,1.5822741108727119,2.3055108575906025,-0.21879726852419412
2016-03-29,2016,False,False,677.2714287924515,867.6874955083165,1.5958138385773402,2.3256315158855334,-0.21945235779191874
2016-03-30,2016,False,False,678.3891257496913,869.3257320460363,1.5996447947209904,2.3313301001589966,-0.21963758722171778
2016-03-31,2016,False,True,664.8262271328072,849.156410881148,1.547226923880487,2.253472838625088,-0.21707447695892212
2016-04-01,2016,False,False,670.648085221779,857.790431336764,1.569040740171534,2.28592388943407,-0.218167910573852
2016-04-04,2016,False,False,650.3711067345303,827.6097506017684,1.4908889572368067,2.16970413865097,-0.21415726885571984
2016-04-05,2016,False,False,653.5465792965427,832.3080146429518,1.502571622808894,2.187087936599471,-0.2147779814701113
2016-04-06,2016,False,False,642.6802389978351,816.1230194334171,1.4604909609411751,2.1245138569426385,-0.2125203876199846
2016-04-07,2016,False,False,647.4868888458612,823.2472022990137,1.4784187132855933,2.1511854633455068,-0.21349639933463638
2016-04-08,2016,False,False,667.8296468306062,853.4769896320984,1.5557965818239805,2.2662724440570163,-0.21751886114881402
2016-04-11,2016,False,False,666.4309788912792,851.3725022845426,1.5499559169362125,2.2575951876202125,-0.217227503703723
2016-04-12,2016,False,False,687.4239264235962,882.5692642539321,1.629777836356527,2.3763170017365427,-0.22111050739490612
2016-04-13,2016,False,False,700.5689720483781,902.0944727184524,1.6795523887870645,2.450351779378284,-0.22339733449732735
2016-04-14,2016,False,False,692.2007284324468,889.6246958484036,1.6470391144644236,2.402006485079937,-0.22191826321511965
2016-04-15,2016,False,False,701.5587051134765,903.5177011681322,1.6823120057865668,2.4544741011972175,-0.2235252234610885
2016-04-18,2016,False,False,697.8102293355564,897.9185335560372,1.6674702956252152,2.432410296468032,-0.22285797290316478
2016-04-19,2016,False,False,707.1682060165862,911.8115388757658,1.7027258017068072,2.484852049974263,-0.22443599815757787
2016-04-20,2016,False,False,706.3056592831517,910.5043814914787,1.6989134859883515,2.479191369856625,-0.22426989519131502
2016-04-22,2016,False,False,698.1085181797395,898.2890716309839,1.6670812537907906,2.4318589174058602,-0.22284647534204716
2016-04-25,2016,False,False,686.2269696400862,880.5942388314297,1.621187813751284,2.3636143576448805,-0.2207228489812444
2016-04-26,2016,False,False,700.204714159127,901.357853409112,1.6740680319233414,2.4422679144896384,-0.22316679051409427
2016-04-27,2016,False,False,716.1672478233872,925.0732852976186,1.734506482716255,2.532162219540354,-0.2258264732042512
2016-04-28,2016,False,False,714.3237133515111,922.3071837252228,1.7269467965318226,2.5209283593251492,-0.22550347004092608
2016-04-29,2016,False,True,709.7995728501718,915.5544323364835,1.7091586750006558,2.4944825661697845,-0.22473252514460318
2016-05-02,2016,False,False,705.8723664636344,909.6841493716379,1.6936797557216652,2.4714459634389234,-0.22404675628215132
2016-05-03,2016,False,False,691.0757018668196,887.6309195874802,1.6367350543610484,2.3866732033679297,-0.22143800242110556
2016-05-04,2016,False,False,694.4610746603163,892.6479391627562,1.6491703120557024,2.405196498168552,-0.22202130964232758
2016-05-05,2016,False,False,684.4506036120226,877.7206133716251,1.6105090221308527,2.34764491115222,-0.22019536378117655
2016-05-06,2016,False,False,685.0318343620172,878.5626979422397,1.61225141122251,2.3502481672030204,-0.22028122071823486
2016-05-09,2016,False,False,676.7781298439263,866.250926558902,1.5803087739147514,2.302699611063352,-0.21872738130005598
2016-05-10,2016,False,False,700.5615457015379,901.6374861552699,1.6705014448597373,2.436991688012465,-0.22301195717932365
2016-05-11,2016,False,False,697.1135404183951,896.4806597235806,1.6568755623931573,2.416713948129799,-0.22238864513447287
2016-05-12,2016,False,False,702.6006224073326,904.6268001328018,1.6773023172843375,2.4471353298473666,-0.22332543950257855
2016-05-13,2016,False,False,686.2565066872967,880.26965429799,1.6145476488449257,2.353712398450252,-0.22040194917933154
2016-05-16,2016,False,False,686.2882702354223,880.2936669523434,1.6141943905212894,2.3531955389078925,-0.22038713215850503
2016-05-17,2016,False,False,675.3457467672672,863.9786588635641,1.5720458255554242,2.2904519107970343,-0.21833052259000885
2016-05-18,2016,False,False,672.225117624744,859.3092450122505,1.5596967307560514,2.2720750943349524,-0.2177145520933379
2016-05-19,2016,False,False,667.3772656525132,852.0682627664945,1.540776392078096,2.243914705963811,-0.21675610415804802
2016-05-20,2016,False,False,662.7505921947985,845.1565812152851,1.5227048098768838,2.217017981787382,-0.21582508268254574
2016-05-23,2016,False,False,658.3229679933141,838.5412533061509,1.5053973047951419,2.1912588473050323,-0.21491880644188077
2016-05-24,2016,False,False,658.5390659815935,838.8397115109879,1.5057656071051748,2.1918162605056617,-0.2149405220749765
2016-05-25,2016,False,False,660.1570638891112,841.225382472904,1.5114670908824879,2.2003139550599613,-0.2152435273071721
2016-05-27,2016,False,False,655.284116881711,833.9470375903247,1.4924771698090802,2.17204995279783,-0.21423773052166128
2016-05-30,2016,False,False,654.337630331595,832.5145867292417,1.4884263377333387,2.166027946634204,-0.2140226240331271
2016-05-31,2016,False,True,648.7659006630674,824.195862241303,1.466790496817747,2.1338245712597073,-0.21284984506131166
2016-06-01,2016,False,False,654.9817680833213,833.4392697725468,1.4899946255111574,2.1684230058745513,-0.21412178206809018
2016-06-02,2016,False,False,665.0035257237043,848.3559442348893,1.5276568012994978,2.224573388591494,-0.21612675641301227
2016-06-03,2016,False,False,673.4017486569663,860.8524895729901,1.55913602875337,2.271507129142474,-0.2177501293038081
2016-06-06,2016,False,False,671.3061404291008,857.7063595149162,1.5507314489534054,2.258987894529906,-0.21732404921334136
2016-06-07,2016,False,False,671.9910620980095,858.7050385295973,1.5528930005450192,2.26221910682976,-0.21743668437221164
2016-06-08,2016,False,False,685.0566193677627,878.1589662450327,1.6020797006372196,2.335548559632376,-0.2198945228595306
2016-06-09,2016,False,False,679.2751208152142,869.5184476257542,1.5796742029923547,2.3021587860808896,-0.21879159358838796
2016-06-10,2016,False,False,659.9711625616117,840.7206152081551,1.505931235132112,2.1922425844976545,-0.214993482230469
2016-06-13,2016,False,False,662.738629944559,844.82365011557,1.5160051525073848,2.2072683869788676,-0.21553021171471964
2016-06-14,2016,False,False,651.2346648949857,827.6529117410859,1.471905215267371,2.141539692599015,-0.2131548676304167
2016-06-15,2016,False,False,654.319470404485,832.228988117175,1.4831858459373244,2.1583642812796016,-0.21377471856056163
2016-06-16,2016,False,False,660.0327527112998,840.7232149471325,1.504436108942497,2.1900501429522103,-0.21492265114529407
2016-06-17,2016,False,False,661.4723505287584,842.846855269056,1.5094657202332615,2.197556615954343,-0.21519271692886455
2016-06-20,2016,False,False,670.5921697914837,856.4190513371473,1.5436254716228692,2.248486056796076,-0.2169812561450235
2016-06-21,2016,False,False,676.4373151012798,865.1098403302201,1.5653544099686525,2.280885448589009,-0.21809083243917604
2016-06-22,2016,False,False,668.709012161291,853.5673092214148,1.5356081122972078,2.2365530511670326,-0.21657143503860654
2016-06-23,2016,False,False,684.7641865981166,877.4777228651332,1.596038618845177,2.3266430989200293,-0.21962214110435752
2016-06-24,2016,False,False,668.2177164362689,852.7903521526857,1.5328721160575314,2.232492720082544,-0.21643377560557864
2016-06-27,2016,False,False,658.4563734425303,838.217260980551,1.4954418976288832,2.1767062431648787,-0.2144561987756437
2016-06-28,2016,False,False,667.1827709948035,851.203001252288,1.5280780161704572,2.2253644553135263,-0.21618841802337907
2016-06-29,2016,False,False,678.5820179293058,868.1730361660005,1.570829067409114,2.2891005330897216,-0.21837929806477385
2016-06-30,2016,False,True,684.6162885496063,877.1457456317772,1.5932435172333572,2.322521763756732,-0.2194954008965736
2016-07-01,2016,False,False,692.7183872715414,889.213513802351,1.6234600780346922,2.367625570757326,-0.22097631612747326
2016-07-04,2016,False,False,696.5943680026006,894.9744104535249,1.637663492256511,2.3888320626621034,-0.22166001634660815
2016-07-05,2016,False,False,688.3561767789779,882.6566528297708,1.605999587589424,2.3415881935145455,-0.22013143551104652
2016-07-06,2016,False,False,689.0829587329554,883.7178245515918,1.6082808459610782,2.3450025803142442,-0.22024549059808352
2016-07-07,2016,False,False,690.4178390164253,885.6864953171098,1.6128626093611338,2.351850135458516,-0.22047152952328897
2016-07-08,2016,False,False,703.3104658838653,904.903435751449,1.661174735776787,2.423958946086564,-0.22277843348022774
2016-07-11,2016,False,False,712.70450264366,918.8992350923305,1.6962339318171247,2.476289666175273,-0.22439319195640872
2016-07-12,2016,False,False,716.1319666552363,923.9907852344412,1.7087124098991282,2.4949219182138442,-0.22495767479592943
2016-07-13,2016,False,False,720.0793541681867,929.8582462077597,1.723152608955865,2.5164817522713765,-0.2256030883149278
2016-07-14,2016,False,False,730.1944169157363,944.9300728334298,1.76090795016753,2.5728360694097994,-0.22725031416747665
2016-07-15,2016,False,False,731.3527194062866,946.6352267128768,1.7647897583315966,2.578639020876762,-0.22741865211813772
2016-07-18,2016,False,False,741.7345880050239,962.1052225869441,1.803532460062185,2.6364668240327265,-0.22905045041682615
2016-07-19,2016,False,False,744.2215585394543,965.7932218726902,1.8124262604514199,2.6497494438233753,-0.2294193604958259
2016-07-20,2016,False,False,742.9002434185804,963.7979041310756,1.806927871858616,2.6415537939461293,-0.22919500007799698
2016-07-21,2016,False,False,743.6715120258127,964.9254657660539,1.8093365268109491,2.6451582624729504,-0.2292964188322958
2016-07-22,2016,False,False,747.8323214060451,971.1114280919813,1.8245465376847023,2.6678669046639585,-0.22992120185901854
2016-07-25,2016,False,False,746.4044664540426,968.9571150198822,1.818646609518952,2.659072004211028,-0.22968266099297185
2016-07-26,2016,False,False,745.4256985632313,967.4729996095789,1.8144443850823184,2.652810678137569,-0.2295126594085356
2016-07-27,2016,False,False,746.2728226176805,968.7137645580176,1.8171363068436617,2.6568378672871416,-0.2296250451668015
2016-07-28,2016,False,False,744.2019644236319,965.5998618949752,1.808814028198467,2.6444279474828325,-0.22928534500497266
2016-07-29,2016,False,True,751.5623907879683,976.5607910518337,1.836084493539503,2.685135060572957,-0.23039876505949441
2016-08-01,2016,False,False,745.3041635127656,967.1902427881167,1.812007178607875,2.6491757847976847,-0.22941306628127334
2016-08-02,2016,False,False,738.5790545150699,957.1222266890273,1.7861765218708556,2.6105972140147005,-0.22833360889545307
2016-08-03,2016,False,False,749.0544248275352,972.7497572216507,1.8252298738985413,2.668947919989827,-0.2299618485981738
2016-08-04,2016,False,False,754.9950082165404,981.6028353244621,1.8471692390523744,2.7017322860243698,-0.23085490277034304
2016-08-05,2016,False,False,755.8055960752032,982.7922874902615,1.8497588048737166,2.7056102643075435,-0.23096100193735747
2016-08-08,2016,False,False,755.5558046296153,982.3976543891125,1.8483500256484429,2.7035151697999655,-0.23090634301295743
2016-08-09,2016,False,False,756.2150237988697,983.3609790646753,1.8503680018639788,2.7065392524561678,-0.23098939260520157
2016-08-10,2016,False,False,747.4794602790764,970.289574106941,1.816979778210512,2.656670523424487,-0.22963259605560538
2016-08-11,2016,False,False,763.2619742565121,993.8453696062204,1.8759871244920996,2.744830193470359,-0.23201133939082463
2016-08-12,2016,False,False,763.2922205897469,993.8690808822614,1.8756299874797997,2.744306119621952,-0.23199922879966295
2016-08-15,2016,False,False,773.0037892863277,1008.3555792561622,1.9117404444129602,2.798260452488001,-0.23340158453176552
2016-08-16,2016,False,False,769.7330118797057,1003.4479390326101,1.8989453534031817,2.779155493327334,-0.23291186125532426
2016-08-17,2016,False,False,775.1194512648331,1011.4731894432063,1.918753663898356,2.8087562798287067,-0.23367276626331612
2016-08-18,2016,False,False,773.3628170256616,1008.8275057421876,1.9116622674071393,2.7981719810231316,-0.23340431082248914
2016-08-19,2016,False,False,772.6408967138632,1007.7275661737517,1.9084681873025944,2.793409823567314,-0.23328395228136
2016-08-22,2016,False,False,757.6538177283365,985.3171129097458,1.8515853064558567,2.7084427420919903,-0.23105586231938613
2016-08-23,2016,False,False,760.4212479885075,989.4298635646263,1.8615328376530877,2.723312641031807,-0.23145512785622602
2016-08-24,2016,False,False,757.0180372371957,984.3243830877473,1.8482602415271554,2.7034943253751327,-0.2309262573964791
2016-08-25,2016,False,False,757.1101086116207,984.4404538963493,1.8481407422419491,2.703325227284271,-0.23092340870894756
2016-08-26,2016,False,False,757.0864006192411,984.3835635877015,1.847585807725682,2.702505635734609,-0.2309030456990253
2016-08-29,2016,False,False,767.3291855830223,999.6636382404507,1.8856395141284357,2.759362929942833,-0.23241262737771462
2016-08-30,2016,False,False,766.9737668530394,999.1112100707569,1.8838313940853206,2.756671216548538,-0.23234394817897963
2016-08-31,2016,False,True,759.3255027661331,987.6641059697946,1.8546071532561395,2.7130229547736637,-0.23119054527090876
2016-09-01,2016,False,False,763.1962363534751,993.4288088825905,1.8686452413500945,2.734026308669125,-0.2317554820944655
2016-09-02,2016,False,False,778.9867694412774,1017.018374925217,1.927473542996926,2.8220089250947673,-0.2340484806888985
2016-09-05,2016,False,False,778.4633623704499,1016.2120817569069,1.9249831114294946,2.8182955299508037,-0.23395580868849586
2016-09-06,2016,False,False,784.9341697380294,1025.8649339006029,1.9487687950802535,2.853875422524626,-0.23485622346646806
2016-09-08,2016,False,False,786.147795374294,1027.6561987075559,1.952799803766799,2.8599141786547437,-0.23500894913785153
2016-09-09,2016,False,False,760.7361590374883,989.6320580248837,1.8568417989605241,2.7164294024539624,-0.23129394114841817
2016-09-12,2016,False,False,767.4725175044972,999.682015170314,1.8816239706051205,2.7534994311776497,-0.23228336025056495
2016-09-13,2016,False,False,747.3831959221052,969.6168617195694,1.805693084441224,2.6399631920112543,-0.2291974021608323
2016-09-14,2016,False,False,750.153512217267,973.7360010792157,1.8155895900916188,2.654773194399201,-0.2296130456449661
2016-09-15,2016,False,False,759.8972825126505,988.2832406003889,1.851651703496365,2.7087112317026745,-0.23109362650832
2016-09-16,2016,False,False,750.4803090461141,974.1775120067224,1.8158096283666958,2.6551237720459477,-0.2296267366096464
2016-09-19,2016,False,False,753.614845556258,978.8413061217545,1.8270653370277627,2.671966314497472,-0.230094969589975
2016-09-20,2016,False,False,758.0664151394311,985.47459093697,1.8432567811980802,2.696189749897548,-0.23076006006539818
2016-09-21,2016,False,False,765.6135713790965,996.7370147285895,1.8710508926716116,2.7377638052322104,-0.23188006458496757
2016-09-22,2016,False,False,772.5081426360144,1007.0235632131116,1.8963883226845746,2.7756641363105414,-0.232879774758029
2016-09-23,2016,False,False,769.1659927739503,1002.0021232673705,1.883342707649581,2.7561664742261303,-0.23237089531724586
2016-09-26,2016,False,False,761.8736562395322,991.0735758430793,1.8554964806407592,2.714535979422571,-0.2312642826831226
2016-09-27,2016,False,False,765.6736674550331,996.7325205509462,1.869226805238346,2.7350790384671435,-0.2318163081186464
2016-09-28,2016,False,False,776.8233300616139,1013.3821308394636,1.910488836983745,2.7967929969007552,-0.23343494381718533
2016-09-29,2016,False,False,765.4047994036312,996.2832744685486,1.8671960020471379,2.7320636396431537,-0.2317397882525689
2016-09-30,2016,False,True,765.6404030783378,996.6120056479798,1.867567052727857,2.7326292346366285,-0.23175679327630438
2016-10-03,2016,False,False,778.1715328882018,1015.3450284209297,1.9139544388249456,2.802078368923159,-0.23358906469614715
2016-10-04,2016,False,False,776.8298991197146,1013.3118896518973,1.908385994457935,2.793754734750645,-0.2333753239719918
2016-10-05,2016,False,False,787.3184071351277,1028.9873086595144,1.9471024036501126,2.8517211628654855,-0.2348609156698097
2016-10-06,2016,False,False,791.8159317772031,1035.6948152664465,1.9633829782080952,2.8761033505480786,-0.23547369349966507
2016-10-07,2016,False,False,797.1671438884063,1043.6802079838246,1.9828518012662535,2.9052580280030855,-0.23619597479157994
2016-10-10,2016,False,False,803.597556580237,1053.2810577416792,2.0063507541348184,2.9404454086856684,-0.23705306321257125
2016-10-11,2016,False,False,796.2732664273544,1042.2924712547606,1.9783926180189053,2.8986065878240526,-0.23603663233913286
2016-10-13,2016,False,False,797.4266494964183,1043.9941271000764,1.982149025790644,2.904241313014497,-0.23617707341760008
2016-10-14,2016,False,False,804.8755784111036,1055.1195953881518,2.0094431797012655,2.9451097228945664,-0.23717123449402888
2016-10-17,2016,False,False,815.5212726013507,1071.0303066272213,2.0486776545844885,3.003851613559706,-0.2385637758753003
2016-10-18,2016,False,False,827.9602351911377,1089.6253641439926,2.0946000194024954,3.0726046127602036,-0.24014228886679634
2016-10-19,2016,False,False,824.8551048602887,1084.9524446069895,2.082418179597491,3.054381332612068,-0.23973155785728262
2016-10-20,2016,False,False,828.6949114442413,1090.675412021935,2.0961887220035162,3.075006209684047,-0.24020024444488441
2016-10-21,2016,False,False,831.8273802414404,1095.3395643953415,2.107311842515653,3.091668152392012,-0.24057579285868969
2016-10-24,2016,False,False,831.3276849028879,1094.5667245815735,2.1048653030920184,3.0880176454960724,-0.24049611025706585
2016-10-25,2016,False,False,829.1682951929017,1091.3094856621153,2.09622216278156,3.0750914326441947,-0.240207928102236
2016-10-26,2016,False,False,828.756204340759,1090.667781141349,2.094105672356763,3.0719349678601793,-0.2401387309034726
2016-10-27,2016,False,False,833.6405347294689,1097.9542978766247,2.1117601147049974,3.098373638957166,-0.24073293729832124
2016-10-28,2016,False,False,834.3536139996504,1098.9968622753447,2.113840694158053,3.1014997659091055,-0.2408043711132909
2016-10-31,2016,False,True,841.440375929504,1109.5802022362334,2.139702895259343,3.140224635209826,-0.2416588055251202
2016-11-01,2016,False,False,823.2611142457373,1082.3181771154666,2.0712968261359346,3.0377473498058816,-0.23935388719069062
2016-11-03,2016,False,False,805.33109188854,1055.4295752779042,2.0038459227472583,2.9367011386717796,-0.23696368686988045
2016-11-04,2016,False,False,803.6497625985318,1052.885607958694,1.9970157098584065,2.9264799849289354,-0.23671692677362544
2016-11-07,2016,False,False,831.6836925893442,1094.8625829588643,2.100983193845429,3.082261681427533,-0.24037618461513188
2016-11-08,2016,False,False,832.9431592161699,1096.7246685752557,2.105100313946579,3.0884423805228547,-0.24051753089657568
2016-11-09,2016,False,False,822.7337384971931,1081.403472458699,2.0664693943242383,3.03057574528028,-0.2391981721432701
2016-11-10,2016,False,False,799.316344495172,1046.2934058788826,1.9786336668349986,2.898987910858515,-0.23604952491911269
2016-11-11,2016,False,False,776.3536269030844,1011.8645590733693,1.892524690398973,2.7699871798560705,-0.23274946242405958
2016-11-14,2016,False,False,781.8098959569741,1020.0145117083654,1.9123110298266863,2.7996442976657305,-0.23353061453256752
2016-11-16,2016,False,False,794.428630253248,1038.8956411743363,1.9587658482430093,2.8692575090291856,-0.2353143099577838
2016-11-17,2016,False,False,783.1989822862918,1022.0458876916567,1.9163991148251416,2.805793661112108,-0.23369489401773635
2016-11-18,2016,False,False,785.4309955942749,1025.3650931765146,1.924166029762751,2.8174426402699724,-0.2339986987843905
2016-11-21,2016,False,False,798.1255853377653,1044.359873206939,1.9708750617448918,2.8874367139659003,-0.23577532437459192
2016-11-22,2016,False,False,808.2615081090478,1059.5211257016404,2.008044317488082,2.943137795689023,-0.23714450943694243
2016-11-23,2016,False,False,808.6701389752876,1060.108445062004,2.0090051682801398,2.94458956302141,-0.23718168387198368
2016-11-24,2016,False,False,801.985772219226,1050.0686675819975,1.9835780216489058,2.9065054597544546,-0.23625397368920098
2016-11-25,2016,False,False,803.9013599473906,1052.9137878551353,1.990148260916461,2.9163614947187475,-0.23649840165451896
2016-11-28,2016,False,False,818.7394078993767,1075.1200081211166,2.0447728073610136,2.9982149799967153,-0.2384669602324595
2016-11-29,2016,False,False,797.4702629762015,1043.2285597072434,1.9651246067157517,2.8788940684411357,-0.2355747400167112
2016-11-30,2016,False,True,808.0127253172291,1058.9989108661734,2.003764778130963,2.9367989251530613,-0.23700325181983284
2016-12-01,2016,False,False,780.6859955919697,1017.9940957814213,1.9016647623772327,2.7836948692760792,-0.2331134347172139
2016-12-02,2016,False,False,789.9684735136021,1031.890936916208,1.9356464243117402,2.8346681428491185,-0.23444576819870888
2016-12-05,2016,False,False,784.4906220902766,1023.6521848636108,1.9147740735838301,2.803378606181144,-0.2336355710560024
2016-12-06,2016,False,False,798.8711564065812,1045.194417897282,1.9676798663609065,2.8827317841576012,-0.2356721938739903
2016-12-07,2016,False,False,802.6391144180703,1050.821310137171,1.9811498766854396,2.9029443779413846,-0.2361792564776819
2016-12-08,2016,False,False,794.2704290115665,1038.2472669451688,1.9495453597246497,2.8555601425019534,-0.23498914536173487
2016-12-09,2016,False,False,792.3110155873386,1035.2850036742846,1.941748820250019,2.8438799641371952,-0.23469285001194606
2016-12-12,2016,False,False,777.278799864956,1012.7178774814294,1.8854259850033719,2.7594264499045456,-0.23248239500027068
2016-12-13,2016,False,False,778.4893456559953,1014.509500520929,1.8894090241738954,2.7654117198549857,-0.23264459794978987
2016-12-14,2016,False,False,766.3493327368911,996.2797182431436,1.8438480274738849,2.697097381711613,-0.2307889855589107
2016-12-15,2016,False,False,768.4962655447757,999.4756109020008,1.8513112325866237,2.7083017365621935,-0.23110053195672497
2016-12-16,2016,False,False,768.4626679331191,999.401431926842,1.8506829229103512,2.7073715015834097,-0.23107707935586397
2016-12-19,2016,False,False,753.9318966407586,977.5863058858562,1.796285734626621,2.62580579717467,-0.22878226495043763
2016-12-20,2016,False,False,759.3622866638816,985.7062941706367,1.8159293695817609,2.655276739816947,-0.22962621710476006
2016-12-21,2016,False,False,760.135722569606,986.8423975145124,1.8182998188491744,2.6588436348525355,-0.22972936257693832
2016-12-22,2016,False,False,755.7198474073145,980.1962572485178,1.8014327970968407,2.6335607064817075,-0.22901169860750625
2016-12-23,2016,False,False,763.5456726057023,991.9086029466866,1.829943368287989,2.676329096696156,-0.23022577852695414
2016-12-26,2016,False,False,771.3858704151419,1003.642502789336,1.8584971375891968,2.7191622654978045,-0.23141370729986377
2016-12-27,2016,False,False,772.3053137982158,1004.9975688707898,1.861399363049141,2.723526631313794,-0.23153514225315575
2016-12-28,2016,False,False,784.7286635079871,1023.6046748330834,1.9069151408833531,2.791797172604472,-0.23336744858462988
2016-12-29,2016,False,True,789.8598522708852,1031.2759605704678,1.9254068602625378,2.819540594705436,-0.23409457558386138
2017-01-02,2017,False,False,782.6231810872067,1020.388959852517,1.8980932468403,2.7785519585439706,-0.23301484837671704
2017-01-03,2017,False,False,808.0524890469086,1058.5376304026056,1.991731711915564,2.9191273340011845,-0.23663319485432666
2017-01-04,2017,False,False,805.5361939786023,1054.7364975363093,1.98188966570609,2.9043656704146827,-0.23626783005973329
2017-01-05,2017,False,False,811.0809945484295,1063.03606534201,2.0018859509194606,2.9343950250585493,-0.23701460280420417
2017-01-06,2017,False,False,806.501887589195,1056.1383969233161,1.984412271255171,2.9081773278219627,-0.23636723185270825
2017-01-09,2017,False,False,806.9478332859582,1056.7839534929974,1.9855363810791258,2.909877206369441,-0.23641172765848095
2017-01-10,2017,False,False,811.9176153453801,1064.2203474588598,2.0033943847547966,2.936696723029075,-0.23707753071619697
2017-01-11,2017,False,False,815.5522274654461,1069.6524863572142,2.0163079916826994,2.95609408480125,-0.23755403005430908
2017-01-12,2017,False,False,832.7975881830259,1095.5160407968006,2.0795473414058008,3.0510366009390406,-0.239812511026942
2017-01-13,2017,False,False,829.3956665099219,1090.3854729587717,2.066427640265556,3.0313547415729234,-0.2393555425318089
2017-01-16,2017,False,False,831.4937780675677,1093.5111346457352,2.0736436084173424,3.042199230339806,-0.23961105495560697
2017-01-17,2017,False,False,837.5078557950634,1102.5151454542317,2.095329984459051,3.074765585100118,-0.24036612172795724
2017-01-18,2017,False,False,835.2196974101157,1099.0564739407776,2.086330044978432,3.061267983944454,-0.24005752460075913
2017-01-19,2017,False,False,833.0006644402256,1095.7015682172346,2.0775886617249713,3.048158503265645,-0.23975588919201563
2017-01-20,2017,False,False,839.5538291504977,1105.5148152024972,2.1012542501601494,3.0836958872915465,-0.24057659146185517
2017-01-23,2017,False,False,853.6027667975408,1126.5801436274137,2.152595515784093,3.1607778783284717,-0.24230622062175533
2017-01-24,2017,False,False,854.6936548981585,1128.1938384415791,2.1560694131987557,3.1660050302924496,-0.24242304311927265
2017-01-26,2017,False,False,858.7398255950031,1134.2437776204606,2.170452942597585,3.187608883619844,-0.2428965954774197
2017-01-27,2017,False,False,857.0005640702161,1131.6090681219443,2.163475451832402,3.177147201715737,-0.24267082315580724
2017-01-30,2017,False,False,837.288694630441,1101.995253246533,2.0901691717467945,3.0671178063580298,-0.24020662324656405
2017-01-31,2017,False,True,841.5460058277341,1108.3621404074695,2.1053358148624874,3.0898971970755333,-0.24073010512759407
2017-02-01,2017,False,False,843.4876814129567,1111.2515519937763,2.1118627311812292,3.0997187816946044,-0.2409570273268956
2017-02-02,2017,False,False,840.6011862999202,1106.8867377431552,2.10057814618823,3.0827789506919663,-0.2405716342632922
2017-02-03,2017,False,False,844.9425175890499,1113.3815820067473,2.1159527384968033,3.1058939717519873,-0.2411024834216008
2017-02-06,2017,False,False,834.036105509226,1096.9670096787115,2.07510239638797,3.0445321946367896,-0.23968898047945386
2017-02-07,2017,False,False,836.4411266983499,1100.5525883770179,2.083338169275096,3.0569212760160394,-0.23998077372036575
2017-02-08,2017,False,False,843.757132201792,1111.5168186442338,2.1096700203997245,3.0964993316126552,-0.2408957578968891
2017-02-09,2017,False,False,845.2897587137527,1113.791642524083,2.114680789528669,3.1040428997816774,-0.2410701190052471
2017-02-10,2017,False,False,858.5730213754634,1133.721552291552,2.162978793442149,3.176624629809237,-0.24269498128525502
2017-02-13,2017,False,False,868.2459069546828,1148.2269457463929,2.1979591416378743,3.229196853577874,-0.24383771851801583
2017-02-14,2017,False,False,865.395457437617,1143.9162892523923,2.1868081493201927,3.2124576936462894,-0.24348008191823445
2017-02-15,2017,False,False,879.8544224970159,1165.612667366335,2.23939038759384,3.291476378112913,-0.24515712025932324
2017-02-16,2017,False,False,878.0695994279179,1162.9030923987498,2.2321580347039918,3.280624879995398,-0.24493312885022833
2017-02-17,2017,False,False,877.3743571585403,1161.830589871789,2.228938546075184,3.275802620669025,-0.24483451821030056
2017-02-20,2017,False,False,886.3778897087857,1175.330294352427,2.2614067896071424,3.3246004289337057,-0.24584783190911086
2017-02-21,2017,False,False,892.3554172909631,1184.2834894418484,2.2827299225909123,3.3566529347952736,-0.24650185091111132
2017-02-22,2017,False,False,887.1356542488768,1176.412988761895,2.2628610086799714,3.326815242687803,-0.24589777338098362
2017-02-23,2017,False,False,874.322475769542,1157.1335396627655,2.215077541134169,3.2550365094851434,-0.24440659111449303
2017-02-24,2017,False,True,865.2606628430141,1143.4904391141843,2.1811053780993164,3.2040089673315597,-0.24331622438986333
2017-03-01,2017,False,False,869.0316663732793,1149.1393484324874,2.194458738466585,3.2241018082063624,-0.2437543213895652
2017-03-02,2017,False,False,856.1403650294262,1129.7315795314234,2.146568935071397,3.152097527840003,-0.24217364501351213
2017-03-03,2017,False,False,866.7990431669701,1145.7381343026289,2.185233742265587,3.2102535690941787,-0.243457979432132
2017-03-06,2017,False,False,861.7760619638126,1138.162699966431,2.1662698762248707,3.181747939173788,-0.24283578965535435
2017-03-07,2017,False,False,854.9863902847261,1127.9305266554636,2.1408220694056377,3.1434917925372403,-0.24198665602222036
2017-03-08,2017,False,False,843.3457342390449,1110.4034709594216,2.0975649772433775,3.0784541411796065,-0.24050513502955007
2017-03-09,2017,False,False,841.8744989907552,1108.1691317586456,2.0916674879111237,3.0695976417769195,-0.24030143516566405
2017-03-10,2017,False,False,842.947215898597,1109.7603731761103,2.095112702054235,3.0747906422494475,-0.24042411652697582
2017-03-13,2017,False,False,852.7873396162503,1124.5359905194393,2.1307436250875904,3.1283843227369683,-0.24165402725586793
2017-03-14,2017,False,False,843.3079364403663,1110.2590144563364,2.0954488570265597,3.0753203530953943,-0.24044036079877162
2017-03-15,2017,False,False,860.8656960193568,1136.6403682120479,2.1593922145277173,3.1714901019430517,-0.24262262709047422
2017-03-16,2017,False,False,855.7529430312978,1128.92993558213,2.14012726383533,3.142531671727662,-0.24197869499312108
2017-03-17,2017,False,False,837.8544977610907,1101.9924524483374,2.0739597142295554,3.043041379217062,-0.23969125568909444
2017-03-20,2017,False,False,845.5899465064196,1113.603071675481,2.101845098827376,3.0849873442641247,-0.24067204193844405
2017-03-21,2017,False,False,823.9159531949699,1080.987941116204,2.021857267339229,2.9647141836505644,-0.23781207740003762
2017-03-22,2017,False,False,830.1301865356637,1090.310965368688,2.044163630471981,2.9982704406058387,-0.23862988367272286
2017-03-23,2017,False,False,830.2814593794203,1090.516544503212,2.0442329931016525,2.9983868202732142,-0.23863469695669992
2017-03-24,2017,False,False,834.0091169398472,1096.100270401421,2.05741308409571,3.0182190339867203,-0.23911238829052484
2017-03-27,2017,False,False,839.2383701501406,1103.9420871999316,2.0760928308292,3.0463215945176776,-0.23978043786807035
2017-03-28,2017,False,False,843.0696017648125,1109.6815671651018,2.0896432187046985,3.0667106508599966,-0.24025988471756055
2017-03-29,2017,False,False,853.2405236733358,1124.954636924936,2.126418997050617,3.1220259119441653,-0.24153339551035669
2017-03-30,2017,False,False,850.2918752636159,1120.4985723108582,2.115118370669507,3.105044148319487,-0.24114863126508235
2017-03-31,2017,False,True,847.1196529042048,1115.706298477349,2.103002391590494,3.0868362581587876,-0.24073239161569282
2017-04-03,2017,False,False,849.769236617889,1119.6662381279102,2.1120745186413017,3.1005070775793255,-0.24105129932406544
2017-04-04,2017,False,False,856.183303743673,1129.292264753687,2.1349266613885503,3.1349187887645176,-0.24184081440563354
2017-04-05,2017,False,False,844.898869179524,1112.2795101900354,2.0929793868683,3.0717980848933566,-0.24038979281819983
2017-04-06,2017,False,False,838.6572819326746,1102.8569634649177,2.0695061152476906,3.0364833961709063,-0.23955933569317078
2017-04-07,2017,False,False,842.9378147956891,1109.2717152956993,2.0845457748165077,3.059136181199957,-0.2400979821513014
2017-04-10,2017,False,False,843.6402519169079,1110.3009203039076,2.0864887265252725,3.062076537697223,-0.24016972652243707
2017-04-11,2017,False,False,840.3874833587392,1105.3769739946617,2.073963564409125,3.043240303170882,-0.23972770997598347
2017-04-12,2017,False,False,835.1033857719457,1097.3955864135341,2.054014819970545,3.01323050699789,-0.23901335479104824
2017-04-13,2017,False,False,823.0061002049902,1079.1593746113701,2.009163072047496,2.945738115580878,-0.2373637114523761
2017-04-17,2017,False,False,840.270576127991,1105.116821310368,2.0716633570885126,3.039825910557804,-0.23965452346326732
2017-04-18,2017,False,False,838.317502254916,1102.1491017448227,2.063901531083957,3.028159153585139,-0.2393792265240995
2017-04-19,2017,False,False,829.7966014046312,1089.2958614272336,2.0321434886892735,2.9803746458973213,-0.2382266096949981
2017-04-20,2017,False,False,833.8861838636747,1095.4232055373766,2.046468705002262,3.0019520397143857,-0.2387543191997662
2017-04-24,2017,False,False,841.1097940103564,1106.2677104148684,2.0722354489014636,3.0407505656387235,-0.23968693464358048
2017-04-25,2017,False,False,849.8269009546452,1119.3601419866968,2.103445773419276,3.087742453998893,-0.24079224453505232
2017-04-26,2017,False,False,846.615196999481,1114.4980037894163,2.091089968760782,3.069161068602331,-0.24036185428695622
2017-04-27,2017,False,False,844.5562677053277,1111.3709566463606,2.0829472355903262,3.056920953079394,-0.24007707538639012
2017-04-28,2017,False,True,852.901169650717,1123.903166358904,2.112777991425974,3.1018363735726417,-0.24112575248466384
2017-05-02,2017,False,False,867.9865350465852,1146.6060014602822,2.1673086367598065,3.1839993418686694,-0.2429949486212838
2017-05-03,2017,False,False,860.8688399396056,1135.8602878087677,2.1408150047547796,3.144100552536135,-0.2420997113999459
2017-05-04,2017,False,False,846.8705424625316,1114.7490588358025,2.0892309623902663,3.0664034644980367,-0.2403038731004017
2017-05-05,2017,False,False,856.5789543683218,1129.3516011450297,2.1241274860913593,3.1189879352106518,-0.24153031394310553
2017-05-08,2017,False,False,854.5290875454696,1126.2404882014303,2.1161345808056238,3.1069601757718326,-0.24125522346463946
2017-05-09,2017,False,False,863.1482608565643,1139.2021103215902,2.14704370879092,3.153537690930558,-0.24232210155149514
2017-05-10,2017,False,False,875.4225260400883,1157.6700687720756,2.1912668720599733,3.2201725787880138,-0.24380654760415743
2017-05-11,2017,False,False,877.6112106573551,1160.944264487536,2.198715479533103,3.2314071932945314,-0.2440539675306892
2017-05-12,2017,False,False,885.4625899606065,1172.7492174493955,2.226797578123793,3.273725821415719,-0.24496850922109914
2017-05-15,2017,False,False,888.3854184249209,1177.1293889043925,2.2369127534528412,3.288977568051778,-0.2452950144658428
2017-05-16,2017,False,False,890.8298442642325,1180.788854602457,2.2452817641684244,3.301598741721155,-0.2455638103358001
2017-05-17,2017,False,False,877.8230288130347,1161.1712771409977,2.197368647994497,3.2294318041559515,-0.24401933970121514
2017-05-18,2017,False,False,810.0753865316562,1059.0875362977793,1.9501172825188604,2.8569650386610075,-0.23511951678384146
2017-05-19,2017,False,False,822.0097280569761,1077.0434052977025,1.993084080975418,2.92170720234185,-0.23679052857691774
2017-05-22,2017,False,False,811.0382340263619,1060.4920063820102,1.952646226804561,2.860801611849119,-0.23522456638469946
2017-05-23,2017,False,False,822.3649334955562,1077.5324725285288,1.9933865878395491,2.9221896749880267,-0.23680728473472223
2017-05-24,2017,False,False,829.1960855508279,1087.8004697703107,2.0177525032453616,2.9589098982542326,-0.23773145113100302
2017-05-25,2017,False,False,828.8928331757688,1087.320603023695,2.0161499057007792,2.956508975607226,-0.23767393823797012
2017-05-26,2017,False,False,838.7324236744903,1102.1207637450518,2.0514492013955326,3.009700149229558,-0.23898319379770783
2017-05-29,2017,False,False,835.076702737477,1096.590457752789,2.0376467361482296,2.988920315899695,-0.2384789628310504
2017-05-30,2017,False,False,837.4186952059606,1100.0956092472948,2.0456623069153794,3.00100899379079,-0.23877644073233095
2017-05-31,2017,False,True,823.1964815741702,1078.6470542369289,1.9934417511788007,2.922352924497923,-0.2368249852065586
2017-06-01,2017,False,False,818.4195801104638,1071.4198673903547,1.9755559526176838,2.895397717312578,-0.23613551977164737
2017-06-02,2017,False,False,821.0015695735132,1075.2890170528733,1.9844266853113681,2.9087881873135437,-0.2364828836216566
2017-06-05,2017,False,False,820.3619268625146,1074.3003267137442,1.981585403965525,2.9045183213895163,-0.23637561446901945
2017-06-06,2017,False,False,826.1613279709699,1083.0209523202661,2.0021436039782605,2.9355320987585376,-0.2371695799596487
2017-06-07,2017,False,False,828.6732794722283,1086.7844930261933,2.0107506693627673,2.9485249746626403,-0.23749990472834626
2017-06-08,2017,False,False,823.98523724669,1079.6912953932751,1.9932001353019348,2.9220752816569413,-0.23683256430574895
2017-06-09,2017,False,False,817.8160176044463,1070.364657530162,1.9702760929943568,2.8875229692378768,-0.23594635543036802
2017-06-12,2017,False,False,812.0423869711465,1061.634521070077,1.9487964942753027,2.8551487017934662,-0.23510175031549796
2017-06-13,2017,False,False,813.5587499862279,1063.8968321780726,1.9537921420661801,2.8626959674515082,-0.23530296793847738
2017-06-14,2017,False,False,814.6779270355822,1065.5602338612289,1.9573442468015947,2.868066536056319,-0.23544638665477813
2017-06-16,2017,False,False,811.343191615727,1060.5076627120254,1.944729869327734,2.8490599579938705,-0.23494829868471923
2017-06-19,2017,False,False,815.8123277235185,1067.222406149542,1.960438721650922,2.8727614531087577,-0.2355742130012919
2017-06-20,2017,False,False,801.6257006180045,1045.8064667831954,1.9084553754281433,2.7943911199804954,-0.23348561509307597
2017-06-21,2017,False,False,801.6229014586013,1045.7780611421933,1.9079428106116127,2.7936326280853443,-0.23346747149861513
2017-06-22,2017,False,False,807.4933671439228,1054.605843719328,1.928732419692984,2.8249952881011895,-0.23431737842823064
2017-06-23,2017,False,False,805.4299233920833,1051.4702299336611,1.9207439805273263,2.8129640526000492,-0.23399645518932177
2017-06-26,2017,False,False,818.0358965168832,1070.4543605056017,1.965945066791185,2.881136320893929,-0.2358049752532141
2017-06-27,2017,False,False,812.236030164997,1061.6846636871842,1.9444081880657578,2.8486756322166182,-0.23495548353864604
2017-06-28,2017,False,False,816.1906039834732,1067.6235080967135,1.9582331176480734,2.869536360032962,-0.23550708860043534
2017-06-29,2017,False,False,818.7589052455212,1071.4720175722762,1.9670296825118108,2.8828149040582915,-0.23585600760657122
2017-06-30,2017,False,True,826.3466698148245,1082.889283604597,1.9940096732421178,2.923511897118105,-0.23690567232859028
2017-07-03,2017,False,False,830.7244371809307,1089.4722889321956,2.009351937346825,2.9466824335994666,-0.2374983323392894
2017-07-04,2017,False,False,830.2246422568309,1088.6937095456947,2.0070226780602702,2.943181769654983,-0.237412106841989
2017-07-05,2017,False,False,829.3891442031689,1087.4084616883429,2.0034785356555522,2.9378475074073456,-0.23727911504805232
2017-07-06,2017,False,False,821.6363137733917,1075.6830543307003,1.974890101593315,2.894714507059432,-0.23617248550538772
2017-07-07,2017,False,False,819.9965198425492,1073.1839025019005,1.9684411164788025,2.8849960269849872,-0.23592171115229987
2017-07-10,2017,False,False,828.0639417886136,1085.335612674267,1.9971290550777119,2.9283088359461575,-0.23704342498421838
2017-07-11,2017,False,False,837.3132258228172,1099.271078207316,2.0300840500222574,2.9780618029215296,-0.23830141407131156
2017-07-12,2017,False,False,848.806462274536,1116.5932858941483,2.0711467449630003,3.0400515168465043,-0.23982485565921463
2017-07-13,2017,False,False,852.7643440749209,1122.542568271967,2.0849356116405406,3.060877507960604,-0.2403278341705477
2017-07-14,2017,False,False,855.7529871760571,1127.0290025366962,2.0952140424900447,3.0764052795850194,-0.240700119296004
2017-07-17,2017,False,False,853.2469582585019,1123.2224635629275,2.0856184128514794,3.0619376157777642,-0.24035800036267752
2017-07-18,2017,False,False,854.7245380374125,1125.4282871469345,2.090429631333619,3.069213848155239,-0.24053398355196953
2017-07-19,2017,False,False,852.9727289950407,1122.7600736673103,2.0835646942495876,3.0588675412314545,-0.2402894002019984
2017-07-20,2017,False,False,850.2610348574378,1118.643129238922,2.073232656111221,3.0432884189358624,-0.23991752808965994
2017-07-21,2017,False,False,847.4131431198699,1114.320625125112,2.062411978233913,3.0269717996261143,-0.2395248512745375
2017-07-24,2017,False,False,852.1988188758214,1121.519276545733,2.079176737163153,3.052289196053061,-0.24013894660769064
2017-07-25,2017,False,False,858.7264322775574,1131.3469915811577,2.1022286388833136,3.0870956172723742,-0.24096988928444396
2017-07-26,2017,False,False,851.2790768667971,1120.0826301511192,2.0747954272794527,3.0457060944570875,-0.2399854671865197
2017-07-27,2017,False,False,854.3701533387612,1124.723664581266,2.08542961652863,3.06177075773114,-0.24037327545976128
2017-07-28,2017,False,False,856.9244241947827,1128.5545115075647,2.094121889286526,3.0749045291710555,-0.24068849536557035
2017-07-31,2017,False,True,861.799757667294,1135.888481113061,2.1111904608927583,3.1006804372312677,-0.24129897256919675
2017-08-01,2017,False,False,868.6402262038071,1146.19952874462,2.1353931579861203,3.1372550472577307,-0.24215618274142114
2017-08-02,2017,False,False,875.7532040085922,1156.9222303145652,2.160571738929487,3.175303828218265,-0.24303191600832463
2017-08-03,2017,False,False,871.7032257599589,1150.7821115754757,2.1454619065702936,3.15249271512958,-0.24251236007956756
2017-08-04,2017,False,False,873.1252199300227,1152.9079832416983,2.1500988326887094,3.1595111552249504,-0.2426757099252571
2017-08-07,2017,False,False,885.0509692069401,1170.900882789191,2.1926242615683216,3.223764163135413,-0.24412819033950228
2017-08-08,2017,False,False,884.6299611804916,1170.2427056138506,2.190605160287173,3.2207279644219167,-0.24406282821779346
2017-08-09,2017,False,False,882.0740500711735,1166.359532577973,2.180887919667135,3.2060629114602346,-0.2437374364990621
2017-08-10,2017,False,False,874.3726301370447,1154.7035267640993,2.1526211777946425,3.1633768796949813,-0.2427730496438718
2017-08-11,2017,False,False,878.5967131204599,1161.0622485753365,2.1673549219076134,3.185647604581934,-0.24328199095394898
2017-08-14,2017,False,False,889.2037182992232,1177.0630463305838,2.205090976474241,3.2426657366562344,-0.24455727238123992
2017-08-15,2017,False,False,890.0510361639067,1178.3208089379593,2.2076424054794503,3.2465337833865666,-0.24464455739678836
2017-08-16,2017,False,False,892.8226869527197,1182.48547901313,2.2171270248962167,3.2608751397935123,-0.24496097178474874
2017-08-17,2017,False,False,885.8224451148933,1171.8886765308832,2.191402919430223,3.222030006298608,-0.24410700192344692
2017-08-18,2017,False,False,894.2825700349108,1184.646385640524,2.2213780909636567,3.267324490169467,-0.24510589752790823
2017-08-21,2017,False,False,893.4133874940044,1183.3111936791151,2.2177431745007987,3.261847393457508,-0.24498864519634034
2017-08-22,2017,False,False,909.1595136704444,1207.0751747269878,2.2739421973415093,3.3467557568061244,-0.2468078768366062
2017-08-23,2017,False,False,914.5229112505526,1215.1549511789096,2.2927406009334237,3.375166543067458,-0.24740222605906526
2017-08-24,2017,False,False,922.0398050532239,1226.4878103862857,2.3192855714860148,3.4152793299240205,-0.24822750194082654
2017-08-25,2017,False,False,921.4085690730604,1225.5120617549196,2.316494067086133,3.411076278617081,-0.24814402254547074
2017-08-28,2017,False,False,920.801173376308,1224.5723263814536,2.313789232929915,3.407004147515793,-0.2480630555344765
2017-08-29,2017,False,False,924.417956508623,1230.01365783356,2.3262848873120037,3.425893950277203,-0.24844903093449144
2017-08-30,2017,False,False,919.401477200941,1222.4135374955001,2.307716874021843,3.397858808446191,-0.24788015757365944
2017-08-31,2017,False,True,918.8608114840712,1221.5746047817056,2.3052547175686016,3.394153254610452,-0.2478062265805936
2017-09-01,2017,False,False,931.3221314688274,1240.3885707064671,2.3494771856458456,3.4610270480362058,-0.24916904793923567
2017-09-04,2017,False,False,933.7187453938539,1243.986282294102,2.3574927917794093,3.473161748630356,-0.24941395360732366
2017-09-05,2017,False,False,934.0202660872566,1244.4165420671304,2.3579732737273287,3.473904519385693,-0.24943117154668093
2017-09-06,2017,False,False,948.4603295951234,1266.2220573264583,2.4092750884080636,3.55148115501962,-0.2509526081090919
2017-09-08,2017,False,False,944.7054659900691,1260.5197013223192,2.395167892147598,3.5301696363785053,-0.2505428792592075
2017-09-11,2017,False,False,958.9041608869427,1281.9603051622696,2.4455772938804983,3.606397072088644,-0.25200167507092563
2017-09-12,2017,False,False,961.4560218249944,1285.7927258433697,2.4541261786419772,3.619337976803914,-0.25224649159967694
2017-09-13,2017,False,False,964.3465516694921,1290.137160704117,2.4638884758243247,3.6341133645981216,-0.2525240098167689
2017-09-14,2017,False,False,962.9035111452516,1287.9299179970121,2.4580840766573946,3.6253543472688534,-0.2523634262314842
2017-09-15,2017,False,False,975.4992036365065,1306.947034040879,2.5026901387307237,3.6928080216907686,-0.2536046387278502
2017-09-18,2017,False,False,978.2171480800432,1311.0305468895663,2.5118188766111764,3.706625549774066,-0.2538563266882883
2017-09-19,2017,False,False,978.0820151614978,1310.800655002208,2.5107035720082473,3.7049556891680115,-0.253828557813888
2017-09-20,2017,False,False,978.4738779815107,1311.3674978773852,2.5114799138040933,3.7061456948766747,-0.2538522728637892
2017-09-21,2017,False,False,973.9633116128311,1304.5226380200438,2.4946656319082563,3.680741435306939,-0.2533948563046199
2017-09-22,2017,False,False,971.5655190687354,1300.871960256139,2.4854368397084676,3.6668052385870453,-0.253142854368668
2017-09-25,2017,False,False,960.8215741006496,1284.603211257348,2.4462753733882696,3.6076155353563415,-0.2520479742844379
2017-09-26,2017,False,False,959.4484574698588,1282.5016824916795,2.440733216675125,3.5992529406192553,-0.2518930223890109
2017-09-27,2017,False,False,953.5439759658585,1273.5494419420918,2.418945772555964,3.5663300177199426,-0.2512705478385219
2017-09-28,2017,False,False,950.9765637976856,1269.6423259548337,2.409129104849204,3.551505022243534,-0.25098860966020153
2017-09-29,2017,False,True,959.3108911804853,1282.2169274405212,2.4383902909694815,3.595759596561008,-0.2518341704508613
2017-10-02,2017,False,False,960.1150114701215,1283.4091501907767,2.440685194688149,3.5992478078509063,-0.2519026287700987
2017-10-03,2017,False,False,987.5741655700064,1324.9310494816334,2.5384844697099695,3.7472363144709613,-0.25462221905329696
2017-10-04,2017,False,False,985.6658547628507,1322.0193018692544,2.5310445155271006,3.7359954519369394,-0.2544240062386536
2017-10-05,2017,False,False,986.011078113911,1322.517203042956,2.5316787720266296,3.7369710496165913,-0.25444366557560394
2017-10-06,2017,False,False,979.6388168234781,1312.8513961273543,2.508256335827599,3.701548314917196,-0.2538082987052349
2017-10-09,2017,False,False,975.9459068107501,1307.2395090505986,2.4944354719566495,3.6806529735827063,-0.253429918500899
2017-10-10,2017,False,False,989.3441986368543,1327.48700173517,2.5418050070531772,3.7523401016772198,-0.25472400306468257
2017-10-11,2017,False,False,986.6837211846655,1323.437208764651,2.531678565685695,3.737034495322595,-0.25445369478037005
2017-10-13,2017,False,False,990.4954814393591,1329.1800596553485,2.5447179806112032,3.756779354594805,-0.2548071465229542
2017-10-16,2017,False,False,989.4258010802296,1327.5371791150117,2.5402865603484104,3.750090434727423,-0.2546907034725614
2017-10-17,2017,False,False,981.5959745198188,1315.666042568486,2.511672140530868,3.706812077331892,-0.2539170710801997
2017-10-18,2017,False,False,986.0904337994631,1322.4418327173682,2.5271502486439656,3.7302467189686146,-0.2543411669205643
2017-10-19,2017,False,False,982.625546401752,1317.1749490787265,2.514158118943595,3.7106052334218766,-0.25399010428414914
2017-10-20,2017,False,False,983.8978031656399,1319.0754730345943,2.518108950532681,3.7165988308745916,-0.2541004489287203
2017-10-23,2017,False,False,972.7964965658672,1302.2545122734105,2.4778219999801174,3.655659645512703,-0.2529904965599943
2017-10-24,2017,False,False,983.5331177072269,1318.4748362611606,2.5156077398896612,3.7128462232313826,-0.2540372476912325
2017-10-25,2017,False,False,987.2415320443592,1324.061322412023,2.5282627932150343,3.7320094912614845,-0.2543838300133139
2017-10-26,2017,False,False,978.4513641153507,1310.7371673835166,2.4962529600854793,3.6835937578788247,-0.253510628626998
2017-10-27,2017,False,False,979.4042295225365,1312.1544449028067,2.499062405575581,3.6878603849879106,-0.2535907390116089
2017-10-30,2017,False,False,966.0445978941973,1291.9165866589938,2.45074613978196,3.614772634774429,-0.2522391864381347
2017-10-31,2017,False,True,960.4817655563209,1283.47546428409,2.430292019844003,3.58384094387175,-0.2516555304062099
2017-11-01,2017,False,False,955.0049342723647,1275.1553684490943,2.4100909135829593,3.553270437987746,-0.25106778522691875
2017-11-03,2017,False,False,956.1033444078278,1276.7915207073822,2.4133715790583854,3.5582560867042954,-0.2511672196271191
2017-11-06,2017,False,False,960.6658960117489,1283.673085215985,2.4290159729895224,3.581962919237971,-0.2516272974204241
2017-11-07,2017,True,False,939.0921966233789,1250.9790687673537,2.3513808669880163,3.4644256774191815,-0.24931422110146984
2017-11-08,2017,False,False,964.4101655483454,1284.6823783952225,2.441087914632594,3.5838432280768506,-0.249300697380896
2017-11-09,2017,False,False,945.886598062526,1259.993535694998,2.3743607516312415,3.494907468682869,-0.24929249931366848
2017-11-10,2017,False,False,936.0178918580411,1246.8320257411199,2.338528242031684,3.4471200467582657,-0.24928308502368646
2017-11-13,2017,False,False,940.0845770074818,1252.2309395613006,2.352403709298452,3.4655382604475804,-0.24927220107113335
2017-11-14,2017,False,False,918.7580581478815,1223.8088708615924,2.2757371185606585,3.363364335967397,-0.2492634429908548
2017-11-16,2017,False,False,940.6647364331096,1252.968712833478,2.35321388221934,3.4664925973426044,-0.24925121689121876
2017-11-17,2017,False,False,952.7193272371911,1269.0066471340967,2.3955481556005687,3.522814911939193,-0.2492400812960307
2017-11-21,2017,False,False,967.7806001732753,1289.0491546186713,2.4485805332506057,3.5933859598189706,-0.2492290951778594
2017-11-22,2017,False,False,966.8498515233256,1287.7920308189714,2.4446178846696394,3.588045862659002,-0.2492189512087154
2017-11-23,2017,False,False,966.4847766909215,1287.2883229445858,2.4426716830010324,3.5853914765555173,-0.24920877517155415
2017-11-24,2017,False,False,962.2682697844028,1281.6549269533011,2.4270097705536373,3.5644692806209415,-0.2491986340879846
2017-11-27,2017,False,False,961.0439206019167,1280.0067592162072,2.4220079631627467,3.557745207104186,-0.249188401793755
2017-11-28,2017,False,False,962.144514152342,1281.4551620222214,2.425284948265786,3.562047606974369,-0.2491781666133257
2017-11-29,2017,False,False,943.5323737143484,1256.6483497949475,2.358395485307722,3.4728959621775948,-0.24916753850167517
2017-11-30,2017,False,True,934.125206509553,1244.1015595288718,2.324288991137199,3.427407685156127,-0.24915679161812454
2017-12-01,2017,False,False,937.9834923410668,1249.2269856276575,2.3373944484045444,3.4448151174017783,-0.2491488711558777
2017-12-04,2017,False,False,948.7442436958927,1263.5531396318793,2.375049734173743,3.494946574238103,-0.24914575102690362
2017-12-05,2017,False,False,962.0657000487141,1281.2926174481615,2.4217986336438724,3.5571995004708112,-0.24914442887778732
2017-12-06,2017,False,False,951.1601845431568,1266.7384495680226,2.382377598038551,3.5045911551174305,-0.24912661736326303
2017-12-07,2017,False,False,941.0859320294536,1253.2923241083897,2.345926779296336,3.455942020594949,-0.24910899562162747
2017-12-08,2017,False,False,944.3078672367822,1257.569518669356,2.3567538779230794,3.470312601443922,-0.2491008622442109
2017-12-11,2017,False,False,945.244931515331,1258.801065896954,2.359456359669153,3.4738533954437205,-0.2490910938005917
2017-12-12,2017,False,False,958.4407258027692,1276.37304088867,2.405717933467854,3.535456849987793,-0.249090434301669
2017-12-13,2017,False,False,946.8324623794495,1260.882136366297,2.363840086987573,3.4795737829019524,-0.24907139607187945
2017-12-14,2017,False,False,940.5901896077582,1252.5438963175104,2.3410382506164527,3.44911834549125,-0.2490561070369659
2017-12-15,2017,False,False,942.9611501267021,1255.6867735050978,2.348833991104176,3.4594483545040857,-0.24904747742580735
2017-12-18,2017,False,False,949.5983961224038,1264.5164493744014,2.3717752805691776,3.489966835752873,-0.2490422749405895
2017-12-19,2017,False,False,944.0088139338644,1257.0482214164742,2.3513018431882333,3.4626151358208164,-0.2490273659747666
2017-12-20,2017,False,False,952.9662044205584,1268.9705629558666,2.38246924789662,3.5040987663294345,-0.24902418366524282
2017-12-21,2017,False,False,975.9259022836111,1299.5574555579262,2.463315678630671,3.611802699962757,-0.2490321238897234
2017-12-22,2017,False,False,976.6671464189932,1300.5279818721133,2.465298932205578,3.6143849963716432,-0.24902258157254076
2017-12-26,2017,False,False,983.4788149925488,1309.5901565020379,2.4888158112132985,3.6456708315046154,-0.24901786248954716
2017-12-27,2017,False,False,988.2623834210797,1315.9489496320734,2.5051307233527185,3.6673567375414216,-0.2490116096848679
2017-12-28,2017,False,True,992.5885626807701,1321.6980601385324,2.519817598158759,3.686872553682739,-0.24900505447005572
2018-01-02,2018,False,False,1011.9453446667843,1347.503558338445,2.5878528174915534,3.7775746623514,-0.24902213548543395
2018-01-03,2018,False,False,1013.3432149267569,1349.3523744479978,2.5922024837038986,3.783322056618494,-0.24901513191370628
2018-01-04,2018,False,False,1021.8494860659014,1360.6835969879035,2.6217450139044605,3.822676039957126,-0.24901756122589191
2018-01-05,2018,False,False,1027.3962793989456,1368.066959544099,2.640790055244323,3.8480266875508065,-0.249016086360773
2018-01-08,2018,False,False,1031.4259205101953,1373.426483795688,2.654453236158951,3.8661981035447015,-0.24901264634151976
2018-01-09,2018,False,False,1024.7950352181113,1364.5651662804444,2.630346784679544,3.8339859129367966,-0.24899516670829613
2018-01-10,2018,False,False,1016.245112522992,1353.143906955511,2.59945140208852,3.792717498071468,-0.24897484495238953
2018-01-11,2018,False,False,1031.3990236349032,1373.3428938626644,2.6525091899381055,3.8634402649436677,-0.24898652168797397
2018-01-12,2018,False,False,1031.2350013092453,1373.1081892832112,2.651312599476336,3.861789238736711,-0.2489776047089416
2018-01-15,2018,False,False,1036.5121853193466,1380.1319006012434,2.6693789433085433,3.8858344424521425,-0.24897599652047864
2018-01-16,2018,False,False,1037.5893514640532,1381.5529064597245,2.6725731300767093,3.89004062626904,-0.24896878967674818
2018-01-17,2018,False,False,1055.2399045602351,1405.082343408786,2.7344182668966868,3.972485542902681,-0.24898358483376792
2018-01-18,2018,False,False,1052.3500917781366,1401.2115111838482,2.7235639304702386,3.95795142963114,-0.24897127708504718
2018-01-19,2018,False,False,1055.728598492803,1405.702440501902,2.7348889097622746,3.973003916869936,-0.24896722942598137
2018-01-22,2018,False,False,1061.6886890419219,1413.6371298960134,2.755341497369102,4.00023239478125,-0.2489666077743592
2018-01-23,2018,False,False,1048.8059538942534,1396.4360208749342,2.7091487086189496,3.9385578373818824,-0.24894091944353736
2018-01-24,2018,False,False,1087.7797643947415,1448.4100822287762,2.8463335666424605,4.121503910894814,-0.24898357327028964
2018-01-26,2018,False,False,1111.8294863416322,1480.4758300711453,2.930710305248194,4.234005459847483,-0.24900531048304753
2018-01-29,2018,False,False,1101.0769112414202,1466.1162945171545,2.892040925108538,4.182366972708339,-0.24898392074412834
2018-01-30,2018,False,False,1098.3291004836715,1462.4348889905282,2.8816747071957423,4.168484124672011,-0.24897230724452102
2018-01-31,2018,False,True,1103.9561671071929,1469.9253338538056,2.9009051841243565,4.194082451780232,-0.24897126290566463
2018-02-01,2018,False,False,1111.5662303581419,1480.0652502173818,2.9270249551416203,4.228886065537365,-0.2489748474299477
2018-02-02,2018,False,False,1092.7672888176485,1454.952315748594,2.8598530609728554,4.139156531294092,-0.24893257532264623
2018-02-05,2018,False,False,1064.5488796619716,1417.2655228788285,2.7594427769110235,4.00505776178515,-0.24887125067460847
2018-02-06,2018,False,False,1090.968180916277,1452.513513811637,2.851986515592975,4.128529472069334,-0.24891013368034343
2018-02-07,2018,False,False,1076.404530803391,1433.0541849257988,2.799819877321247,4.05883022723365,-0.24887380943022375
2018-02-08,2018,False,False,1060.454707504869,1411.7444812557926,2.7427813206054203,3.982627580902798,-0.2488338211447726
2018-02-09,2018,True,False,1052.2906152893338,1400.827793856448,2.713238791454226,3.9431288550119703,-0.24880801201666547
2018-02-14,2018,False,False,1086.7398472267244,1446.656106281779,2.8340488534067108,4.103843573710706,-0.24879185695356298
2018-02-15,2018,False,False,1096.5213778457128,1459.655456706997,2.867800274588052,4.148696496320977,-0.24878068121673025
2018-02-16,2018,False,False,1099.6209507932663,1463.762136848492,2.877973572546785,4.1621705453120805,-0.24877073732705557
2018-02-19,2018,False,False,1103.164209892606,1468.4592958363519,2.8897073022657995,4.177721317346589,-0.2487607841630327
2018-02-20,2018,False,False,1116.373479436213,1486.0204458978685,2.9355116783885298,4.2386149679125795,-0.24874958314473994
2018-02-21,2018,False,False,1119.6532063914547,1490.3668836477523,2.946300707861011,4.252908538409936,-0.24873987829691713
2018-02-22,2018,False,False,1127.9637177519992,1501.4085309731333,2.974813414161312,4.290789654956225,-0.2487296465400307
2018-02-23,2018,False,False,1135.9121000458263,1511.9682395391235,3.0020391076188826,4.326957978411475,-0.24871960247519898
2018-02-26,2018,False,False,1140.6425545445663,1518.245375199741,3.017918978826261,4.348026761956034,-0.24871000881889527
2018-02-27,2018,False,False,1131.369124229082,1505.8854681750233,2.9844735347531746,4.3034510716396825,-0.24870174515982035
2018-02-28,2018,False,True,1110.848750754932,1478.5575888691665,2.9114392632215917,4.20618869320129,-0.24869429563137013
2018-03-01,2018,False,False,1111.2111515343959,1479.024418094713,2.9120593767346703,4.206959393124723,-0.24868640575531276
2018-03-02,2018,False,False,1116.2478008815654,1485.7161720077872,2.9291323866095995,4.229641235696201,-0.24868031868221818
2018-03-05,2018,False,False,1119.6967536093548,1490.2935129325224,2.940612003652832,4.24487410282939,-0.24867367139908336
2018-03-06,2018,False,False,1114.9340655390579,1483.935011488435,2.923192924986631,4.221621186537724,-0.2486638182215657
2018-03-07,2018,False,False,1112.7773019380918,1481.046946699139,2.9149477870162386,4.210585672756227,-0.24865494343837147
2018-03-08,2018,False,False,1106.3349541556818,1472.4515605329132,2.8916304920049103,4.1794778511208,-0.24864424487059233
2018-03-09,2018,False,False,1124.4213874893558,1496.522347958614,2.95458870160383,4.263267343347998,-0.24864377132545745
2018-03-12,2018,False,False,1131.350239255181,1505.7340400776006,2.9782911963092427,4.294778104760484,-0.24863873091633448
2018-03-13,2018,False,False,1124.6783089286778,1496.832907645242,2.954167836514688,4.262596862640227,-0.24862801774048582
2018-03-14,2018,False,False,1120.395988187184,1491.1141347908595,2.938452586530108,4.241613128658863,-0.2486182230816768
2018-03-15,2018,False,False,1105.8392957783487,1471.712480310807,2.8866318345347817,4.172545955904091,-0.24860371127327163
2018-03-16,2018,False,False,1105.3442415262748,1471.0373948698668,2.8842418125923306,4.169308114502544,-0.24859541614572112
2018-03-19,2018,False,False,1092.7300905981717,1454.222717578726,2.8392725284526694,4.109365412272586,-0.24858133668991067
2018-03-20,2018,False,False,1096.0392125979724,1458.6138391062414,2.8502548451919405,4.123936202949325,-0.24857478846521486
2018-03-21,2018,False,False,1106.6592053574188,1472.7412036297915,2.8869114086813505,4.172698658007295,-0.24857184505336627
2018-03-22,2018,False,False,1103.9920270805194,1469.173394733807,2.876895078376406,4.159304563446479,-0.248562469863847
2018-03-23,2018,False,False,1098.95787228528,1462.4533678180937,2.858571362312469,4.134847136629321,-0.2485518537080813
2018-03-26,2018,False,False,1108.2494080912836,1474.811561454383,2.8905445620055086,4.177372582838858,-0.24854846744055548
2018-03-27,2018,False,False,1091.6498863028517,1452.6893715014592,2.8316308895804583,4.098859569034037,-0.24853178682339172
2018-03-28,2018,False,False,1092.5570415835416,1453.8816768531046,2.8341741098352897,4.102191713555347,-0.24852410001592584
2018-03-29,2018,False,True,1112.004450644609,1479.764942002629,2.9017700022617863,4.192157691237295,-0.24852629016897365
2018-04-02,2018,False,False,1102.958259594401,1467.6937010995503,2.8693824676716364,4.148942152203568,-0.24850923679232317
2018-04-03,2018,False,False,1102.4468158802558,1466.9962855312508,2.8669422304134575,4.1456358770930795,-0.2485006085199315
2018-04-04,2018,False,False,1099.063444125861,1462.4715969790361,2.8544309162730594,4.128908406239105,-0.2484890329520597
2018-04-05,2018,False,False,1110.1670560915056,1477.2529776016272,2.8927213521325124,4.179881871703818,-0.24849225357873272
2018-04-06,2018,False,False,1105.1516321100619,1470.5533357395175,2.874488192706394,4.155529223794636,-0.24847905529771286
2018-04-09,2018,False,False,1085.5164177357635,1444.3706399788111,2.805014984552,4.062891577291777,-0.24845023313982062
2018-04-10,2018,False,False,1101.2137617848111,1465.2738545929753,2.8593940249467673,4.135305565162297,-0.2484587380488632
2018-04-11,2018,False,False,1110.8248921012043,1478.0662805429165,2.892428288691021,4.179274468780451,-0.24846070387778463
2018-04-12,2018,False,False,1113.4472175951616,1481.5450804159177,2.9009662278108763,4.1905983798355475,-0.24845539139276074
2018-04-13,2018,False,False,1099.0679476170026,1462.3667154428854,2.8499461050804094,4.122552297631458,-0.2484320546887282
2018-04-16,2018,True,False,1079.957716329368,1436.8836380418463,2.7823735895458177,4.032447698278648,-0.24840280191295738
2018-04-17,2018,False,False,1095.9652316465383,1458.158156552543,2.8377972093675674,4.106106601234518,-0.24839069978686057
2018-04-18,2018,False,False,1118.0433855529304,1487.506714695686,2.9144566683246977,4.208009504603103,-0.24837758747081717
2018-04-19,2018,False,False,1118.7139951208912,1488.3829204031679,2.91615167486893,4.210208589509339,-0.2483695023738528
2018-04-20,2018,False,False,1115.1882813031941,1483.677953581862,2.9031589845611787,4.192872837536517,-0.24836230220248834
2018-04-23,2018,False,False,1115.918974266527,1484.6340710990087,2.905065565671898,4.195353356620427,-0.2483541931376655
2018-04-24,2018,False,False,1114.2276938324724,1482.3689279675712,2.8984974292705625,4.186562393755247,-0.2483465668967073
2018-04-25,2018,False,False,1108.7402115394227,1475.0547798901448,2.878651414680639,4.160111673778618,-0.24833963683572724
2018-04-26,2018,False,False,1126.2369087991508,1498.3099325379949,2.9392030454334046,4.240591036525299,-0.24832847707856254
2018-04-27,2018,False,False,1127.085552896565,1499.422926818149,2.9415148394384447,4.2436105683898635,-0.24832044866200798
2018-04-30,2018,False,True,1122.8431393149851,1493.7647386490219,2.9260249626398074,4.222953631639936,-0.2483132649586457
2018-05-02,2018,False,False,1102.4492403289373,1466.606621751956,2.8540759192454934,4.127141511035638,-0.24829928899953368
2018-05-03,2018,False,False,1086.0886184647507,1444.816416973177,2.7962484999600137,4.050123960791731,-0.24828607586003504
2018-05-04,2018,False,False,1083.919147189873,1441.9132975394357,2.7880349627204746,4.039137834636071,-0.24827716823228185
2018-05-07,2018,False,False,1078.706406322949,1434.9598728009055,2.769190438066876,4.014002883330951,-0.24826719773186645
2018-05-08,2018,False,False,1081.9032554841704,1439.1988206313772,2.77973188573741,4.027977912703197,-0.24826004581525507
2018-05-09,2018,False,False,1099.017165472299,1461.9600661385368,2.838882314523998,4.10664693760966,-0.24825773909466353
2018-05-10,2018,False,False,1119.8621109470018,1489.6869686033062,2.911043460816071,4.202632020733317,-0.2482567582658275
2018-05-11,2018,False,False,1111.555792048523,1478.6162827635142,2.8813886985399035,4.163109733627169,-0.2482459411504383
2018-05-14,2018,False,False,1111.7592890589724,1478.8713607038326,2.881453877013868,4.163141907694178,-0.2482380018977054
2018-05-15,2018,False,False,1110.4805117623407,1477.1536710967691,2.8763448715108293,4.1562877481768865,-0.24822952852439373
2018-05-16,2018,False,False,1128.8600830356243,1501.5993926131284,2.939847389687237,4.24074908507158,-0.24822819682209118
2018-05-17,2018,False,False,1090.915446296491,1451.0828961593954,2.8067837109050027,4.063599338542257,-0.248205978318789
2018-05-18,2018,False,False,1083.9241847934616,1441.7624279009874,2.7817590763686146,4.030239406200488,-0.24819501200935734
2018-05-21,2018,False,False,1067.4642493777058,1419.840046135388,2.7237124978292053,3.9529303934955395,-0.2481799254196284
2018-05-22,2018,False,False,1079.5490097406403,1435.9079669831951,2.765243182951908,4.008149361675319,-0.24817673934302054
2018-05-23,2018,False,False,1055.2036825964913,1403.4908712325707,2.67972058029331,3.8942723839063413,-0.24815778696886526
2018-05-24,2018,False,False,1045.541772818917,1390.616021560868,2.645422086866554,3.8485698908813264,-0.24814488211823527
2018-05-25,2018,False,False,1029.6281922695366,1369.4207866833922,2.5893413077125276,3.7738772444142166,-0.24812869624741207
2018-05-28,2018,False,False,983.5142990837455,1308.0317790303372,2.4280166441093196,3.5591149144625858,-0.24809602117401242
2018-05-29,2018,False,False,992.8955673204351,1320.501606390468,2.4601405432673635,3.6018144265183913,-0.24809211702932288
2018-05-30,2018,False,True,1001.827187587422,1332.3729946370431,2.490687064764536,3.6424146154600807,-0.2480880416971123
2018-06-01,2018,False,False,1008.2106723600153,1340.859388088826,2.512346403377624,3.6712088835211265,-0.24808620402989956
2018-06-04,2018,False,False,1025.9354519232159,1364.4513144454186,2.5735021546504444,3.7526086587085405,-0.24809669567418202
2018-06-05,2018,False,False,1000.5117516482491,1330.5735432038368,2.4843692843471357,3.633838210162615,-0.24805978838331977
2018-06-06,2018,False,False,993.7234182289376,1321.516319565376,2.4601544988903474,3.6015325337212563,-0.2480430218555636
2018-06-07,2018,False,False,964.2407652813761,1282.2324069363287,2.3569390037978932,3.464005395501144,-0.24799844391293957
2018-06-08,2018,False,False,952.43592451312,1266.493669570753,2.3152916318209043,3.4084811969146047,-0.24797419253115982
2018-06-11,2018,False,False,944.2165375554503,1255.5304178542533,2.286136441608295,3.369595421766543,-0.24795407253521562
2018-06-12,2018,False,False,950.0816890018091,1263.3264402981704,2.306000906220048,3.3959992123051492,-0.24795234335666183
2018-06-13,2018,False,False,941.8922785754528,1252.4031144885878,2.2769612077674792,3.3572672969284865,-0.24793202150405902
2018-06-14,2018,False,False,932.8044845389048,1240.2832266077917,2.2448060585252603,3.3143859133284126,-0.2479101026866658
2018-06-15,2018,False,False,924.2049169645327,1228.8136102370443,2.2143595985848266,3.2737803602149604,-0.24788844356448092
2018-06-18,2018,False,False,911.9621581736095,1212.4916074486805,2.1712544000075837,3.216314581291984,-0.24786105522614188
2018-06-19,2018,False,False,932.5972679291181,1239.959818594218,2.2424739447866684,3.3111185745825464,-0.24788105715680897
2018-06-20,2018,False,False,942.1470564048877,1252.6634293618372,2.2751346109092263,3.354565803111832,-0.24788491918786226
2018-06-21,2018,False,False,915.495882339005,1217.1507790274525,2.181961855200116,3.23041482283623,-0.24783691707405442
2018-06-22,2018,False,False,922.9170764260251,1227.0193032221632,2.2072246574460572,3.2640088313197797,-0.24783817662653151
2018-06-25,2018,False,False,927.0352477605304,1232.488513247316,2.2210026808357273,3.2823062174377293,-0.2478345738752472
2018-06-26,2018,False,False,932.9689542306758,1240.3758445044434,2.241083215689692,3.308997970983179,-0.24783366399446716
2018-06-27,2018,False,False,922.6474304314595,1226.612745167662,2.2046966654086413,3.2604809210256205,-0.24780870403776412
2018-06-28,2018,False,False,937.7813253599581,1246.7538580303258,2.256723636937178,3.329722344739018,-0.24782159740696164
2018-06-29,2018,False,True,950.8099554610337,1264.0909570911158,2.301423456461922,3.3892047121219298,-0.2478310598400244
2018-07-02,2018,False,False,951.864134297063,1265.4802800548885,2.3045374144880673,3.393302344379676,-0.24782381100732986
2018-07-03,2018,False,False,962.7034349502931,1279.9127788074682,2.341615228753083,3.4426724553647654,-0.2478366878661281
2018-07-04,2018,False,False,976.7665160471748,1298.6424478780662,2.3898689203422028,3.5069395811335955,-0.2478556991239773
2018-07-05,2018,False,False,974.3371612790834,1295.3883599560497,2.380879112171306,3.4949034301184803,-0.2478416578390893
2018-07-06,2018,False,False,980.3452877465334,1303.381096859093,2.4011648839711213,3.521890473160574,-0.2478444791711466
2018-07-10,2018,False,False,978.4638518377553,1300.8573628492234,2.3940767903192697,3.5123892665731242,-0.24783156110623883
2018-07-11,2018,False,False,972.4662471813965,1292.846940624935,2.3727153081435715,3.4838622218205844,-0.24781022669912744
2018-07-12,2018,False,False,991.5120794463091,1318.218417596408,2.438202389097175,3.5711008536203046,-0.24783930628567874
2018-07-13,2018,False,False,1001.1799493889052,1331.0894460915254,2.4711538611799577,3.6149708383559567,-0.2478492318238512
2018-07-16,2018,False,False,1001.9864960097354,1332.1486852225005,2.4733767606808255,3.617880883075687,-0.24784184594050784
2018-07-17,2018,False,False,1021.2936454280551,1357.8684875017411,2.5397205073426563,3.7062614684826807,-0.24786998532746674
2018-07-18,2018,False,False,1011.3360106524359,1344.5795036060294,2.5046297398846784,3.6594339233872306,-0.24784216333795617
2018-07-19,2018,False,False,1013.0024927237296,1346.7850022784755,2.5098254986303115,3.666306722957926,-0.24783652104089104
2018-07-20,2018,False,False,1027.1840462856721,1365.6725904038167,2.558374294292166,3.7309674032464777,-0.24785482735511055
2018-07-23,2018,False,False,1019.7353168482495,1355.7278769193379,2.531987737722783,3.6957422753267517,-0.24783185902658766
2018-07-24,2018,False,False,1034.8866763645567,1375.9081775709121,2.5838753633996845,3.764853517313515,-0.24785193282912932
2018-07-25,2018,False,False,1048.7894481852836,1394.4241607918573,2.6314226565360186,3.8281792871605944,-0.24786913646870312
2018-07-26,2018,False,False,1038.2449250596435,1380.3528782124167,2.59431972078017,3.7786697069668236,-0.24784093875749336
2018-07-27,2018,False,False,1044.2977556585743,1388.4052039336966,2.614678237816063,3.805753961201191,-0.2478436751030466
2018-07-30,2018,False,False,1049.682370274703,1395.5668244914234,2.6327174976547068,3.829746755820681,-0.24784513944201025
2018-07-31,2018,False,True,1035.977799417639,1377.2833247488268,2.5846982678811035,3.7656862448056287,-0.2478106858611906
2018-08-01,2018,False,False,1037.0798402321104,1378.738849771322,2.5879717697560976,3.7700050458394117,-0.24780545612091753
2018-08-02,2018,False,False,1041.4899867761458,1384.6071513148206,2.602687576455309,3.789587077792281,-0.2478083145915081
2018-08-03,2018,False,False,1064.9710722090956,1415.914721806224,2.683358595610405,3.897148661886188,-0.2478564875358058
2018-08-06,2018,False,False,1060.0069057476699,1409.2783600430616,2.665638074304075,3.8734629801519196,-0.2478370946423385
2018-08-07,2018,False,False,1050.87183078583,1397.078304551071,2.6335015195541325,3.8305473548819355,-0.24780749413791003
2018-08-08,2018,False,False,1035.3428920275617,1376.3492919017501,2.5792704819831527,3.758159283592403,-0.24776152527604967
2018-08-09,2018,False,False,1030.3853725361228,1369.721796721307,2.5615965687302102,3.7345358167403164,-0.24774112889015232
2018-08-10,2018,False,False,1001.0565420885595,1330.584715220169,2.4596995444082443,3.5985647558322897,-0.24765666504524908
2018-08-13,2018,False,False,1013.899999220301,1347.7024501246317,2.5035606944211115,3.65702469243788,-0.24768260299108424
2018-08-14,2018,False,False,1028.3538477473026,1366.9683320109525,2.552972584976409,3.722888934392656,-0.24771201814566757
2018-08-15,2018,False,False,1008.5330517014077,1340.5142885982314,2.483968187012973,3.6307943282906763,-0.24765214345008935
2018-08-16,2018,False,False,1005.1973928867745,1336.0502396011998,2.4719237177347666,3.614680208864333,-0.24763503415349275
2018-08-17,2018,False,False,994.9417169847886,1322.35538257554,2.4359849085060263,3.5666927626482607,-0.24759884514029096
2018-08-20,2018,False,False,998.8872272934643,1327.603892601531,2.449092662925938,3.5841299399242175,-0.24760146240903513
2018-08-21,2018,False,False,983.9751534165302,1307.6977335994363,2.397092243857729,3.5147174831562644,-0.24755153416979636
2018-08-22,2018,False,False,1006.460627011637,1337.677229083199,2.474199973175393,3.617526079680861,-0.24760577131044326
2018-08-23,2018,False,False,989.9710055911429,1315.666734449152,2.4167666759598263,3.540866580481767,-0.24755184601849234
2018-08-24,2018,False,False,998.2053755343137,1326.636276583591,2.444669713021637,3.578039664129421,-0.24756665172391212
2018-08-27,2018,False,False,1019.9811873337594,1355.6691339711888,2.5192870250039694,3.677526264827084,-0.24761790190951083
2018-08-28,2018,False,False,1014.0749757926199,1347.7761514258264,2.498383747297173,3.649595242656968,-0.24759391630441052
2018-08-29,2018,False,False,1026.0523718348907,1363.7386227583854,2.53917284826072,3.703957457025025,-0.24761801512995862
2018-08-30,2018,False,False,1000.2281888961119,1329.2764904594287,2.449579898727031,3.5843993523117197,-0.24753939750306586
2018-08-31,2018,False,True,1003.8354857319242,1334.0738478941341,2.461501674937669,3.6002546479108073,-0.24754129067404973
2018-09-03,2018,False,False,997.5695858409615,1325.6916876708538,2.4392709364867113,3.5705211514691024,-0.2475101148189135
2018-09-04,2018,False,False,978.3208502381143,1299.9783616927195,2.372296109311351,3.4810574876926106,-0.24743297345024318
2018-09-05,2018,False,False,983.3322517600418,1306.6505997836175,2.388955701694321,3.5032398686538606,-0.24744055379235852
2018-09-06,2018,False,False,1000.6375501046219,1329.7343190281608,2.4479712462799808,3.5819644652765783,-0.24749061839966646
2018-09-10,2018,False,False,1000.9552784865771,1330.1408360552468,2.4484406693100564,3.5825341586672153,-0.24748173174272592
2018-09-11,2018,False,False,977.8107668076758,1299.226925057302,2.3680936492650173,3.4752196475867905,-0.24739031500247755
2018-09-12,2018,False,False,983.9668808275453,1307.4272732224365,2.388684200783643,3.5026496630825257,-0.24740220662343482
2018-09-13,2018,False,False,978.3091135240124,1299.8569269131244,2.368588828734366,3.4757668741118817,-0.24737169663181136
2018-09-14,2018,False,False,988.0379087454736,1312.826551334089,2.4014713292560237,3.519605811804256,-0.24739646090990952
2018-09-17,2018,False,False,1005.8126656369726,1336.5369644744997,2.462036349112767,3.600398971923096,-0.24744867342113608
2018-09-18,2018,False,False,1025.7424744644238,1363.1242192496013,2.5299958367730575,3.69106324320638,-0.2475062360574195
2018-09-19,2018,False,False,1023.901371260826,1360.648849077592,2.523021741027832,3.6816965107704176,-0.2474903631786064
2018-09-20,2018,False,False,1023.2678009381834,1359.785449739899,2.5202042762675143,3.6778786067459857,-0.2474784892470242
2018-09-21,2018,False,False,1040.6322703489216,1382.9481581650984,2.5792927473985343,3.7567007612485277,-0.24752618946350313
2018-09-24,2018,False,False,1021.6548875208341,1357.5970689141145,2.5133833236010577,3.668659603505552,-0.2474535258550511
2018-09-25,2018,False,False,1030.1264930855552,1368.8884342236045,2.541875383392245,3.7066377579168446,-0.2474722794558386
2018-09-26,2018,False,False,1030.51825046658,1369.3937747189996,2.542581284397506,3.7075233797106915,-0.24746390009108743
2018-09-27,2018,False,False,1048.0866906229946,1392.8287696369898,2.6023240090153577,3.7872189983905216,-0.2475121756020624
2018-09-28,2018,False,True,1039.567728571959,1381.4389310744948,2.5723976926871432,3.7472128215618374,-0.24747471264374
2018-10-01,2018,False,False,1030.2453867491945,1368.969982276831,2.539809231373149,3.7036294877542213,-0.24743025772141447
2018-10-02,2018,False,False,1069.2423460834336,1421.050603107708,2.6732247991623264,3.8818103167347875,-0.24756912685227517
2018-10-03,2018,False,False,1090.9376335399795,1450.0179866438143,2.74717063823256,3.9805457776992847,-0.2476385509775335
2018-10-04,2018,False,False,1086.8047506185644,1444.4816161464587,2.732392212552047,3.9607548478336074,-0.24761607315023715
2018-10-05,2018,False,False,1078.6224293149273,1433.5356164005264,2.7037136639501163,3.9223948120511283,-0.2475789112074891
2018-10-08,2018,False,False,1127.7041454467583,1499.088425270255,2.8716434456661486,4.1466831079815245,-0.2477400756106456
2018-10-09,2018,False,False,1127.7970411113351,1499.197256225316,2.871358231307438,4.146253649080505,-0.24773272067552587
2018-10-10,2018,False,False,1096.452636058212,1457.309117377009,2.763175973990742,4.001684958236224,-0.2476183515329251
2018-10-11,2018,False,False,1086.6184775464553,1444.156434621857,2.7288420692594,3.955770014300554,-0.24757564243310015
2018-10-15,2018,False,False,1092.3813689426113,1451.8397911910176,2.7480333931281105,3.9813592336560184,-0.2475882149183447
2018-10-16,2018,False,False,1123.1566780667667,1492.9371409482324,2.85302462458582,4.121568236529099,-0.24768655875665413
2018-10-17,2018,False,False,1123.806746215541,1493.7902964941422,2.854653635288727,4.123696059069399,-0.24768105077863733
2018-10-18,2018,False,False,1098.8696292315649,1460.4616292740704,2.768531853950807,4.008597949186212,-0.24758747014958316
2018-10-19,2018,False,False,1103.771542515299,1466.9948084754783,2.78475279540782,4.030219106368535,-0.24759683119645537
2018-10-22,2018,False,False,1121.7631643616876,1491.0144792868728,2.8458453507802903,4.111784096043509,-0.24765105909755614
2018-10-23,2018,False,False,1117.9421676986776,1485.8947564493767,2.8321482844142882,4.093437931113475,-0.24763031644982791
2018-10-24,2018,False,False,1088.839094858592,1447.000804732958,2.731805590728933,3.959342219056719,-0.24752004885060463
2018-10-25,2018,False,False,1102.1778377141432,1464.804712294459,2.7769334002665333,4.019580010977897,-0.24755987711993355
2018-10-26,2018,False,False,1123.5504212944618,1493.340996956427,2.849573161264313,4.1165709286779935,-0.24762634683949214
2018-10-29,2018,False,False,1098.5308036830015,1459.9021174636055,2.7632634196552526,4.001221828744833,-0.24753119367238174
2018-10-30,2018,False,False,1138.8360431099584,1513.7304646670996,2.9007306474262933,4.184815541441101,-0.24766259932516332
2018-10-31,2018,False,True,1145.8913140039617,1523.1403060649984,2.924285321931375,4.2162339248801315,-0.24767842500055148
2018-11-01,2018,False,False,1158.9185703318688,1540.5370763192534,2.9681839676167785,4.274861137153689,-0.24771783286071325
2018-11-05,2018,False,False,1174.3388661878082,1561.1327991623318,3.020259181543847,4.344418591726901,-0.24776491351797125
2018-11-06,2018,False,False,1162.280457785115,1544.9957095733803,2.9782613399238302,4.288221668509139,-0.24771282497214475
2018-11-07,2018,False,False,1149.8919165397388,1528.4173070435495,2.9351488498297966,4.230534732317622,-0.24765840373529957
2018-11-08,2018,False,False,1122.650004028514,1491.9833066821623,2.8412299795681193,4.104931177194505,-0.24754519772407035
2018-11-09,2018,False,False,1122.9773770335873,1492.4032054065394,2.8416582937771255,4.105448488067023,-0.247537546847012
2018-11-12,2018,False,False,1121.5115018023876,1490.4259368377618,2.8359529314573106,4.097766480633209,-0.24752282278319737
2018-11-13,2018,True,False,1113.606146314065,1479.8405396535188,2.8082283621251314,4.060649793631543,-0.24748233578274714
2018-11-14,2018,False,False,1127.5463783005214,1498.3427700774857,2.855206260160141,4.123000293588668,-0.2474710054214022
2018-11-16,2018,False,False,1160.938824442927,1542.687157338758,2.9686645671852476,4.273669663446635,-0.2474567387689759
2018-11-19,2018,False,False,1152.9333822748702,1532.0346833751075,2.940589002198692,4.236312103638612,-0.247449555296665
2018-11-21,2018,False,False,1144.6972560413071,1521.0757469309963,2.911735227479286,4.197920717929663,-0.24744230630794717
2018-11-22,2018,False,False,1147.4860970248749,1524.7634172776145,2.9205603027283975,4.209585493306002,-0.247433349972646
2018-11-23,2018,False,False,1131.1820611688597,1503.0863083858262,2.8641602233384265,4.134599039793365,-0.247427073975783
2018-11-26,2018,False,False,1122.2681775444282,1491.226975069048,2.833020919170256,4.093171405053373,-0.2474196106246911
2018-11-27,2018,False,False,1153.0699852388432,1532.1297137578238,2.93751432773868,4.231931085801339,-0.2474070733797522
2018-11-28,2018,False,False,1170.9536164099015,1555.8707277661993,2.9978649976258986,4.312047408366179,-0.24739658924551677
2018-11-29,2018,False,False,1177.0223939928537,1563.9157753932739,3.017863005006147,4.338555467565972,-0.2473876071127482
2018-11-30,2018,False,True,1174.3796022640383,1560.3875523042796,3.008121509433577,4.325554786021432,-0.2473795368786489
2018-12-03,2018,False,False,1178.5801268783762,1565.9532071233132,3.021695219679766,4.343537010089031,-0.247372066089094
2018-12-04,2018,False,False,1162.9554609397778,1545.16431832215,2.9676266673457152,4.271599266451611,-0.24735806596763887
2018-12-05,2018,False,False,1168.4579931734154,1552.4607921466825,2.9856440926893066,4.29548877366691,-0.24735104481594217
2018-12-06,2018,False,False,1165.978384618507,1549.1462366833716,2.976432535644775,4.283181557465079,-0.24734130515993358
2018-12-07,2018,False,False,1156.441863292193,1536.4506003693448,2.943162254074535,4.238891988378141,-0.2473289652044799
2018-12-10,2018,False,False,1127.6407963134766,1498.145711656768,2.844229987432305,4.107314926102619,-0.2473089983574147
2018-12-11,2018,False,False,1134.3173386405845,1507.002851449998,2.866258681221457,4.136536891895467,-0.24730246027791214
2018-12-12,2018,False,False,1141.6893429343668,1516.7845010323258,2.8906490293106013,4.168898337482367,-0.24729627566913337
2018-12-13,2018,False,False,1153.0250738886766,1531.8353159674139,2.928535175089187,4.219200395118957,-0.24729175396997805
2018-12-14,2018,False,False,1147.9910229074267,1525.12502192744,2.910643151463603,4.1953539732577445,-0.24728071049768408
2018-12-17,2018,False,False,1134.278713445926,1506.8783171248854,2.863200916182907,4.132225110359118,-0.24726588699602303
2018-12-18,2018,False,False,1137.0989368723986,1510.6090736730812,2.87207356483223,4.143958253143295,-0.2472579725027627
2018-12-19,2018,False,False,1124.866598803303,1494.3297633585462,2.829695248431899,4.087561138727791,-0.24724339541017015
2018-12-20,2018,True,False,1119.6208797824127,1487.338089194189,2.811114946309271,4.062799849753291,-0.24723175724693403
2018-12-21,2018,False,False,1125.2944132714506,1494.8528331028153,2.829703051405957,4.087417469436694,-0.2472206036926624
2018-12-26,2018,False,False,1117.983151364331,1485.127204099192,2.804101460218895,4.053362887294037,-0.2472138761726833
2018-12-27,2018,False,False,1122.2942733393731,1490.8330259690329,2.8180489359494825,4.0718190261656755,-0.24720323886715057
2018-12-28,2018,False,True,1154.2181258220485,1533.2012484815468,2.9259119925920007,4.2149702329304315,-0.24718419909639133
2019-01-02,2019,False,False,1195.2989378323864,1587.7656491601697,3.0649842420210707,4.399688847346327,-0.24718176233084144
2019-01-03,2019,False,False,1202.5937562924446,1597.4419117345858,3.089130324180916,4.431716344952446,-0.24717528226950958
2019-01-04,2019,False,False,1206.27245938093,1602.3137962474732,3.1009748497651817,4.447399987242502,-0.24716839971923676
2019-01-07,2019,False,False,1204.4589738796506,1599.8887480966862,3.0941467224785777,4.43827512302208,-0.2471607945786607
2019-01-08,2019,False,False,1208.8765252323278,1605.7422678801702,3.1084976581775177,4.457288821084896,-0.24715407359349573
2019-01-09,2019,False,False,1229.6856885908512,1633.3737159159045,3.178543602007746,4.550299034665695,-0.24714982455725854
2019-01-10,2019,False,False,1232.2660327438539,1636.786318566603,3.186634312833025,4.560995419818584,-0.24714300286735247
2019-01-11,2019,False,False,1230.3753404220047,1634.2586932807335,3.1795344789488995,4.551509634243837,-0.24713550830067366
2019-01-14,2019,False,False,1241.1350119112954,1648.5383664683525,3.2154027575832433,4.599111385384991,-0.24713004128004212
2019-01-15,2019,False,False,1235.688735415633,1641.2867849904667,3.196226300732258,4.5735806087968625,-0.24712198580042166
2019-01-16,2019,False,False,1240.1658988372537,1647.219505487093,3.2107492118969,4.5928228965608655,-0.24711558192086314
2019-01-17,2019,False,False,1252.792714864807,1663.979870614978,3.2529335616167065,4.648816243600798,-0.2471106550094282
2019-01-18,2019,False,False,1262.631156671928,1677.035596218004,3.285639936982461,4.692217152186534,-0.24710533305353055
2019-01-21,2019,False,False,1261.5366925132312,1675.5658412504026,3.2812331193887925,4.686309416008154,-0.24709810772234375
2019-01-22,2019,False,False,1249.6830377349984,1659.80140426611,3.240320535213275,4.631900062948507,-0.24708881766035595
2019-01-23,2019,False,False,1268.8359309665423,1685.232328523046,3.304613012972114,4.717266381095955,-0.24708545552377192
2019-01-24,2019,False,False,1283.5734606686792,1704.7969920292555,3.353907716692337,4.782706643937065,-0.24708134360278589
2019-01-28,2019,False,False,1254.2968000485907,1665.8843148946257,3.2539135660562666,4.6498014555534795,-0.24706848558813022
2019-01-29,2019,False,False,1256.9107580554464,1669.3415769782855,3.2620904116202754,4.660612484505731,-0.24706197018670673
2019-01-30,2019,False,False,1274.7747700782993,1693.0600911026158,3.3219680612922637,4.740113321465117,-0.24705875663982235
2019-01-31,2019,False,True,1280.0421216737077,1700.0426571756495,3.339125836182059,4.762856465002201,-0.247052939365478
2019-02-01,2019,False,False,1286.2309830378008,1708.2535609822937,3.359366151627861,4.789708730663595,-0.24704914281098767
2019-02-04,2019,False,False,1295.8315192638975,1720.9998906141905,3.3911606887966705,4.831921011908473,-0.24704729713757212
2019-02-05,2019,False,False,1292.2387491566517,1716.207250477563,3.3782441103054435,4.814695071921271,-0.2470380551083997
2019-02-06,2019,False,False,1244.0262141413536,1652.0978107436079,3.2141809422132566,4.596537299266965,-0.24700208059629447
2019-02-07,2019,False,False,1241.0564820674454,1648.1334273725895,3.2034089147076887,4.582162328103605,-0.24699271220661756
2019-02-08,2019,False,False,1253.4163743042027,1664.54800061445,3.244552571297672,4.636803253012022,-0.24699295313711744
2019-02-11,2019,False,False,1241.2525966808075,1648.3612005975476,3.202649726361291,4.58104350972591,-0.24697778846599827
2019-02-12,2019,False,False,1264.352903048425,1679.0539080677124,3.280138466650051,4.684001042883252,-0.24698492587205445
2019-02-13,2019,False,False,1260.1223888467816,1673.413461163843,3.2650952406389626,4.663948083140441,-0.2469748701732215
2019-02-14,2019,False,False,1288.7007029595702,1711.3885442422727,3.3610852892032828,4.791500995743732,-0.24698531651668265
2019-02-15,2019,False,False,1282.3275681830057,1702.8997319219204,3.3387838544510418,4.761799126787076,-0.24697412058680057
2019-02-18,2019,False,False,1269.0368073267055,1685.2147384763086,3.293087981484118,4.700997085508487,-0.24695839743597992
2019-02-19,2019,False,False,1284.1770642327815,1705.3254839018944,3.343572008228586,4.768055078308454,-0.24696072605770147
2019-02-20,2019,False,False,1269.595321301924,1685.9242795986495,3.2935249283122214,4.7014686493021625,-0.24694404329703146
2019-02-21,2019,False,False,1274.7328306042825,1692.7375328421258,3.310170179558013,4.723541953819529,-0.2469400566406823
2019-02-22,2019,False,False,1287.3004459535246,1709.4282498570517,3.351928485306032,4.77900016854987,-0.2469409312375801
2019-02-25,2019,False,False,1278.8721391437048,1698.207324808498,3.322704543328392,4.740095740437715,-0.24692814566212073
2019-02-26,2019,False,False,1283.6832264121588,1704.586637837158,3.338233276147883,4.7606848186453465,-0.24692403547117847
2019-02-27,2019,False,False,1279.8572601938056,1699.4839905317801,3.324572597377278,4.742469979833689,-0.24691420023713817
2019-02-28,2019,False,True,1257.2840861175362,1669.4591058769004,3.2475813720187023,4.64006454688142,-0.24689135439640797
2019-03-01,2019,False,False,1244.461036021233,1652.3847538102727,3.203512832782831,4.581388501759144,-0.24686969354346733
2019-03-06,2019,False,False,1239.4337739365853,1645.6802087292162,3.1857877185913823,4.557753993219891,-0.24685624378161042
2019-03-07,2019,False,False,1241.1053852733937,1647.8863759837695,3.190688167797135,4.564215593334215,-0.24685014491216495
2019-03-08,2019,False,False,1254.61248707363,1665.8358845787761,3.2355432221746563,4.623824059523232,-0.24685708917185933
2019-03-11,2019,False,False,1289.615254500764,1712.3785133617632,3.352938325726508,4.7799239214555875,-0.2468865706747424
2019-03-12,2019,False,False,1287.0603176278576,1708.9626076348015,3.3435428125984528,4.7673693685721545,-0.24687625587715778
2019-03-13,2019,False,False,1301.239302592812,1727.805842268095,3.390613878398761,4.829925591030689,-0.2468833761525705
2019-03-14,2019,False,False,1297.3631836985269,1722.63252567593,3.376757899551137,4.811437852955019,-0.2468717707571063
2019-03-15,2019,False,False,1304.4021134102,1731.9781964026452,3.399723088015941,4.84192894224219,-0.24687151598128065
2019-03-18,2019,False,False,1315.7098712571376,1747.0021800530935,3.437076243146185,4.891558647676389,-0.2468756557492381
2019-03-19,2019,False,False,1310.43746438677,1739.971548102097,3.4185114149687,4.866807349412572,-0.24686270541828592
2019-03-20,2019,False,False,1290.1773491254028,1713.0045552677216,3.3494268334603703,4.774855668929508,-0.24683367294153868
2019-03-21,2019,False,False,1272.9990727851018,1690.1369651780465,3.2907543698628583,4.6967540071638965,-0.24680715290373023
2019-03-22,2019,True,False,1233.7401709783842,1637.8981525942409,3.1576912466458484,4.519699343613085,-0.2467540371638598
2019-03-25,2019,False,False,1232.8301353390534,1636.6733340570988,3.1538876700553304,4.5145936065055645,-0.24674636673951977
2019-03-26,2019,False,False,1254.531723266041,1665.4539219587853,3.2262593514281512,4.610571722910801,-0.24673285359311992
2019-03-27,2019,False,False,1209.7886088232315,1606.0630305120114,3.0748065179296926,4.40953688702858,-0.24673653160576647
2019-03-28,2019,False,False,1242.5558682080084,1649.5276577369123,3.1844313179638695,4.554949574087439,-0.24672019751839347
2019-03-29,2019,False,True,1256.1075581098705,1667.4934095450437,3.2293183774743106,4.614455924394087,-0.2467091318504312
2019-04-01,2019,False,False,1264.5775281689198,1678.7241136962225,3.2571542307706487,4.651363640208508,-0.24670318496553478
2019-04-02,2019,False,False,1255.837024780499,1667.1029812314239,3.227052014808538,4.611341978820309,-0.24669499189974387
2019-04-03,2019,False,False,1244.100986360524,1651.504417388724,3.186878319482532,4.557947558519744,-0.24668624966342256
2019-04-04,2019,False,False,1268.124204963388,1683.3865170785414,3.2670418689682963,4.664335340273893,-0.24668268867676735
2019-04-05,2019,False,False,1278.6370459405246,1697.329717930648,3.3017266845163427,4.710337083714132,-0.24667727641072923
2019-04-08,2019,False,False,1282.1215212095917,1701.9407487336061,3.312758600897231,4.724932840526306,-0.24667088312939034
2019-04-09,2019,False,False,1267.9871067913316,1683.1576532960153,3.2645306282219657,4.6608441254350295,-0.24666171091678957
2019-04-10,2019,False,False,1263.5815015207645,1677.2923406137727,3.2490330715670215,4.640214436011084,-0.24665398456515852
2019-04-11,2019,False,False,1247.8511970257175,1656.3902436621847,3.195465119683007,4.569035401361812,-0.24664420006073606
2019-04-12,2019,False,False,1223.158242239635,1623.5876594449787,3.1117853508936015,4.4578743154065235,-0.24663245921826604
2019-04-15,2019,False,False,1225.9431582709192,1627.2698248420081,3.1204875678119874,4.469376812049003,-0.2466257657116292
2019-04-16,2019,False,False,1242.4477274101646,1649.168762264975,3.175292410883893,4.542093776214511,-0.24662184014219268
2019-04-17,2019,False,False,1228.694220693531,1630.89143098256,3.128412581530263,4.479795208101402,-0.24661188516191912
2019-04-18,2019,False,False,1245.7669925100126,1653.5448203260153,3.185107477637219,4.555021792808562,-0.2466082701862321
2019-04-22,2019,False,False,1245.9435989617762,1653.763707124869,3.185031282501167,4.554868498020193,-0.24660119605122033
2019-04-23,2019,False,False,1263.564830485472,1677.1453339370937,3.243540930784408,4.632504719763149,-0.24659789171683932
2019-04-24,2019,False,False,1252.0587318563546,1661.8520810754205,3.2042266339915955,4.580251631369337,-0.24658834193827872
2019-04-25,2019,False,False,1271.9361899941766,1688.2294954301556,3.2702893668869226,4.667916771228341,-0.24658573171647424
2019-04-26,2019,False,False,1267.8247549769387,1682.754778078534,3.255805603343304,4.648633366312214,-0.24657783089190577
2019-04-29,2019,False,False,1267.2367820096463,1681.958466543795,3.2531520572482924,4.645057982646587,-0.2465707047965029
2019-04-30,2019,False,True,1269.4637617081055,1684.8998115352297,3.2599455090876015,4.654026213205468,-0.24656424493785856
2019-05-02,2019,False,False,1258.6412377355914,1670.506339855895,3.2229841741929244,4.60487105030192,-0.24655105598451832
2019-05-03,2019,False,False,1265.0079964227236,1678.95012201998,3.243698676623957,4.632342586831284,-0.24654819709547648
2019-05-06,2019,False,False,1251.9016056780524,1661.5223616938747,3.1990906121233635,4.573028199003696,-0.2465333994050044
2019-05-07,2019,False,False,1243.7875539529712,1650.7272989456865,3.171238748013012,4.535975697683704,-0.24652148495552606
2019-05-08,2019,False,False,1259.7311009186265,1671.8945640643428,3.2240640481953626,4.60610888727565,-0.24652479408973915
2019-05-09,2019,False,False,1249.394912107657,1658.1472251967778,3.1887668494922963,4.559164729400962,-0.24651147188731248
2019-05-10,2019,False,False,1242.1974606708018,1648.5699348169687,3.164001848965052,4.526213403317585,-0.2464999910308835
2019-05-13,2019,False,False,1208.9296805593563,1604.356253523611,3.0518666929167937,4.377184274454516,-0.24647055296838738
2019-05-14,2019,False,False,1213.7911035922032,1610.8000841401445,3.067540636561837,4.397959154772761,-0.2464669479824787
2019-05-15,2019,False,False,1207.6635895107463,1602.644285946228,3.0463903395120937,4.369810278832929,-0.24645562330899795
2019-05-16,2019,False,False,1186.6634328720365,1574.7290643879037,2.9754218856684633,4.275474252555791,-0.2464332692473089
2019-05-17,2019,False,False,1186.2911261718232,1574.2194917223824,2.973569545642525,4.272964192736359,-0.24642584314981364
2019-05-20,2019,False,False,1212.047982196866,1608.4244754282886,3.0592260021816173,4.3867161606671266,-0.24643774033958044
2019-05-21,2019,False,False,1245.50433329093,1652.858816975298,3.1706385589650603,4.5346870583647725,-0.24645449417743948
2019-05-22,2019,False,False,1243.9180971739577,1650.7364478488978,3.164693066173651,4.52673898229733,-0.2464465791647552
2019-05-23,2019,False,False,1238.0323686653712,1642.9018799595062,3.144356681472636,4.499671539730544,-0.24643560046575275
2019-05-24,2019,False,False,1234.3631175912665,1638.012068917258,3.131445091587989,4.482468509992344,-0.246426115524782
2019-05-27,2019,False,False,1250.6827023259427,1659.6789284725105,3.185430400238931,4.55414305238747,-0.24643093259187698
2019-05-28,2019,False,False,1270.846374943723,1686.4529476760804,3.252261634792685,4.642884387661409,-0.2464382853402819
2019-05-29,2019,False,False,1273.179249995939,1689.5374122718024,3.2594196319815465,4.652345357357003,-0.2464332303337491
2019-05-30,2019,False,False,1284.9495279583216,1705.1601758849736,3.2981434719603264,4.703743936364516,-0.2464347067621162
2019-05-31,2019,False,True,1279.3742905582828,1697.7381187676967,3.27884378113138,4.678053908922062,-0.24642424151557796
2019-06-03,2019,False,False,1279.297408253885,1697.6185800076335,3.2778336425244294,4.676654878589412,-0.2464164663842614
2019-06-04,2019,False,False,1284.0857202421348,1703.9666270312855,3.293089685835044,4.696879449867046,-0.2464138088905432
2019-06-05,2019,False,False,1265.9546815713225,1679.8466479951062,3.2317274718253204,4.615250934536774,-0.24638675614691552
2019-06-06,2019,False,False,1281.8819772460445,1701.0023939927812,3.284214171974466,4.684968423194871,-0.24639613572966867
2019-06-07,2019,False,False,1290.0477849258762,1711.8403425096672,3.310747082939085,4.720184049891607,-0.2463971359416709
2019-06-10,2019,False,False,1285.4335732509983,1705.6890678789737,3.2945732181763603,4.698627095076578,-0.24638458587916234
2019-06-11,2019,False,False,1305.1411212057526,1731.8701231314387,3.35964861162259,4.785079525228083,-0.24639780791073784
2019-06-12,2019,False,False,1296.7816681176814,1720.7400812278415,3.330963560245375,4.746890761703109,-0.24638143653145028
2019-06-13,2019,False,False,1302.7943074869017,1728.7156978586818,3.350279761379811,4.772512875099289,-0.246380241065294
2019-06-14,2019,False,False,1293.1907840478375,1715.9318408693885,3.3174529778437716,4.72881830548557,-0.24636238267329214
2019-06-17,2019,False,False,1287.7573707368422,1708.6915538504834,3.2985576324666184,4.703643626696976,-0.24634884052951456
2019-06-18,2019,False,False,1311.2533313992385,1739.9087664888552,3.3762187417153564,4.806827079446381,-0.24636661608105215
2019-06-19,2019,False,False,1323.1387146312347,1755.6913631565849,3.415109866173771,4.858471355808766,-0.2463716901515406
2019-06-21,2019,False,False,1345.6878024513708,1785.6498426457292,3.4895642224014116,4.95739192454238,-0.24638763417495302
2019-06-24,2019,False,False,1346.3945844370503,1786.5720744125638,3.4911336208398787,4.959422298777864,-0.24638104237705982
2019-06-25,2019,False,False,1320.527328772976,1752.1678921080854,3.4040756971540347,4.843635237853891,-0.24634657744800348
2019-06-26,2019,False,False,1328.4196305081011,1762.6422532627116,3.42961968754895,4.877536471040983,-0.246347562558908
2019-06-27,2019,False,False,1328.9374064607691,1763.3132283152995,3.4305686476144244,4.878742119317545,-0.24634070389725404
2019-06-28,2019,False,True,1332.191426438701,1767.6216517191922,3.4406380881290026,4.892072172397307,-0.24633677962531797
2019-07-01,2019,False,False,1337.139718539645,1774.1884227443095,3.4564571743481567,4.913065490134041,-0.24633725403789908
2019-07-02,2019,False,False,1327.517698764275,1761.3750666741607,3.423718475130876,4.869471594491296,-0.2463174233123998
2019-07-03,2019,False,False,1346.4887643729203,1786.5936781756075,3.486256673664128,4.952606530344293,-0.24633744044818484
2019-07-04,2019,False,False,1367.5025692798524,1814.529358986164,3.5555809394543836,5.044767701044156,-0.24635963452036946
2019-07-05,2019,False,False,1373.514349365987,1822.5106867134466,3.5749153196141874,5.070436806615567,-0.24636142911026737
2019-07-08,2019,False,False,1379.360288503936,1830.2714276282632,3.5936915451236127,5.095363519197971,-0.24636298874459028
2019-07-10,2019,False,False,1396.3438951303558,1852.846498758088,3.6495483113164555,5.1696114685451695,-0.24637907346005905
2019-07-11,2019,False,False,1387.561609679926,1841.1500822621738,3.6196058433653704,5.129736956683993,-0.24636148728567264
2019-07-12,2019,False,False,1371.2809442151008,1819.479990602599,3.5647118736166155,5.056674200825719,-0.24633359459977233
2019-07-15,2019,False,False,1369.966766225033,1817.716983423626,3.559647330854874,5.049890111243537,-0.24632559484329963
2019-07-16,2019,False,False,1369.6528987160852,1817.284499875403,3.55791314048614,5.04753577329585,-0.2463189452119403
2019-07-17,2019,False,False,1370.7526278607202,1818.7322563001087,3.560882911817277,5.051438239353053,-0.24631422623510535
2019-07-18,2019,False,False,1382.1318633968651,1833.8528937197582,3.598049447260097,5.100826200186705,-0.24632348203602594
2019-07-19,2019,False,False,1365.5313618176815,1811.7573846361406,3.5421363713318694,5.026407992439537,-0.24629457928666076
2019-07-22,2019,False,False,1372.1262176184694,1820.5142675850316,3.563382734332021,5.054620391061329,-0.24629746547461162
2019-07-23,2019,False,False,1368.9443546643104,1816.2670327323299,3.5521124248208613,5.039582031455752,-0.24628684549489543
2019-07-24,2019,False,False,1374.4546633118837,1823.5813479552498,3.5697449890979946,5.062987706666994,-0.2462882641056644
2019-07-25,2019,False,False,1355.2191333337498,1797.9809595179988,3.5051104462590645,4.976969040404348,-0.24625501390345328
2019-07-26,2019,False,False,1357.4271011956255,1800.9027960704561,3.5117685792874687,4.985777536417893,-0.24625187758189293
2019-07-29,2019,False,False,1366.2081618768611,1812.5675734281313,3.5402688159049758,5.023638461543638,-0.24625808057851606
2019-07-30,2019,False,False,1359.0171598102133,1802.9877399185023,3.515689097692899,4.990897187465194,-0.24624159681105595
2019-07-31,2019,False,True,1344.3119833531518,1783.4132229773581,3.466152768615122,4.9249608736789305,-0.24621396430555742
2019-08-01,2019,False,False,1348.4876672272305,1788.9554217150085,3.4793490380490812,4.9424761101812145,-0.2462150532882016
2019-08-02,2019,False,False,1355.7432544247579,1798.5965310357496,3.502770470613627,4.973599589792648,-0.24622157830804214
2019-08-05,2019,True,False,1321.8847646502513,1753.5206874146077,3.389655067517814,4.823012094056056,-0.24615388108181413
2019-08-06,2019,False,False,1349.2123546201701,1789.753917060948,3.479727105590663,4.942436790724548,-0.24614644406769348
2019-08-07,2019,False,False,1357.428319445462,1800.6369612549424,3.506326094431893,4.97766910330598,-0.24613992234203008
2019-08-08,2019,False,False,1375.0746404867425,1824.0286894121211,3.5642187825450096,5.054410254536311,-0.24613321683557243
2019-08-09,2019,False,False,1373.54858909507,1821.9896552422433,3.5584656750779198,5.046729886156186,-0.24612711979835622
2019-08-12,2019,False,False,1346.112498639164,1785.5828323372193,3.466738306193302,4.925010906699672,-0.24612150483257922
2019-08-13,2019,False,False,1364.43892519105,1809.8766711569162,3.526867192610932,5.004718257495424,-0.24611497184564068
2019-08-14,2019,False,False,1324.318536814045,1756.645046478137,3.3930952668740924,4.827230250681396,-0.24610920147519544
2019-08-15,2019,False,False,1308.5023461403098,1735.6511783682474,3.339974614064044,4.756720326262844,-0.24610292526031452
2019-08-16,2019,False,False,1318.4377233438706,1748.814898450782,3.3722686031904043,4.799506747952548,-0.2460964710948932
2019-08-19,2019,False,False,1314.031458129614,1742.9554694169208,3.3569995597364732,4.779204269355277,-0.24609005726967692
2019-08-20,2019,False,False,1310.822970969958,1738.6848061518047,3.3457060520402457,4.764175065602728,-0.2460836108235307
2019-08-21,2019,False,False,1337.0108889871535,1773.4063435617318,3.4318577004244935,4.878399812921214,-0.24607753105140928
2019-08-22,2019,False,False,1321.3333606019883,1752.5964009267252,3.3792307823506684,4.808544865981915,-0.24607093800757374
2019-08-23,2019,False,False,1290.4267511521577,1711.5861861360759,3.2761543192269107,4.67177226916609,-0.2460638198621421
2019-08-26,2019,False,False,1274.1245821718153,1689.9477030285043,3.2214971096054104,4.599224317263117,-0.2460567981550582
2019-08-27,2019,False,False,1285.3501789556894,1704.8228058630384,3.2580490795098864,4.647658745518272,-0.2460505722147457
2019-08-28,2019,False,False,1297.5094351492687,1720.936340228447,3.2976825614700243,4.700180590940354,-0.24604449053761646
2019-08-29,2019,False,False,1328.3365971640508,1761.8114985265784,3.399127673883653,4.834691098537517,-0.2460393190333059
2019-08-30,2019,False,True,1336.4403115652626,1772.5456506694777,3.425299044918087,4.869356459170456,-0.24603334697727042
2019-09-02,2019,False,False,1329.7674316935197,1763.6739831264965,3.4025092331016715,4.839059379734578,-0.24602424007172963
2019-09-03,2019,False,False,1317.3367653630582,1747.160718111514,3.36066709845905,4.783476525905074,-0.24601283001202512
2019-09-04,2019,False,False,1337.4587220159474,1773.8505213728702,3.4265773305492333,4.8709000707376315,-0.24601385184315172
2019-09-05,2019,False,False,1351.2682430558382,1792.1626099745554,3.4715778607268497,4.930572771740571,-0.2460124792610069
2019-09-06,2019,False,False,1360.459649589734,1804.3456466589034,3.501284487377407,4.969947783178978,-0.24600940395822202
2019-09-09,2019,False,False,1363.74536322377,1808.690787954538,3.5114449634056646,4.983381623668132,-0.24600414161115958
2019-09-10,2019,False,False,1361.8239777736942,1806.1251909859288,3.5043791988104536,4.973953222665696,-0.24599690842565525
2019-09-11,2019,False,False,1367.3401733638714,1813.430574971979,3.5219123843529596,4.9971719802222925,-0.24599254460844222
2019-09-12,2019,False,False,1379.6072415175731,1829.6955567279533,3.5617622534827627,5.05000892635601,-0.24599082265646077
2019-09-13,2019,False,False,1368.1696612919184,1814.500292010894,3.5232309331124485,4.9988202349226665,-0.2459799167209481
2019-09-16,2019,False,False,1370.5837833977996,1817.6886777259047,3.5304988905011463,5.008415273452542,-0.2459744068425812
2019-09-17,2019,False,False,1382.998757992643,1834.1499573985914,3.5708174249048623,5.061874269022729,-0.24597290836885788
2019-09-18,2019,False,False,1381.9238727994568,1832.7078154711644,3.5665462358439948,5.056154858362621,-0.2459660720963407
2019-09-19,2019,False,False,1379.4267087035093,1829.3780587553551,3.557577231399259,5.044200634654256,-0.24595864583506433
2019-09-20,2019,False,False,1385.789404550576,1837.8068977825867,3.5778791089447983,5.071094046473859,-0.2459548355038793
2019-09-23,2019,False,False,1383.4652381670348,1834.706739522932,3.569482541916911,5.059899580053723,-0.24594748121611565
2019-09-24,2019,False,False,1373.4486162509168,1821.3973369342839,3.5356850041310333,5.014993564337154,-0.24593684837452312
2019-09-25,2019,False,False,1381.4897860862934,1832.0538067842024,3.5615228785868167,5.049234267683688,-0.24593383612939967
2019-09-26,2019,False,False,1392.609258727925,1846.7957270256886,3.59751523868675,5.096951779207586,-0.24593216328762169
2019-09-27,2019,False,False,1389.4636833587595,1842.605414264294,3.586409517531269,5.082161851548283,-0.24592445425243836
2019-09-30,2019,False,True,1385.1229711214423,1836.8289442294677,3.5713629409948577,5.062141730130256,-0.24591618861793996
2019-10-01,2019,False,False,1376.0292648621576,1824.7391626064818,3.5406991523428424,5.021377437582365,-0.24590358279118707
2019-10-02,2019,False,False,1336.1644158793408,1771.7884056180235,3.408518371141131,4.845808826454531,-0.24586682493089862
2019-10-03,2019,False,False,1342.6074889060246,1780.329900557194,3.429141171089867,4.873147979462917,-0.24586589907531986
2019-10-04,2019,False,False,1356.3230688199014,1798.5285514698269,3.4737459605417644,4.932332809953538,-0.24587070485399753
2019-10-07,2019,False,False,1330.2386101344996,1763.87676353586,3.387078869098578,4.817201829842957,-0.24584379269903822
2019-10-08,2019,False,False,1322.4721000658137,1753.5493646536281,3.360839899858596,4.782313317137412,-0.24583126844162917
2019-10-09,2019,False,False,1339.252776853701,1775.818155209335,3.415540978732098,4.854905041544539,-0.24583901064136326
2019-10-10,2019,False,False,1346.801186409272,1785.8274256251327,3.439791785497097,4.887061887541645,-0.2458391179999817
2019-10-11,2019,False,False,1373.451976956898,1821.2027322051106,3.526998490972864,5.0028178332928555,-0.2458544275881227
2019-10-14,2019,False,False,1379.6982815931349,1829.482938558836,3.5469351592838647,5.02924596458708,-0.24585343076225474
2019-10-15,2019,False,False,1382.2244751160206,1832.8232123944488,3.554607869293476,5.039388808749617,-0.24584953651353758
2019-10-16,2019,False,False,1394.5917293477069,1849.2314227316494,3.5947012999566326,5.092583114572115,-0.24585332468142762
2019-10-17,2019,False,False,1389.2603931849562,1842.1376892961334,3.5764808139865343,5.068342431081505,-0.2458433475101517
2019-10-18,2019,False,False,1385.5150894848018,1837.150047076185,3.563489482765349,5.0510455510170775,-0.24583455135314503
2019-10-21,2019,False,False,1402.6391205110533,1859.8747774454202,3.6192296351309015,5.12501716512667,-0.24584217307489398
2019-10-22,2019,False,False,1420.6268195061127,1883.7463718071458,3.6777976877080283,5.202743958706421,-0.24585026903422558
2019-10-23,2019,False,False,1422.8162617567568,1886.6394739025673,3.684336389980732,5.2113810334610715,-0.2458462353628057
2019-10-24,2019,False,False,1415.4974327911686,1876.90655039259,3.6595736301984925,5.178452935312661,-0.2458348911963193
2019-10-25,2019,False,False,1420.5287916608866,1883.5734312522916,3.67546683002295,5.1995118658847606,-0.24583307022097378
2019-10-28,2019,False,False,1431.4447139388733,1898.0544190700016,3.7107209072247924,5.246280102820151,-0.24583578871239908
2019-10-29,2019,False,False,1423.1578901397436,1887.0360960088076,3.682779896024906,5.209131646380912,-0.24582370567801737
2019-10-30,2019,False,False,1434.442257927359,1902.0063423187269,3.719235006770025,5.257494760882666,-0.24582677459495894
2019-10-31,2019,False,True,1418.8010504611184,1881.22213917469,3.6671087186220985,5.188230720969375,-0.2458088702466792
2019-11-01,2019,False,False,1431.74003072451,1898.395643609273,3.708855908562521,5.243641549000553,-0.24581578368856072
2019-11-04,2019,False,False,1439.5009649547278,1908.6895679591107,3.733561497774285,5.276410832679665,-0.2458171359453012
2019-11-05,2019,False,False,1438.7572788193158,1907.684207497481,3.730297334758088,5.272019370557561,-0.24580951440244303
2019-11-06,2019,False,False,1434.0716219088406,1901.4415232528968,3.714076265790305,5.250413311730975,-0.24579767278065
2019-11-07,2019,False,False,1450.2407731993019,1922.90665045904,3.7664028179876716,5.319880013617326,-0.24580802045013594
2019-11-08,2019,False,False,1424.5207074093616,1888.7175363267163,3.681060781870955,5.206439500208856,-0.24577355797741496
2019-11-11,2019,False,False,1434.3245993578453,1901.7257453975694,3.7124619380596666,5.248104645089715,-0.24577736677904127
2019-11-12,2019,False,False,1413.0324826495755,1873.4196284659986,3.64170421340628,5.154040964877934,-0.2457469425541352
2019-11-13,2019,False,False,1403.9584944541643,1861.3465834405908,3.6110996360638055,5.113324993149737,-0.24572967391219058
2019-11-14,2019,False,False,1410.5731537655363,1870.1175607071436,3.632023837114618,5.141070455139254,-0.2457302239158916
2019-11-18,2019,False,False,1406.827759230889,1865.1241141622122,3.6189264602361986,5.123614682751345,-0.24571895856763593
2019-11-19,2019,False,False,1401.5306676574808,1858.0690745033874,3.60073992492953,5.099397445674561,-0.24570583145189429
2019-11-21,2019,False,False,1423.1419836260104,1886.7646912604707,3.670875399705336,5.192525329754525,-0.24572365053361944
2019-11-22,2019,False,False,1438.9836277968016,1907.7946907285323,3.7220533554644595,5.260466169920917,-0.24573454639015957
2019-11-25,2019,False,False,1435.4917871612531,1903.1381172711476,3.7097813773206356,5.244107102081127,-0.24572380000482497
2019-11-26,2019,False,False,1417.5249241922156,1879.249950518967,3.650029965409546,5.1646666194510304,-0.24569644192314222
2019-11-27,2019,False,False,1426.1402822386701,1890.679066991944,3.677484095034477,5.201087911763669,-0.24569943829353946
2019-11-28,2019,False,False,1433.8827281637455,1900.9484276791477,3.702066246998819,5.233693497739697,-0.24570140500110194
2019-11-29,2019,False,True,1433.1852627911899,1900.004476374102,3.6989680747252107,5.229522873357712,-0.24569374408726274
2019-12-02,2019,False,False,1442.409414314128,1912.2488558609653,3.7283952505121505,5.268586656549059,-0.24569994648280125
2019-12-03,2019,False,False,1442.834453182378,1912.7965303355259,3.7289726773270955,5.269300340930652,-0.24569371059592593
2019-12-04,2019,False,False,1460.6477430373127,1936.4584949041862,3.7865310654896405,5.345759124384191,-0.24571182554078763
2019-12-05,2019,False,False,1464.9447612397282,1942.153211116113,3.799784525531096,5.3633231610978,-0.24571102173867299
2019-12-06,2019,False,False,1471.6465797039157,1951.0446404943916,3.820911209374895,5.391353132654042,-0.24571352743061647
2019-12-09,2019,False,False,1469.7368097512906,1948.4886417794348,3.813825096582401,5.381879709327575,-0.2457041944011178
2019-12-10,2019,False,False,1465.7589908091352,1943.1835750696916,3.7999691184718305,5.3634070883013,-0.24569196157570128
2019-12-11,2019,False,False,1469.66643401033,1948.3604272596117,3.811935593002974,5.379260402883443,-0.24569067742900608
2019-12-12,2019,False,False,1486.0389566573608,1970.1071726824787,3.864703683061655,5.44935153014595,-0.2457065395919631
2019-12-13,2019,False,False,1490.9143946920972,1976.5707853067406,3.8798231695348555,5.469396196525077,-0.24570655107566775
2019-12-16,2019,False,False,1482.13357819252,1964.8810696205983,3.850247672348927,5.4300276132951035,-0.2456878937315492
2019-12-17,2019,False,False,1491.690519208026,1977.567827865243,3.880681912338984,5.470430296097747,-0.24569438368226026
2019-12-18,2019,False,False,1514.1800296708327,2007.445916169243,3.953412631498934,5.567057921352552,-0.24571814489512966
2019-12-19,2019,False,False,1525.0166255208571,2021.8337260658348,3.988004111705333,5.612986881606276,-0.2457259932604371
2019-12-20,2019,False,False,1524.934556590908,2021.7072995761562,3.986877207440145,5.6114352309719395,-0.24571941897296157
2019-12-23,2019,False,False,1534.7886310819213,2034.7890388545347,4.01823851153958,5.653070338708683,-0.24572591960397228
2019-12-26,2019,False,False,1552.5358912756321,2058.3632298601433,4.075392624610633,5.728991976487048,-0.2457425061070878
2019-12-27,2019,False,False,1543.7511129963814,2046.6682477602178,4.045806149480688,5.689608929544836,-0.24572479458466534
2019-12-30,2019,False,True,1532.067632589404,2031.1200062423118,4.006756969246417,5.637647079223241,-0.24570304665364562
2020-01-02,2020,False,False,1570.7774155610878,2082.587465437123,4.1324971249582525,5.804830571753557,-0.24575680895525276
2020-01-03,2020,False,False,1559.3812504096759,2067.416025103076,4.094503639592049,5.754254908266659,-0.24573417663630182
2020-01-06,2020,False,False,1548.4816283106675,2052.9049670952872,4.058143403538927,5.705851414416677,-0.24571197735389694
2020-01-07,2020,False,False,1545.6746014912524,2049.156735936711,4.048224648575941,5.69261404254864,-0.24570211034409073
2020-01-08,2020,False,False,1540.2409147483534,2041.9151525256739,4.029731352896507,5.667972889352059,-0.24568809196444452
2020-01-09,2020,False,False,1536.3259102136026,2036.6933554848379,4.016202140798344,5.649933781636455,-0.24567637731214675
2020-01-10,2020,False,False,1530.5118926220537,2028.9459473132624,3.9964774651558344,5.623654969712387,-0.2456615738587008
2020-01-13,2020,False,False,1554.6172351242494,2060.9900869706316,4.074418274886272,5.72726734619494,-0.2456939773983483
2020-01-14,2020,False,False,1558.7182314620718,2066.429249292511,4.087049561217263,5.744020691950043,-0.24569484680119857
2020-01-15,2020,False,False,1542.6788605333998,2045.08253167357,4.033956530960365,5.673363348682667,-0.24566425235124079
2020-01-16,2020,False,False,1546.5513942433881,2050.217847871933,4.045844679423777,5.6891283780487205,-0.2456648468607061
2020-01-17,2020,False,False,1570.0254931842844,2081.4224589336877,4.1216727239107716,5.789930915857226,-0.24569590068293579
2020-01-20,2020,False,False,1575.132781559158,2088.1999492678224,4.1375717115346875,5.8110302274117265,-0.24569829526552722
2020-01-21,2020,False,False,1550.9374268761178,2056.006100672912,4.057904445786329,5.7050302719840005,-0.24565524082418333
2020-01-22,2020,False,False,1569.0142613085775,2080.0325666085682,4.116098080448895,5.782379793299022,-0.24567803096140506
2020-01-23,2020,False,False,1584.0642960705366,2100.033510491614,4.164406418724332,5.846582280796607,-0.24569570525581275
2020-01-24,2020,False,False,1568.9070814158151,2079.860025303364,4.114232596110227,5.779807461353388,-0.245666986081442
2020-01-27,2020,False,False,1517.5207122407999,2011.503219001977,3.945993432488531,5.556010491561999,-0.24557878013551993
2020-01-28,2020,False,False,1543.941054665503,2046.6262156219225,4.031358791681389,5.66949736982407,-0.24561649661253115
2020-01-29,2020,False,False,1529.5365781487335,2027.4538419389032,3.9836796088969386,5.606040361767753,-0.24558747207482634
2020-01-30,2020,False,False,1531.4731221916384,2030.014369599252,3.9892505091390547,5.613403839950177,-0.24558508297950188
2020-01-31,2020,False,True,1508.1784120876916,1999.0183421386703,3.912633264129287,5.511460397845831,-0.24554048339839063
2020-02-03,2020,False,False,1519.7046403910522,2014.3370672976005,3.949282346126096,5.560171378931936,-0.24555593745297977
2020-02-04,2020,False,False,1532.0086981036295,2030.6907920992187,3.988450898311383,5.612234851263738,-0.24557263761465054
2020-02-05,2020,False,False,1538.2921713058172,2039.0333736563302,4.0080048984454155,5.638198720530646,-0.24557773738278732
2020-02-06,2020,False,False,1527.2771938605845,2024.3581957574659,3.9712458389675422,5.589231016932077,-0.24554992438523737
2020-02-07,2020,False,False,1508.584287408244,1999.4665697727146,3.909513139278319,5.507032770911022,-0.24550662150869096
2020-02-10,2020,True,False,1492.7927242700791,1978.4355451716394,3.857243137538217,5.437425851968459,-0.24546810336418023
2020-02-11,2020,False,False,1529.983007775845,2027.6983927377062,3.977352998367107,5.5965246826818555,-0.2454582923892683
2020-02-12,2020,False,False,1547.3242533942857,2050.6592459884014,4.032858070310288,5.670015617598703,-0.2454503319255814
2020-02-13,2020,False,False,1533.9636734403505,2032.9370572569044,3.988499751025528,5.6111774219736725,-0.24544458080263043
2020-02-14,2020,False,False,1517.0226283410534,2010.4703879901656,3.932515771340129,5.536934064996926,-0.2454389592588846
2020-02-17,2020,False,False,1529.3896796038457,2026.839927726901,3.9718284690029284,5.588968520694278,-0.24543144296596975
2020-02-18,2020,False,False,1525.0452413252121,2021.0650438691482,3.9568101018154227,5.569008809975562,-0.2454249575235592
2020-02-19,2020,False,False,1545.5266874859556,2048.186982270752,4.02247343830063,5.655960585100837,-0.24541719048888544
2020-02-20,2020,False,False,1519.9699823683563,2014.3036870642104,3.9385306286336474,5.5446690193422,-0.2454117062240655
2020-02-21,2020,False,False,1508.027001392344,1998.4599611816664,3.8988424517347378,5.492019364964807,-0.2454054468518524
2020-02-26,2020,False,False,1402.4840310255643,1858.5867280328337,3.555162857896094,5.036550181268676,-0.2454029667423795
2020-02-27,2020,False,False,1366.2734529532106,1810.5859674114274,3.4367530494601812,4.879586399676293,-0.24539708274302208
2020-02-28,2020,False,True,1382.0843812465603,1831.5189945370607,3.48728695209922,4.946490242003444,-0.24538899931207137
2020-03-02,2020,False,False,1414.6696334723438,1874.706546437217,3.592405479768564,5.085811424172756,-0.24539142610834186
2020-03-03,2020,False,False,1400.2831612855864,1855.6177828103994,3.545032391307597,5.022955329275419,-0.24538168675835415
2020-03-04,2020,False,False,1422.701218596744,1885.3254072340499,3.6171156231196866,5.11847749803055,-0.24538161256523838
2020-03-05,2020,False,False,1356.5611118810848,1797.620349147132,3.4018207170182677,4.83298638366326,-0.24535727884661773
2020-03-06,2020,False,False,1300.4277421976108,1723.1824793656413,3.219054760116123,4.5906229974995,-0.24533370216464834
2020-03-09,2020,False,False,1142.274985638961,1513.4846929775845,2.7054039640308365,3.9095640291222145,-0.24526822706631846
2020-03-10,2020,False,False,1223.8396749550918,1621.6104373056448,2.9694048133586923,4.259535547799526,-0.2452936619052979
2020-03-11,2020,False,False,1130.482728741875,1497.8205961839278,2.666070169858674,3.857319150360615,-0.24524824159711633
2020-03-12,2020,False,False,963.5909850321386,1276.5364367594593,2.1243922875028804,3.1391011950933088,-0.2451519930929239
2020-03-13,2020,False,False,1097.5113574608727,1454.0766869829051,2.558097533766459,3.714071192694358,-0.2452176922400685
2020-03-16,2020,False,False,944.9255611541598,1251.759719108788,2.0629677833198037,3.057567971179216,-0.24512224931881021
2020-03-17,2020,False,False,990.7094687843085,1312.4463864613585,2.2109028157417177,3.253656526539465,-0.24514290335662614
2020-03-18,2020,False,False,888.3496418778094,1176.720295484679,1.8787291385051996,2.813204669415663,-0.24506304065070328
2020-03-19,2020,False,False,907.4498014875988,1202.028966139422,1.9401908148346343,2.8946446620128548,-0.2450682745174838
2020-03-20,2020,False,False,890.754592331184,1179.8792198940312,1.8856723650840879,2.822315246306683,-0.24504595274490415
2020-03-23,2020,False,False,844.3892620035376,1118.392066923802,1.735065336289432,2.622589144923976,-0.24499709272252257
2020-03-24,2020,False,False,926.1183874967148,1226.7358249478432,1.9993529405163728,2.9729409905568307,-0.245054747189689
2020-03-25,2020,False,False,995.469712372556,1318.6687778244077,2.2234815531640013,3.270049030341032,-0.245094955524069
2020-03-26,2020,False,False,1032.0372374989029,1367.136129152234,2.3414009161112372,3.4263421400072325,-0.2451101134026259
2020-03-27,2020,False,False,975.313754115545,1291.9158715101662,2.15728407747822,3.1821879301388547,-0.24506403580639802
2020-03-30,2020,False,False,991.4142795924422,1313.2475503882222,2.208932492428089,3.250617347144459,-0.24506672081789882
2020-03-31,2020,False,True,969.9809215603318,1284.8158449836358,2.1390968335285807,3.15798008085319,-0.24504283991556308
2020-04-01,2020,False,False,942.8047993753603,1248.7406376927925,2.0506545846153053,3.0405780219795906,-0.24499550113359625
2020-04-02,2020,False,False,959.9190310385143,1271.4324557931564,2.1055290554465027,3.1133369647141906,-0.2450098102618522
2020-04-03,2020,False,False,923.9535299707807,1223.6949878270564,1.9886900532776335,2.9582564704093692,-0.24494785125216012
2020-04-06,2020,False,False,984.147387823647,1303.5473672274213,2.182882884293812,3.2158711747329285,-0.24502368493376792
2020-04-07,2020,False,False,1014.5000578372257,1343.8047176634964,2.2805175677840754,3.345366912412276,-0.24505395426713505
2020-04-08,2020,False,False,1044.606073585235,1383.734792830169,2.3773232252998215,3.4737626667642063,-0.2450821653124079
2020-04-09,2020,False,False,1032.1549458351142,1367.1975672137457,2.336528029206769,3.41958159758767,-0.2450579414513041
2020-04-13,2020,False,False,1047.506792987829,1387.5509507278973,2.385606958590267,3.484650778047503,-0.2450678712458697
2020-04-14,2020,False,False,1061.9131321225275,1406.6497790426731,2.4316145811036587,3.5456447860483866,-0.24507638792277342
2020-04-15,2020,False,False,1047.5497707651436,1387.5752903161535,2.384651924927765,3.4832804210538075,-0.24505014028718863
2020-04-16,2020,False,False,1034.078873497696,1369.6849750106433,2.3405875415851902,3.4247616702007537,-0.24502429948195903
2020-04-17,2020,False,False,1049.7556147098974,1390.4694469172866,2.3906835100448873,3.4911803840997626,-0.24503510879923485
2020-04-20,2020,False,False,1049.57354752455,1390.2115266369356,2.389548030113191,3.489622240067611,-0.24502600689581677
2020-04-22,2020,False,False,1072.358175099395,1420.4271568446316,2.4625707946380198,3.586461597819282,-0.2450452880093088
2020-04-23,2020,False,False,1058.9628654294606,1402.6371355732924,2.4187663129280397,3.5282877661768923,-0.24502008497255678
2020-04-24,2020,False,False,1001.4243988118211,1326.2753983457128,2.2324867618199513,3.281069717061694,-0.24493480007175294
2020-04-27,2020,False,False,1040.0373345255696,1377.4929512178435,2.3565832968390166,3.445676783017084,-0.2449781077964348
2020-04-28,2020,False,False,1080.8462888618067,1431.6243097143295,2.487726004717026,3.619633138800676,-0.24502100060211895
2020-04-29,2020,False,False,1105.5431500439156,1464.3772030321225,2.5668435232905797,3.724559454854404,-0.24504209178155
2020-04-30,2020,False,True,1070.2539590591948,1417.5371027401893,2.4524321259974013,3.5727003314199655,-0.24499051418807605
2020-05-04,2020,False,False,1048.6925366614314,1388.8915634525633,2.382333612841255,3.479572854225329,-0.24494282760667885
2020-05-05,2020,False,False,1056.6275165704392,1399.4112006007638,2.407376706128471,3.5127739458263907,-0.244948506831422
2020-05-06,2020,False,False,1051.2789707901545,1392.2930383353207,2.3895823659202136,3.489095722506274,-0.24492980870815517
2020-05-07,2020,False,False,1038.7960166831863,1375.701844139619,2.3487943800231657,3.4348866671167606,-0.24489741646536634
2020-05-08,2020,False,False,1067.2881709193787,1413.5171952251558,2.4400908007071016,3.5560586469787454,-0.24494150157871064
2020-05-11,2020,False,False,1051.4409056739723,1392.4588854147578,2.3884656966612057,3.4874601528029574,-0.2449034462078281
2020-05-12,2020,False,False,1035.675858517089,1371.509744373816,2.3371221476303807,3.419235522390256,-0.24486438192246107
2020-05-13,2020,False,False,1034.4024125115072,1369.8024793428872,2.3324819990705765,3.4130234514912603,-0.24485286885469493
2020-05-14,2020,False,False,1050.877464841304,1391.6615822217318,2.385013576554368,3.4827237307834817,-0.2448757095359202
2020-05-15,2020,False,False,1031.6433447880258,1366.106223424367,2.322522849558858,3.39969798204305,-0.24482933530450923
2020-05-18,2020,False,False,1079.932819081665,1430.2083577230703,2.477484524494171,3.6054044685978752,-0.2449122442544338
2020-05-19,2020,False,False,1073.990181306891,1422.3013630589735,2.457791955270092,3.579205933866624,-0.24489267239606827
2020-05-20,2020,False,False,1081.6930940305513,1432.5128625514503,2.4820315275408045,3.6113402947093203,-0.24489816300570844
2020-05-21,2020,False,False,1104.3875469276618,1462.6300546036994,2.554514151682206,3.707531556497262,-0.24493036126835477
2020-05-22,2020,False,False,1093.1139943809046,1447.6446977909707,2.5176636987317913,3.6585509180723115,-0.2449017386317659
2020-05-25,2020,False,False,1139.4487999248167,1509.1514326351755,2.666180179938277,3.855699590203267,-0.24497384736587346
2020-05-26,2020,False,False,1136.9182128237524,1505.7749419035242,2.6574496150032236,3.844056432052515,-0.24496139417321017
2020-05-27,2020,False,False,1169.8209696797499,1549.4466692344226,2.7626920864578626,3.9837461216932217,-0.24500727071958195
2020-05-28,2020,False,False,1156.6471184095467,1531.9381052179651,2.7197205930520867,3.926638061482442,-0.24497790447938617
2020-05-29,2020,False,True,1162.7109737555527,1539.9732724677276,2.7386204943908434,3.9516825481277413,-0.24497977040058072
2020-06-01,2020,False,False,1178.9038384123496,1561.472398212281,2.79010725760247,4.020042921380573,-0.24500500952686166
2020-06-02,2020,False,False,1211.126578134751,1604.2697426798352,2.8931054861211947,4.156844420063759,-0.24506051201113
2020-06-03,2020,False,False,1237.1086997186076,1638.7754411091332,2.9760151046970846,4.266955044887021,-0.24510175788250477
2020-06-04,2020,False,False,1248.1165204056397,1653.3854176803795,3.010779943155077,4.313097746180255,-0.24511459514582667
2020-06-05,2020,False,False,1258.8856434163142,1667.6782467193507,3.0447672141589024,4.358207341050545,-0.2451267827635285
2020-06-08,2020,False,False,1298.8169919868596,1720.7176945486526,3.172427234469029,4.527775980651936,-0.24518879761532197
2020-06-09,2020,False,False,1286.9549230824439,1704.941413666484,3.133688189772302,4.476257217344168,-0.24516179103489455
2020-06-10,2020,False,False,1259.6769625799425,1668.6826879915548,3.0454528542864026,4.3589748352687945,-0.24510695074322142
2020-06-12,2020,False,False,1234.652042922615,1635.4174826351546,2.9644790369074783,4.251340540571597,-0.24505390456434684
2020-06-15,2020,False,False,1229.1327017182973,1628.0685164578267,2.9461529943562503,4.226943715886617,-0.24503625658672545
2020-06-16,2020,False,False,1244.5060376862668,1648.478769008236,2.994898622961112,4.291662205621058,-0.24505789150381885
2020-06-17,2020,False,False,1271.2891225841229,1684.0486736013902,3.0802493618014015,4.405016375611981,-0.2450995374941083
2020-06-18,2020,False,False,1279.000263141018,1694.2784903657714,3.104371260079671,4.437018382897494,-0.24510623819293165
2020-06-19,2020,False,False,1284.9742150533118,1702.200177867485,3.122911919957149,4.461604848772679,-0.24510981037310997
2020-06-22,2020,False,False,1268.6299342261839,1680.4685711014856,3.0698485515963716,4.391054077777452,-0.24507369191996053
2020-06-23,2020,False,False,1277.1539729808965,1691.7784514063371,3.096568417992793,4.426507939442963,-0.2450820189137488
2020-06-24,2020,False,False,1256.0131949571855,1663.6739411723452,3.0281425006262808,4.335545626850832,-0.24503644381656442
2020-06-25,2020,False,False,1277.3539728340918,1692.0128820296295,3.0959586852215484,4.425602461844896,-0.2450684114757682
2020-06-26,2020,False,False,1248.9090459138429,1654.2036573080225,3.0041358723955254,4.303553710453201,-0.24500889573278906
2020-06-29,2020,False,False,1274.164465683011,1687.7438176946166,3.084483861905545,4.410261055043039,-0.2450486547043239
2020-06-30,2020,False,True,1265.1999213499344,1675.8173554681196,3.05512795304466,4.371209472654229,-0.24502517101780708
2020-07-01,2020,False,False,1280.4590503803895,1696.089297785513,3.103463586282423,4.435426201625582,-0.24505210188389737
2020-07-02,2020,False,False,1280.9242278694906,1696.6934045604123,3.104382452075546,4.436604667719348,-0.245046733589821
2020-07-03,2020,False,False,1287.9947005026831,1706.0789284056916,3.1264630326733114,4.465916611412579,-0.24505561902326678
2020-07-06,2020,False,False,1316.8450100052914,1744.4196809126713,3.2183057423567814,4.587973908216078,-0.24510997874300233
2020-07-07,2020,False,False,1301.2909212144034,1723.7269560854431,3.1679001793526345,4.52091909065105,-0.24507131676491578
2020-07-08,2020,False,False,1327.9743862549667,1759.1869947813404,3.2527723313651107,4.63370939570744,-0.24512039357133364
2020-07-09,2020,False,False,1319.9339698765307,1748.4833302072295,3.226434819317861,4.598651899591575,-0.24509776726319
2020-07-10,2020,False,False,1331.534393967707,1763.891203121455,3.262985949506856,4.6472017917307165,-0.24511534973848237
2020-07-13,2020,False,False,1313.8784395266714,1740.4041506378219,3.2058739191528787,4.5712311015546145,-0.24507279585309982
2020-07-14,2020,False,False,1337.037135546356,1771.1781811881515,3.2794119284116583,4.668953265701014,-0.24511426927727997
2020-07-15,2020,False,False,1354.9869178286408,1795.0272155022928,3.3362597899065998,4.744486706073847,-0.2451440813116128
2020-07-16,2020,False,False,1338.6239091345412,1773.2590711984672,3.2832985406364,4.674034312404666,-0.24510528051052083
2020-07-17,2020,False,False,1369.6317804117805,1814.4681966372896,3.3819072123342524,4.805086732877682,-0.24516076779406426
2020-07-20,2020,False,False,1390.0719751173942,1841.6281125531525,3.4466836478025114,4.891160860740265,-0.24519398588553287
2020-07-21,2020,False,False,1388.5678967765466,1839.6141899464988,3.4412545718065033,4.8839002042510735,-0.24518526527731876
2020-07-22,2020,False,False,1388.344829298817,1839.3033086749158,3.4399236754550593,4.882087889255153,-0.24517896382243853
2020-07-23,2020,False,False,1361.9154091534429,1804.152362327071,3.3547969429346836,4.768873117408957,-0.245121732736149
2020-07-24,2020,False,False,1363.1298321266659,1805.7525543548843,3.3580742478333763,4.773187204637522,-0.24511814819852107
2020-07-27,2020,False,False,1390.9616982101493,1842.7393361110005,3.4464376732221575,4.890619142536902,-0.24516632876264688
2020-07-28,2020,False,False,1386.125135087711,1836.2950378573146,3.430361048779508,4.869203150461122,-0.24515118403570124
2020-07-29,2020,False,False,1406.0083685484906,1862.7145010187987,3.493287825012543,4.952818330336581,-0.24518310896302997
2020-07-30,2020,False,False,1398.1416710345145,1852.2417871847438,3.4675268732694944,4.9185275222630045,-0.24516244007237542
2020-07-31,2020,False,True,1370.3835004907507,1815.3243321228815,3.378222046296327,4.799758249593871,-0.24510266499419797
2020-08-03,2020,False,False,1369.3410668163374,1813.9219806120975,3.3742261033074348,4.794396348167638,-0.24509373531365386
2020-08-04,2020,False,False,1347.9841347857027,1785.4976108723856,3.305348567376388,4.702730011911802,-0.24503727892019744
2020-08-05,2020,False,False,1369.0623452186157,1813.519783552263,3.3720056644755054,4.791349673752665,-0.24508000539319108
2020-08-06,2020,False,False,1386.6648522641233,1836.9186316170858,3.427544761676537,4.865180365509929,-0.24511362212957288
2020-08-07,2020,False,False,1368.8088194867314,1813.1511016269899,3.3698670126514667,4.78841184769942,-0.245066327754779
2020-08-10,2020,False,False,1377.728035505636,1824.9995759492044,3.3976727079523252,4.8253520436135116,-0.24508035307949982
2020-08-11,2020,False,False,1360.9328812898325,1802.6432095195985,3.343402812627124,4.753116626126379,-0.2450348054995759
2020-08-12,2020,False,False,1360.2299287551277,1801.6924303481712,3.340499696681002,4.749208484624159,-0.24502656177987736
2020-08-13,2020,False,False,1338.3014483994373,1772.5077962402456,3.2698770003628344,4.655220863118377,-0.2449672428870694
2020-08-14,2020,False,False,1350.189798292588,1788.3057645773806,3.307152630129779,4.704757869683274,-0.2449894055943671
2020-08-17,2020,False,False,1326.9232848510935,1757.3413004287875,3.2322887275019676,4.605128692133132,-0.2449256814670394
2020-08-18,2020,False,False,1359.7255294877632,1800.9585944065268,3.3362545359518627,4.743375927492341,-0.24499900569016908
2020-08-19,2020,False,False,1343.7048166219197,1779.6323773760782,3.2845127769602653,4.674503480852968,-0.24495371420298495
2020-08-20,2020,False,False,1351.8973308261359,1790.5142046593571,3.309980863420199,4.708334340040458,-0.24496698919887516
2020-08-21,2020,False,False,1352.6530863136154,1791.5037753836034,3.3117357031854757,4.710622234829336,-0.2449621904793473
2020-08-24,2020,False,False,1363.0005100960586,1805.252028649127,3.344059904692248,4.753573015879749,-0.24498048556910135
2020-08-25,2020,False,False,1360.6558479872954,1802.117473867842,3.335929105877571,4.742711221733639,-0.24496828441103113
2020-08-26,2020,False,False,1340.9406255307194,1775.876879737988,3.2724553385138977,4.658233117053217,-0.24491351803140704
2020-08-27,2020,False,False,1340.939178944865,1775.8592324709343,3.2718026028279974,4.657318550043935,-0.2449068290851638
2020-08-28,2020,False,False,1361.134207975255,1802.7066114867039,3.3354798069892846,4.7419746460216565,-0.2449496777222563
2020-08-31,2020,False,True,1324.3998411943926,1753.8274259376935,3.2178338891541154,4.585437662221954,-0.2448516760499997
2020-09-01,2020,False,False,1361.5569923263836,1803.2657079748913,3.3355112720021296,4.742013626606933,-0.2449493237158914
2020-09-02,2020,False,False,1358.203169485909,1798.7862025739587,3.324176252153439,4.726881481815211,-0.24493351820110743
2020-09-03,2020,False,False,1342.4741982245023,1777.8360829999717,3.273451290391775,4.659323592996726,-0.24488302883403468
2020-09-04,2020,False,False,1349.4215062170535,1787.066793082996,3.2949153729248435,4.687845203810687,-0.24489587549826797
2020-09-08,2020,False,False,1333.671317384415,1766.0884341362305,3.2441426981470984,4.620223839500052,-0.24484454367841701
2020-09-09,2020,False,False,1350.1837717078904,1788.0498064599576,3.296039273616014,4.6892493841907745,-0.24488469681891545
2020-09-10,2020,False,False,1317.6438535399093,1744.7252788414137,3.1918680388332206,4.55055762091648,-0.24478433967845536
2020-09-11,2020,False,False,1311.440245663367,1736.4528726841702,3.1715003270116178,4.523403563521292,-0.24475909119481498
2020-09-14,2020,False,False,1336.8335796455417,1770.2341874764938,3.2516288312216215,4.630004230956591,-0.2448267076170153
2020-09-15,2020,False,False,1337.1915056724251,1770.6948073509982,3.2521232009571346,4.630616437669739,-0.244821015953113
2020-09-16,2020,False,False,1328.9881417072884,1759.7608403093823,3.225397573936873,4.595000400680852,-0.24479047875980697
2020-09-17,2020,False,False,1334.6332212654897,1767.2583588881268,3.242703246529712,4.617987516901403,-0.24480016486939904
2020-09-18,2020,False,False,1310.7036587230025,1735.3937217352536,3.1660022450708407,4.515857144913021,-0.24472259965743992
2020-09-21,2020,False,False,1293.5252621268253,1712.514500008336,3.110779434725079,4.442313029687508,-0.24466317679615046
2020-09-22,2020,False,False,1297.5883065300575,1717.9064203542844,3.1230677011849295,4.4586223070721696,-0.2446688066615087
2020-09-23,2020,False,False,1276.9660329033231,1690.4435954332585,3.0569268821436877,4.370546974901426,-0.24459707715001378
2020-09-24,2020,False,False,1293.9519042849074,1713.0350587621058,3.110269246707464,4.44149693450374,-0.2446436529909909
2020-09-25,2020,False,False,1293.8311088608743,1712.8585277882953,3.1092639573621224,4.440113291523624,-0.244636327010897
2020-09-28,2020,False,False,1262.9408568561635,1671.7296114032788,3.010548615451297,4.308683175482965,-0.24453042630738053
2020-09-29,2020,False,False,1248.5870494302162,1652.609756177498,2.964367710619071,4.247173401833604,-0.24447556674347015
2020-09-30,2020,False,True,1262.2006530841504,1670.712924195364,3.006986200267143,4.303850553001156,-0.2445137433218565
2020-10-01,2020,False,False,1273.852957497348,1686.2149653881004,3.043366400762439,4.352254273450742,-0.24454889581402983
2020-10-02,2020,False,False,1254.5024120463179,1660.4292754266037,2.9813436078241904,4.269610818189312,-0.2444710349231789
2020-10-05,2020,False,False,1282.0466773121136,1697.0952744512538,3.0681444882977305,4.385161795629545,-0.24456411103574827
2020-10-06,2020,False,False,1275.8059386859156,1688.768436886812,3.0477299761903947,4.357929774078116,-0.24453470895167773
2020-10-07,2020,False,False,1274.6773086283733,1687.2495981075863,3.0435382902108508,4.3523023504923435,-0.24452356660327712
2020-10-08,2020,False,False,1306.4637620423214,1729.5650882123678,3.1437455071573384,4.485707121652276,-0.24462873878158153
2020-10-09,2020,False,False,1300.7242885364744,1721.9058053926242,3.1249184625892408,4.460589234860331,-0.2446019495010141
2020-10-13,2020,False,False,1314.291478753339,1739.9579763508211,3.1673140652000775,4.517004001716328,-0.2446418266320568
2020-10-14,2020,False,False,1325.3669304486725,1754.6917997818014,3.2017973338499575,4.562881611627088,-0.24467252276811002
2020-10-15,2020,False,False,1321.6974962361253,1749.7892708151635,3.189531686182433,4.546501839565046,-0.24465333152923363
2020-10-16,2020,False,False,1311.8656836789498,1736.680056931561,3.157739112172946,4.504117294832898,-0.2446129162116314
2020-10-19,2020,False,False,1316.5360810586913,1742.8840141802857,3.1719115289320214,4.522946174405614,-0.24462209168985616
2020-10-20,2020,False,False,1341.5421943658862,1776.1698550532103,3.250510875329451,4.627574978291705,-0.2446993790885521
2020-10-21,2020,False,False,1341.7569017869553,1776.439992349062,3.250549847265961,4.627581813143808,-0.24469337125613055
2020-10-22,2020,False,False,1359.9097395862873,1800.599053008758,3.307406414979189,4.703254919032265,-0.24474594312714393
2020-10-23,2020,False,False,1351.2329585630414,1789.0280406665102,3.2792779565410735,4.665750091086822,-0.24471113484636398
2020-10-26,2020,False,False,1348.0608111762388,1784.7877683910408,3.268588213917522,4.651469109802753,-0.24469405547781453
2020-10-27,2020,False,False,1329.3905541028278,1759.908045583063,3.208834861474352,4.571848176879892,-0.2446249919481467
2020-10-28,2020,False,False,1273.2553706269123,1685.1347866713436,3.030503886518715,4.334312710295178,-0.2444192709700208
2020-10-29,2020,False,False,1289.3938652574275,1706.6112662273445,3.080975308275203,4.401482530636659,-0.24447125670992598
2020-10-30,2020,False,True,1254.5677537892225,1660.2161480366722,2.970151119586146,4.253848569736304,-0.24433468782191936
2020-11-03,2020,False,False,1281.5017426380819,1696.0902057181656,3.054743688144539,4.36652493503612,-0.2444377437487395
2020-11-04,2020,False,False,1306.576541807757,1729.4868141386003,3.133427845010303,4.471328105468523,-0.24452934181026453
2020-11-05,2020,False,False,1344.8791705422407,1780.510067622562,3.2539274728522543,4.631852182895974,-0.24466634870646953
2020-11-06,2020,False,False,1347.2326031190903,1783.6294894246023,3.2606976695733394,4.640826974777363,-0.2446679026630656
2020-11-09,2020,False,False,1381.6298726487257,1829.4486857945699,3.3687901111422143,4.784817978797059,-0.24478347855454963
2020-11-10,2020,False,False,1402.2582645471423,1856.9202675585623,3.433317308084546,4.870756457662226,-0.244847348028141
2020-11-11,2020,False,False,1398.8842789896146,1852.4076612874815,3.4219512533257914,4.855563968033764,-0.24482914413269807
2020-11-12,2020,False,False,1368.4101505763044,1811.782962934371,3.324937264779722,4.726241981461349,-0.24471629407530038
2020-11-13,2020,False,False,1397.846486732311,1850.9915047496868,3.417274409013463,4.849238441300954,-0.2448120463300859
2020-11-16,2020,False,False,1420.5316569420077,1881.2038310243088,3.4882516807014445,4.943771977959901,-0.24488158406070581
2020-11-17,2020,False,False,1431.438422921666,1895.7209330929907,3.521997861069865,4.9886935179055145,-0.2449107893817567
2020-11-18,2020,False,False,1416.5101437302355,1875.811739509778,3.4741318500639142,4.924863359159121,-0.24485484662739965
2020-11-19,2020,False,False,1423.8642926267735,1885.5948283328266,3.4966502214646233,4.954823395966609,-0.24487261460846188
2020-11-20,2020,False,False,1415.5943525075143,1874.558154535476,3.4698274471345556,4.919034273872675,-0.24483839080558967
2020-11-23,2020,False,False,1433.3663288788532,1898.2234412150733,3.5252291361605455,4.992812758374344,-0.24489061837665438
2020-11-24,2020,False,False,1465.340816993461,1940.8141783839324,3.625444498085419,5.1263073812624125,-0.24498654569103895
2020-11-25,2020,False,False,1469.9817689687359,1946.9818170014694,3.639361745206677,5.144806113307462,-0.24499460851019006
2020-11-26,2020,False,False,1471.2862578678144,1948.7034767739103,3.642746159254698,5.149269412350617,-0.24499223437342188
2020-11-27,2020,False,False,1475.956384003533,1954.9099912001088,3.6567483325557104,5.167881341536863,-0.2450003372802595
2020-11-30,2020,False,True,1453.6987600497273,1925.234134231822,3.585800504888728,5.073293798838556,-0.2449236515174502
2020-12-01,2020,False,False,1486.9887375807045,1969.6008358182874,3.6900764471872076,5.212271994380342,-0.24503040893414196
2020-12-02,2020,False,False,1493.3854435754085,1978.1124864124315,3.7095094404774773,5.238134614987169,-0.24504523689456081
2020-12-03,2020,False,False,1498.9135552478124,1985.4660966515482,3.726197557142715,5.260337684539015,-0.24505708872304477
2020-12-04,2020,False,False,1518.3060236219776,2011.3041525575636,3.7865889773706716,5.3408075427413735,-0.24511366334559204
2020-12-07,2020,False,False,1516.2289621059927,2008.5182796881513,3.779287508608328,5.33102688632987,-0.24510074046156705
2020-12-08,2020,False,False,1518.9749197506299,2012.1626247900936,3.78718852742083,5.3415147330289745,-0.24510330276655068
2020-12-09,2020,False,False,1508.5235480891038,1998.2118284977762,3.75350101808446,5.296555312739171,-0.24506324776228172
2020-12-10,2020,False,False,1536.7849612381508,2035.8742720288733,3.841792568488186,5.414222659196199,-0.24514741290647057
2020-12-11,2020,False,False,1536.827004648939,2035.913664025621,3.841162402422235,5.4133364751161475,-0.24514136733570313
2020-12-14,2020,False,False,1530.0224030428742,2026.8248692238801,3.818968198560232,5.383700375508284,-0.24511366212476138
2020-12-15,2020,False,False,1550.4611628984067,2054.057877557556,3.8825733361625137,5.468454975775645,-0.24517162839538253
2020-12-16,2020,False,False,1573.171528973941,2084.3194708197243,3.9533108594897373,5.5627187368379225,-0.24523493111387495
2020-12-17,2020,False,False,1580.4248944071285,2093.9732497640193,3.975365636414695,5.5920769707666285,-0.24525067615585117
2020-12-18,2020,False,False,1575.4768302838434,2087.3596557211163,3.959007964380997,5.57022239761132,-0.24522981654564635
2020-12-21,2020,False,False,1546.3380827599333,2048.4941957905457,3.8665242573089937,5.446873944266076,-0.24513426206551814
2020-12-22,2020,False,False,1557.17721773129,2062.928648200483,3.899865379897073,5.491279572688745,-0.24516186292258146
2020-12-23,2020,False,False,1572.7518493819384,2083.676630546001,3.9480945395058615,5.555534467660849,-0.24520348967496997
2020-12-28,2020,False,False,1590.2639105056885,2107.007661683422,4.002402989951834,5.627894500419699,-0.24525005797315147
2020-12-29,2020,False,False,1594.0999208723576,2112.1053032309105,4.0136811475777865,5.642885054980062,-0.24525547166902828
2020-12-30,2020,False,True,1588.9516159205732,2105.224741106162,3.9967031947187817,5.6202035883841575,-0.2452342094907739
2021-01-04,2021,False,False,1586.8493379212937,2102.403006455441,3.9892664935470084,5.610236161286345,-0.24522114311629906
2021-01-05,2021,False,False,1593.8175716235974,2111.6801425806793,4.010346436275371,5.638306205994856,-0.24523722154445382
2021-01-06,2021,False,False,1590.208846066862,2106.8490048303247,3.99817503312992,5.622023340244197,-0.24521935723868848
2021-01-07,2021,False,False,1633.8344123666604,2165.0222059935563,4.1344448949663475,5.8037416331256315,-0.2453498131134073
2021-01-08,2021,False,False,1669.5683682664414,2212.6690358135506,4.245873821243985,5.952325397793528,-0.24545047576327783
2021-01-11,2021,False,False,1645.4661210962165,2180.5022330088555,4.169288409528457,5.850122755814857,-0.24537287961147713
2021-01-12,2021,False,False,1655.3703362177166,2193.695582569471,4.199543129134833,5.890430826387824,-0.24539651291142917
2021-01-13,2021,False,False,1628.0403660238583,2157.2234213629204,4.112854042058396,5.774751240643882,-0.24530748651186418
2021-01-14,2021,False,False,1648.6130411803347,2184.647094811343,4.17660680588768,5.859741332245169,-0.24536413908869703
2021-01-15,2021,False,False,1607.136255367691,2129.3049404121116,4.045536822866181,5.684863494353952,-0.24522964049637652
2021-01-18,2021,False,False,1619.0282916939684,2145.149782267049,4.082031644174028,5.73349510376242,-0.2452609579630668
2021-01-19,2021,False,False,1611.055376954497,2134.4973895863304,4.056169831869084,5.698951173131859,-0.24522963353601357
2021-01-20,2021,False,False,1597.9796363337841,2117.0384976737564,4.01430439146852,5.6430605211893266,-0.2451815882943671
2021-01-21,2021,True,False,1580.5622501997702,2093.7884211236833,3.9588313662146017,5.56901915478038,-0.24511844928843263
2021-01-22,2021,False,False,1567.945432241288,2077.0635981251476,3.918435399138925,5.515471085418161,-0.2451143847224576
2021-01-26,2021,False,False,1555.7573853214478,2060.906573009519,3.8793975439266264,5.463721506632694,-0.24511018320952194
2021-01-27,2021,False,False,1548.0387087919328,2050.6680890658736,3.8543877648203857,5.43054855458848,-0.24510518447814733
2021-01-28,2021,False,False,1588.1767574102323,2103.8036317539677,3.9794320776888457,5.596083993948083,-0.2450926819219581
2021-01-29,2021,False,True,1537.2617362743993,2036.3626065787755,3.8190023080702167,5.383581838804939,-0.24509430132529242
2021-02-01,2021,False,False,1570.0428072402888,2079.7760525058866,3.920907283706284,5.518538907383939,-0.24509044839295502
2021-02-02,2021,False,False,1579.6648991782454,2092.5062697284257,3.9502033748621885,5.5572968062520305,-0.24508474740041708
2021-02-03,2021,False,False,1599.6349326624813,2118.9464288574304,4.011911016174875,5.63899664393973,-0.2450800497466895
2021-02-04,2021,False,False,1593.4940120552394,2110.792300599368,3.991801638878229,5.612297495786395,-0.24507304124486318
2021-02-05,2021,False,False,1606.6330950983142,2128.1821637544904,4.032085559730233,5.665613180369032,-0.24506786944218684
2021-02-08,2021,False,False,1599.4235862327755,2118.6122676475607,4.00863335981036,5.63448518052472,-0.24506073590864064
2021-02-09,2021,False,False,1596.4764087825179,2114.6895155477996,3.998534590030495,5.621049100688883,-0.2450539915932014
2021-02-10,2021,False,False,1582.6897391871632,2096.4055683310926,3.9545070096293795,5.562660909558202,-0.24504601442787066
2021-02-11,2021,False,False,1594.2927266089368,2111.760265203469,3.989961585630474,5.609578294846538,-0.2450408538891008
2021-02-12,2021,False,False,1596.0700449956726,2114.096976705511,3.9946559127124646,5.6157415821799725,-0.24503461166530893
2021-02-17,2021,False,False,1608.5092027295634,2130.559511919626,4.032707395990289,5.666099637502741,-0.24502967707280665
2021-02-18,2021,False,False,1593.1129720701497,2110.1430643805625,3.983669359969184,5.6010731940997776,-0.24502134525281027
2021-02-19,2021,False,False,1582.9034016694432,2096.5984000379385,3.9508707610860068,5.557562328528739,-0.24501354115275487
2021-02-22,2021,False,False,1505.9832020386013,1994.6691186003513,3.70946797023885,5.237672712787756,-0.2449959805386962
2021-02-23,2021,False,False,1540.2309103890034,2040.0257059000326,3.815729787563323,5.378402415529023,-0.24499436162277488
2021-02-24,2021,False,False,1546.1677085711592,2047.873293753791,3.83345237135826,5.401826899542938,-0.24498858728852102
2021-02-25,2021,False,False,1500.6559893223007,1987.5569688140301,3.6903642659839218,5.2121940334524295,-0.24497460305867957
2021-02-26,2021,False,True,1471.0421918862505,1948.3037300457902,3.597006849644532,5.088449156393095,-0.2449625953076232
2021-03-01,2021,False,False,1475.087533174441,1953.6519816657462,3.6090223153120684,5.104333049628062,-0.2449589041356618
2021-03-02,2021,False,False,1491.2266220759036,1975.0314141912982,3.6588172110494126,5.170296458353689,-0.2449605553810873
2021-03-03,2021,False,False,1486.517554057999,1968.7750314336001,3.643474635791657,5.1499152143111235,-0.24495306455833932
2021-03-04,2021,False,False,1506.6798777519482,1995.487567216017,3.7058171086766425,5.232511413086419,-0.24495651964698706
2021-03-05,2021,False,False,1540.2770273233318,2040.0089849896517,3.8100979807789033,5.370700156790495,-0.2449655669868801
2021-03-08,2021,False,False,1479.0022398524952,1958.770445285832,3.6181172300580204,5.116171632035588,-0.24493334917728304
2021-03-09,2021,False,False,1488.649655084806,1971.544671361064,3.6476098909936923,5.155222945745144,-0.24493232301091583
2021-03-10,2021,False,False,1508.0065303790643,1997.1895241209413,3.7074036643211823,5.2344406969030475,-0.24493568979498315
2021-03-11,2021,False,False,1537.5336944216608,2036.31586698632,3.7989245449447946,5.35571515004551,-0.24494341995323166
2021-03-12,2021,False,False,1526.5787280340119,2021.7800716027584,3.764085582738435,5.30949004706424,-0.24493333895421054
2021-03-15,2021,False,False,1535.8427872286586,2034.0461301365824,3.7923462360953923,5.3469082883111385,-0.24493217509991794
2021-03-16,2021,False,False,1524.7742833385662,2019.3598321710708,3.7571633907741475,5.300227365699216,-0.24492195048802257
2021-03-17,2021,False,False,1558.6198796800036,2064.2105850063845,3.862099177083965,5.4392843422144095,-0.24493174727365186
2021-03-18,2021,False,False,1535.7688545068677,2033.9056602716807,3.7901659416406224,5.343888010068979,-0.24491637714321224
2021-03-19,2021,False,False,1554.3282958133725,2058.4934537206855,3.8473967191467873,5.419708398044171,-0.2449194856539595
2021-03-22,2021,False,False,1537.7725912169267,2036.5334545004587,3.7951151841091795,5.3503619107253995,-0.24490678617694162
2021-03-23,2021,False,False,1514.880158248782,2006.173640588809,3.7230911806590727,5.254845293959957,-0.24489080725626178
2021-03-24,2021,False,False,1498.926870282951,1985.0121903622232,3.6727186251704893,5.188029327504897,-0.2448777505948574
2021-03-25,2021,False,False,1521.4868388814534,2014.9029865517025,3.7424037531201275,5.280358949815579,-0.24488332736787477
2021-03-26,2021,False,False,1535.2977411151521,2033.1962308379732,3.784803258217953,5.336519418600729,-0.2448846216469791
2021-03-29,2021,False,False,1543.8645464712597,2044.5380264567623,3.8108500973904578,5.371003198551081,-0.24488342770184757
2021-03-30,2021,False,False,1563.0223972024103,2069.919057043574,3.869888260045439,5.449219494988106,-0.24488718924359998
2021-03-31,2021,False,True,1560.180687165879,2066.137999104302,3.860375972479373,5.436566975402809,-0.24488069633188203
2021-04-01,2021,False,False,1541.7921967689706,2041.7345444512846,3.802342927173245,5.359553167579145,-0.2448615805815605
2021-04-05,2021,False,False,1572.0979375673166,2081.9102472436266,3.8959761369271764,5.483681866221198,-0.24487717967250644
2021-04-06,2021,False,False,1571.887469179357,2081.6148094243467,3.894558521498852,5.4817524814707985,-0.24487111541349516
2021-04-07,2021,False,False,1573.603131126977,2083.873839991741,3.8991380172072736,5.487776587770053,-0.2448664113307294
2021-04-08,2021,False,False,1582.864361913494,2096.139938462272,3.927204239419435,5.524949224785282,-0.24486703732448178
2021-04-09,2021,False,False,1574.321576581466,2084.794033378031,3.8998492890801915,5.488621330152602,-0.24485510252993048
2021-04-12,2021,False,False,1589.6230024980046,2105.0707463038602,3.946702979611029,5.550710273234356,-0.24486005741654648
2021-04-13,2021,False,False,1596.1566617552191,2113.719490789933,3.9662621709869903,5.576600780304708,-0.24485880519618608
2021-04-14,2021,False,False,1609.5319573361783,2131.4417353290874,4.00709894956036,5.63071001813373,-0.24486232456752
2021-04-15,2021,False,False,1615.0050427470337,2138.6839278740927,4.0233438343609125,5.652205063371984,-0.2448603453281707
2021-04-16,2021,False,False,1620.5743011011355,2146.0536666908315,4.039882758827974,5.674090084561752,-0.24485844587473615
2021-04-19,2021,False,False,1618.2186417846453,2142.913238421483,4.031774383658722,5.663287432902621,-0.2448510687363803
2021-04-20,2021,False,False,1606.6237012398576,2127.519510685682,3.9949438869574294,5.6143930069506665,-0.24483714806354173
2021-04-22,2021,False,False,1597.4504488354353,2115.3374689311845,3.9656526230507767,5.575497261209775,-0.24482477510192346
2021-04-23,2021,False,False,1612.976278286216,2135.9117898243935,4.013135286048844,5.6384204811946965,-0.24483010676258832
2021-04-26,2021,False,False,1613.8878275694676,2137.1043918420114,4.015189022900769,5.641095064766971,-0.24482499136206137
2021-04-27,2021,False,False,1597.826188105,2115.78684837456,3.9645057887369886,5.573828952538636,-0.24480758100348343
2021-04-28,2021,False,False,1620.1041596128928,2145.3159804290995,4.032942403270868,5.6645417223643975,-0.2448179315343353
2021-04-29,2021,False,False,1606.974459182127,2127.8868267735415,3.991378969349671,5.609370482290857,-0.24480266574198406
2021-04-30,2021,False,True,1591.3696411980814,2107.175128096828,3.9421417428511836,5.54402213694667,-0.24478529573600982
2021-05-03,2021,False,False,1595.6341766600035,2112.817952175661,3.9546529217595836,5.5605762229319655,-0.2447838797389481
2021-05-04,2021,False,False,1575.6791592476325,2086.3251229044863,3.8919666387049485,5.4773547576869035,-0.24475857480254848
2021-05-05,2021,False,False,1600.4699394161098,2119.203143598672,3.9681993684757275,5.578457651969269,-0.24477747956795126
2021-05-06,2021,False,False,1605.2754476837947,2125.5637560961436,3.9823801952940707,5.5972271472094315,-0.24477661840072096
2021-05-07,2021,False,False,1633.6072621932026,2163.140189377516,4.069565908978461,5.71286300826479,-0.24479824737420108
2021-05-10,2021,False,False,1631.9304469389954,2160.899747070907,4.063613975431278,5.70491942796824,-0.244791226825274
2021-05-11,2021,False,False,1646.0700736429012,2179.6453113447883,4.106732389791833,5.76208473012861,-0.24479911246324937
2021-05-12,2021,False,False,1602.6528652843049,2122.0217325096996,3.9713013546485074,5.58234215401827,-0.24475190770602573
2021-05-13,2021,False,False,1616.0030724123937,2139.719857387493,4.011972311425234,5.636260080510612,-0.24475951053449363
2021-05-14,2021,False,False,1631.7442457684217,2160.5904298439605,4.060045652855412,5.699999856279263,-0.24476928934362285
2021-05-17,2021,False,False,1645.9119229141074,2179.3732127765857,4.103226100870552,5.757247522266101,-0.24477739137797005
2021-05-18,2021,False,False,1646.521886532655,2180.1669773161716,4.104363687213721,5.758710735701152,-0.24477257766762628
2021-05-19,2021,False,False,1641.9785832755672,2174.1231425493206,4.089527711998067,5.738979482440699,-0.24476284202088683
2021-05-20,2021,False,False,1642.887751606438,2175.3139061155116,4.091594271507555,5.741675328870387,-0.24475830959947953
2021-05-21,2021,False,False,1641.488769299388,2173.442105762179,4.086507917262379,5.734880363140882,-0.24475155563264772
2021-05-24,2021,False,False,1660.7589553784408,2198.9951399520864,4.145461502352796,5.813056644879583,-0.24476460852267878
2021-05-25,2021,False,False,1646.8628333906115,2180.5415409696625,4.101655037793602,5.754886024540923,-0.24474594844991127
2021-05-26,2021,False,False,1660.2878416967817,2198.3389156041076,4.142484465432508,5.809014340366705,-0.24475346821555422
2021-05-27,2021,False,False,1665.3765258529152,2205.075259323188,4.157485185505267,5.828871913550649,-0.24475297665619122
2021-05-28,2021,False,False,1681.3835105381945,2226.298522879184,4.206289254099392,5.893581389039054,-0.24476277854969442
2021-05-31,2021,False,True,1690.1708458033572,2237.9424126012523,4.232727076790579,5.928614280499233,-0.24476571144705983
2021-06-01,2021,False,False,1717.6197392643476,2274.3635974192966,4.316924310812395,6.040335428332139,-0.24479105222519482
2021-06-02,2021,False,False,1735.4900747250315,2298.0698148911515,4.371450489200538,6.112670023981457,-0.2448053303344776
2021-06-04,2021,False,False,1742.5422898057852,2307.4156195144806,4.392482771282269,6.140543473298568,-0.24480779489026527
2021-06-07,2021,False,False,1751.2788671286785,2318.9973150628603,4.418720525961727,6.175326892046569,-0.24481203330707302
2021-06-08,2021,False,False,1738.11339236246,2301.505336148062,4.377192286330533,6.120154988083279,-0.24479280362153255
2021-06-09,2021,False,False,1739.7598865915552,2303.6753671205706,4.381493241776793,6.125818634486962,-0.24478947362877324
2021-06-10,2021,False,False,1742.070241276117,2306.7266334537067,4.387846107039536,6.134206082846516,-0.24478686983908782
2021-06-11,2021,False,False,1733.633269552861,2295.511461735325,4.360962842086596,6.098474554033548,-0.24477254918940994
2021-06-14,2021,False,False,1743.925978526899,2309.158829708515,4.391997283431223,6.1396253568726165,-0.24477868040500506
2021-06-15,2021,False,False,1742.412122982082,2307.133683893814,4.386523565821245,6.13231375854116,-0.2447719284123301
2021-06-16,2021,False,False,1731.3517670847075,2292.436125357985,4.3515435838650065,6.085834358627861,-0.24475463113968288
2021-06-17,2021,False,False,1715.339840345451,2271.165650359693,4.301271029765189,6.019054990074106,-0.24473151481760635
2021-06-18,2021,False,False,1720.0384897873057,2277.3872362598327,4.315010047900738,6.037247198566288,-0.24473165459022428
2021-06-21,2021,False,False,1731.5680896703223,2292.676503516605,4.349849916592137,6.083449547425143,-0.2447394619282881
2021-06-22,2021,False,False,1724.970425486659,2283.9029034110667,4.3286818086525205,6.0553046442530745,-0.24472690020649646
2021-06-23,2021,False,False,1720.4832231131315,2277.9308161220088,4.314038488803612,6.035821023468478,-0.24471664769779367
2021-06-24,2021,False,False,1735.031584825836,2297.2273105719746,4.358185776668021,6.0943784591193335,-0.24472794797401243
2021-06-25,2021,False,False,1704.9183002830325,2257.238119875214,4.264414689890263,5.969857449989634,-0.24468832717689315
2021-06-28,2021,False,False,1707.2847558511555,2260.3638568022066,4.2709467616692525,5.978482945140596,-0.2446858718283993
2021-06-29,2021,False,False,1705.972596340092,2258.6064505035106,4.266121493920612,5.972032259381702,-0.24467912683071458
2021-06-30,2021,False,True,1698.9982547953794,2249.332833553513,4.243821774059812,5.9423852887454105,-0.2446656939999008
2021-07-01,2021,False,False,1683.8785992518008,2229.2378406921434,4.196392444421426,5.879352631085234,-0.24463932537185762
2021-07-02,2021,False,False,1710.046522538158,2263.9740353346783,4.2763704045403035,5.985520826040001,-0.24467043532795396
2021-07-05,2021,False,False,1700.7226225605154,2251.575985940777,4.246830479472721,5.946245879940696,-0.24465235320499223
2021-07-06,2021,False,False,1676.390400495097,2219.246418501134,4.171004466862079,5.845501584683286,-0.2446127719213258
2021-07-07,2021,False,False,1702.1348956841043,2253.420287474348,4.249645000641237,5.94989367557076,-0.2446438397908136
2021-07-08,2021,False,False,1680.9323014801723,2225.246963073257,4.183491678573217,5.861995040314009,-0.24460865271391696
2021-07-12,2021,False,False,1709.9119476211724,2263.717213027851,4.272082058441435,5.979600862367475,-0.24464419063454146
2021-07-13,2021,False,False,1717.6253516867469,2273.945232757608,4.295086962040762,6.010107147373718,-0.2446496393390326
2021-07-14,2021,False,False,1720.8627066853815,2278.2289202542515,4.30428839577176,6.0222820087097135,-0.24464890626823743
2021-07-15,2021,False,False,1708.3731139925353,2261.626732575515,4.265018402383803,5.970085321996743,-0.24462640568142757
2021-07-16,2021,False,False,1688.2831873125547,2234.931065217153,4.202339975577937,5.886801521578901,-0.24459272431809176
2021-07-19,2021,False,False,1667.4171984099858,2207.204763114703,4.137288903551891,5.800366787765371,-0.24455708583330282
2021-07-20,2021,False,False,1680.9130006882674,2225.111987331824,4.178109581113922,5.854533040042292,-0.24457150459924326
2021-07-21,2021,False,False,1688.0119665053217,2234.524013976761,4.199215502583125,5.88251749684834,-0.24457649327241604
2021-07-22,2021,False,False,1690.9634741448617,2238.4280872991617,4.2075425952547425,5.893531285127202,-0.24457547520092937
2021-07-23,2021,False,False,1676.3994844955973,2219.071036010151,4.1619338965406945,5.832916679796653,-0.2445489768954252
2021-07-26,2021,False,False,1689.1512821990402,2235.9901990354356,4.200436435446391,5.884004424533668,-0.2445623049118424
2021-07-27,2021,False,False,1670.606801287621,2211.3469316751975,4.142589098070951,5.807136553089879,-0.2445297581496816
2021-07-28,2021,False,False,1693.0092866988055,2241.082507826193,4.210786314037066,5.8976597778616515,-0.2445573597640579
2021-07-29,2021,False,False,1684.9049130709438,2230.3040273158585,4.1850825285008515,5.8634795682346175,-0.24454025440706184
2021-07-30,2021,True,True,1633.1994670339343,2161.62196794747,4.025229129335181,5.651144516761446,-0.24445648163693012
2021-08-02,2021,False,False,1642.8308545041525,2174.3548887894153,4.054157292559271,5.68938715611343,-0.24445137131279981
2021-08-03,2021,False,False,1657.1016779681715,2193.228337451456,4.09734856198263,5.7465077494312125,-0.2444463489406975
2021-08-04,2021,False,False,1633.3411941801173,2161.765430459926,4.02355742652909,5.648796235162641,-0.24444106138166144
2021-08-05,2021,False,False,1631.1299519690497,2158.8240328894212,4.016055205943401,5.638821459822095,-0.24443589328310988
2021-08-06,2021,False,False,1646.9642385454306,2179.766803932453,4.064040985045348,5.7022878667385,-0.24443099345572616
2021-08-09,2021,False,False,1649.8121269715336,2183.5214212362894,4.072088707849879,5.712894251984121,-0.24442594841253007
2021-08-10,2021,False,False,1638.9039535882716,2169.069196081641,4.0378492355654565,5.667531411736217,-0.2444206221964229
2021-08-11,2021,False,False,1636.989045294727,2166.5200114152517,4.0312599883324935,5.658765053246094,-0.24441545119844765
2021-08-12,2021,False,False,1618.8615876945216,2142.51269903997,3.9748505279060575,5.584059139388089,-0.24440980516945787
2021-08-13,2021,False,False,1625.514886337505,2151.3039689315015,3.99459881276887,5.610151859845396,-0.2444048308315736
2021-08-16,2021,False,False,1598.5577506970744,2115.6101317887847,3.9110837194994597,5.499570297354177,-0.24439870717320378
2021-08-17,2021,False,False,1581.49092716366,2093.0066221608135,3.8579726888579327,5.429230059695322,-0.24439277428996686
2021-08-18,2021,False,False,1564.625235248474,2070.669320386315,3.8054942308343467,5.359727076434306,-0.24438672083258128
2021-08-19,2021,False,False,1571.67141098573,2079.9805829516295,3.8264616194424983,5.387433392648779,-0.24438169093125628
2021-08-20,2021,False,False,1583.6251982077586,2095.7873171416686,3.8624918856344284,5.435076200574558,-0.24437695311202678
2021-08-23,2021,False,False,1575.8788138630464,2085.519879443605,3.8380315245586116,5.402656621233507,-0.2443712335729572
2021-08-24,2021,False,False,1612.6522427744549,2134.1766627521306,3.9502371063259387,5.551121331177184,-0.24436797059955817
2021-08-25,2021,False,False,1620.8354825934287,2144.992887049075,3.974662474477598,5.583404508242138,-0.2443632366430566
2021-08-26,2021,False,False,1592.8069858665683,2107.881049406862,3.8879555989767747,5.468598561438271,-0.24435632346769798
2021-08-27,2021,False,False,1619.047822370085,2142.597414788552,3.967789692069995,5.574218009114107,-0.2443527602548401
2021-08-30,2021,False,False,1606.5212098988118,2126.003103772963,3.9286663809474067,5.522391337749992,-0.24434672411918879
2021-08-31,2021,False,True,1593.7076496521997,2109.0290028864206,3.8886737719392626,5.469414119283499,-0.24434057214431437
2021-09-01,2021,False,False,1601.9963015373623,2119.989219278514,3.9133813834211484,5.502084650919936,-0.24433752446978851
2021-09-02,2021,False,False,1565.5921669747281,2071.768215024875,3.801027381201707,5.353261173411563,-0.2443207905108582
2021-09-03,2021,False,False,1569.0737731842328,2076.36304555951,3.8110014946516104,5.3664219530952995,-0.24431626899744774
2021-09-06,2021,False,False,1581.6639599445728,2093.0192613465065,3.848896811508908,5.416555399748414,-0.24431466582536965
2021-09-08,2021,False,False,1521.9647613587294,2013.9514374271412,3.6651963200311357,5.173256486056045,-0.2442892449764993
2021-09-09,2021,False,False,1548.134014104393,2048.5887585358896,3.744718957412762,5.2785119569839,-0.24429243904919584
2021-09-10,2021,False,False,1533.7672005123127,2029.5490978156763,3.700001635890641,5.219251576554678,-0.24428179531944028
2021-09-13,2021,False,False,1562.2119222988665,2067.199545786379,3.78646780978643,5.333701555517064,-0.24428586225110227
2021-09-14,2021,False,False,1559.2680437447027,2063.285888446833,3.7767511186927427,5.320788279705833,-0.24427920896678867
2021-09-15,2021,False,False,1544.3233119695792,2043.4809609749968,3.730278522660612,5.259203643593193,-0.24426831398872284
2021-09-16,2021,False,False,1527.365923134718,2021.0109165792996,3.6776555907582145,5.189474879417427,-0.24425647055885769
2021-09-17,2021,False,False,1495.837218997939,1979.2458517894595,3.5804289295649925,5.060682835750751,-0.2442388005282239
2021-09-20,2021,False,False,1461.0796819498676,1933.205236331625,3.4733449950353137,4.918838017635825,-0.24421905419501366
2021-09-21,2021,False,False,1479.9800380127583,1958.2172417546603,3.5305511367737488,4.99454257679998,-0.24422070929851358
2021-09-22,2021,False,False,1507.2823322077752,1994.354911831206,3.61345707278287,5.104278260961277,-0.24422562741162424
2021-09-23,2021,False,False,1531.2257283783783,2026.0448018316195,3.686059501012233,5.200370276663365,-0.244229087632172
2021-09-24,2021,False,False,1520.79170836139,2012.212861256434,3.653449785165261,5.157142661574402,-0.24421926842679986
2021-09-27,2021,False,False,1524.8659824059412,2017.592489712686,3.6652368342839106,5.172704295449652,-0.24421507802941478
2021-09-28,2021,False,False,1478.531309412645,1956.2216813696919,3.5228197374603845,4.984072149856304,-0.24419030650073426
2021-09-29,2021,False,False,1491.7584129640416,1973.7212885882905,3.5626167597210703,5.036724011120609,-0.24418993624422736
2021-09-30,2021,False,True,1490.0937315018098,1971.5015163555818,3.5568615642257173,5.029056624940617,-0.2441833195967702
2021-10-01,2021,False,False,1515.8952830223143,2005.6684686660699,3.635056667244501,5.1326050104451,-0.24419448841886315
2021-10-04,2021,False,False,1482.336189616355,1961.1914491574844,3.5317523375614632,4.995693821942782,-0.24416548407185978
2021-10-05,2021,False,False,1483.2510555747374,1962.387267134067,3.5338561992197377,4.9984327285161765,-0.24415986568190262
2021-10-06,2021,False,False,1484.6687505786902,1964.2492583528485,3.5374961814752135,5.003206779806995,-0.24415460804415323
2021-10-07,2021,False,False,1485.0646969620425,1964.757585543481,3.5380128249413056,5.0038428893612865,-0.2441486380360498
2021-10-08,2021,False,False,1515.2549403922899,2004.7388979118825,3.629559854544117,5.125080653565177,-0.2441634459377401
2021-10-11,2021,False,False,1506.5530332444464,1993.1939305736603,3.6022698434227767,5.088877136317887,-0.2441513040274781
2021-10-13,2021,False,False,1523.7045843036765,2015.9009266563453,3.6539541365414667,5.157302769261898,-0.24415700982341704
2021-10-14,2021,False,False,1520.1288516657467,2011.1473734645951,3.6423235659360103,5.141845696944863,-0.2441484539012041
2021-10-15,2021,False,False,1539.789184443012,2037.1781299103588,3.701646364711486,5.220391236367508,-0.24415584389237155
2021-10-18,2021,False,False,1536.8919357972388,2033.3234664800825,3.6920834553418977,5.2076735352773085,-0.24414783917397265
2021-10-19,2021,False,False,1486.5866238575863,1966.6602133132994,3.5378102071354887,5.00323630437515,-0.24410601597869153
2021-10-20,2021,False,False,1488.1598606463024,1968.7282741216677,3.541919306108049,5.008631997929705,-0.24410093550861767
2021-10-21,2021,False,False,1447.294325988834,1914.5713132884348,3.416522203200592,4.842451367984238,-0.24406350604773963
2021-10-22,2021,False,False,1428.0517811683696,1889.061578331741,3.3571373948691665,4.763727165009126,-0.24404169903794037
2021-10-25,2021,False,False,1460.5295615366012,1932.0735348366538,3.4555508283605887,4.894062034278993,-0.2440610902213507
2021-10-26,2021,False,False,1429.8050830702068,1891.3519559520917,3.361156269849646,4.7689551805767625,-0.24403013486167668
2021-10-27,2021,False,False,1429.0988281856685,1890.4000313958245,3.358337383914816,4.765172404378849,-0.24402306154721265
2021-10-28,2021,False,False,1420.3245136552628,1878.7591351107255,3.330917864477093,4.728797484710247,-0.24400925743386725
2021-10-29,2021,False,True,1390.8175519178776,1839.6505837032748,3.2402974143837726,4.608690803973399,-0.2439773268692591
2021-11-01,2021,False,False,1418.3582214973299,1876.1414157624633,3.3236037844759325,4.719071531054605,-0.24400249918212613
2021-11-03,2021,False,False,1419.2932006175347,1877.3645183455803,3.325794576706901,4.721927821839623,-0.2439970039125482
2021-11-04,2021,False,False,1389.7795344928754,1838.2257823568482,3.23519589971926,4.601785105460455,-0.24395602116351855
2021-11-05,2021,False,False,1408.7640650328933,1863.374845351083,3.292395079320211,4.677558943787578,-0.2439717276705725
2021-11-08,2021,False,False,1408.2361468498505,1862.6587738157446,3.2901329683163754,4.6745126391949565,-0.2439645056592883
2021-11-09,2021,False,False,1418.3963628594627,1876.1105821137776,3.320427544500342,4.714622546797982,-0.24396974443724806
2021-11-10,2021,False,False,1424.2443169742587,1883.84618146135,3.3375797684612714,4.737311349052383,-0.2439699530725835
2021-11-11,2021,False,False,1446.1130749196716,1912.8184924196528,3.4035111903765882,4.824660451947786,-0.24398834460744578
2021-11-12,2021,False,False,1429.2653372335794,1890.4693427947432,3.3515461629885195,4.755729465047171,-0.2439627002251994
2021-11-16,2021,False,False,1403.4256753352247,1856.2007599541025,3.2722242780372133,4.650535037912032,-0.24392570803067304
2021-11-17,2021,False,False,1383.963226612164,1830.3856254245293,3.212336711648649,4.571102192739398,-0.2438952713632816
2021-11-18,2021,False,False,1377.0071419105427,1821.1485633081863,3.1905269078227096,4.542144136665205,-0.2438798406379563
2021-11-19,2021,False,False,1385.2230856106144,1832.0231007796751,3.21488843940549,4.574389474455121,-0.243883395891084
2021-11-22,2021,False,False,1373.0362379576006,1815.8522914258483,3.177171396281109,4.524345273580312,-0.24386127415712788
2021-11-23,2021,False,False,1393.6204353012618,1843.121826210475,3.2391496130836854,4.606454224214373,-0.243880455712146
2021-11-24,2021,False,False,1405.2073449228405,1858.4648180667455,3.2737449663103417,4.652265261760174,-0.24388811062638394
2021-11-25,2021,False,False,1422.6498663897744,1881.569838681307,3.326136130119428,4.721665922704293,-0.24390270446361184
2021-11-26,2021,False,False,1374.602592084099,1817.863490717055,3.1793937126302794,4.527100914311508,-0.2438361851131694
2021-11-29,2021,False,False,1382.559746435383,1828.3949845543893,3.202948005579519,4.558276286835049,-0.24383967462460743
2021-11-30,2021,False,True,1370.5619625035042,1812.4747925705924,3.165841831317641,4.509041922706968,-0.24381736611096982
2021-12-01,2021,False,False,1355.3115106686744,1792.232539215645,3.118891711149372,4.4467269643311935,-0.24378590332825067
2021-12-02,2021,False,False,1404.8589618397477,1857.9319182433808,3.2688522932476776,4.6455752109840835,-0.24385875066509433
2021-12-03,2021,False,False,1412.9987763274212,1868.712237786178,3.2929650322447683,4.677511139107311,-0.2438649740950113
2021-12-06,2021,False,False,1437.0373747973192,1900.5791571253847,3.3653674049969187,4.773493750851016,-0.24389501515378598
2021-12-07,2021,False,False,1446.45504549947,1913.054300789459,3.393340462176579,4.810549655276054,-0.24390277636000068
2021-12-08,2021,False,False,1453.7139034993036,1922.6662053819114,3.414749381559706,4.8388995391207725,-0.24390728903952252
2021-12-09,2021,False,False,1429.5680706289602,1890.6259843243931,3.340793736727611,4.740767158879737,-0.2438652158164376
2021-12-10,2021,False,False,1449.2877028167682,1916.7646471109954,3.4000349514460204,4.819294143318042,-0.24388854677532912
2021-12-13,2021,False,False,1444.307031408678,1910.1432310539053,3.3842798004599937,4.798353259920788,-0.2438750100369207
2021-12-14,2021,False,False,1435.9956204027262,1899.104246143456,3.358420007003504,4.764010575084922,-0.24385634789726396
2021-12-15,2021,False,False,1445.0445498047925,1911.0903272331852,3.385250801430728,4.799551571083366,-0.24386381469635643
2021-12-16,2021,False,False,1457.0943629508254,1927.0564884734047,3.421179254727255,4.847158829351467,-0.24387563537116586
2021-12-17,2021,False,False,1442.0477244891333,1907.0845533413678,3.3748919697012134,4.7857231465138295,-0.243846990442795
2021-12-20,2021,False,False,1412.8534880012583,1868.3486210387218,3.285703199194918,4.667387121452139,-0.24379557857046386
2021-12-21,2021,False,False,1419.3386597096396,1876.9343834297292,3.304753300679149,4.692608615254811,-0.2437995317044186
2021-12-22,2021,False,False,1415.9509507179182,1872.425717693811,3.2938584787113756,4.678114089757406,-0.24378791781289666
2021-12-23,2021,False,False,1411.2733176146257,1866.2062221523652,3.279055684364299,4.658436422928049,-0.24377418697760445
2021-12-27,2021,False,False,1420.2122950653932,1878.046473674471,3.3055374904537684,4.693514645180294,-0.24378213480165234
2021-12-28,2021,False,False,1411.0051779195978,1865.8195113107026,3.2770076120542075,4.6556307357859055,-0.24376116266015802
2021-12-29,2021,False,False,1400.9023546339588,1852.404571493616,3.245771315819473,4.614157310054256,-0.24373844882902962
2021-12-30,2021,False,True,1410.5399292387062,1865.171374292936,3.2743634219354725,4.652034467554351,-0.2437478139115099
2022-01-03,2022,False,False,1398.5089241729847,1849.1904882313127,3.2372943886355037,4.602799055382711,-0.2437183010222973
2022-01-04,2022,False,False,1393.0857632047926,1841.9783047871788,3.2202540431766646,4.580142008155043,-0.2437013185311382
2022-01-05,2022,False,False,1359.5041756846294,1797.3994908707873,3.1179269709183917,4.444308280439425,-0.24362714989643752
2022-01-06,2022,False,False,1367.0003689939722,1807.3314733599964,3.140035729575052,4.473602673862118,-0.24363605174617353
2022-01-07,2022,False,False,1382.58071247864,1827.9912375214549,3.1866178748451963,4.5353736103749895,-0.24366119262515729
2022-01-10,2022,False,False,1372.245917393311,1814.2612461049457,3.154723798336148,4.493005502912898,-0.24363378188262663
2022-01-11,2022,False,False,1396.8825472080748,1846.938830371625,3.228705995584484,4.5911367216093595,-0.2436768753586679
2022-01-12,2022,False,False,1422.4966766874284,1880.913570524698,3.3056255708325146,4.693165895217447,-0.24372033942494764
2022-01-13,2022,False,False,1420.4498451505626,1878.1818240105233,3.298810599245108,4.684078153079837,-0.24371015255730433
2022-01-14,2022,False,False,1439.2469536494295,1903.1102808625985,3.3550700326567746,4.758691051601523,-0.24373959400971734
2022-01-17,2022,False,False,1431.8674524746027,1893.3020062823207,3.3321159057724614,4.728186447475686,-0.24371946592598226
2022-01-18,2022,False,False,1435.8545694845882,1898.5773948693443,3.3435531488297823,4.743319690615994,-0.24372081255955313
2022-01-19,2022,False,False,1453.9477173196558,1922.571685959613,3.3976526089172934,4.815066312134794,-0.24374850210386456
2022-01-20,2022,False,False,1468.5907874633795,1941.987675135352,3.441302784667477,4.8729465981915885,-0.2437692544258696
2022-01-21,2022,False,False,1466.4889799508646,1939.1829747235886,3.4343079307369546,4.863620225946056,-0.2437593568704376
2022-01-24,2022,False,False,1453.0661440870028,1921.3551094986221,3.3930879680142603,4.808876662751377,-0.24372848261965452
2022-01-25,2022,False,False,1483.507432403837,1961.7355577326534,3.4844761883518887,4.930106047558043,-0.24377807877507507
2022-01-26,2022,False,False,1498.1089353464602,1981.0963866443622,3.527963103378765,4.987769735108176,-0.24379805775931984
2022-01-27,2022,False,False,1515.8896587345464,2004.6760860727243,3.581045162386742,5.058166327173292,-0.24382314466360433
2022-01-28,2022,False,False,1506.529681558898,1992.239691815898,3.5521040737750864,5.0197170544077485,-0.24380099053958826
2022-01-31,2022,False,True,1509.70690858615,1996.4403449360047,3.561048062193805,5.031541827601223,-0.24380064126857592
2022-02-01,2022,False,False,1524.3053787953725,2015.805183519251,3.604420063133875,5.089077660868962,-0.24382306819243504
2022-02-02,2022,False,False,1506.4720460039991,1992.1109927133957,3.5498281472064823,5.016548857344543,-0.24378106866822824
2022-02-03,2022,False,False,1503.8630358350579,1988.6298179774892,3.541226586278782,5.005080505653575,-0.2437692413942869
2022-02-04,2022,False,False,1511.2770846411634,1998.4560498932362,3.5628896564726045,5.033793889714205,-0.24377767290809293
2022-02-07,2022,False,False,1507.9976357447943,1994.0847476221024,3.5522648679934994,5.0196393715951615,-0.24376452026773443
2022-02-08,2022,False,False,1511.2428965437532,1998.376166523804,3.5613367806721694,5.03163576869774,-0.2437645515095509
2022-02-09,2022,False,False,1514.3379790677684,2002.4681968576142,3.569952605191804,5.043026642359383,-0.24376427978024684
2022-02-10,2022,False,False,1526.544323897528,2018.6570603951682,3.606057194545502,5.090913791886326,-0.24378223827741452
2022-02-11,2022,False,False,1529.3403907491102,2022.3520938482666,3.6137611026092555,5.1010939636578385,-0.24378133985611816
2022-02-14,2022,False,False,1533.7750098505262,2028.222598997462,3.626405014630892,5.117832891086168,-0.2437836899122109
2022-02-15,2022,False,False,1546.2843929850835,2044.813800180939,3.663397375669299,5.166898762450452,-0.24380185968607127
2022-02-16,2022,False,False,1551.067640224762,2051.1471716484525,3.6770806481940124,5.1850176577242655,-0.24380480266649507
2022-02-17,2022,False,False,1528.9622718622184,2021.781088188127,3.609692663500816,5.095499948520217,-0.24375478591876698
2022-02-18,2022,False,False,1520.317972268971,2010.286985380101,3.5829036130589316,5.059884614028545,-0.24373087856333486
2022-02-21,2022,False,False,1504.8888327541542,1989.7847919155722,3.535673829684157,4.997130559390208,-0.2436926652226581
2022-02-22,2022,False,False,1520.582799843994,2010.6040988913805,3.5822479297439935,5.05891798238481,-0.24371844229183537
2022-02-23,2022,False,False,1508.779392967107,1994.9157151373624,3.5459575747502425,5.010688009452884,-0.24368764979967183
2022-02-24,2022,False,False,1503.257996966219,1987.567826388427,3.528603447337586,4.987599286725877,-0.24366958600967015
2022-02-25,2022,False,True,1524.0942290954304,2015.214411559431,3.5906452683597294,5.069922926383828,-0.2437061682602586
2022-03-02,2022,False,False,1551.3822908911893,2051.4472654676797,3.6721985488851683,5.178212161572752,-0.24376204204424812
2022-03-03,2022,False,False,1551.3204752402555,2051.3502288998293,3.6713729065542866,5.177074327374247,-0.24375640327773163
2022-03-04,2022,False,False,1542.0897395530183,2039.0737644222093,3.6429415998585464,5.1392668423824555,-0.24373028261192708
2022-03-07,2022,False,False,1503.5139007662626,1987.8170747610116,3.5261775885136526,4.984123651442563,-0.24363568466327568
2022-03-08,2022,False,False,1498.3299332377796,1980.916087532833,3.5099546492312417,4.962533031293244,-0.24361766625667558
2022-03-09,2022,False,False,1534.5361709857837,2028.9952963734997,3.618303113773904,5.106415392642544,-0.2436965360498773
2022-03-10,2022,False,False,1531.4010642083206,2024.8158894094527,3.6082373700701744,5.0930036338405085,-0.24368379751555536
2022-03-11,2022,False,False,1505.299408384088,1990.1291350867434,3.5290737123153626,4.987806478652674,-0.24361721968435135
2022-03-14,2022,False,False,1481.4034959730934,1958.3723542813743,3.4565673337081977,4.891452453738579,-0.2435537129931069
2022-03-15,2022,False,False,1468.4652341231797,1941.17104070014,3.4170406276606435,4.838906603145076,-0.24351579364509024
2022-03-16,2022,False,False,1497.3815234123697,1979.566731594471,3.503403077931938,4.953584155171342,-0.24358118394610428
2022-03-17,2022,False,False,1523.7604702937363,2014.5919733174574,3.582111857088872,5.0580950537157,-0.24363817066910176
2022-03-18,2022,False,False,1553.7689042699062,2054.438401859128,3.6717118892904104,5.177073232322102,-0.24370139164851568
2022-03-21,2022,False,False,1565.126269200015,2069.5099005304082,3.705216988576158,5.221538372734215,-0.24372129420647926
2022-03-22,2022,False,False,1580.1615269010474,2089.466885135252,3.7497682185849213,5.28067652315556,-0.24374894948442183
2022-03-23,2022,False,False,1582.68626386053,2092.8056655369746,3.7567073504004993,5.289853093143912,-0.24374905423698645
2022-03-24,2022,False,False,1604.1263568124264,2121.2704382894945,3.8204862518608627,5.374532118886611,-0.24378979320245087
2022-03-25,2022,False,False,1604.5502069756412,2121.8185302371335,3.821101414021319,5.375308339964072,-0.24378537367363018
2022-03-28,2022,False,False,1599.9917587798484,2115.7484443134167,3.80674842184305,5.356201799111726,-0.2437703248322307
2022-03-29,2022,False,False,1617.1520390713363,2138.528177872838,3.8576385662983874,5.423760228454729,-0.24380138835491372
2022-03-30,2022,False,False,1620.490554558171,2142.9479314828727,3.8670023481610594,5.436157609914431,-0.24380311310838654
2022-03-31,2022,False,True,1617.0426210704898,2138.352984809649,3.8559838470585266,5.4214804348638115,-0.24379060306807354
2022-04-01,2022,False,False,1638.1593647632567,2166.39897493679,3.918620090155163,5.504674545480249,-0.24383302258022266
2022-04-04,2022,False,False,1634.3148701074115,2161.272482353815,3.906301553490411,5.4882567806482045,-0.2438182212325679
2022-04-05,2022,False,False,1602.2620682582747,2118.658283048024,3.8093174244719137,5.359321860649677,-0.243737378000775
2022-04-06,2022,False,False,1593.4997714490005,2106.9962290226235,3.7822612000522833,5.323318330663378,-0.24371019297543772
2022-04-07,2022,False,False,1602.0585273383165,2118.353157995593,3.807187621514215,5.356397662968456,-0.24372453134575522
2022-04-08,2022,False,False,1594.8722978894793,2108.7856341587153,3.7848687288646934,5.326689886154364,-0.2437010798749385
2022-04-11,2022,False,False,1576.5628195138868,2084.435759480513,3.7291906489996602,5.252649104851555,-0.2436500801987772
2022-04-12,2022,False,False,1565.8081128944423,2070.1258728814123,3.6961884996044825,5.208743738712997,-0.24361695421206886
2022-04-13,2022,False,False,1574.3766571891786,2081.4958102518435,3.7211421222529024,5.241859279479961,-0.24363207966357026
2022-04-14,2022,False,False,1566.3793309678993,2070.850371397918,3.696419013474843,5.208956455193379,-0.24360574158212978
2022-04-18,2022,False,False,1559.8032007610216,2062.0936449370643,3.675964155010951,5.181725978826794,-0.24358275164141385
2022-04-19,2022,False,False,1551.4003931973941,2050.9093376732276,3.6500406169349233,5.147227861774937,-0.24355486383543912
2022-04-20,2022,False,False,1541.894177576166,2038.2586454407547,3.6208185132408754,5.108346098324028,-0.24352378878650827
2022-04-22,2022,False,False,1498.1501311103964,1980.1072518464218,3.489016320942679,4.9331395339981094,-0.24339950287369905
2022-04-25,2022,False,False,1492.9390141525623,1973.1645731411545,3.4726965103908354,4.911404429151992,-0.24337836059163742
2022-04-26,2022,False,False,1459.8439482577662,1929.1652468015543,3.37285748335134,4.778675656507887,-0.2432768780807637
2022-04-27,2022,False,False,1475.1357861988943,1949.4701712557642,3.4179665727898785,4.838577120721866,-0.24331451286137107
2022-04-28,2022,False,False,1482.8260557607,1959.6729167991728,3.4402986697325915,4.868208891912416,-0.24332982149762494
2022-04-29,2022,False,True,1455.487108604109,1923.3232409558227,3.357745834144038,4.758452817233002,-0.24324363288992235
2022-05-02,2022,False,False,1438.9389364702326,1901.304960778539,3.307614179118943,4.6917552234491575,-0.2431835154519233
2022-05-03,2022,False,False,1437.502050989344,1899.3794202098954,3.302727227451098,4.685217312192885,-0.24317277754305167
2022-05-04,2022,False,False,1461.8931470438874,1931.7960848766734,3.3751393327391535,4.781460191441547,-0.24324665605830997
2022-05-05,2022,False,False,1421.181960910274,1877.6494254550819,3.2527207753027776,4.618646267683869,-0.2431057993875373
2022-05-06,2022,False,False,1418.9551645207298,1874.6735789418742,3.2454798884069156,4.608978476366277,-0.24309214123472445
2022-05-09,2022,False,False,1393.7289675867726,1841.1165531481895,3.1694366721388354,4.5078275998450055,-0.24299797033295545
2022-05-10,2022,False,False,1391.896120993465,1838.6645224328308,3.1633874455276993,4.499744322708671,-0.24298527327226815
2022-05-11,2022,False,False,1409.1981320319308,1861.6551770871924,3.2145675509383453,4.567756103305904,-0.24304019918618391
2022-05-12,2022,False,False,1426.5508282381904,1884.7132253329726,3.265885309397877,4.635950925285496,-0.24309395771011189
2022-05-13,2022,False,False,1443.1767688639181,1906.8049421885753,3.3150161613218527,4.701237935328711,-0.24314399604634873
2022-05-16,2022,False,False,1460.7684094326332,1930.1807030796133,3.367020656001892,4.770345898593762,-0.24319603490907893
2022-05-17,2022,False,False,1468.2770538040693,1940.149596526523,3.388871628218684,4.799360207008628,-0.24321451478136213
2022-05-18,2022,False,False,1434.234989867672,1894.870543074167,3.2865330494618643,4.663245747538606,-0.24309605470945628
2022-05-19,2022,False,False,1444.4452341351518,1908.4316219176262,3.31646225902925,4.703001315157264,-0.24312444965476554
2022-05-20,2022,False,False,1464.3713423527709,1934.9114103922416,3.375413490664261,4.781346058485578,-0.2431842954216099
2022-05-23,2022,False,False,1489.3294954829719,1968.0820631492513,3.44938197998715,4.879658526518676,-0.2432584375573229
2022-05-24,2022,False,False,1492.5256097841009,1972.3167960480266,3.458324971520735,4.891509777740202,-0.2432627391427653
2022-05-25,2022,False,False,1492.5579237304978,1972.3447781808911,3.4578162261839465,4.890793527013251,-0.2432570916393758
2022-05-26,2022,False,False,1510.169811548781,1995.7474608505113,3.5098053283661157,4.959881110182062,-0.24330615913438058
2022-05-27,2022,False,False,1510.9098406158507,1996.7164572042905,3.5114028900038967,4.961965534540497,-0.24330275579971106
2022-05-30,2022,False,False,1498.7590760951741,1980.5451950972783,3.4745148153201013,4.912877499272645,-0.24325934101112012
2022-05-31,2022,False,True,1503.0738844568893,1986.2674008352144,3.4867877147966837,4.929156420403625,-0.24326710299687992
2022-06-01,2022,False,False,1503.2479482485014,1986.4832319690638,3.486669544232309,4.928957912357922,-0.24326169783047435
2022-06-02,2022,False,False,1517.146429141544,2004.956942078509,3.527508172796991,4.9832451021242985,-0.24330223891554448
2022-06-03,2022,False,False,1499.8888178445404,1981.9830514370938,3.475371579246283,4.913845422020313,-0.24323832297304315
2022-06-06,2022,False,False,1487.648501808116,1965.68377356615,3.438218289241431,4.864378355574535,-0.24319032297386312
2022-06-07,2022,False,False,1486.1386916919198,1963.6595120394722,3.4330841655582827,4.857507067163199,-0.24317903252565187
2022-06-08,2022,False,False,1463.3633696681848,1933.345295471901,3.364526454059349,4.766262065744911,-0.24309259546365747
2022-06-09,2022,False,False,1446.3287462919238,1910.6680503229572,3.313107593315876,4.697817247483968,-0.24302458187467302
2022-06-10,2022,False,False,1424.7549845554847,1881.952294523898,3.2481690580243034,4.611386935255126,-0.24293777865611432
2022-06-13,2022,False,False,1386.1444361408853,1830.572145257048,3.1324578590230816,4.457412698807213,-0.24278076680433502
2022-06-14,2022,False,False,1379.0192994192448,1821.0776973601264,3.1106324042305378,4.428336642237424,-0.242745489981948
2022-06-15,2022,False,False,1389.037280957935,1834.3890980575923,3.1399067414301207,4.467239718877297,-0.2427793632066576
2022-06-17,2022,False,False,1349.1015433547016,1781.2460219103484,3.0203111125938316,4.308097979298612,-0.24260796837720433
2022-06-20,2022,False,False,1349.5209877205518,1781.7882879517274,3.020990457169635,4.308960562852763,-0.24260306522055586
2022-06-21,2022,False,False,1347.31365315234,1778.836095064956,3.0138440510993236,4.299412398406026,-0.24258696071537633
2022-06-22,2022,False,False,1345.1866371436743,1775.9907516369885,3.006938919151369,4.290185217642094,-0.24257114745458452
2022-06-23,2022,False,False,1325.899071467764,1750.3163702496172,2.9489264644480273,4.212968908699754,-0.24248033441024486
2022-06-24,2022,False,False,1333.8836123461651,1760.9226423281236,2.9721434854324253,4.243813881011145,-0.2425086825037176
2022-06-27,2022,False,False,1361.9735379581646,1798.2755280158574,3.05521682930972,4.354286982607827,-0.24262243647339754
2022-06-28,2022,False,False,1359.7123001162677,1795.251626477268,3.047910164791836,4.344525681318773,-0.24260628423194208
2022-06-29,2022,False,False,1346.7556873434592,1777.9994440839057,3.008769586706256,4.292415070979733,-0.24254437096443526
2022-06-30,2022,False,True,1332.326791125219,1758.7886522453623,2.965258306920294,4.234490036444531,-0.24247476271563362
2022-07-01,2022,False,False,1337.8981548481163,1766.1888047601237,2.9812755068457473,4.25576943459864,-0.24249426151819375
2022-07-04,2022,False,False,1333.3178694480464,1760.0763233080474,2.9670834880148726,4.236838026277841,-0.242465879580672
2022-07-05,2022,False,False,1329.1535242344726,1754.5174905709869,2.954132881275523,4.219559045472549,-0.24243928522940206
2022-07-06,2022,False,False,1334.8910226740265,1762.1387813055758,2.9706390192853473,4.241489292835282,-0.24245976716714657
2022-07-07,2022,False,False,1361.9002010574122,1798.074331276176,3.0504042235102187,4.347622285341977,-0.2425784755567869
2022-07-08,2022,False,False,1356.037500459518,1790.2548555267394,3.0323969852237145,4.323612569535759,-0.24254499504734672
2022-07-11,2022,False,False,1328.2420673325487,1753.241208173456,2.9491835500472208,4.212808349375985,-0.24240768404233193
2022-07-12,2022,False,False,1329.0774518848955,1754.3374043328474,2.9511079402014153,4.21532920314125,-0.24240488254861836
2022-07-13,2022,False,False,1323.8949784198496,1747.4233637643504,2.9351443095282144,4.194039722441805,-0.24237308149075198
2022-07-14,2022,False,False,1300.3389975418977,1716.0527568439018,2.8645795284998368,4.100071878534098,-0.24224998773730522
2022-07-15,2022,False,False,1306.1544009615786,1723.7777451617997,2.8813134880703477,4.122305454704654,-0.2422721521799328
2022-07-18,2022,False,False,1311.0979658601127,1730.3422486489326,2.89545236036536,4.141084779517202,-0.24228980313933257
2022-07-19,2022,False,False,1328.9614213871632,1754.104130693974,2.947968573932724,4.210947339733124,-0.24237028000077288
2022-07-20,2022,False,False,1329.5726112290583,1754.901906269385,2.949225577908093,4.212579919612034,-0.24236642146255483
2022-07-21,2022,False,False,1339.6277350732475,1768.270291982539,2.978529548371969,4.251545203172581,-0.2424078258017378
2022-07-22,2022,False,False,1338.2225133985305,1766.384067114234,2.9737942281347762,4.2452015567588965,-0.2423943703337389
2022-07-25,2022,False,False,1356.3053364771956,1790.437944419677,3.026920976392069,4.315876832010917,-0.24247285938926744
2022-07-26,2022,False,False,1349.6732403957053,1781.5943434843086,3.006663563515664,4.288872096857575,-0.24243515627911372
2022-07-27,2022,False,False,1372.0634982103493,1811.3817511963177,3.0725559664194106,4.376539473515572,-0.2425321181997241
2022-07-28,2022,False,False,1387.6478643273817,1832.109988106245,3.1182313667149533,4.437296459896996,-0.24259576480901146
2022-07-29,2022,False,True,1395.312069581818,1842.2958753547161,3.140391897868895,4.466753339331502,-0.24262324621816556
2022-08-01,2022,False,False,1382.7565291891174,1825.5599727301096,3.1026058012577007,4.416393107945372,-0.24255759884940042
2022-08-02,2022,False,False,1398.0406887773684,1845.9009998698223,3.1474185272642163,4.476038049400995,-0.24262423126919497
2022-08-03,2022,False,False,1403.6217227513011,1853.3193982763732,3.163438176848068,4.4973363632133845,-0.2426444551021808
2022-08-04,2022,False,False,1432.058817469723,1891.1775126099012,3.2472408512964055,4.608908161189907,-0.24276869414895696
2022-08-05,2022,False,False,1439.875362336391,1901.5731658149605,3.2698727867118347,4.639012740297073,-0.24279781171643688
2022-08-08,2022,False,False,1465.8024685470689,1936.0884758914544,3.346197856978546,4.740625879270782,-0.24290522525208802
2022-08-09,2022,False,False,1469.1817817401284,1940.5746211915089,3.355656223256374,4.753185909693826,-0.24291404942828032
2022-08-10,2022,False,False,1490.4742791158424,1968.9175563366414,3.418212194827216,4.836461373339703,-0.24299812639742435
2022-08-11,2022,False,False,1483.5744257399779,1959.713901201616,3.3971922412396243,4.808430377272831,-0.242963768930602
2022-08-12,2022,False,False,1524.465322083609,2014.1579962918538,3.517807293895504,4.969028980120171,-0.24312525388265904
2022-08-15,2022,False,False,1528.0985974666182,2018.98236859457,3.5279912060979406,4.982555330800711,-0.24313425355450724
2022-08-16,2022,False,False,1534.5836510206148,2027.6047408405852,3.546621663464399,5.007330805015259,-0.2431544372970732
2022-08-17,2022,False,False,1537.2469356527813,2031.137278857528,3.5539257496153995,5.017021820417715,-0.24315950888486948
2022-08-18,2022,False,False,1538.6998102064497,2033.0577919784696,3.5576427089180083,5.021935507470032,-0.24315982739031516
2022-08-19,2022,False,False,1507.6797168216583,1991.730786185161,3.465185872636896,4.8987648831134045,-0.24303036972713787
2022-08-22,2022,False,False,1494.37234644002,1973.9935959132872,3.425204579389784,4.845481229046685,-0.24297001290491305
2022-08-23,2022,False,False,1526.0145405387834,2016.1202635966679,3.518323176157571,4.969460100762533,-0.24309349591256912
2022-08-24,2022,False,False,1526.6042922747613,2016.8912692117315,3.5194875430968597,4.970974281357938,-0.24309043547428844
2022-08-25,2022,False,False,1535.1473245464704,2028.2544587950492,3.544194139584145,5.0038420273212525,-0.24311896966888724
2022-08-26,2022,False,False,1518.6596610174054,2006.2817521297602,3.4948104752799276,4.938036327240314,-0.2430476629689332
2022-08-29,2022,False,False,1519.0284361488227,2006.7584609653165,3.4953234729056764,4.938683041971472,-0.24304371168908878
2022-08-30,2022,False,False,1493.6960767520386,1973.006382837743,3.419787696551767,4.838047961568003,-0.24293398655726606
2022-08-31,2022,False,True,1481.5676058287097,1956.8392515982887,3.3833361119192586,4.789465241415055,-0.24287720382826083
2022-09-01,2022,False,False,1493.4473957134671,1972.653020078751,3.417861009998987,4.8354294156435795,-0.24292443703361144
2022-09-02,2022,False,False,1499.648837752401,1980.9004947741446,3.43558106940851,4.859001463416484,-0.24294590177111053
2022-09-05,2022,False,False,1517.652280885739,2004.8739182765753,3.488198549302987,4.929073691565706,-0.24301859231609968
2022-09-06,2022,False,False,1484.9881217201882,1961.3336961223,3.3909814919915444,4.79949417327067,-0.2428681949144511
2022-09-08,2022,False,False,1487.0721313584968,1964.0947680771128,3.3965246738741977,4.806840789753537,-0.24287149707426314
2022-09-09,2022,False,False,1519.096593686279,2006.7509410819873,3.4905727009307226,4.932118491374118,-0.24300691102841987
2022-09-12,2022,False,False,1533.9761946130395,2026.5619024537211,3.5339197870336134,4.989838135331196,-0.24306472318672756
2022-09-13,2022,False,False,1498.9921833628428,1979.9305201791217,3.4298952787249775,4.851187858677393,-0.2429066737012413
2022-09-14,2022,False,False,1495.723946552349,1975.5598224464684,3.4196148695088393,4.837449876372005,-0.24288602675666204
2022-09-15,2022,False,False,1487.8198941171822,1965.0119858871599,3.3956412178476114,4.805465912159589,-0.24284436695409561
2022-09-16,2022,False,False,1478.8396534367487,1953.0301483379833,3.3684952485823203,4.769254904360339,-0.24279732461107573
2022-09-19,2022,False,False,1512.9927587241148,1998.522698830295,3.4687549835733344,4.902809658992433,-0.24294442109181624
2022-09-20,2022,False,False,1522.3329267093752,2010.9524679651165,3.4957096696522116,4.938686798940719,-0.24297915989539798
2022-09-21,2022,False,False,1514.5893773055548,2000.618498735097,3.4722127282644326,4.907338086816231,-0.24293943184911926
2022-09-22,2022,False,False,1543.2596346800153,2038.8052554975636,3.55622836050616,5.019247907415835,-0.24305686846810293
2022-09-23,2022,False,False,1511.7365622285467,1996.7855103460022,3.462534130840522,4.894362625423959,-0.24291489777157205
2022-09-26,2022,False,False,1476.8966953047473,1950.3461977280322,3.359076683260673,4.756468046702555,-0.24275151917890714
2022-09-27,2022,False,False,1467.0511864026953,1937.211406230734,3.3294090661125066,4.716897067291374,-0.24269948974894673
2022-09-28,2022,False,False,1468.1024522252737,1938.5963660968387,3.3319026973065533,4.720180369261431,-0.24269823368071985
2022-09-29,2022,False,False,1457.5993770193604,1924.5853796264134,3.3003072376238496,4.67804059738054,-0.2426423932918481
2022-09-30,2022,False,True,1489.458509156959,1967.0212532018704,3.3936829178671353,4.802422575816727,-0.24278474026020114
2022-10-03,2022,False,False,1571.2707914584614,2076.0734013471542,3.6343335539255603,5.123207200551996,-0.24315258292945174
2022-10-04,2022,False,False,1572.6034748317763,2077.833422632592,3.637580285555223,5.127494611125307,-0.24315228655851284
2022-10-05,2022,False,False,1585.6291459624156,2095.1820594496376,3.675303393667744,5.177744536192357,-0.24320221299578682
2022-10-06,2022,False,False,1590.5466652112873,2101.721238070031,3.689111630929502,5.196112140536648,-0.2432171134779726
2022-10-07,2022,False,False,1574.6994902820086,2080.577771254332,3.6417081511628835,5.132874786306064,-0.24314317299821064
2022-10-10,2022,False,False,1568.92190277546,2072.8586686945973,3.6239961767623337,5.109220951059821,-0.24311197551953523
2022-10-11,2022,False,False,1554.0409641401504,2053.003348793268,3.5794635748936203,5.0498109585774795,-0.24304021956242883
2022-10-13,2022,False,False,1547.0241376898243,2043.632143293953,3.5581147250731417,5.02130861312302,-0.24300263980174508
2022-10-14,2022,False,False,1517.2027401892753,2003.8588115080977,3.4695912216505382,4.903251764643093,-0.2428594612175129
2022-10-17,2022,False,False,1538.0583311297992,2031.6459788438422,3.5303632728418233,4.984229687316177,-0.242949634362445
2022-10-18,2022,False,False,1566.5227311879016,2069.5769009195187,3.6135259348782247,5.095057873419286,-0.24307102070384956
2022-10-19,2022,False,False,1573.6950699648587,2079.122113194097,3.63396663711678,5.122267706696398,-0.2430963722726054
2022-10-20,2022,False,False,1585.7709975942237,2095.2045906169587,3.6688385031480157,5.168716592424434,-0.24314264836195598
2022-10-21,2022,False,False,1622.7981069912894,2144.5509683968785,3.777150741805385,5.3130732069381175,-0.24329235774499514
2022-10-24,2022,False,False,1570.3381390694292,2074.5968156089675,3.6220401444280466,5.106245226222127,-0.2430634582804566
2022-10-25,2022,False,False,1551.7886938053798,2049.850791928807,3.566770729268333,5.032521459472652,-0.24297480581734232
2022-10-26,2022,False,False,1526.8742373508755,2016.6191942994028,3.4927886931024723,4.933850799762844,-0.24285445578071596
2022-10-27,2022,False,False,1552.0921049152817,2050.2219713444474,3.5663198144021226,5.031838691804788,-0.2429638709327232
2022-10-28,2022,False,False,1550.778298455948,2048.453800061341,3.561783493031175,5.025750257571234,-0.2429517822615722
2022-10-31,2022,False,True,1570.9150449929234,2075.28263328552,3.6203383676262444,5.103772450839766,-0.24303561365716164
2022-11-01,2022,False,False,1582.9200402049262,2091.2782300739323,3.6549626237462896,5.149913924640295,-0.24308491455535985
2022-11-03,2022,False,False,1582.5369367870078,2090.750555859318,3.653151828247596,5.147458264802464,-0.24307711775947827
2022-11-04,2022,False,False,1599.469924821097,2113.3191194389074,3.702248786773767,5.212903482107621,-0.2431479419701833
2022-11-07,2022,False,False,1561.8002374895318,2063.058524201676,3.59082962225024,5.064251981780353,-0.24296852504759248
2022-11-08,2022,False,False,1572.8179446315248,2077.737274165877,3.6225362075871406,5.1065019079085285,-0.24301404023136453
2022-11-09,2022,False,False,1538.2698200148639,2031.6402255900139,3.5203344696293373,4.970144653511648,-0.24284339292005752
2022-11-10,2022,False,False,1487.3043941041858,1963.6457473501523,3.36992623506445,4.769489488321294,-0.24258008548067633
2022-11-11,2022,False,False,1520.581739698748,2008.0144480944364,3.467043888656721,4.8989848651422925,-0.24274362610201927
2022-11-14,2022,False,False,1532.8040911461828,2024.2999550691918,3.5022884157620284,4.945953752589784,-0.2427979424157075
2022-11-16,2022,False,False,1493.7279574522195,1972.1634388297664,3.3868662480241385,4.791963109632206,-0.24259423532434965
2022-11-17,2022,False,False,1486.5298443699967,1962.5458909440174,3.36508543347525,4.762871504754125,-0.24255027552249953
2022-11-18,2022,False,False,1475.4155645931223,1947.704952001915,3.3318131667443396,4.718452589553479,-0.24248507810351771
2022-11-21,2022,False,False,1487.2386027345015,1963.457854081587,3.3658846403478684,4.763856903219102,-0.24254111202699502
2022-11-22,2022,False,False,1477.746382414766,1950.7804213234433,3.337382983313079,4.725801060532561,-0.2424845122178142
2022-11-23,2022,False,False,1475.1764419557232,1947.3359394412926,3.329204525181872,4.714852353459406,-0.24246432673606177
2022-11-24,2022,False,False,1515.3188119436556,2000.8612236034764,3.4463580162665943,4.871071665503158,-0.24266671068040246
2022-11-25,2022,False,False,1477.0940013457803,1949.8602038311053,3.333560221052603,4.720581498697682,-0.24246158855718436
2022-11-28,2022,False,False,1474.5353242573585,1946.430745055465,3.3254189623272463,4.709682443694529,-0.24244141333919356
2022-11-29,2022,False,False,1503.1119557584325,1984.529623836365,3.408599371633472,4.820588425975554,-0.24258527678074515
2022-11-30,2022,False,True,1524.2995479567785,2012.7729870536343,3.470086650899643,4.902560079336171,-0.24268680185930946
2022-12-01,2022,False,False,1503.4239811110829,1984.8993464110183,3.4082523880665647,4.820006461132559,-0.24256915907122023
2022-12-02,2022,False,False,1516.8579820537632,2002.8106238474916,3.4470218655771356,4.871705025938479,-0.24263534255684693
2022-12-05,2022,False,False,1483.0816991271552,1957.7214288566136,3.3473919153643568,4.738714406196103,-0.24244497850067803
2022-12-06,2022,False,False,1493.684169148417,1971.8541273242347,3.3778600910142007,4.779335195228043,-0.24249763283690995
2022-12-07,2022,False,False,1478.7136925261605,1951.8606230271832,3.333378110947441,4.7199376337665155,-0.24240815400395177
2022-12-08,2022,False,False,1454.3639121949336,1919.3507660146774,3.2614262810232457,4.623882529134677,-0.24226257235160742
2022-12-09,2022,False,False,1458.0388729334284,1924.2389456658573,3.2715982605471527,4.637418786130442,-0.242277641133132
2022-12-12,2022,False,False,1428.9059145452402,1885.3461048499278,3.1856638590389235,4.52270444997189,-0.24209888525535206
2022-12-13,2022,False,False,1404.768663290608,1853.1198604559581,3.114385206290483,4.4275477084484125,-0.241943981462178
2022-12-14,2022,False,False,1407.5798307726845,1856.855338221579,3.122043849703859,4.437730038021637,-0.24195503990051925
2022-12-15,2022,False,False,1407.5191069219516,1856.758377461137,3.12129130582278,4.436687942928594,-0.24194815867935304
2022-12-16,2022,False,False,1395.7403209054885,1841.0240726334985,3.086232641714102,4.389865540959636,-0.24186742495498847
2022-12-19,2022,False,False,1421.050741641317,1874.7840168516732,3.159752658832959,4.487937601600939,-0.24201895852105193
2022-12-20,2022,False,False,1449.5834249889097,1912.843957811833,3.2426831950894908,4.598567681400486,-0.24218417342984044
2022-12-21,2022,False,False,1457.2610390178945,1923.0735382680143,3.2645598967914964,4.627723565165594,-0.24222292594678752
2022-12-22,2022,False,False,1458.8959887965716,1925.2393946520576,3.26874958405016,4.633276757376788,-0.24222619127309453
2022-12-23,2022,False,False,1487.7195084641226,1963.6874465078672,3.35248114763814,4.744975811739372,-0.24238477405871517
2022-12-26,2022,False,False,1474.897117524545,1946.5604874152016,3.3143668293655715,4.694075809405104,-0.2423060433724148
2022-12-27,2022,False,False,1472.8053665929415,1943.7531920598258,3.307648008140914,4.685072010202832,-0.2422878724473314
2022-12-28,2022,False,False,1495.0915723170888,1973.4774271307028,3.3722215594845926,4.771205398933959,-0.24240756354084747
2022-12-29,2022,False,True,1488.4065115761318,1964.5405205068228,3.3520658233220217,4.7442705277977275,-0.24236405610399692
2023-01-02,2023,False,False,1443.417524098292,1904.4584810680296,3.219958209988361,4.5678520376739735,-0.2420850659402055
2023-01-03,2023,False,False,1413.8258324345609,1864.9340586406256,3.1328950722243336,4.451574447261994,-0.24188963900143645
2023-01-04,2023,False,False,1429.5423899704058,1885.9027023818921,3.17828252681665,4.512137565085908,-0.2419850779338213
2023-01-05,2023,False,False,1460.5200101709456,1927.2470721750115,3.268257202943783,4.6322310823393,-0.24217292569412852
2023-01-06,2023,False,False,1478.2969600039214,1950.9666376527316,3.3196351600592724,4.700792406476304,-0.24227460814885782
2023-01-09,2023,False,False,1480.5665279837451,1953.9816053338468,3.3256923792353774,4.708843999647361,-0.24228225898227762
2023-01-10,2023,False,False,1503.2344624210527,1984.2313427013817,3.3913368972597473,4.796453265094994,-0.2424096777069794
2023-01-11,2023,False,False,1526.0797949456378,2014.7179321746908,3.457482141370688,4.884731081763568,-0.2425342671674222
2023-01-12,2023,False,False,1517.1834740956413,2002.8248232086808,3.4309088583703833,4.849216263187438,-0.24247819553934047
2023-01-13,2023,False,False,1504.7032559843065,1986.14669301581,3.393877307095134,4.799738153218453,-0.24240074447898352
2023-01-16,2023,False,False,1481.9079357882572,1955.6964095402413,3.326738498651845,4.710062509606544,-0.2422607473433802
2023-01-17,2023,False,False,1511.8074905150927,1995.6014059921467,3.41345074194958,4.825800282885778,-0.24243013360502608
2023-01-18,2023,False,False,1522.4360885484873,2009.7768878637173,3.443889339003147,4.866404608332465,-0.24248502520757242
2023-01-19,2023,False,False,1531.7803941556213,2022.2376535832805,3.4705715934496766,4.901993682519524,-0.24253195887169798
2023-01-20,2023,False,False,1520.009500217905,2006.506573760437,3.435629261811103,4.855305030206873,-0.24245974566172357
2023-01-23,2023,False,False,1515.9872689163092,2001.1210793408343,3.423305028668275,4.838814820357872,-0.24243101301212988
2023-01-24,2023,False,False,1533.3417082632598,2024.2765322068424,3.473348041611419,4.905593914407975,-0.2425235960268587
2023-01-25,2023,False,False,1550.0397880960586,2046.555650184139,3.5214631845814486,4.969799032624113,-0.2426104865721127
2023-01-26,2023,False,False,1548.8446628202805,2044.9447512279876,3.5173780434901447,4.964309230679534,-0.24259828443276987
2023-01-27,2023,False,False,1523.931158508796,2011.6663855793909,3.444125859914303,4.8664714319653495,-0.24245333648109835
2023-01-30,2023,False,False,1523.39802443248,2010.93934062642,3.4419823111351304,4.863573955438203,-0.24244456625035138
2023-01-31,2023,False,True,1538.9645377811262,2031.7076536750471,3.4867770780790845,4.92334592908177,-0.24252658348883238
2023-02-01,2023,False,False,1520.8245203620352,2007.4575242804963,3.4331726909338673,4.851698046485657,-0.24241260302276024
2023-02-02,2023,False,False,1494.9621215049385,1972.891821391324,3.3570787220027345,4.750008546801139,-0.24224830510440232
2023-02-03,2023,False,False,1473.3334091238034,1943.9814858712161,3.2933465054603293,4.664831916089022,-0.24210522588206995
2023-02-06,2023,False,False,1476.0453770051738,1947.5854826425991,3.3005530569914407,4.674415456064549,-0.24211522926203566
2023-02-07,2023,False,False,1464.1423169795985,1931.666694155271,3.2651823443328647,4.627124210194996,-0.24203159819977305
2023-02-08,2023,False,False,1492.6480740213012,1969.7260891641306,3.347518662197964,4.737066279118827,-0.24220525776011903
2023-02-09,2023,False,False,1466.6444807682085,1934.971778501486,3.2710889263594476,4.63492833085694,-0.24203314122543296
2023-02-10,2023,False,False,1467.6416004725636,1936.2850774429148,3.273301327807528,4.637840730179953,-0.24203227222576562
2023-02-13,2023,False,False,1477.8636888908356,1949.9211091472787,3.30236881773169,4.676626227502995,-0.2420905225560016
2023-02-14,2023,False,False,1464.675934175763,1932.2862227704527,3.26328700115843,4.624377750625509,-0.24199845917456497
2023-02-15,2023,False,False,1488.2146788614439,1963.7106721451748,3.3311017331456734,4.7149219237854725,-0.24214157412725923
2023-02-16,2023,False,False,1492.8469173459132,1969.879770458725,3.3438804578445573,4.731948895612197,-0.24216343569116683
2023-02-17,2023,False,False,1482.6509284081146,1956.2412911490605,3.3135149040481746,4.69134366262859,-0.24209199799824666
2023-02-22,2023,False,False,1455.5554586435326,1920.028449527833,3.234001010921717,4.585085987637523,-0.241909431601663
2023-02-23,2023,False,False,1461.521870195583,1927.9797390532083,3.2506695206851655,4.607308984158628,-0.24194127117056385
2023-02-24,2023,False,False,1437.5161843502253,1895.894237340936,3.180176303441688,4.513101174820169,-0.24177406311103267
2023-02-27,2023,False,False,1436.400081185728,1894.3846886945885,3.1762560913169278,4.5078217406723615,-0.2417590314375142
2023-02-28,2023,False,True,1426.0085923150114,1880.4850601601158,3.1453738148692185,4.466526337674756,-0.24168044589857451
2023-03-01,2023,False,False,1418.7139846164373,1870.7210922601912,3.123647370931133,4.437455468467635,-0.24162185881896603
2023-03-02,2023,False,False,1404.556766103912,1851.7851568400854,3.0819820091470778,4.381735987783923,-0.24151202912725078
2023-03-03,2023,False,False,1411.846077955331,1861.512784785511,3.102648110293444,4.409323316496115,-0.24155982731109304
2023-03-06,2023,False,False,1423.0768990852987,1876.5082905202237,3.134761076170018,4.452209535366997,-0.2416356984541861
2023-03-07,2023,False,False,1416.786206337175,1868.086067849365,3.1159634641600373,4.427053121199368,-0.24158408398803022
2023-03-08,2023,False,False,1447.8360007763836,1909.5698860359719,3.205636274041023,4.546868827838766,-0.2417999407280611
2023-03-09,2023,False,False,1428.1802460847307,1883.285086370065,3.1480168783872715,4.469826617819359,-0.24165477843958583
2023-03-10,2023,False,False,1408.740909014292,1857.289531635334,3.09104051860211,4.393643841870288,-0.24150710752463955
2023-03-13,2023,False,False,1402.1223717284563,1848.4291405278432,3.07130596512492,4.367235226883019,-0.24145192207472888
2023-03-14,2023,False,False,1399.6318597751397,1845.085908312035,3.0635613197208036,4.356851286439889,-0.24142726716958995
2023-03-15,2023,False,False,1396.2302215912482,1840.5249441833769,3.0531736837812327,4.342934963551391,-0.2413956539933002
2023-03-16,2023,False,False,1406.4537755771282,1854.1742244391603,3.0823368044262924,4.381878743324165,-0.24146622413406482
2023-03-17,2023,False,False,1387.0125612782524,1828.1761607645058,3.025399231470006,4.305747848275537,-0.24131350629895965
2023-03-20,2023,False,False,1372.8609744510372,1809.2477521641704,2.983825689171568,4.250151185941952,-0.24119791067372598
2023-03-21,2023,False,False,1373.91332890894,1810.6396064239034,2.986376506232574,4.253527305128015,-0.24120000245521966
2023-03-22,2023,False,False,1363.5314849583062,1796.749507609859,2.9557548125682436,4.212567945891366,-0.24111208647433813
2023-03-23,2023,False,False,1332.8113458601658,1755.6770160350954,2.8661446531446346,4.092769752655719,-0.24085618613946513
2023-03-24,2023,False,False,1344.9620089241646,1771.9019023323024,2.900898638746,4.139185845352201,-0.24095007339072738
2023-03-27,2023,False,False,1356.2849483352807,1787.020525333259,2.9332434512307968,4.1823820555623445,-0.24103560697359705
2023-03-28,2023,False,False,1376.6376247028861,1814.2075077860336,2.9917631578626294,4.260561356414368,-0.241190647268975
2023-03-29,2023,False,False,1384.825994887786,1825.1367387448004,3.0150003633454014,4.291585149518519,-0.24124808542280995
2023-03-30,2023,False,False,1410.626790442216,1859.6052024854316,3.089288653916179,4.390839382047508,-0.2414374897656445
2023-03-31,2023,False,True,1386.1154503110397,1826.8308504975084,3.017725942930549,4.295161885500025,-0.24124587126741748
2023-04-03,2023,False,False,1381.1290384608467,1820.144061105624,3.002628029672394,4.274930462067498,-0.2411979535169887
2023-04-04,2023,False,False,1386.0555995466568,1826.7133437210607,3.0162589813006795,4.293116578715244,-0.24122982715874464
2023-04-05,2023,False,False,1374.1558917147186,1810.78178488074,2.9811373009600723,4.246108502793065,-0.24112562695939532
2023-04-06,2023,False,False,1372.1180693877532,1808.0379816436928,2.974593699546114,4.237316329189969,-0.24110108121713436
2023-04-10,2023,False,False,1385.9164120658709,1826.471008504181,3.0139172030869945,4.289859718917983,-0.24120535961811396
2023-04-11,2023,False,False,1444.5296951279224,1904.8325835982298,3.1830010476677284,4.515924469879044,-0.24165004968614878
2023-04-12,2023,False,False,1453.6489118395757,1917.0084733573444,3.2087309655963256,4.550289934121312,-0.24170970966354988
2023-04-13,2023,False,False,1447.9137540185911,1909.3204272720257,3.191451845020044,4.527141796541727,-0.24166015649488293
2023-04-14,2023,False,False,1445.5761114927202,1906.1756910180522,3.1840119001236467,4.517151059386547,-0.2416354283058424
2023-04-17,2023,False,False,1442.0957731998212,1901.5028907344506,3.1732675108676496,4.5027414844405325,-0.24160211366135997
2023-04-18,2023,False,False,1444.1299275277618,1904.2043173086863,3.178482349381082,4.509673318044745,-0.241609781891038
2023-04-19,2023,False,False,1414.0118518044442,1863.9103398293641,3.090680381305045,4.392218919467784,-0.24137346009149074
2023-04-20,2023,False,False,1420.153381952099,1872.104333565719,3.1077873815101684,4.415053511840421,-0.24141333552324395
2023-04-24,2023,False,False,1414.5740340913687,1864.6246435473365,3.090991743837505,4.392551989693454,-0.24136257718860432
2023-04-25,2023,False,False,1404.8882490251426,1851.653641523865,3.062327467060653,4.354179204406357,-0.24127913691841718
2023-04-26,2023,False,False,1392.768771378354,1835.4281966304393,3.0266363451349765,4.306409820004482,-0.24117501630667937
2023-04-27,2023,False,False,1401.019904025733,1846.4432454451958,3.0498407375081404,4.337398172155696,-0.2412331613864832
2023-04-28,2023,False,True,1421.300182408369,1873.544207444884,3.1078039953999097,4.414867651574809,-0.24138422954709982
2023-05-02,2023,False,False,1387.7609475175425,1828.6547250799115,3.010342945670029,4.284435038980435,-0.24110280170200094
2023-05-03,2023,False,False,1386.0651386001214,1826.3704405340695,3.0049163447862712,4.27714075279085,-0.24108214421450747
2023-05-04,2023,False,False,1391.1690533440194,1833.1839073403555,3.019135807428552,4.296132102624796,-0.2411186636684074
2023-05-05,2023,False,False,1431.0940806253204,1886.5865944515576,3.1339377328987714,4.449698670947251,-0.24143737433830947
2023-05-08,2023,False,False,1443.122554721584,1902.664837644161,3.1681365634600027,4.495421613256077,-0.24152560862562233
2023-05-09,2023,False,False,1457.5356452835636,1921.9335998572185,3.2092129425358884,4.550346442223525,-0.24163059254916786
2023-05-10,2023,False,False,1462.067005354238,1927.981011995413,3.2217448638657613,4.567079966386545,-0.24165902243973103
2023-05-11,2023,False,False,1472.9492974020911,1942.5257106206052,3.25260952005853,4.608341946673663,-0.24173497969738178
2023-05-12,2023,False,False,1475.7762681398985,1946.2927197409754,3.2602122948533996,4.618480492625831,-0.24175009587648055
2023-05-15,2023,False,False,1483.4014347621617,1956.4795181454163,3.2816624986575116,4.647146339438358,-0.24180068280586664
2023-05-16,2023,False,False,1472.2446626987692,1941.5368529740017,3.2489023454509924,4.60328096096393,-0.24171170872001813
2023-05-17,2023,False,False,1489.2692461918257,1964.2996856122932,3.2974715918441975,4.668230992060657,-0.24183195817821224
2023-05-18,2023,False,False,1498.0104251197652,1975.97966270585,3.3221284396898136,4.701187223544748,-0.24188975555121217
2023-05-19,2023,False,False,1506.5845307168297,1987.4361025356031,3.3462968365814643,4.733489936504494,-0.2419456762435256
2023-05-22,2023,False,False,1499.504696554926,1977.9482130511487,3.325305273922692,4.705370484741743,-0.2418887983716136
2023-05-23,2023,False,False,1495.7341479516067,1972.888011905921,3.313863562524297,4.690028351065845,-0.24185552402102983
2023-05-24,2023,False,False,1480.6412301194855,1952.6789451462575,3.269774159474201,4.631004953888802,-0.24173851835710558
2023-05-25,2023,False,False,1497.5125513194519,1975.236719122809,3.3178605673693236,4.695309019751219,-0.24185666617999668
2023-05-26,2023,False,False,1508.9706161464198,1990.5517781097776,3.350328076952068,4.73871564911743,-0.24193350168497796
2023-05-29,2023,False,False,1501.3447766848994,1980.333355930132,3.327775823777225,4.708508101475747,-0.24187270179078468
2023-05-30,2023,False,False,1483.0688839504414,1955.8655993083714,3.274533662637195,4.63723872458852,-0.24173272208740681
2023-05-31,2023,False,True,1474.6405293321898,1944.5734447660732,3.249684522571151,4.603958054080903,-0.24166375237650894
2023-06-01,2023,False,False,1504.5842180255268,1984.6413592426422,3.3353826260340362,4.71864277498566,-0.2418860913995614
2023-06-02,2023,False,False,1531.3620950479494,2020.4713682070876,3.4119363418859834,4.8210863948894005,-0.24207681477474274
2023-06-05,2023,False,False,1533.262404474943,2022.9990863847793,3.416805280380493,4.827569384647512,-0.2420844800207128
2023-06-06,2023,False,False,1558.9714680781003,2057.398331061333,3.4902483650583047,4.9258489853638725,-0.24226075012227377
2023-06-07,2023,False,False,1570.7927957058257,2073.206794301985,3.5236764549948347,4.970562627583885,-0.24233665448955566
2023-06-09,2023,False,False,1591.3735393951415,2100.74102694056,3.5823178839020935,5.0490280496026,-0.24247038593197856
2023-06-12,2023,False,False,1595.6698627462167,2106.4761628902183,3.5940591057952496,5.064710641718479,-0.24249327343118054
2023-06-13,2023,False,False,1587.7576309585756,2095.8683484386343,3.5706525360013828,5.033342743963169,-0.24243446295593307
2023-06-14,2023,False,False,1618.9948641326123,2137.6678628506315,3.659935875381696,5.152826907875995,-0.2426349797981976
2023-06-15,2023,False,False,1621.0837009297582,2140.447952699227,3.6653087185863935,5.159984515099872,-0.24264278470986445
2023-06-16,2023,False,False,1614.9286890467056,2132.1924360763755,3.646958409150564,5.13538519561577,-0.2425971212905763
2023-06-19,2023,False,False,1629.7171103065357,2151.9727914463056,3.68886961452764,5.191454804818799,-0.24268693508377048
2023-06-20,2023,False,False,1626.6088401764064,2147.795787701323,3.679285704617058,5.178590622154492,-0.24266131375679656
2023-06-21,2023,False,False,1637.3547840853373,2162.164691339805,3.709553549622254,5.219073896471155,-0.24272429817973962
2023-06-22,2023,False,False,1617.4761596273272,2135.5380966417824,3.6517391608016796,5.141646128386391,-0.2425908195358949
2023-06-23,2023,False,False,1618.0990151030796,2136.3557544292153,3.6528932380069374,5.143156352596676,-0.2425891559735105
2023-06-26,2023,False,False,1608.302582315875,2123.2256592382687,3.624090118925708,5.104564463855921,-0.242519241740479
2023-06-27,2023,False,False,1598.6948109865689,2110.348115214436,3.5958372389757622,5.06670916078072,-0.24244971743719979
2023-06-28,2023,False,False,1587.4582758128497,2095.290230730808,3.5629104560730678,5.022597159231723,-0.24236831130589187
2023-06-29,2023,False,False,1610.3186452631655,2125.8760784312894,3.6279857055599383,5.109675331470792,-0.2425152803584676
2023-06-30,2023,False,True,1606.4019601155037,2120.6168920377427,3.616097586538803,5.093726701257881,-0.24248365362595958
2023-07-03,2023,False,False,1627.712945666734,2149.1420899471805,3.6766961087702024,5.17485071677258,-0.2426219963396007
2023-07-04,2023,False,False,1619.7634374858478,2138.479324950999,3.6532191774559237,5.143374257725168,-0.2425629658481907
2023-07-05,2023,False,False,1626.1512614910066,2147.018246946708,3.670930993203547,5.167061029391447,-0.24260016709053622
2023-07-06,2023,False,False,1597.7252136970183,2108.9316837692636,3.5886528292720703,5.056833336864679,-0.2424006780336162
2023-07-07,2023,False,False,1617.5144374247332,2135.4188181232103,3.644852069727799,5.132065524488913,-0.2425305875845264
2023-07-10,2023,False,False,1604.749301952478,2118.3065849331847,3.6075656741867697,5.082094378397167,-0.24243765592453437
2023-07-11,2023,False,False,1599.6085297762781,2111.405500904216,3.59217759744386,5.061451198768084,-0.24239634258258735
2023-07-12,2023,False,False,1601.1443887110418,2113.446288284058,3.595958469509551,5.066480597862933,-0.2424011920307484
2023-07-13,2023,False,False,1622.6111842225266,2142.180159191248,3.6569406681253316,5.148118538064263,-0.24254214695223297
2023-07-14,2023,False,False,1601.830283325144,2114.3325802132854,3.596670668191858,5.067365972188985,-0.24239436202437092
2023-07-17,2023,False,False,1608.701895916015,2123.5194300712046,3.6157589580866665,5.092896301611599,-0.24243598945450995
2023-07-18,2023,False,False,1603.6773778151514,2116.77404267653,3.600713788813959,5.072712417514635,-0.24239557672041345
2023-07-19,2023,False,False,1599.8482519652916,2111.6296189436066,3.5891016652467034,5.0571263485610904,-0.24236322619605322
2023-07-20,2023,False,False,1607.0136508065214,2121.209930538249,3.609025767131514,5.0837760914098915,-0.24240706793280575
2023-07-21,2023,False,False,1635.673851600071,2159.5777776161563,3.6905845805819313,5.192971914507617,-0.24259553485237062
2023-07-24,2023,False,False,1650.8052693128534,2179.826810487406,3.7333302369702235,5.250186103254441,-0.2426897121502346
2023-07-25,2023,False,False,1659.7842049117758,2191.835953660869,3.7584257069143057,5.283761778413413,-0.2427425044563416
2023-07-26,2023,False,False,1667.241646862673,2201.807392440626,3.7791529598848115,5.311487201918256,-0.24278497175241365
2023-07-27,2023,False,False,1632.8187928273333,2155.6894329822526,3.6798409511906636,5.178446580132019,-0.24255378912887404
2023-07-28,2023,False,False,1635.514242585056,2159.2832359253953,3.6869267322988772,5.187902286358256,-0.2425661370523583
2023-07-31,2023,False,True,1659.1059265992506,2190.8629252451215,3.75388517650215,5.27754419841009,-0.24271577765933305
2023-08-01,2023,False,False,1649.8358041464376,2178.4271982311484,3.726734366637775,5.241134225126609,-0.24264817961964458
2023-08-02,2023,False,False,1644.6542852289708,2171.469752321719,3.7113025981151226,5.220426491891835,-0.24260778513238845
2023-08-03,2023,False,False,1641.0378384768117,2166.6093317649147,3.7003574452013277,5.205730340048946,-0.24257787760009963
2023-08-04,2023,False,False,1626.625450984627,2147.2835325890883,3.658496497652399,5.149610415832279,-0.24247290760744467
2023-08-07,2023,False,False,1624.9501925238624,2145.024091815521,3.653119326201298,5.142374764909983,-0.2424559711361911
2023-08-08,2023,False,False,1621.1150486588162,2139.8706410710765,3.6415593326469278,5.126854816959388,-0.24242380939092922
2023-08-09,2023,False,False,1612.0208493280802,2127.6706317800854,3.6149464195352055,5.091165612514559,-0.2423541382533415
2023-08-10,2023,False,False,1611.2709303989118,2126.6510446698553,3.612225438602983,5.087488989098528,-0.2423435267213535
2023-08-11,2023,False,False,1607.5001486516985,2121.5838321167457,3.6008590615964486,5.072228489134539,-0.24231127504027772
2023-08-14,2023,False,False,1590.7077036771452,2099.0690164905172,3.552230581631745,5.007040858439953,-0.24218418204433945
2023-08-15,2023,False,False,1582.1946406353436,2087.6476662021196,3.527304893582097,4.97361238151888,-0.24211605902173317
2023-08-16,2023,False,False,1574.462370535505,2077.2724929723536,3.5046192962205005,4.94318538852645,-0.24205304029101227
2023-08-17,2023,False,False,1566.3369551659023,2066.37054812385,3.4808146727382763,4.911259030702555,-0.24198641110712227
2023-08-18,2023,False,False,1572.0955213148584,2074.0716184494536,3.4967288882280485,4.932551576214082,-0.24202447623764578
2023-08-21,2023,False,False,1559.009529801017,2056.5230446667183,3.458743992218774,4.88162522100653,-0.24191973737222516
2023-08-22,2023,False,False,1582.2054027238985,2087.5881969797038,3.524521231213435,4.969728774155562,-0.24208931387281585
2023-08-23,2023,False,False,1608.7792141310526,2123.179417034578,3.599940567505495,5.070751689681165,-0.2422782543841644
2023-08-24,2023,False,False,1593.952495505318,2103.2984595020334,3.556980409772816,5.013159051404197,-0.2421653292692021
2023-08-25,2023,False,False,1578.0609860926816,2081.9907988915934,3.5109871588530535,4.951502407967517,-0.2420422861941528
2023-08-28,2023,False,False,1595.318380943498,2105.0990407507547,3.55975180336777,5.01681097766464,-0.24216469151278053
2023-08-29,2023,False,False,1612.5603557035836,2128.1866213765747,3.608460261081314,5.0820442708326565,-0.2422843281194338
2023-08-30,2023,False,False,1600.958179181286,2112.6261972299044,3.574734516234261,5.036824765348217,-0.2421952443454135
2023-08-31,2023,False,True,1576.9558361319725,2080.4509075451906,3.5055881032342064,4.944145450129116,-0.24201247411663873
2023-09-01,2023,False,False,1605.850121502102,2119.167677744878,3.5874878488847353,5.053899950706692,-0.24222602186393538
2023-09-04,2023,False,False,1604.3401446711225,2117.1264744140863,3.582519693433654,5.047205011179909,-0.2422086426768042
2023-09-05,2023,False,False,1598.4189491891593,2109.1718786837446,3.564954874165812,5.0236238146044405,-0.24215804063030044
2023-09-06,2023,False,False,1580.4212749977826,2085.028342194903,3.512910551107317,4.953821651041984,-0.2420144882375661
2023-09-08,2023,False,False,1571.461383027625,2073.000267877456,3.486684890871163,4.91863031513906,-0.24193864931978815
2023-09-11,2023,False,False,1592.5623545423873,2101.2698291387796,3.5462813432554583,4.998486523376476,-0.24209526427402694
2023-09-12,2023,False,False,1607.1579249971712,2120.818673467262,3.5872924932129893,5.053428495696481,-0.2421992765795119
2023-09-13,2023,False,False,1609.9949387870893,2124.604762622368,3.594734414346716,5.063369756342375,-0.24221437929947198
2023-09-14,2023,False,False,1626.3443769528246,2146.504727766284,3.6407315649959324,5.12499565634551,-0.24232900309274108
2023-09-15,2023,False,False,1617.892945713548,2135.1582627861544,3.6159570491114055,5.091749679846375,-0.24226087877796476
2023-09-18,2023,False,False,1611.649939642419,2126.7722687410546,3.5974894869274534,5.066958404624318,-0.24220850378285352
2023-09-19,2023,False,False,1605.7674955189007,2118.8696205577817,3.580055606157731,5.043552825321681,-0.24215842261394516
2023-09-20,2023,False,False,1617.2087858488824,2134.1900424044416,3.6120313299554603,5.086382553556087,-0.2422376856248063
2023-09-21,2023,False,False,1583.0627903809327,2088.399118230322,3.514008526891738,4.954944734047112,-0.2419730612975951
2023-09-22,2023,False,False,1581.2836994447637,2085.9971580588144,3.508292799557415,4.9472477777870685,-0.24195309023514044
2023-09-25,2023,False,False,1580.2069601194487,2084.5367247092668,3.504580844126136,4.942236957552072,-0.24193853656387732
2023-09-26,2023,False,False,1557.043957796477,2053.468885769958,3.4379192184593883,4.852839919538144,-0.24174942771891295
2023-09-27,2023,False,False,1558.8856382516556,2055.9206958873756,3.442535304222443,4.858993148724354,-0.241757893983936
2023-09-28,2023,False,False,1577.757669173211,2081.202284571104,3.4956765042690154,4.930195995358609,-0.24190085660108873
2023-09-29,2023,False,True,1588.9960847442733,2096.2507457301685,3.527054372490806,4.972224346809597,-0.2419818631044578
2023-10-02,2023,False,False,1568.8191150525577,2069.1736588103686,3.4689638383211756,4.894281990642667,-0.2418137025992686
2023-10-03,2023,False,False,1546.9055749690583,2039.767527682255,3.4059429098535494,4.809727123467701,-0.24162653146715463
2023-10-04,2023,False,False,1549.479541229371,2043.20341959906,3.412675666641821,4.8187241404367045,-0.24164205758160529
2023-10-05,2023,False,False,1545.1911648512232,2037.4357114469094,3.399866367711957,4.801511856323403,-0.24160003863194923
2023-10-06,2023,False,False,1557.1129242003171,2053.408626600401,3.433211958813267,4.846201350136717,-0.2416935898539324
2023-10-09,2023,False,False,1570.3874948136151,2071.1958979439673,3.4703995378996764,4.896043629771359,-0.24179673377467292
2023-10-10,2023,False,False,1591.6327773695575,2099.6732861834466,3.5302640722093663,4.976299676043966,-0.24196169573474402
2023-10-11,2023,False,False,1595.8879357827682,2105.3639504177418,3.5417599473422046,4.991684911068244,-0.2419895213527734
2023-10-13,2023,False,False,1578.5489332242548,2082.093073108701,3.4918059075486916,4.924655086081669,-0.24184516359425845
2023-10-16,2023,False,False,1589.0523124016026,2096.1636927147033,3.52108095927837,4.963885320012027,-0.24192355877338467
2023-10-17,2023,False,False,1580.7138156710628,2084.964065767703,3.4967475113915354,4.931217201452419,-0.24185081094477778
2023-10-18,2023,False,False,1555.9714264210543,2051.763953814728,3.425761879295969,4.835980364365339,-0.24164208873631643
2023-10-19,2023,False,False,1555.2770038851563,2050.816365492353,3.423187578763309,4.8324950806255975,-0.24163029413324832
2023-10-20,2023,False,False,1543.940305165559,2035.5956260059445,3.3903515786698355,4.788423581059558,-0.24152897292526887
2023-10-23,2023,False,False,1539.016486961555,2028.975679377754,3.375757680231878,4.7688179348677,-0.24148105736115055
2023-10-24,2023,False,False,1552.169574077443,2046.6000201327386,3.4125573379756737,4.818140032866862,-0.24158626072095302
2023-10-25,2023,False,False,1539.721153860025,2029.8882679422054,3.3765761005766812,4.769850247263984,-0.2414749234346215
2023-10-26,2023,False,False,1565.8741819884851,2064.9478001912944,3.4503123320825804,4.868710759780374,-0.24168824904754282
2023-10-27,2023,False,False,1546.1370201019622,2038.460572355987,3.393623467136833,4.792648446478448,-0.24151732877767318
2023-10-30,2023,False,False,1535.862162238865,2024.663946921438,3.3638351247484994,4.752664441259667,-0.24142366214690136
2023-10-31,2023,False,True,1544.1179626263836,2035.7201708035777,3.386698757461316,4.783295939782891,-0.2414881058938173
2023-11-01,2023,False,False,1569.7692017841987,2070.1227789955656,3.458938224071008,4.880195367122754,-0.24170236774755027
2023-11-03,2023,False,False,1611.4803983943123,2126.07518102909,3.57676909512727,5.038270891874722,-0.24203978637561485
2023-11-06,2023,False,False,1615.167930753845,2131.006144921596,3.5865907447219785,5.051416001481176,-0.24206322229386612
2023-11-07,2023,False,False,1626.4385273838232,2146.112320809563,3.617940168608242,5.09344781604078,-0.24214659614353584
2023-11-08,2023,False,False,1625.2630994778306,2144.5180002177904,3.613947762889511,5.088056778474919,-0.24213128576548482
2023-11-09,2023,False,False,1623.4019468414247,2142.0035510007497,3.608010067673643,5.08005549531862,-0.242110524941489
2023-11-10,2023,False,False,1644.0210069989118,2169.6538112893954,3.6658748602211197,5.157666556802598,-0.24226574836752746
2023-11-13,2023,False,False,1641.9528228834763,2166.8615602347686,3.6593439922913626,5.148869353674145,-0.24224378104451727
2023-11-14,2023,False,False,1678.9519079417353,2216.491091687695,3.7636598324350548,5.288810020393518,-0.24251808895684002
2023-11-16,2023,False,False,1698.7594690635437,2243.052455136271,3.819175798761825,5.363269376273109,-0.242657270375632
2023-11-17,2023,False,False,1700.605842589814,2245.512889863044,3.823729520890126,5.369345879628547,-0.24266484941285038
2023-11-20,2023,False,False,1716.5298203391237,2266.8631298517753,3.8682070911489603,5.428993561689663,-0.24277306479841887
2023-11-21,2023,False,False,1712.1411137003151,2260.9571232263843,3.8550719231541617,5.411334533464864,-0.2427361420914117
2023-11-22,2023,False,False,1717.6789228598034,2268.3708510805786,3.8700848394097056,5.431445565864981,-0.2427697957582392
2023-11-23,2023,False,False,1724.975695064571,2278.144815013433,3.8900799293113275,5.458241856877201,-0.2428156086932517
2023-11-24,2023,False,False,1710.832775380414,2259.1502755673278,3.849299249944483,5.4034871756443525,-0.2427096179111936
2023-11-27,2023,False,False,1713.754666713224,2263.0538764464814,3.8568929196917203,5.413642840998955,-0.2427247603118421
2023-11-28,2023,False,False,1724.6238046332187,2277.6213614654516,3.887004263624876,5.4540134923928925,-0.2427960881418969
2023-11-29,2023,False,False,1719.6766225344622,2270.9659735877635,3.872295289798731,5.434242735763603,-0.2427554430427472
2023-11-30,2023,False,True,1735.354281095315,2291.9856941622174,3.9160177934711466,5.492877320572854,-0.2428598985083833
2023-12-01,2023,False,False,1746.855190296075,2307.4067169547093,3.947860556891089,5.535588494654067,-0.24293572630248905
2023-12-04,2023,False,False,1728.37528639597,2282.5809113722185,3.8947876645585673,5.464307246396206,-0.24279780060154654
2023-12-05,2023,False,False,1729.7749634660656,2284.441843096767,3.8980215060887096,5.468613266592933,-0.24280192612774087
2023-12-06,2023,False,False,1712.6563183581304,2261.4434178724437,3.848825815646621,5.402536870746004,-0.24267116089537621
2023-12-07,2023,False,False,1717.8970729854059,2268.4606870418343,3.862938675018282,5.421447117669079,-0.24270361712743005
2023-12-08,2023,False,False,1732.4848161749899,2288.025535999156,3.903502384526263,5.475865512287199,-0.24280354877314236
2023-12-11,2023,False,False,1730.1619492549148,2284.889252051579,3.8961985457020223,5.466025586681562,-0.24278082725391625
2023-12-12,2023,False,False,1723.3307841561236,2275.700940680609,3.8761407146636397,5.43906446357879,-0.2427252837357814
2023-12-13,2023,False,False,1764.4417538414814,2330.8710863033302,3.9917202684616058,5.594185622359035,-0.24301186616038195
2023-12-14,2023,False,False,1782.9584020615378,2355.710174018989,4.043354122252376,5.663464836439005,-0.2431333778978001
2023-12-15,2023,False,False,1774.3625081444113,2344.1528562557987,4.018292297520662,5.629786285927386,-0.2430687685706152
2023-12-18,2023,False,False,1786.3049682910555,2360.1666256518606,4.051316326466743,5.674083328975346,-0.2431445522208877
2023-12-19,2023,False,False,1796.6432026507102,2374.0268510560873,4.079794769399329,5.712278299116914,-0.2432085585504341
2023-12-20,2023,False,False,1782.660467646446,2355.2381327305466,4.039510323654585,5.658164636494626,-0.24310818389318545
2023-12-21,2023,False,False,1801.1882451493782,2380.0921606126476,4.091130118690595,5.72742502999707,-0.2432275207840089
2023-12-22,2023,False,False,1808.8962142935877,2390.4214666802127,4.112156488409662,5.755616222954639,-0.2432731049701624
2023-12-26,2023,False,False,1819.4075559326645,2404.514074673328,4.141098090826981,5.794432989112617,-0.24333669946188807
2023-12-27,2023,False,False,1828.3207057332986,2416.4612387648485,4.165515748540173,5.82717673405682,-0.2433891856391508
2023-12-28,2023,False,True,1828.2596309040741,2416.3612286432713,4.164575228542581,5.825879176958393,-0.2433831460163769
2024-01-02,2024,False,False,1808.3446495688006,2389.600310978409,4.107662381629684,5.749416721212608,-0.24324388423418664
2024-01-03,2024,False,False,1810.2313970352632,2392.118576422569,4.112335139252347,5.7556622183949315,-0.24325181248227346
2024-01-04,2024,False,False,1788.7150057556553,2363.2070047697052,4.050921592430293,5.673155449227765,-0.24309846655605793
2024-01-05,2024,False,False,1799.4473877040557,2377.6047387673634,4.080575273291737,5.712949724445841,-0.24316798399512174
2024-01-08,2024,False,False,1804.9048918327992,2384.9184421835953,4.095330119379132,5.732735240348915,-0.24320058082143237
2024-01-09,2024,False,False,1791.8104177593946,2367.3172972520215,4.057714805068858,5.682188932453744,-0.24310508783958729
2024-01-10,2024,False,False,1783.7368593156973,2356.4591179556055,4.034279782545906,5.65068641372974,-0.24304357935850174
2024-01-11,2024,False,False,1781.2032701644823,2353.040980538805,4.026484343717112,5.640187477149013,-0.24302071876511977
2024-01-12,2024,False,False,1785.793226579934,2359.18958881124,4.038790686771648,5.656684744625789,-0.24304802163874906
2024-01-15,2024,False,False,1792.9887760656616,2368.837444198708,4.058444867074192,5.683049983633185,-0.24309336613337573
2024-01-16,2024,False,False,1763.17463283217,2328.782196690577,3.973694309822763,5.56920224736411,-0.2428769700585095
2024-01-17,2024,False,False,1752.89251513258,2314.9579768820317,3.9440558119124045,5.529368652744192,-0.2427972634330433
2024-01-18,2024,True,False,1736.738963233668,2293.248566013737,3.8978665800718746,5.467307839033742,-0.24267304078049756
2024-01-19,2024,False,False,1741.148372791504,2299.0548488042,3.9096724175100084,5.482851406522994,-0.24266775379581662
2024-01-22,2024,False,False,1727.0874665532886,2280.4785894671145,3.869399495600711,5.429646157667118,-0.24266446765594862
2024-01-23,2024,False,False,1749.7905384189762,2310.434215279838,3.932777017582967,5.513269187103592,-0.24265727764638267
2024-01-24,2024,False,False,1743.7408337676804,2302.433490348457,3.9150926768595724,5.489882996497893,-0.24265311416062763
2024-01-25,2024,False,False,1748.602039737039,2308.8361866035652,3.928163575994729,5.507096605851708,-0.24264785441130143
2024-01-26,2024,False,False,1759.5412169961876,2323.2623726928337,3.9583587516224066,5.5469158702756935,-0.2426420546910728
2024-01-29,2024,False,False,1753.2481534082506,2314.9403912333937,3.9399922355252954,5.522629176118681,-0.24263788387478746
2024-01-30,2024,False,False,1738.2766973370306,2295.162121064029,3.8971811168414225,5.4660733337698355,-0.24263446081483275
2024-01-31,2024,False,True,1743.1029818446289,2301.5187177276675,3.9101492446327564,5.483151317542726,-0.24262923937215375
2024-02-01,2024,False,False,1753.0964985966655,2314.6999506149978,3.937567962249725,5.519315010626292,-0.24262473063479295
2024-02-02,2024,False,False,1735.4323540466048,2291.3546164979653,3.887092741497775,5.452606745733116,-0.24261729653222108
2024-02-05,2024,False,False,1741.0947910686202,2298.815934305279,3.902311948770566,5.472658973295836,-0.24261235313092022
2024-02-06,2024,False,False,1779.654063540479,2349.723024738315,4.010138866094103,5.6150151829942185,-0.24261113126783262
2024-02-07,2024,False,False,1773.3443048930346,2341.373056026016,3.9916358211803935,5.590531565110267,-0.24260497474806075
2024-02-08,2024,False,False,1749.7570166277847,2310.2052200919948,3.9245124153351956,5.5018366437191375,-0.24259671763787827
2024-02-09,2024,False,False,1747.2011787075992,2306.812931476924,3.916590994585957,5.4913278581252305,-0.24259086861067514
2024-02-14,2024,False,False,1733.5115330241183,2288.7165877778875,3.8773462353706867,5.439451379798587,-0.24258357619228743
2024-02-15,2024,False,False,1744.283962067759,2302.9265046055925,3.9069285281740322,5.478472547750409,-0.2425794055609728
2024-02-16,2024,False,False,1756.9103660597684,2319.5849053971556,3.9417167957269577,5.524369089940186,-0.24257553065989057
2024-02-19,2024,False,False,1761.1898586312968,2325.219813784588,3.953020620780734,5.5392505124196525,-0.24257059560973782
2024-02-20,2024,False,False,1773.251789932824,2341.132733990289,3.986204529928024,5.58302825896337,-0.24256674378712118
2024-02-21,2024,False,False,1774.8795704138988,2343.265613110306,3.990043184058016,5.588050702736877,-0.24256150882612348
2024-02-22,2024,False,False,1777.7828027209807,2347.082939663336,3.9974660825120036,5.5978067544908106,-0.24255646331101344
2024-02-23,2024,False,False,1766.6248266031523,2332.3300890027253,3.9653656369023507,5.555365634770974,-0.24254939944691167
2024-02-26,2024,False,False,1769.2736506048325,2335.811426843181,3.9720750423741773,5.56417942760249,-0.2425443123223423
2024-02-27,2024,False,False,1797.7043350466406,2373.3420229552326,4.051224839675564,5.668662886150461,-0.24254308158746574
2024-02-28,2024,False,False,1776.8321904332438,2345.759988273263,3.9918396596527623,5.590187753540143,-0.2425345306783976
2024-02-29,2024,False,True,1761.3964716617547,2325.357663061653,3.9477428979262763,5.5319035479259915,-0.2425266445495382
2024-03-01,2024,False,False,1763.6338374403656,2328.2976882009452,3.9533319405711715,5.539243612416642,-0.24252218847362694
2024-03-04,2024,False,False,1752.2275518036286,2313.211237856502,3.9206053125628433,5.495959668229435,-0.24251295206947876
2024-03-05,2024,False,False,1748.9705166573324,2308.8918658919342,3.9107693855323102,5.482919741378448,-0.24250652770102854
2024-03-06,2024,False,False,1759.8259808329058,2323.2184278709537,3.940555813680251,5.522230285993694,-0.2425051558989021
2024-03-07,2024,False,False,1752.3669116707486,2313.347179736086,3.9189246643389426,5.493606118557435,-0.24249722349471814
2024-03-08,2024,False,False,1735.1066431825425,2290.5262399106596,3.8697913083989404,5.428645074124781,-0.24248558564855427
2024-03-11,2024,False,False,1722.2352930953984,2273.504094524371,3.8329880541473225,5.3799750091886365,-0.24247539415331498
2024-03-12,2024,False,False,1743.3511192543829,2301.387010159579,3.891557573665496,5.457314843320929,-0.2424780745010383
2024-03-13,2024,False,False,1748.0147081535658,2307.5326472182624,3.903954855249167,5.47365029378107,-0.24247454948869174
2024-03-14,2024,False,False,1743.7529989218644,2301.8858642682944,3.8913127599491277,5.456902845072355,-0.2424676540267321
2024-03-15,2024,False,False,1730.8689625224401,2284.8469572768945,3.8544915510375546,5.408209107493744,-0.242457374657028
2024-03-18,2024,False,False,1733.8159433169744,2288.7245509085215,3.862074995280354,5.418184382805724,-0.2424532071241483
2024-03-19,2024,False,False,1741.7051294223334,2299.1319612408997,3.8835136111659416,5.44646561402187,-0.24245099507803325
2024-03-20,2024,False,False,1763.5262054145214,2327.946677934426,3.9440039400463167,5.526343363987738,-0.242454209913739
2024-03-21,2024,False,False,1750.395263367496,2310.5815504564584,3.9065038917098684,5.4767527693243405,-0.24244385011136993
2024-03-22,2024,False,False,1735.0106593292994,2290.2388049350707,3.862698036236826,5.4188307313202655,-0.24243242425608635
2024-03-25,2024,False,False,1733.7561517558129,2288.5652433256505,3.8585011958969115,5.413241539374107,-0.24242660032868957
2024-03-26,2024,False,False,1732.8724118896082,2287.381553143022,3.8553443874743847,5.409026486811493,-0.24242092032764684
2024-03-27,2024,False,False,1744.211865699264,2302.3475793686403,3.886431897182417,5.450056252608602,-0.24242026645795622
2024-03-28,2024,False,True,1749.9295098133725,2309.8858715100373,3.9017633328105665,5.470268547647163,-0.24241732832047047
2024-04-01,2024,False,False,1734.7561640413514,2289.8149992564545,3.858642343591309,5.413231060934691,-0.24240335371868071
2024-04-02,2024,False,False,1742.4143608385639,2299.923034805574,3.8794699514318234,5.440721329649011,-0.24240318720671428
2024-04-03,2024,False,False,1739.3205669485228,2295.8190067298997,3.8701861362947048,5.428410099027338,-0.2423964773137921
2024-04-04,2024,False,False,1740.8548216254246,2297.8323686897284,3.8738618065359303,5.4332288255502705,-0.24239259340832764
2024-04-05,2024,False,False,1732.2774033553164,2286.4800439171104,3.849230547629083,5.400631246491465,-0.24238245246713597
2024-04-08,2024,False,False,1760.4475937539107,2323.700989681062,3.927461458344279,5.503997681041141,-0.24239495461266736
2024-04-09,2024,False,False,1774.5872684185952,2342.376292307934,3.9664062975714396,5.555435495582565,-0.24239872378912208
2024-04-10,2024,False,False,1749.5788931544455,2309.3054027589897,3.8957944097427877,5.46206039947822,-0.24237872952439454
2024-04-11,2024,False,False,1740.6567618614156,2297.4974336730015,3.8702084142122777,5.428200882717287,-0.24236835421459713
2024-04-12,2024,False,False,1720.9189354958114,2271.39319601788,3.8143713861785153,5.354355329653276,-0.24235093311327127
2024-04-15,2024,False,False,1712.6132498500247,2260.400049508908,3.790526573007061,5.322797341283659,-0.2423406422141492
2024-04-16,2024,False,False,1699.7640910524954,2243.4013053958893,3.7539804224707467,5.274450638025624,-0.2423272256443032
2024-04-17,2024,False,False,1696.842994703815,2239.5255502528335,3.745207306912918,5.262814555175078,-0.24232032337731169
2024-04-18,2024,False,False,1697.2298883851515,2240.022321662699,3.745686012261481,5.263407610139728,-0.24231563588823957
2024-04-19,2024,False,False,1709.936009762189,2256.80274257639,3.78060645758904,5.309526030840078,-0.24231924328038168
2024-04-22,2024,False,False,1716.1044515442343,2264.9416085385215,3.7972424312545305,5.331475906969183,-0.24231845753782166
2024-04-23,2024,False,False,1710.3511700820197,2257.322249424672,3.7805521206713797,5.309374855462176,-0.24230970101059335
2024-04-24,2024,False,False,1704.8394742009668,2250.0222199819655,3.7645412134681484,5.288171854624395,-0.24230104971379718
2024-04-25,2024,False,False,1703.5875145948548,2248.3527425668085,3.7604376122300023,5.2827080320677995,-0.24229526695621084
2024-04-26,2024,False,False,1729.2878300456769,2282.308988711494,3.831639860427342,5.37678406802805,-0.24230775122961423
2024-04-29,2024,False,False,1740.594364713107,2297.2394251949586,3.8626128284048704,5.417684743401789,-0.24231042458041174
2024-04-30,2024,False,True,1721.165647848865,2271.543770845772,3.8077252733208518,5.34509433197143,-0.24229254573949188
2024-05-02,2024,False,False,1737.5562381763252,2293.203168615966,3.8528635459107363,5.404743521869303,-0.24230165824120797
2024-05-03,2024,False,False,1756.5162841823583,2318.260388398567,3.905165155296479,5.473865446325786,-0.24231277341725033
2024-05-06,2024,False,False,1755.9776046258946,2317.532692145203,3.9030088681217636,5.470972814127012,-0.24230729923361294
2024-05-07,2024,False,False,1766.185050042404,2331.015562077407,3.9308543008362786,5.507754161609352,-0.24231091427447382
2024-05-08,2024,False,False,1769.9213849004016,2335.941101333006,3.940628616630124,5.520638459124435,-0.24230907025421355
2024-05-09,2024,False,False,1752.337076058133,2312.6724385684747,3.890892955505156,5.454827380374531,-0.24228911676622245
2024-05-10,2024,False,False,1744.3531681367924,2302.0992481754233,3.8679623296840715,5.424463018163973,-0.24227716527890109
2024-05-13,2024,False,False,1751.974652027569,2312.1624689310934,3.8885819416129346,5.451689057607355,-0.24227874313801911
2024-05-14,2024,False,False,1756.9426504724124,2318.716747566073,3.90179296664284,5.469118068139702,-0.2422780176506456
2024-05-15,2024,False,False,1750.3347299915981,2309.9631489461754,3.8827084657045114,5.4438398150730185,-0.2422672496788031
2024-05-16,2024,False,False,1753.8749044511146,2314.629287689253,3.8919342533501666,5.455998810130737,-0.24226531057072742
2024-05-17,2024,False,False,1752.109472138365,2312.27934608881,3.886361077676715,5.448587817777558,-0.24225873698952727
2024-05-20,2024,False,False,1746.7034774371168,2305.1151618749077,3.8706377673854,5.427754401722622,-0.24224893127838198
2024-05-21,2024,False,False,1742.1216837981929,2299.0408927490794,3.8572165905154074,5.409965314356169,-0.24223980126119027
2024-05-22,2024,False,False,1718.1400632677723,2267.312490182263,3.7897174204995645,5.320664050687312,-0.24221294122114778
2024-05-23,2024,False,False,1705.6291880418487,2250.7528843451814,3.754209310974093,5.2736674503914,-0.24219615582628795
2024-05-24,2024,False,False,1699.8952589887592,2243.155043085313,3.7375979348060966,5.251659708665106,-0.24218557061902224
2024-05-27,2024,False,False,1702.536205807951,2246.6320523579193,3.7443285989871242,5.260519254182101,-0.24218289148813688
2024-05-28,2024,False,False,1692.8148187520817,2233.7612372583462,3.71661286901867,5.223827249890576,-0.24216841508549347
2024-05-29,2024,False,False,1678.235528976668,2214.4663810934817,3.6753709350636816,5.169248342128299,-0.24214901463170013
2024-05-31,2024,False,True,1669.9730678330056,2203.5248347570587,3.6517355649944436,5.13795218595281,-0.24213558136860203
2024-06-03,2024,False,False,1669.115791887041,2202.374517563238,3.6487001584376575,5.133893657048428,-0.24212899369459095
2024-06-04,2024,False,False,1666.0348645811055,2198.282331390846,3.639473307104164,5.1216439192170595,-0.24211970373841352
2024-06-05,2024,False,False,1660.700275283999,2191.2085724686253,3.6239740367088924,5.101095844267369,-0.2421076221817412
2024-06-06,2024,False,False,1681.09570988222,2218.1753832499826,3.680110550897049,5.175321222856299,-0.24212678466427429
2024-06-07,2024,False,False,1652.0680000765158,2179.7558578625135,3.5986583161489643,5.067518045546315,-0.24208576198228582
2024-06-10,2024,False,False,1652.0132356912352,2179.6672556064836,3.597865949599875,5.066427096038084,-0.24208007830462674
2024-06-11,2024,False,False,1664.0067848490949,2195.5184542089482,3.6306018779716007,5.109693764321547,-0.24208936542569792
2024-06-12,2024,False,False,1640.8798471971395,2164.905592609347,3.5656089237538655,5.023666089619775,-0.24205477929437214
2024-06-13,2024,False,False,1635.9032028830748,2158.305391395228,3.5511286768203494,5.0044662439705885,-0.24204275752397042
2024-06-14,2024,False,False,1637.2470703236813,2160.067165351534,3.5542338534733826,5.008531753411778,-0.24203881407676875
2024-06-17,2024,False,False,1630.141990197726,2150.6510643967467,3.5338394943616356,4.981507618959106,-0.2420239539625283
2024-06-18,2024,False,False,1636.9113705234395,2159.5907387815355,3.552033844614681,5.0055359810387525,-0.24202704654725338
2024-06-19,2024,False,False,1645.567601079882,2171.0266975483614,3.575469487223361,5.036498533430729,-0.24203253560255877
2024-06-20,2024,False,False,1648.1353566256146,2174.4076634852663,3.5819720784698763,5.045058836489481,-0.24203019318654906
2024-06-21,2024,False,False,1660.3972281087956,2190.6138498971195,3.615419675076568,5.0892671296653775,-0.24204020339469012
2024-06-24,2024,False,False,1678.1238991215637,2214.049912583467,3.664046412233362,5.153557289003522,-0.24205687975505374
2024-06-25,2024,False,False,1674.005558859823,2208.585239227342,3.651953755342012,5.137516296310523,-0.2420462071704047
2024-06-26,2024,False,False,1678.283101912204,2214.228237295859,3.6631928366551927,5.1523429766486775,-0.242046021433717
2024-06-27,2024,False,False,1701.0665642821969,2244.354385439271,3.7258412676266053,5.235183735072291,-0.24206864329527011
2024-06-28,2024,False,True,1695.6426251512898,2237.1624175617126,3.7101184031980265,5.214340048782535,-0.24205653919424686
2024-07-01,2024,False,False,1706.7562067901345,2251.858083661721,3.740416949181631,5.2544059804636625,-0.24206759778804654
2024-07-02,2024,False,False,1707.7410639869686,2253.1475539902895,3.7425796271070118,5.257231796881992,-0.24206425763701733
2024-07-03,2024,False,False,1719.7179969206575,2268.985936188902,3.7752642676777874,5.300455937745352,-0.24207639655573254
2024-07-04,2024,False,False,1726.6105832812011,2278.094769576144,3.793824651794739,5.324985478060274,-0.24208131885468065
2024-07-05,2024,False,False,1728.0600596137979,2279.99920135705,3.797269930128829,5.329508947641781,-0.24207865573581744
2024-07-08,2024,False,False,1731.940669897526,2285.121437895314,3.8074626366935913,5.342963199564594,-0.24207937434926396
2024-07-09,2024,False,False,1739.6215809749137,2295.2736835647224,3.828200357478341,5.370374649690915,-0.24208533673720412
2024-07-10,2024,False,False,1741.1658636197108,2297.3035992591263,3.8319033377477494,5.375239235395742,-0.24208282084212474
2024-07-11,2024,False,False,1755.878674823173,2316.7631402622264,3.8721449536654573,5.428465704672604,-0.24209832057996605
2024-07-12,2024,False,False,1764.1528415146036,2327.700608291064,3.894513311801674,5.4580354632924575,-0.24210491880663387
2024-07-15,2024,False,False,1769.9799140555822,2335.399146932501,3.9100878088624276,5.478612999571527,-0.24210817821852226
2024-07-16,2024,False,False,1767.1508292627573,2331.640552890574,3.9016484651523653,5.467406261032705,-0.2420998051899591
2024-07-17,2024,False,False,1771.8314956918896,2337.8217292168474,3.914038876270766,5.483769416614915,-0.24210153685010027
2024-07-18,2024,False,False,1747.3445568336772,2305.397192760137,3.8455419347931725,5.393071549732716,-0.2420635531608032
2024-07-19,2024,False,False,1746.9024085169447,2304.797904500067,3.8437318138504795,5.39063915654027,-0.24205831448121495
2024-07-22,2024,False,False,1750.2630164091509,2309.2318753142235,3.8524649683474523,5.402161660104525,-0.2420583506058751
2024-07-23,2024,False,False,1732.985040401094,2286.3489911979973,3.8039840821049973,5.337956706948769,-0.24202952083310458
2024-07-24,2024,False,False,1730.7489383983923,2283.375258410712,3.797207228628949,5.328950463177437,-0.24202168170857807
2024-07-25,2024,False,False,1724.39960656579,2274.9573293015424,3.779032528137507,5.304858244841002,-0.24200793379486574
2024-07-26,2024,False,False,1745.428700753164,2302.7769877819164,3.836730134617202,5.381189243251094,-0.24203311479397838
2024-07-29,2024,False,False,1738.1246216125169,2293.0953724704823,3.8159096852292356,5.35359517730648,-0.24201817225773026
2024-07-30,2024,False,False,1727.055299551931,2278.43014999304,3.7846629594910155,5.312201090079489,-0.24199769760016254
2024-07-31,2024,False,True,1747.732450882503,2305.7839832981244,3.8413641298684285,5.387213250133309,-0.2420224689120276
2024-08-01,2024,False,False,1744.2760740027802,2301.1924663321493,3.831181370774413,5.373691836750256,-0.24201208741876046
2024-08-02,2024,False,False,1723.3003091001701,2273.4025445041525,3.7724832326540456,5.295928496864471,-0.24197308863484368
2024-08-05,2024,False,False,1715.3718025237852,2262.889229632731,3.7499282134075855,5.266024298542489,-0.24195502808496205
2024-08-06,2024,False,False,1729.0197120726675,2280.9464582124556,3.7871172496348713,5.315230566407504,-0.24197268820256523
2024-08-07,2024,False,False,1746.0781934454867,2303.5198163441555,3.833738549867963,5.376926633895988,-0.24199558386407416
2024-08-08,2024,False,False,1761.770099803019,2324.2836158064824,3.8765654498825386,5.433598332629922,-0.24201586767554695
2024-08-09,2024,False,False,1788.466495385766,2359.6190770193657,3.94983808007131,5.530584940800861,-0.24205287505772788
2024-08-12,2024,False,False,1795.3504178980145,2368.7197307716874,3.968265307390732,5.554947682638631,-0.2420587397593379
2024-08-13,2024,False,False,1812.8848405992758,2391.9233095260115,4.016157274957121,5.618326350090838,-0.24208069992071746
2024-08-14,2024,False,False,1825.4759666940326,2408.5811918278723,4.050361074857736,5.663579756063028,-0.2420949009783312
2024-08-15,2024,False,False,1836.922187208504,2423.7230403992417,4.081389176233759,5.704628050896934,-0.2421072224052787
2024-08-16,2024,False,False,1834.237083550625,2420.1528095898484,4.07332359040907,5.693910210080043,-0.24209864919170976
2024-08-19,2024,False,False,1859.1740376732832,2453.158495626291,4.141650387028564,5.784347819456745,-0.24213048566246986
2024-08-20,2024,False,False,1863.4404874970385,2458.793206900278,4.152801750243193,5.79907623828634,-0.24213208241037143
2024-08-21,2024,False,False,1868.618305625558,2465.634712092222,4.166470117351046,5.81713757270691,-0.2421349778775883
2024-08-22,2024,False,False,1851.0630706199656,2442.37410585961,4.117289212570903,5.751976668624205,-0.24210502143017465
2024-08-23,2024,False,False,1857.0435367211296,2450.27844227641,4.1331772594377245,5.7729772245358735,-0.2421091804587484
2024-08-26,2024,False,False,1874.5529960337105,2473.448965606847,4.180925365922315,5.836165482832995,-0.2421299076313066
2024-08-27,2024,False,False,1873.0597236703577,2471.4569054996227,4.176147961405334,5.829801773771097,-0.2421232514706927
2024-08-28,2024,False,False,1880.8540596036505,2481.7630887547793,4.197034578156281,5.857421244989342,-0.24212989220201275
2024-08-29,2024,False,False,1863.130355827457,2458.279403568616,4.1474152741685355,5.79167987925525,-0.24209983896753062
2024-08-30,2024,False,True,1862.666448114269,2457.6503829621997,4.145487425730025,5.7890894556966845,-0.24209461971185586
2024-09-02,2024,False,False,1847.736852425574,2437.857758612073,4.103574102451276,5.733527940398992,-0.24206535598798362
2024-09-03,2024,False,False,1840.2464829755156,2427.9198410191098,4.082216746776147,5.705196825539362,-0.2420480891152158
2024-09-04,2024,False,False,1864.265093694254,2459.721715955657,4.1478720535936,5.792130971080709,-0.24208292279521348
2024-09-05,2024,False,False,1869.6567876868594,2466.8486050485435,4.16208158577755,5.810915159876336,-0.2420869347796608
2024-09-06,2024,False,False,1843.3763528065076,2432.019579318319,4.088852820946057,5.713870272865084,-0.24203885179115403
2024-09-09,2024,False,False,1845.6714953070975,2435.0444817349853,4.094519111652082,5.721337291855243,-0.24203787275703303
2024-09-10,2024,False,False,1840.0221416692082,2427.545348819655,4.078257980687787,5.6997571724553495,-0.24202357638184513
2024-09-11,2024,False,False,1844.9419866921717,2434.04718188113,4.091167111765519,5.716818767346088,-0.24202702378746588
2024-09-12,2024,False,False,1836.1593867450267,2422.3974528439458,4.066265552706025,5.683792735477974,-0.24200738215385054
2024-09-13,2024,False,False,1847.8363982066237,2437.8504713682632,4.097814551016697,5.7255464922140735,-0.24202225693952817
2024-09-16,2024,False,False,1851.1070226331788,2442.1675899400693,4.106166750991298,5.7365715734587495,-0.2420229347656666
2024-09-17,2024,False,False,1848.998923476907,2439.3595395848556,4.099681822040326,5.727941992550823,-0.24201459708084672
2024-09-18,2024,False,False,1832.5065923744437,2417.4967672451794,4.05353098356708,5.666767184786444,-0.24198178164984774
2024-09-19,2024,False,False,1824.0281910981007,2406.2500087052626,4.029489497513145,5.634880538709363,-0.24196231293540427
2024-09-20,2024,False,False,1796.0127324985003,2369.122605506542,3.951590833985625,5.531649562247261,-0.2419080682764011
2024-09-23,2024,False,False,1789.2797222503657,2360.187957958794,3.9323804367626245,5.5061626564891935,-0.24189100439364064
2024-09-24,2024,False,False,1810.9812394165324,2388.9203903542725,3.9915482383183063,5.584502979057583,-0.24192482649119706
2024-09-25,2024,False,False,1803.2627891693528,2378.680335240488,3.969621859915539,5.555418246725755,-0.24190621057661355
2024-09-26,2024,False,False,1822.7263317197485,2404.448133565039,4.02260240993501,5.625562367781894,-0.24193568317183045
2024-09-27,2024,False,False,1818.9623277810283,2399.4465142114714,4.011572931435528,5.610912726113998,-0.2419242033495409
2024-09-30,2024,False,True,1806.5429849802658,2382.979209632965,3.976702437962164,5.564681018272632,-0.24189729491659484
2024-10-01,2024,False,False,1815.8450157903014,2395.2925963298544,4.001728786009212,5.597811941986425,-0.24191098049040083
2024-10-02,2024,False,False,1829.79951290812,2413.7716698654826,4.039562782527453,5.647916226428704,-0.2419334704470646
2024-10-03,2024,False,False,1804.696401226585,2380.4895981083605,3.969829648971677,5.555467044599173,-0.24188015664480345
2024-10-04,2024,False,False,1806.3773686553027,2382.7031609529463,3.973863220288753,5.5607772898261425,-0.24187897248062828
2024-10-07,2024,False,False,1809.5077131590276,2386.8375125930984,3.9818862105168336,5.571374525932638,-0.24188064599623726
2024-10-08,2024,False,False,1802.6472457123027,2377.7315281026804,3.9624041473827596,5.545520663837421,-0.24186258019183027
2024-10-09,2024,True,False,1781.551371767747,2349.7600532075403,3.9037436034775226,5.467745479149525,-0.24181561886038527
2024-10-10,2024,False,False,1786.9520310096418,2356.8684186336573,3.918020427572306,5.486535075813584,-0.24181086356717862
2024-10-11,2024,False,False,1782.0527284457207,2350.393508037891,3.9039498389867875,5.467940976892977,-0.24180664967315246
2024-10-14,2024,False,False,1795.9821075421562,2368.749289530359,3.9416902109665735,5.5176736044022325,-0.2418015213850524
2024-10-15,2024,False,False,1796.5467731645879,2369.4800938148283,3.942652605596354,5.518904564323092,-0.24179706010014468
2024-10-16,2024,False,False,1806.2744389997795,2382.294783789845,3.9688209660321645,5.55337639363311,-0.24179222013562507
2024-10-17,2024,False,False,1793.20858833546,2365.050078209882,3.9322886309155196,5.505160463863583,-0.2417883220076471
2024-10-18,2024,False,False,1789.2197872064407,2359.775909184013,3.9207288180973494,5.489877545286655,-0.2417840269311271
2024-10-21,2024,False,False,1787.375640541294,2357.330045165828,3.9150693128227836,5.482375781780731,-0.2417796378548427
2024-10-22,2024,False,False,1781.7961350083901,2349.958103605017,3.8991405983494287,5.46133130698331,-0.24177536089899765
2024-10-23,2024,False,False,1771.9935313566932,2337.016868827733,3.871605453168054,5.424980633879734,-0.24177118488428384
2024-10-24,2024,False,False,1783.4674901426852,2352.134516776089,3.902563914578912,5.465769557290552,-0.2417663711737189
2024-10-25,2024,False,False,1781.130806341796,2349.039109779789,3.8955555145627745,5.456488948964526,-0.24176196176283837
2024-10-28,2024,False,False,1799.2590199686506,2372.9321864071476,3.9447911888253024,5.521381322423753,-0.24175708422038578
2024-10-29,2024,False,False,1792.6862152190502,2364.2503120827905,3.9261389426568876,5.496745182545302,-0.2417527847803137
2024-10-30,2024,False,False,1791.4877267529985,2362.655922438923,3.92225752183956,5.49158836651478,-0.24174836050452864
2024-10-31,2024,False,True,1778.8373729042744,2345.9591614085466,3.886915859627127,5.4449427511223805,-0.24174410101997013
2024-11-01,2024,False,False,1757.0585324086035,2317.20883463868,3.8263860222297907,5.365038001754362,-0.24173492430060584
2024-11-04,2024,False,False,1789.9292437107165,2360.559406921011,3.9159664108851704,5.483178480991501,-0.24173514190629686
2024-11-05,2024,False,False,1791.9827302947567,2363.2518304103132,3.9208949090331515,5.489635030755305,-0.2417300995029258
2024-11-06,2024,False,False,1787.6510548287677,2357.520105681445,3.908290468460488,5.472959827738071,-0.24172394096632976
2024-11-07,2024,False,False,1778.66693910395,2345.6502679321916,3.882917474783275,5.439438678039538,-0.24171690749451147
2024-11-08,2024,False,False,1753.3332772879119,2312.209951862563,3.8126744103539902,5.3467190241821285,-0.2417067161762092
2024-11-11,2024,False,False,1753.9877006914937,2313.0565466154253,3.813775287178734,5.348125723774821,-0.24170133096918356
2024-11-12,2024,False,False,1751.6361807851492,2309.9373043574446,3.8066273014035,5.338649448698938,-0.2416953579298976
2024-11-13,2024,False,False,1752.1762774502922,2310.6330641929844,3.807415057264339,5.339643064211798,-0.2416899486971289
2024-11-14,2024,False,False,1753.0201487585762,2311.729603616997,3.8090359264240465,5.3417358459028215,-0.2416846044555766
2024-11-18,2024,False,False,1752.7518703918586,2311.3588484555944,3.8076058232200536,5.3398033955040125,-0.2416790358783909
2024-11-19,2024,False,False,1758.686160291478,2319.171339701963,3.8231866405222403,5.360314008997878,-0.24167476107328623
2024-11-21,2024,False,False,1741.258864142318,2296.1621443655235,3.7747031921928187,5.296302603975314,-0.24166554682772046
2024-11-22,2024,False,False,1771.5162361859288,2336.064854700814,3.8569709217218824,5.404795416928638,-0.24166650055920147
2024-11-25,2024,False,False,1770.3432138459577,2334.500441920315,3.8530545466849215,5.399582801397488,-0.24166079300901422
2024-11-26,2024,False,False,1782.5451861615038,2350.5820867515868,3.8857989811120266,5.442737975804984,-0.24165797220682805
2024-11-27,2024,False,False,1751.7025931252904,2309.8736617821614,3.8005696335468793,5.330246585008087,-0.24164571330980045
2024-11-28,2024,False,False,1709.8326789617333,2254.6165398653065,3.6851486732438605,5.177922448433923,-0.2416303842675257
2024-11-29,2024,False,True,1724.3806798164112,2273.793375074341,3.724330629634003,5.2295708906146325,-0.2416282417218173
2024-12-02,2024,False,False,1718.5073754529653,2266.0242901637866,3.7075605728959546,5.207390644912334,-0.2416200554810678
2024-12-03,2024,False,False,1730.947597014802,2282.4274556965684,3.7409549291165103,5.2514230442892895,-0.2416198847001082
2024-12-04,2024,False,False,1730.2849325251982,2281.535959105949,3.738456863358138,5.24808060291338,-0.24161399884171286
2024-12-05,2024,False,False,1754.608829093306,2313.6245349529854,3.804376387487074,5.335043401658268,-0.24161902565190385
2024-12-06,2024,False,False,1728.4525356737074,2279.0836807389624,3.7320746653891117,5.239566272916468,-0.24160198667506594
2024-12-09,2024,False,False,1745.8395134505201,2302.0161312711693,3.778987286494724,5.301441650216426,-0.24160413572494366
2024-12-10,2024,False,False,1759.851247877415,2320.493556163077,3.816648474455615,5.3511059589597325,-0.2416047684324022
2024-12-11,2024,False,False,1778.6131623287333,2345.2408026977287,3.8672980101175183,5.417913762243532,-0.24160744590372296
2024-12-12,2024,False,False,1729.9864556740113,2281.040970824204,3.7335458896610323,5.241327541137656,-0.24158027944192573
2024-12-13,2024,False,False,1710.4364382482095,2255.219822387832,3.6793797446675276,5.169787851025027,-0.2415655355329419
2024-12-16,2024,False,False,1696.065805904446,2236.235008683303,3.639396820066869,5.116968782750181,-0.24155296768066836
2024-12-17,2024,False,False,1711.7181427361747,2256.877885076433,3.681538032530203,5.17254639649521,-0.2415548248955417
2024-12-18,2024,False,False,1657.9500228298068,2185.891837961861,3.5338299415322867,4.977539568404628,-0.24152238732192266
2024-12-19,2024,False,False,1663.7056943359182,2193.4719828099733,3.548914691665339,4.997405047257086,-0.24151951455308385
2024-12-20,2024,False,False,1676.2909490983159,2210.066579466442,3.582665904009784,5.041908634512575,-0.24152015840943175
2024-12-23,2024,False,False,1658.035126801528,2185.9536552632794,3.5321057990546727,4.975128679327048,-0.24150490436549
2024-12-26,2024,False,False,1662.3500620714426,2191.6321544498064,3.5432467173989366,4.98978868448595,-0.2415013355702642
2024-12-27,2024,False,False,1651.323829533055,2177.0616556078553,3.5124626436254918,4.949111384517367,-0.24148963568420834
2024-12-30,2024,False,True,1651.5696102420497,2177.369227123736,3.512485273885381,4.949096248971956,-0.24148390191784685
2025-01-02,2025,False,False,1649.4490254660825,2174.5543858047754,3.5061316975355536,4.940667637862294,-0.2414772257555462
2025-01-03,2025,False,False,1627.6612258654561,2145.768615578297,3.4460574831189508,4.861299918391177,-0.2414553861732236
2025-01-06,2025,False,False,1648.116059458478,2172.7650409153234,3.501372229433459,4.9343055121213055,-0.2414660451439452
2025-01-07,2025,False,False,1663.8045373014938,2193.467403395206,3.5436568794231453,4.990104626948179,-0.24147286860696537
2025-01-08,2025,False,False,1642.764659385424,2165.669277889711,3.4856426097156916,4.913457132130277,-0.24145174142832182
2025-01-09,2025,False,False,1644.9492850979432,2168.539548393915,3.491050418485325,4.920559700256407,-0.24144833497906848
2025-01-10,2025,False,False,1632.3272273584805,2151.8573135375027,3.4560366052719402,4.874284762107589,-0.24143333431571778
2025-01-13,2025,False,False,1634.4350869156933,2154.6262128826615,3.4612372099435786,4.881113732434064,-0.2414298697642816
2025-01-14,2025,False,False,1638.479783987771,2159.952742774515,3.4717225217381174,4.894921267961708,-0.2414279481489482
2025-01-15,2025,False,False,1684.4688229071633,2220.6675688690116,3.5966651084045633,5.059871807878722,-0.24145835850385067
2025-01-16,2025,False,False,1665.1025842591932,2195.0795156506283,3.543253981607621,4.989302907641551,-0.2414386028445754
2025-01-17,2025,False,False,1680.449726875936,2215.3311385126135,3.584560266774627,5.043810149711991,-0.24144535430301406
2025-01-20,2025,False,False,1687.414690745321,2224.513935906501,3.602991096887422,5.068109930557102,-0.24144566437265735
2025-01-21,2025,False,False,1694.083830751936,2233.3060922982118,3.620610497959656,5.0913382135582275,-0.24144574870674462
2025-01-22,2025,False,False,1689.1042550204859,2226.715899384526,3.6064576187493103,5.0726106094532755,-0.24143701695965714
2025-01-23,2025,False,False,1682.45391875176,2217.919435602193,3.5877523813260686,5.0478715398175815,-0.24142694646843532
2025-01-24,2025,False,False,1682.0006674525632,2217.306339653708,3.5859480337038523,5.045450424139495,-0.2414216126242381
2025-01-27,2025,False,False,1715.1454948474136,2261.060141660607,3.6757374085059595,5.16398055966956,-0.24144189566415208
2025-01-28,2025,False,False,1704.1421063255543,2246.5153901006324,3.645164953433551,5.123570633405267,-0.24142869715697013
2025-01-29,2025,False,False,1695.6421169612047,2235.2764244450914,3.6214230145126987,5.0921805423429145,-0.24141725899419852
2025-01-30,2025,False,False,1743.4013011725103,2298.3287608552127,3.751000696865505,5.263251918594659,-0.24144825106579304
2025-01-31,2025,False,True,1732.7839367459062,2284.2937614092943,3.721482116473858,5.2242336823141535,-0.2414355955352845
2025-02-03,2025,False,False,1730.5792050986213,2281.3650416518935,3.7148323255649673,5.215406733828888,-0.24142819167355112
2025-02-04,2025,False,False,1719.346773587304,2266.5098525156372,3.683592409663045,5.174093850492065,-0.24141217754735456
2025-02-05,2025,False,False,1724.69706536395,2273.562053355856,3.697527074394525,5.192460992389639,-0.24141192327773164
2025-02-06,2025,False,False,1734.2149368792122,2286.120032288517,3.7228075623072225,5.225817081395744,-0.2414156245579201
2025-02-07,2025,False,False,1712.2585476364313,2257.097452185488,3.6623786184790497,5.145942688047618,-0.24138918061402415
2025-02-10,2025,False,False,1725.3644144177467,2274.395521763226,3.6974255769609217,5.192201257182755,-0.24139649506513394
2025-02-11,2025,False,False,1738.4351880994939,2291.647229943962,3.732367464541973,5.238321028838878,-0.2414036657195252
2025-02-12,2025,False,False,1709.1296732279072,2252.9157402522883,3.6519588275119954,5.132051552129256,-0.24136990891789245
2025-02-13,2025,False,False,1715.6221357295765,2261.4768596855674,3.668994790392097,5.15451587885581,-0.24137090840358444
2025-02-14,2025,False,False,1761.847115228795,2322.528497684275,3.79414181014638,5.319805435875578,-0.24140990434111742
2025-02-17,2025,False,False,1766.469362271812,2328.618880635902,3.8060654666625267,5.3355159315355785,-0.2414089841144711
2025-02-18,2025,False,False,1766.2394399697841,2328.2990760551247,3.804786289362851,5.333784211248979,-0.24140353868870124
2025-02-19,2025,False,False,1749.5254937223292,2306.202272926943,3.7586712735545467,5.272819999801286,-0.24138246056713009
2025-02-20,2025,False,False,1753.5752845786328,2311.5363855899686,3.76903803257719,5.286473716589526,-0.24138105914734653
2025-02-21,2025,False,False,1747.147866059815,2303.0290858588937,3.7509119403394013,5.262485617563273,-0.24136960458394208
2025-02-24,2025,False,False,1723.5281187304488,2271.809047977636,3.686047087358479,5.176751082049037,-0.24134111523821367
2025-02-25,2025,False,False,1731.5031276064728,2282.3287553350574,3.7070901933029026,5.204509325363755,-0.2413436830434713
2025-02-26,2025,False,False,1714.9553252522885,2260.451444445809,3.6614713923682753,5.144200718798068,-0.2413217592148983
2025-02-27,2025,False,False,1715.4199995733632,2261.049269547106,3.6621008277574747,5.144990540962376,-0.24131684228315553
2025-02-28,2025,False,True,1688.0552976068263,2224.8817824287103,3.5871067869750712,5.0458744087736696,-0.24128314999095235
2025-03-05,2025,False,False,1691.5042832284016,2229.42334556582,3.5958217333533,5.057349287251621,-0.24128170336392363
2025-03-06,2025,False,False,1695.816065602652,2235.105259656556,3.6068780735559605,5.071918778020383,-0.24128134087822362
2025-03-07,2025,False,False,1718.8585157068233,2265.5433341543035,3.6688079769020217,5.153727426580668,-0.24130406609571664
2025-03-10,2025,False,False,1711.8479755854814,2256.2606332124938,3.6491011343802375,5.127637511583388,-0.2412897914421661
2025-03-11,2025,False,False,1698.0274549939404,2237.977240393611,3.6109077668836447,5.077114129981221,-0.24126687959735693
2025-03-12,2025,False,False,1702.9622769679543,2244.482620497095,3.6236472224051335,5.093908229414805,-0.24126733643818898
2025-03-13,2025,False,False,1727.32798367422,2276.6696317211477,3.689131545908012,5.180414773925104,-0.24129177127540857
2025-03-14,2025,False,False,1772.8917045914052,2336.8738737072044,3.8121346267481,5.342943371490983,-0.24134044009020517
2025-03-17,2025,False,False,1798.6729243685522,2370.9317562288666,3.881414878303455,5.434466985908937,-0.24136453120461476
2025-03-18,2025,False,False,1807.5093861860144,2382.593899732755,3.90469556377239,5.465193386878369,-0.24136908669632928
2025-03-19,2025,False,False,1821.732501704842,2401.3755365195766,3.9425842542327567,5.515227073236035,-0.2413795868241574
2025-03-20,2025,False,False,1814.196935914172,2391.398913723239,3.9214365765804207,5.487232918438255,-0.24136582754836344
2025-03-21,2025,False,False,1819.5955077156887,2398.517227934782,3.9353768232117172,5.505614179980137,-0.24136650488750833
2025-03-24,2025,False,False,1805.618576082711,2380.027108004668,3.8967674772440057,5.454541115056907,-0.24134537375228526
2025-03-25,2025,False,False,1815.9009832683364,2393.600344908438,3.923950147295331,5.490424797097234,-0.24135163703036655
2025-03-26,2025,False,False,1822.1489177453507,2401.8412543708037,3.940186848910054,5.511841300377464,-0.2413533099119457
2025-03-27,2025,False,False,1830.825678543291,2413.2923224280794,3.963002980785065,5.5419537917154384,-0.24135768322453077
2025-03-28,2025,False,False,1813.7900268686142,2390.759518858263,3.91612132817456,5.4799473407,-0.24133313595053174
2025-03-31,2025,False,True,1791.324951777472,2361.050693645563,3.854539164708596,5.398511364893125,-0.24130178288904514
2025-04-01,2025,False,False,1803.544443629839,2377.1918202784677,3.88699212472521,5.44138143958398,-0.24131303656489567
2025-04-02,2025,False,False,1804.184583448757,2378.022133431434,3.888064436328249,5.442758421651136,-0.24130875062741408
2025-04-03,2025,False,False,1803.5534209028328,2377.1714653577774,3.8856925935333404,5.439581377103556,-0.24130276373169057
2025-04-04,2025,False,False,1750.3516985437261,2306.8093053189023,3.7409309277999077,5.248129212673083,-0.24122393016714894
2025-04-07,2025,False,False,1727.5375845978165,2276.6272005345745,3.67850395287154,5.165544212686728,-0.24118556424513704
2025-04-08,2025,False,False,1704.8839941659494,2246.65734817815,3.6165285517626566,5.0835563178395615,-0.2411464099995192
2025-04-09,2025,False,False,1757.9031896570448,2316.745936693618,3.759450899301597,5.272494752114845,-0.24121883119999554
2025-04-10,2025,False,False,1738.197145424103,2290.673481181584,3.705460599415546,5.2010651899880465,-0.24118511009805754
2025-04-11,2025,False,False,1756.4468929406278,2314.7881213101955,3.7542208497513263,5.265497689295427,-0.24120619214753036
2025-04-14,2025,False,False,1780.7811807597059,2346.948052869144,3.81943485997214,5.351686205329212,-0.24123536582639693
2025-04-15,2025,False,False,1777.972738133904,2343.218473341695,3.8111831636690665,5.340734605173034,-0.24122622010643613
2025-04-16,2025,False,False,1765.2946354192632,2326.4387227602792,3.7762300741863175,5.294477063745344,-0.24120303786691977
2025-04-17,2025,False,False,1783.6196411844724,2350.6528732073534,3.8251579634369595,5.359131267976068,-0.2412237206462523
2025-04-22,2025,False,False,1794.8329480726447,2365.463570445884,3.8548362133422893,5.398332622250161,-0.24123416209097526
2025-04-23,2025,False,False,1818.8955385349063,2397.26424981687,3.919257710709685,5.483473292270101,-0.24126197657439963
2025-04-24,2025,False,False,1851.356757634948,2440.170026967839,4.006373060126954,5.59862094907474,-0.24130009910192685
2025-04-25,2025,False,False,1853.584311879666,2443.0993009364524,4.011719107421024,5.6056490494428886,-0.24129800570563065
2025-04-28,2025,False,False,1857.426148704542,2448.163062173206,4.021427814827093,5.6184456938989085,-0.24129802568962622
2025-04-29,2025,False,False,1858.5330541642065,2449.61055680953,4.023741192496841,5.621463864872362,-0.24129447883142952
2025-04-30,2025,False,True,1858.2263657068725,2449.188925026948,4.022233420829385,5.619429527099859,-0.2412890868815165
2025-05-02,2025,False,False,1859.1912032279824,2450.449832793293,4.024194475329768,5.621985135588618,-0.2412857515598794
2025-05-05,2025,False,False,1836.720978523092,2420.711041531304,3.962833318191576,5.540778676294054,-0.24124732485162248
2025-05-06,2025,False,False,1837.1056832419583,2421.2045546096138,3.963234188612006,5.541270506471361,-0.24124309127686794
2025-05-07,2025,False,False,1835.5316172587295,2419.107022627112,3.958343704969555,5.534762988830635,-0.2412358774993878
2025-05-08,2025,False,False,1874.4336033201612,2470.5508646396647,4.0627788642731035,5.6728705025637245,-0.24128920794611874
2025-05-09,2025,False,False,1878.3192559682595,2475.67540156905,4.072621447445145,5.685851778928761,-0.24129017286442078
2025-05-12,2025,False,False,1879.0701078314532,2476.6532509450303,4.073996690814004,5.687632540805663,-0.24128655995164194
2025-05-13,2025,False,False,1912.01654814773,2520.2191481981936,4.1622971857935624,5.804397288784014,-0.24132925126185645
2025-05-14,2025,False,False,1904.6580152797444,2510.4699731034384,4.141768649039032,5.777203938188997,-0.24131416201516653
2025-05-15,2025,False,False,1917.2012452573624,2527.046678964207,4.174964800823214,5.821077154016496,-0.24132733232961479
2025-05-16,2025,False,False,1915.2338898106088,2524.4289070573263,4.168990063747947,5.813135464362403,-0.24131993400314977
2025-05-19,2025,False,False,1921.4367836895992,2532.6186707841043,4.185064566625749,5.834360329795193,-0.2413240864663143
2025-05-20,2025,False,False,1927.971417025449,2541.2472566150996,4.202030034374204,5.856763765760901,-0.2413286774804133
2025-05-21,2025,False,False,1897.47213788761,2500.8877011109157,4.119079508689595,5.746999193644556,-0.24128055128395542
2025-05-22,2025,False,False,1889.1758241831042,2489.89803758023,4.096042685657698,5.716487962644165,-0.24126378041605612
2025-05-23,2025,False,False,1896.7862803526052,2499.9497126153146,4.115914704264668,5.742736188661907,-0.24127022604455184
2025-05-26,2025,False,False,1901.108814673849,2505.652152869552,4.1269147435663065,5.757248646495517,-0.2412718531195006
2025-05-27,2025,False,False,1920.4177474999447,2531.1784723475284,4.178322123459019,5.8252115972390985,-0.2412950060693021
2025-05-28,2025,False,False,1911.5081270475084,2519.3775319183846,4.15363598253918,5.792518702052391,-0.24127761606574816
2025-05-29,2025,False,False,1906.70152051378,2513.004023060038,4.14001693591648,5.774465273974428,-0.2412660294144594
2025-05-30,2025,False,True,1886.0897221794048,2485.723542238906,4.083799790240983,5.700063456169557,-0.24123109825777622
2025-06-02,2025,False,False,1882.8501553421056,2481.420380215125,4.074383924921453,5.687563347837556,-0.24122080629527465
2025-06-03,2025,False,False,1893.3130730621583,2495.250041859849,4.101894564974827,5.72392897294489,-0.24123312642008143
2025-06-04,2025,False,False,1885.8964677992492,2485.4193055548394,4.081224485515961,5.696535916893007,-0.24121597366515757
2025-06-05,2025,False,False,1875.4567839238905,2471.588057431251,4.0524159049673765,5.658372999545396,-0.24119362112751364
2025-06-06,2025,False,False,1873.6661782679994,2469.2023401960423,4.046912264694947,5.651050074602134,-0.24118564616327087
2025-06-09,2025,False,False,1868.195595042108,2461.9468211302546,4.031499044013217,5.6306135769734835,-0.24117142620308984
2025-06-10,2025,False,False,1878.344319855085,2475.3607038293385,4.058150854598316,5.665842746275315,-0.24118359116337262
2025-06-11,2025,False,False,1887.8800120849717,2487.963345932917,4.08314488983568,5.69887815275422,-0.24119460394338355
2025-06-12,2025,False,False,1897.1378382491334,2500.19828126389,4.107384138508906,5.730914742936842,-0.24120504662930164
2025-06-13,2025,False,False,1889.1395922773588,2489.5978459770545,4.085167139373778,5.701474686344696,-0.2411868465704119
2025-06-16,2025,False,False,1917.19936902994,2526.7138496439757,4.160003684645242,5.800467903765242,-0.2412281393478406
2025-06-17,2025,False,False,1911.5482482566583,2519.219420948429,4.1441018521438595,5.779384878763264,-0.24121407116772564
2025-06-18,2025,False,False,1909.9069253563543,2517.031253133727,4.138993476002567,5.772585101933882,-0.24120651144935024
2025-06-20,2025,False,False,1888.0126344499192,2488.0418511281055,4.079399070352217,5.693682677234612,-0.24116524262086925
2025-06-23,2025,False,False,1880.3129539893182,2477.836514682283,4.058003911201931,5.665330234518582,-0.24114729004612367
2025-06-24,2025,False,False,1888.7813224956058,2489.0267419207885,4.080100383258756,5.694531312320572,-0.2411566775542041
2025-06-25,2025,False,False,1869.6765217576178,2463.7287385909153,4.028039590581196,5.625598328871629,-0.24111916524262111
2025-06-26,2025,False,False,1888.1860404604026,2488.2066586693563,4.07713374686852,5.690526105591171,-0.2411458132379699
2025-06-27,2025,False,False,1884.8350256154886,2483.7560148467946,4.067441929333213,5.6776610158537295,-0.24113519429896546
2025-06-30,2025,False,True,1912.1481144252953,2519.883908602331,4.140183103293804,5.773881474737449,-0.24117610819385726
2025-07-01,2025,False,False,1921.7164904882263,2532.536914644161,4.165300839222765,5.807099338181103,-0.24118914935609503
2025-07-02,2025,False,False,1914.9264101026247,2523.533792155482,4.146448636639444,5.7821076442598835,-0.24117266982702612
2025-07-03,2025,False,False,1940.6992990562153,2557.6391286808453,4.215105021415229,5.87296412661052,-0.24121457273091895
2025-07-04,2025,False,False,1945.344634162863,2563.77477117767,4.226977404876851,5.888647165547479,-0.2412185906372466
2025-07-07,2025,False,False,1921.0716102359102,2531.6268688856926,4.161154892585671,5.801473891411159,-0.24117110864703428
2025-07-08,2025,False,False,1918.5537034755293,2528.279459784369,4.15378827142457,5.791687406568616,-0.2411623263991718
2025-07-09,2025,False,False,1893.6199422832606,2495.2568410307504,4.086214956500641,5.702196349843193,-0.24111221292112095
2025-07-10,2025,False,False,1883.5531808078572,2481.915887093396,4.058585142291069,5.665584470241489,-0.2410890350463445
2025-07-11,2025,False,False,1875.975561918264,2471.8701824320756,4.0376459923082395,5.637830028714272,-0.24107035423984535
2025-07-14,2025,False,False,1863.8417346288156,2455.792745190761,4.004478157420355,5.593886661147269,-0.24104273934401732
2025-07-15,2025,False,False,1863.2150169373765,2454.9489851153307,4.00221143802494,5.590851716779808,-0.24103717501492405
2025-07-16,2025,False,False,1866.8348384585825,2459.7270023321676,4.0113446877389585,5.602908619705865,-0.24103982405829583
2025-07-17,2025,False,False,1867.6151347279736,2460.7459164812785,4.0128542535585705,5.604872923219676,-0.24103698711057786
2025-07-18,2025,True,False,1837.7313273426437,2421.170183323122,3.93206773965937,5.497889640190408,-0.24097391418379865
2025-07-21,2025,False,False,1848.5924640414312,2435.4621031336414,3.9606378104016935,5.535483417579483,-0.24096849560381228
2025-07-22,2025,False,False,1846.8310243827361,2433.1282399738675,3.955332893234126,5.5284588800045436,-0.24096437086991696
2025-07-23,2025,False,False,1865.2343757254093,2457.3543618231242,4.004128151368764,5.59269221065343,-0.24095832302282116
2025-07-24,2025,False,False,1843.7748059045489,2429.075174371245,3.9459786022631933,5.516063565493193,-0.24095605382744
2025-07-25,2025,False,False,1839.9134613594345,2423.9754287235296,3.9350448526258885,5.5016250566345395,-0.24095209895409841
2025-07-28,2025,False,False,1820.7377327167962,2398.7043948127643,3.883041960411184,5.433092476759979,-0.240949515640956
2025-07-29,2025,False,False,1828.998685371459,2409.571491166002,3.9046251327437984,5.461483536996391,-0.24094442016891615
2025-07-30,2025,False,False,1846.4583815361852,2432.5546808480835,3.9508676585838494,5.522354588424565,-0.2409385918130984
2025-07-31,2025,False,True,1833.8441495411378,2415.9260996453568,3.9164722507805303,5.4770136719714655,-0.2409353291848062
2025-08-01,2025,False,False,1825.1612014978296,2404.469520504856,3.8925689598486617,5.445476120832522,-0.24092978266798393
2025-08-04,2025,False,False,1832.5636543976846,2414.2085450929862,3.9117851617551205,5.470756789655739,-0.24092570290894189
2025-08-05,2025,False,False,1835.0926911347206,2417.5259083152105,3.917936002275284,5.478821346939691,-0.24092118937678375
2025-08-06,2025,False,False,1854.2410262911285,2442.7423876856446,3.9686182917077577,5.545564647364876,-0.24091830737505104
2025-08-07,2025,False,False,1881.7067263368776,2478.918592019344,4.04157198942006,5.641654814034987,-0.24091628809640475
2025-08-08,2025,False,False,1873.289693681719,2467.8124074516904,4.018380350467673,5.611055052492091,-0.24091082124993723
2025-08-11,2025,False,False,1869.3403151074617,2462.5932148110646,4.007161558323558,5.596231825386781,-0.24090576394653085
2025-08-12,2025,False,False,1900.946855088677,2504.2257706952128,4.09117254901954,5.706892129141623,-0.24090436360259004
2025-08-13,2025,False,False,1884.0976868092907,2482.008628688034,4.045403139887159,5.646541851880734,-0.24089801097701802
2025-08-14,2025,False,False,1879.5773479404777,2476.037086249541,4.03265642059799,5.629705318276216,-0.240892893576373
2025-08-15,2025,False,False,1879.418159217313,2475.812196357344,4.031588646553234,5.628258047361578,-0.2408882378144449
2025-08-18,2025,False,False,1892.9802045226704,2493.667666424093,4.067251025490895,5.675209814519561,-0.24088513076115126
2025-08-19,2025,False,False,1853.217947704392,2441.2581315393336,3.9601805890635005,5.534083706643641,-0.2408758730745746
2025-08-20,2025,False,False,1856.49237420821,2445.5576888750843,3.9683114385589917,5.544757418934212,-0.2408715678008947
2025-08-21,2025,False,False,1854.3959987713752,2442.7801835972714,3.962068804051845,5.536491316965176,-0.24086661123942543
2025-08-22,2025,False,False,1902.078295096184,2505.595634598601,4.08901059969676,5.703721279980969,-0.24086781249485256
2025-08-25,2025,False,False,1902.9115356687928,2506.6784608246553,4.09059136930505,5.705764035327103,-0.24086333153284978
2025-08-26,2025,False,False,1899.462574032235,2502.118663566714,4.0807176225546975,5.6927132766400454,-0.2408583167176438
2025-08-27,2025,False,False,1919.2736309591085,2528.2084060953853,4.133054794974691,5.761637357106863,-0.2408562417829817
2025-08-28,2025,False,False,1944.7194762948714,2561.7230640881785,4.200446835883395,5.8503991271936515,-0.24085491380502666
2025-08-29,2025,False,True,1949.9071157934286,2568.543646832513,4.2136553898220015,5.867763761584259,-0.24085108765894514
2025-09-01,2025,False,False,1948.0339839243836,2566.0600108173903,4.208014053510322,5.8602892499675034,-0.24084628741638092
2025-09-02,2025,False,False,1935.0199617518258,2548.8903954321977,4.1725928503694005,5.8135587727227644,-0.24083830155289288
2025-09-03,2025,False,False,1928.5686762468035,2540.3718135537474,4.154721282642409,5.789962325134546,-0.24083212309425184
2025-09-04,2025,False,False,1944.1780344586625,2560.933686620126,4.195811073626163,5.8440890555931455,-0.24083233993280262
2025-09-05,2025,False,False,1966.9143384129138,2590.890336521475,4.25593531459785,5.923307105972604,-0.240834584664942
2025-09-08,2025,False,False,1955.2683337993903,2575.5240489765665,4.224180634392347,5.88140989524951,-0.2408269941892589
2025-09-09,2025,False,False,1952.9261988312467,2572.422170644159,4.217289177205516,5.872287523275228,-0.24082204658412842
2025-09-10,2025,False,False,1963.0352419082235,2585.733499777411,4.243658975471214,5.907010319949373,-0.24082074116408037
2025-09-11,2025,False,False,1974.1325808811578,2600.347605685602,4.272661986085404,5.945204240024674,-0.24081973634418685
2025-09-12,2025,False,False,1962.0635916864846,2584.4237376724013,4.239791092146475,5.901835667491239,-0.24081196009537909
2025-09-15,2025,False,False,1979.6759954490792,2607.626035770713,4.28618423350889,5.962953366543959,-0.24081292014559752
2025-09-16,2025,False,False,1986.8193241582214,2617.0279448453357,4.3046147004224355,5.987210532354052,-0.24081081057174536
2025-09-17,2025,False,False,2007.9711581830836,2644.895938269368,4.360437505160519,6.060758481000619,-0.24081279375514586
2025-09-18,2025,False,False,2006.7195518663407,2643.231600460261,4.35644626802469,6.055459258690335,-0.24080827744458166
2025-09-19,2025,False,False,2011.8025185473014,2649.9175296251624,4.369362538886405,6.072447610306147,-0.2408056114743028
2025-09-22,2025,False,False,2001.4337344768603,2636.234880823274,4.341041018739801,6.035076101178072,-0.24079840190422286
2025-09-23,2025,False,False,2019.6067650344708,2660.176200069952,4.388884030413384,6.098105082054451,-0.24079962636258334
2025-09-24,2025,False,False,2020.5727277189037,2661.4350732175762,4.390807665512477,6.100602911810172,-0.2407957841796583
2025-09-25,2025,False,False,2004.2840884322773,2639.9488405718284,4.346701824361598,6.042424456478747,-0.24078676918673259
2025-09-26,2025,False,False,2006.2643874315063,2642.5448171095395,4.3513356599773445,6.048494904996346,-0.24078321228777022
2025-09-29,2025,False,False,2018.5741903504077,2658.7571992786334,4.38351705512292,6.090878698524662,-0.24078280224381465
2025-09-30,2025,False,True,2017.2448761171281,2656.9904264909865,4.379319669645675,6.085307803975964,-0.2407782670179781
2025-10-01,2025,False,False,2007.372741559881,2643.9581712595245,4.352373412459687,6.0497377624587365,-0.24076985658074468
2025-10-02,2025,False,False,1985.816312403337,2615.51781921864,4.294282506697201,5.9730972344996776,-0.2407559612816632
2025-10-03,2025,False,False,1989.318206290084,2620.1219153514644,4.303004026967075,5.984562361275346,-0.24075357156682697
2025-10-06,2025,False,False,1981.1972554547958,2609.39894872016,4.2807436406837756,5.955171609753585,-0.24074574475224664
2025-10-07,2025,False,False,1950.217501398197,2568.532044002709,4.197566921455218,5.845450406959711,-0.24072681672328
2025-10-08,2025,False,False,1961.131132274645,2582.9100088182145,4.226047508089078,5.882971869171468,-0.24072804488765687
2025-10-09,2025,False,False,1955.1510069839528,2575.01015204287,4.209508012121282,5.861125289270854,-0.24072104902854663
2025-10-10,2025,False,False,1941.0327685759303,2556.378553296093,4.171290823264959,5.8106923115730496,-0.2407099621168235
2025-10-13,2025,False,False,1956.2736557195367,2576.462877440091,4.211291878798858,5.863405858364847,-0.24071343202769468
2025-10-14,2025,False,False,1954.9342361820343,2574.6827263005057,4.207120721735586,5.8578694504819495,-0.24070868374876297
2025-10-15,2025,False,False,1967.6627051376054,2591.4539208124143,4.240417116508212,5.90174156770328,-0.24071090389261174
2025-10-16,2025,False,False,1962.1448317263128,2584.16363628361,4.225116490645501,5.881528729248932,-0.24070410860352764
2025-10-17,2025,False,False,1978.7027578312266,2605.9847416808666,4.268599609877079,5.93883411190784,-0.24070823355820636
2025-10-20,2025,False,False,1994.0493222301236,2626.2084225798867,4.308847599408825,5.991873332484939,-0.24071170243554174
2025-10-21,2025,False,False,1988.2485864914368,2618.545127075777,4.292791376076741,5.970664111428573,-0.24070486090427434
2025-10-22,2025,False,False,1999.1441681886895,2632.899290411612,4.321179940786929,6.008064307310158,-0.24070617684880957
2025-10-23,2025,False,False,2010.8740077487637,2648.353590842172,4.3517822469592184,6.048383775673449,-0.2407078817940963
2025-10-24,2025,False,False,2017.1345326725739,2656.595497860311,4.367823007227722,6.06950091991058,-0.24070693701874257
2025-10-27,2025,False,False,2028.1575608641472,2671.1177250793203,4.396532149453423,6.107323886721931,-0.240708284093349
2025-10-28,2025,False,False,2034.536163242696,2679.515341014088,4.41287816710029,6.12884359089925,-0.24070740252873246
2025-10-29,2025,False,False,2051.1687661042815,2701.4349227623507,4.45649798986797,6.186329311072642,-0.24071139052024237
2025-10-30,2025,False,False,2053.2416058947138,2704.154523115409,4.461380471328601,6.192732049456969,-0.2407084771438246
2025-10-31,2025,False,True,2063.7592570688084,2718.0103089036256,4.4887214283744905,6.228750821552196,-0.24070955496071134
2025-11-03,2025,False,False,2076.4023622666696,2734.6721277129377,4.5215738114858945,6.272046245842662,-0.24071250033063107
2025-11-04,2025,False,False,2079.8989425721397,2739.267971163173,4.530097944146467,6.283248174097437,-0.24070993985705091
2025-11-05,2025,False,False,2115.6398992806585,2786.400171943136,4.624340014877922,6.407528091075918,-0.24072646830003352
2025-11-06,2025,False,False,2116.301380652473,2787.2559901623144,4.625311448292808,6.4087666218640145,-0.2407222773501937
2025-11-07,2025,False,False,2126.3416839863257,2800.4842269800865,4.651208839801397,6.442887160808735,-0.2407235636248254
2025-11-10,2025,False,False,2142.8422156722822,2822.234712086424,4.69426602766061,6.499644689460427,-0.2407285593592179
2025-11-11,2025,False,False,2177.2198393415574,2867.568421849168,4.784810089146915,6.619046289348929,-0.24074354329178838
2025-11-12,2025,False,False,2175.6783563915455,2865.5181185044944,4.779906148131902,6.612534151508025,-0.24073823077865386
2025-11-13,2025,False,False,2169.248852599365,2857.0196023434637,4.762019879685157,6.588895910041355,-0.24073014731153974
2025-11-14,2025,False,False,2177.2411941044843,2867.5461948479533,4.7824409684072124,6.615792242397416,-0.24073021107165504
2025-11-17,2025,False,False,2167.018744861334,2854.044074926133,4.754487233034989,6.578873154940116,-0.24071994406133335
2025-11-18,2025,False,False,2160.5846943293564,2845.539560765752,4.736599943020929,6.5552336018095705,-0.24071177075888905
2025-11-19,2025,False,False,2144.9101529491754,2824.8451125930615,4.694186517540077,6.499239505277095,-0.24069813832013642
2025-11-21,2025,False,False,2136.550489223012,2813.8003548291795,4.671201354461752,6.468874928996145,-0.24068867019788331
2025-11-24,2025,False,False,2143.5949043703745,2823.076455347972,4.68910506817113,6.492450433246469,-0.2406883276896037
2025-11-25,2025,False,False,2152.363773920888,2834.627433438419,4.711579846996769,6.522056038453904,-0.2406890060645258
2025-11-26,2025,False,False,2188.8559071559316,2882.7505764140233,4.807605395330638,6.64868886354789,-0.24070576030245983
2025-11-27,2025,False,False,2186.219348814721,2879.2556640137814,4.799800003836874,6.6383492901789785,-0.24069981831100895
2025-11-28,2025,False,True,2196.0870138162672,2892.2561586138104,4.8251644928813455,6.671766998975625,-0.2407010674777854
2025-12-01,2025,False,False,2189.7837027393984,2883.922055378002,4.807674586233651,6.648646215032494,-0.24069248034778157
2025-12-02,2025,False,False,2224.020225935897,2929.0860654248836,4.897693518790499,6.767398741513878,-0.24071188887606554
2025-12-03,2025,False,False,2233.2040750688534,2941.189486569304,4.921262296351195,6.798460788994575,-0.2407139746464506
2025-12-04,2025,False,False,2270.460597950768,2990.3388184158407,5.019248669010518,6.927727514358009,-0.2407346672663785
2025-12-05,2025,False,False,2172.876249801782,2861.5463228512367,4.75977799814919,6.585278523131177,-0.24066361168085726
2025-12-08,2025,False,False,2184.1976177594806,2876.4705060012157,4.789020985315347,6.623828534326042,-0.24066747314023818
2025-12-09,2025,False,False,2181.4052164861505,2872.769550723745,4.780853892900889,6.613010602156472,-0.24066125807530125
2025-12-10,2025,False,False,2196.5261433345236,2892.7077956132684,4.820154062889569,6.664832526797214,-0.24066781073929766
2025-12-11,2025,False,False,2198.1486264044474,2894.8329120738485,4.823681617179619,6.669447376007017,-0.24066476609535947
2025-12-12,2025,False,False,2219.9302514959904,2923.560901557593,4.880609937737723,6.744532189556537,-0.24067589961499603
2025-12-15,2025,False,False,2243.61461830274,2954.799831050153,4.942562887836684,6.826247731559139,-0.2406881187937031
2025-12-16,2025,False,False,2189.877237619741,2883.8696843244757,4.799463023357365,6.637366748740666,-0.24064625751884372
2025-12-17,2025,False,False,2172.696196027632,2861.180858880411,4.75320057203133,6.576276602357768,-0.24062955010896625
2025-12-18,2025,False,False,2180.958985901634,2872.0688105129593,4.7743155570601905,6.604100636783054,-0.24063136025208642
2025-12-19,2025,False,False,2188.582476604126,2882.113115393813,4.793732565464265,6.629683958686468,-0.24063269241079832
2025-12-22,2025,False,False,2184.0668609475897,2876.1381321155995,4.781013395837982,6.612859005070407,-0.2406251853623398
2025-12-23,2025,False,False,2216.0016315666644,2918.2646502155385,4.864765466631373,6.723341670545292,-0.24064404802936779
2025-12-26,2025,False,False,2222.125111476004,2926.3294761770608,4.880193467785138,6.743660958393916,-0.24064425090677932
2025-12-29,2025,False,False,2216.5765592055,2918.9913852054287,4.8647349099232695,6.723221021842648,-0.2406361421825488
2025-12-30,2025,False,True,2225.376553275562,2930.588254657991,4.887239558930058,6.752878980576695,-0.24063827467456
2026-01-02,2026,False,False,2217.3408956434073,2919.965192128632,4.8652423237827875,6.723802624348315,-0.2406276274728526
2026-01-05,2026,False,False,2235.7279963337387,2944.2226429868942,4.91313449911946,6.786986839134103,-0.2406389504342622
2026-01-06,2026,False,False,2260.494999639754,2976.9021622712485,4.977886285409247,6.872427327502357,-0.2406552595886815
2026-01-07,2026,False,False,2237.276537804211,2946.236377524383,4.915740026931306,6.790350532361123,-0.240632369190922
2026-01-08,2026,False,False,2250.5681209816216,2963.767268473302,4.950136036839236,6.835718574586346,-0.24063938996770962
2026-01-09,2026,False,False,2256.593049502865,2971.7054953284824,4.965313952613314,6.855716943844175,-0.24064041573089023
2026-01-12,2026,False,False,2253.610059805542,2967.7524272559135,4.956678572173238,6.844279543407701,-0.24063407745594612
2026-01-13,2026,False,False,2237.436840176032,2946.387021450842,4.913185708997819,6.786827013650601,-0.2406167879892822
2026-01-14,2026,False,False,2281.201086815447,3004.1446795249167,5.028088942132174,6.938472161824997,-0.24064872695272377
2026-01-15,2026,False,False,2287.0677061237457,3011.8739234058703,5.04283113092585,6.957895368837855,-0.24064958750414867
2026-01-16,2026,False,False,2276.529137123132,2997.946783670413,5.014229699281139,6.9201009506955184,-0.2406372422875509
2026-01-19,2026,False,False,2277.2558737604863,2998.890901482144,5.015392874084303,6.921598607688682,-0.2406339715009317
2026-01-20,2026,False,False,2296.973378071529,3024.9046096068428,5.066713739089688,6.989309118569199,-0.240646012182819
2026-01-21,2026,False,False,2373.347944777686,3125.710941546831,5.267644220363606,7.254518331549729,-0.24070139908612942
2026-01-22,2026,False,False,2425.375546548849,3194.377001604597,5.4042356943953,7.434794044221871,-0.24073597282645842
2026-01-23,2026,False,False,2470.4660634091597,3253.8854604705843,5.52247766301136,7.590846702273355,-0.24076428214167223
2026-01-26,2026,False,False,2468.6142474614257,3251.425647592448,5.516769226485221,7.583273236887669,-0.2407594344685886
2026-01-27,2026,False,False,2512.730108645171,3309.6474697659364,5.632394706076997,7.735871903605414,-0.24078617689669668
2026-01-28,2026,False,False,2550.9692397508084,3360.111458345253,5.732481341556739,7.867957851608686,-0.24080814836806674
2026-01-29,2026,False,False,2529.5603803546223,3331.8345181445125,5.675140485982291,7.792224790278306,-0.24079051147974595
2026-01-30,2026,False,True,2505.223007188943,3299.691665744299,5.610087090208293,7.7063104637052735,-0.24077057465796603
2026-02-02,2026,False,False,2524.9742128667745,3325.7552043448895,5.661224656544325,7.77379359199883,-0.24078169987735276
2026-02-03,2026,False,False,2564.7245979933546,3378.2275345714756,5.76510005332362,7.9109167090103405,-0.24080762123126587
2026-02-04,2026,False,False,2510.133852384189,3306.1229905445066,5.6201332370572015,7.719445249787709,-0.240762107289064
2026-02-05,2026,False,False,2515.962665242462,3313.8020963312833,5.634533837439836,7.738417482268254,-0.24076254643332828
2026-02-06,2026,False,False,2527.3510386329776,3328.8225670977745,5.663588500863277,7.776740326316089,-0.24076727200379378
2026-02-09,2026,False,False,2572.755088027606,3388.7605256998063,5.782306910441842,7.93346360026311,-0.2407976106555033
2026-02-10,2026,False,False,2568.5143878146214,3383.1429023304904,5.770136034655613,7.917348402686898,-0.24079045373895058
2026-02-11,2026,False,False,2620.510107675496,3451.7851206375985,5.906175979232639,8.096944681036131,-0.24082467010824626
2026-02-12,2026,False,False,2593.9369238177446,3416.6775920160717,5.83514340926942,8.003103009265011,-0.24080137678804348
2026-02-13,2026,False,False,2576.051870812812,3393.0426859538575,5.787021907879188,7.9395152732976335,-0.24078412526996307
2026-02-18,2026,False,False,2569.935020423437,3384.9476179876606,5.76991517161157,7.916882353838416,-0.2407755420595683
2026-02-19,2026,False,False,2604.685094012853,3430.817068041665,5.8604523986291115,8.036392628731338,-0.24079744202169728
2026-02-20,2026,False,False,2632.2966483403925,3467.2601479694285,5.93216381421025,8.131043549882913,-0.24081362920461136
2026-02-23,2026,False,False,2609.1923513880524,3436.7332628534964,5.8703133886753855,8.049326906284806,-0.24079288329125148
2026-02-24,2026,False,False,2645.579251304524,3484.7641318552105,5.965105532175139,8.174455810061986,-0.24081540351022934
2026-02-25,2026,False,False,2642.2875796892467,3480.399694825274,5.955422116760228,8.16162540316685,-0.24080915659834945
2026-02-26,2026,False,False,2639.002797073662,3476.0443546764304,5.945759664764719,8.1488226910624,-0.2408028989839185
2026-02-27,2026,False,True,2608.498198871112,3435.7454179527203,5.864468944397663,8.041435310401896,-0.24077663460133358
2026-03-02,2026,False,False,2615.72997633847,3445.276323345766,5.882292517992817,8.064926302435799,-0.24077788518330212
2026-03-03,2026,False,False,2530.3434241133064,3332.4696952335476,5.656462883496947,7.766581099351669,-0.2407002447066593
2026-03-04,2026,False,False,2561.5700008513513,3373.6948081282294,5.737427671886773,7.873473982451944,-0.24072266564249645
2026-03-05,2026,True,False,2494.0886477282534,3284.5387673494197,5.5587885196219835,7.637461695343847,-0.2406578748525624
2026-03-06,2026,False,False,2478.9663806693256,3264.6043040163463,5.5178783014969115,7.583534541673128,-0.24065333810302014
2026-03-09,2026,False,False,2500.462183565435,3292.889339875381,5.5732444362918905,7.656386277274924,-0.24064797644852998
2026-03-10,2026,False,False,2535.5172145722095,3339.0294726778266,5.664229580967783,7.776141946761417,-0.24064245754057945
2026-03-11,2026,False,False,2542.8029851055617,3348.6024178975354,5.682208264993592,7.799761084173621,-0.24063753537450572
2026-03-12,2026,False,False,2478.122851847123,3263.409040260564,5.511095249204211,7.574380032213778,-0.2406336989097574
2026-03-13,2026,False,False,2455.6459024608375,3233.789765604073,5.450908675466298,7.495069436788283,-0.2406290821437732
2026-03-16,2026,False,False,2486.423370841445,3274.2971076054223,5.530616452919221,7.599974893027724,-0.24062377691197656
2026-03-17,2026,False,False,2493.8741573605694,3284.0873495915207,5.549039278783007,7.6241789642634465,-0.2406188106809154
2026-03-18,2026,False,False,2483.3015772795543,3270.1440165344334,5.520133670434677,7.586059906881935,-0.2406140020979085
2026-03-19,2026,False,False,2492.084930075745,3281.689011804889,5.542050043951027,7.614864399207795,-0.24060905189028603
2026-03-20,2026,False,True,2436.161976819386,3208.02728601505,5.394125923410461,7.420019123399081,-0.24060434665269326
