horizon_years,contribution_interval_days,window_stride_days,window_number,start_date,end_date,final_relative_advantage_theoretical,mean_relative_advantage_theoretical,median_relative_advantage_theoretical,annual_return_btd_theoretical,annual_return_dca,annual_alpha_theoretical,theoretical_win,final_relative_advantage_implementable,mean_relative_advantage_implementable,median_relative_advantage_implementable,annual_return_btd_implementable,annual_alpha_implementable,implementable_win,implementable_minus_theoretical_annual_alpha,implementable_minus_theoretical_annual_return
1,15,0,0,1990-12-19,1991-12-19,0.07384327330078988,0.1471627560317513,0.08255079607780846,0.9671456528352611,0.9081624004746158,0.05898325236064528,True,0.021942516787895938,0.0012354615962939745,0.00010432463184550933,0.8720064829565743,-0.03615591751804148,False,-0.09513916987868676,-0.09513916987868676
1,15,3127,1,1999-07-12,2000-07-11,0.07365552654569063,0.12835430759666627,0.044154607581814,0.23580936127054963,0.19896439506951058,0.03684496620103905,True,0.04527769790529601,0.023447690267557355,0.011075663354167542,0.2031235647638765,0.004159169694365916,True,-0.03268579650667314,-0.03268579650667314
1,15,6255,2,2008-02-03,2009-02-02,0.03404014509266995,0.09949291990267736,0.03772967660593429,-0.16561406202678186,-0.1931744291342029,0.027560367107421047,True,-0.021894497577573557,0.058935585944934435,-0.026378774681313444,-0.21089946128206372,-0.01772503214786081,False,-0.045285399255281855,-0.045285399255281855
1,15,9382,3,2016-08-26,2017-08-26,0.05408320033127634,0.06945666204002923,0.017267169325223097,0.06549956481781027,0.052905707238322996,0.012593857579487278,True,0.039580010249717024,0.00016987128862539495,0.0,0.050789301140177656,-0.0021164060981453403,False,-0.014710263677632618,-0.014710263677632618
1,15,12510,4,2025-03-20,2026-03-20,0.059334308923102874,0.1276057302611603,0.07156273939007374,0.07749216156007943,0.059509476268289285,0.017982685291790146,True,0.03932793072574037,0.00016878940225639643,0.0,0.05712905241115673,-0.002380423857132552,False,-0.020363109148922698,-0.020363109148922698
1,30,0,0,1990-12-19,1991-12-19,0.150598574676444,0.2281591695905592,0.18843376161045322,1.0021476230644053,0.8850221226073809,0.11712550045702441,True,0.03883008789842313,0.011258387600881175,-0.005977609497297642,0.8075336334102439,-0.07748848919713702,False,-0.19461398965416143,-0.19461398965416143
1,30,3127,1,1999-07-12,2000-07-11,0.13858825861997448,0.21302228785839555,0.13858825861997437,0.24595657624425282,0.18545074602517952,0.0605058302190733,True,0.12678861178457912,0.13473460340252733,0.0783770628236291,0.2330354304097071,0.047584684384527565,True,-0.012921145834545733,-0.012921145834545733
1,30,6255,2,2008-02-03,2009-02-02,0.06087586541845558,0.17143272442514246,0.0775596016140987,-0.1410487896853262,-0.1905019765362268,0.04945318685090061,True,-0.03593770858315237,0.18362609781062794,0.15711802760838411,-0.21969155955530384,-0.029189583019077037,False,-0.07864276986997765,-0.07864276986997765
1,30,9382,3,2016-08-26,2017-08-26,0.10085824286441225,0.18206811427150948,0.11895689673372134,0.07055716618656471,0.05345657378656776,0.01710059239999695,True,0.07891407479311918,0.009008928720283166,-0.0002711568395772357,0.04914446472905576,-0.004312109057512004,False,-0.021412701457508954,-0.021412701457508954
1,30,12510,4,2025-03-20,2026-03-20,0.11407107471982258,0.2260445461828432,0.16990725594629175,0.08590321646892907,0.05592240443209895,0.029980812036830118,True,0.08446781758179656,0.016430624438689014,0.010389378891622503,0.05702894129059133,0.0011065368584923796,True,-0.02887427517833774,-0.02887427517833774
1,45,0,0,1990-12-19,1991-12-19,0.22296552437985317,0.2696203459497624,0.2934805414282706,1.018699841170788,0.8568859071552792,0.1618139340155087,True,0.08594332897884249,0.08770321102079723,0.02202377618914486,0.7923769446548807,-0.0645089625003985,False,-0.2263228965159072,-0.2263228965159072
1,45,3127,1,1999-07-12,2000-07-11,0.19429586187512138,0.17605191610686696,0.0991765151310271,0.2570671614111091,0.18408068239011222,0.07298647902099686,True,0.16841849445972468,0.19195971422906444,0.07476244929474918,0.22981124679917087,0.04573056440905865,True,-0.027255914611938215,-0.027255914611938215
1,45,6255,2,2008-02-03,2009-02-02,0.06849059030930227,0.2111758504306458,0.12030332570192681,-0.10751446009238652,-0.16491307108276232,0.0573986109903758,True,-0.07376016633688764,0.23347179244193988,0.15736033946604855,-0.22671272006032994,-0.06179964897756762,False,-0.11919825996794342,-0.11919825996794342
1,45,9382,3,2016-08-26,2017-08-26,0.1564089847584984,0.25374927535883773,0.17738775865098955,0.07223578666356789,0.04301437846552858,0.02922140819803931,True,0.1208807041841704,0.04985356408959201,0.001350408007324777,0.0391821899865159,-0.003832188479012677,False,-0.03305359667705199,-0.03305359667705199
1,45,12510,4,2025-03-20,2026-03-20,0.16559018767776235,0.30245659037511946,0.24075608664265724,0.09254953157337176,0.054477291407254436,0.03807224016611732,True,0.12857544705636048,0.02737629247435912,0.018808288165427234,0.057830904009358086,0.0033536126021036505,True,-0.03471862756401367,-0.03471862756401367
1,60,0,0,1990-12-19,1991-12-19,0.3018190229812372,0.3976401092409749,0.33297846801731223,1.0295656058928628,0.8187234451854337,0.21084216070742912,True,0.10497990665248191,0.20329602728113516,0.01715782626415585,0.7224955049624342,-0.09622794022299952,False,-0.30707010093042864,-0.30707010093042864
1,60,3127,1,1999-07-12,2000-07-11,0.265236392603857,0.3252176596754635,0.309868852427299,0.2743248131418021,0.17498176682438293,0.09934304631741919,True,0.23426874860318603,0.35928321484235626,0.2786819516742549,0.24311362368731526,0.06813185686293233,True,-0.031211189454486865,-0.031211189454486865
1,60,6255,2,2008-02-03,2009-02-02,0.10000432393358816,0.3920157117684656,0.09875833083415197,-0.10741390596538536,-0.18882683852728788,0.08141293256190252,True,-0.06504473699579083,0.3437129106476602,0.3374265465256294,-0.24176452848643437,-0.052937689959146494,False,-0.134350622521049,-0.134350622521049
1,60,9382,3,2016-08-26,2017-08-26,0.19180204787550026,0.37478822136942674,0.22771569308489337,0.07182900717289376,0.04914708491653186,0.022681922256361897,True,0.15847422313478887,0.028967632635151595,-0.0006123860800424374,0.041754664844850575,-0.007392420071681283,False,-0.03007434232804318,-0.03007434232804318
1,60,12510,4,2025-03-20,2026-03-20,0.22371287774447612,0.4400916492165722,0.3887945320213917,0.09121074044046251,0.040307407094644976,0.050903333345817536,True,0.17668934348871956,0.042269704842101054,0.030926458983077998,0.049250696035634034,0.008943288940989058,True,-0.04196004440482848,-0.04196004440482848
1,90,0,0,1990-12-19,1991-12-19,0.46686479447558393,0.6173228292129184,0.5467282313738613,1.0437192178920212,0.7413800604991299,0.3023391573928913,True,0.16129161396376923,0.23978058092189847,0.027502855722472352,0.6177184841271326,-0.12366157637199726,False,-0.42600073376488856,-0.42600073376488856
1,90,3127,1,1999-07-12,2000-07-11,0.3547143714118419,0.3449968068572532,0.4531471422638511,0.2712101667567075,0.17288573045934497,0.09832443629736254,True,0.3113646467781812,0.5853787888986254,0.5629309933921147,0.23050509619296,0.057619365733615036,True,-0.0407050705637475,-0.0407050705637475
1,90,6255,2,2008-02-03,2009-02-02,0.10714180596728973,0.47883393367455335,0.21531929194160226,-0.060922349474496484,-0.15209644194019933,0.09117409246570285,True,-0.1405955154232822,0.43626486960791633,0.4837844129796842,-0.2716869301872792,-0.11959048824707985,False,-0.2107645807127827,-0.2107645807127827
1,90,9382,3,2016-08-26,2017-08-26,0.2995773966528952,0.38684461542349163,0.39490832910156914,0.07858345748201168,0.03729816660018459,0.041285290881827086,True,0.2494785959127317,0.276630887963761,0.021714125160441133,0.03686399985237987,-0.00043416674780472064,False,-0.041719457629631806,-0.041719457629631806
1,90,12510,4,2025-03-20,2026-03-20,0.3204553726844104,0.6707319779521014,0.5919673074511662,0.10528348212418748,0.04626971376931577,0.05901376835487171,True,0.26516773778843405,0.06095549247825827,0.050024960022877485,0.05897409773109108,0.012704383961775312,True,-0.0463093843930964,-0.0463093843930964
1,120,0,0,1990-12-19,1991-12-19,0.5950785619876455,0.8755986735493313,0.741737412295828,1.049305237998177,0.7128131605762045,0.3364920774219726,True,0.31616143245584527,0.4859152460670649,0.15126363899815742,0.6907389559594614,-0.02207420461674303,False,-0.35856628203871566,-0.35856628203871566
1,120,3127,1,1999-07-12,2000-07-11,0.4356899356574715,0.5753135528339691,0.6138147991002758,0.2630864701559168,0.17297609794854707,0.09011037220736973,True,0.4068354230194584,0.5650220471326168,0.5853012475795616,0.23768373260947473,0.06470763466092766,True,-0.025402737546442067,-0.025402737546442067
1,120,6255,2,2008-02-03,2009-02-02,0.1527027163897401,0.4805224073135568,0.13545474176499073,-0.03684149781545476,-0.16484227082996605,0.1280007730145113,True,-0.15411980793870916,0.6138776714595374,0.4071741263989781,-0.29396255640654934,-0.12912028557658328,False,-0.2571210585910946,-0.2571210585910946
1,120,9382,3,2016-08-26,2017-08-26,0.36649214023155197,0.7097197943956355,0.5381883393220883,0.0761408744201093,0.04993905296778167,0.026201821452327634,True,0.316710190229601,0.0001557633388378497,-0.001211379558144987,0.03680441816712965,-0.013134634800652023,False,-0.03933645625297966,-0.03933645625297966
1,120,12510,4,2025-03-20,2026-03-20,0.43638688326974906,0.7856365959897155,0.6213220906051626,0.10808054042870152,0.028528874482238953,0.07955166594646257,True,0.3735836545055604,0.104634834432395,0.07213846439878058,0.059599422075172326,0.031070547592933373,True,-0.048481118353529196,-0.048481118353529196
2,15,0,0,1990-12-19,1992-12-18,0.06851376564951162,0.10400218113062283,0.06600500779617446,0.7894647376927626,0.749056005101661,0.04040873259110156,True,0.0048471664154843275,0.0013244105102897476,9.902854901455704e-05,0.7352975479602559,-0.013758457141405112,False,-0.05416718973250667,-0.05416718973250667
2,15,3036,1,1999-04-12,2001-04-11,0.05280932367932123,0.08133734039135304,0.058945509512970506,0.1380785068738417,0.12065051336127719,0.01742799351256452,True,0.021808653033935643,0.011337498350780819,0.006183335318349581,0.12118609550372517,0.0005355821424479768,True,-0.016892411370116545,-0.016892411370116545
2,15,6072,2,2007-08-04,2009-08-03,0.06199172397793551,0.09727419514030806,0.047437029074577364,0.11454676025731558,0.0926615828522972,0.021885177405018386,True,0.007419718791164431,0.013962650754579468,-0.011767909327634385,0.0854344789765431,-0.007227103875754093,False,-0.02911228128077248,-0.02911228128077248
2,15,9108,3,2015-11-26,2017-11-25,0.03642657204496014,0.07560339540779105,0.031503431435724094,0.04502055328077037,0.03711331657646122,0.00790723670430915,True,0.01865475479354539,0.0063549816620075755,-0.0012391006827999762,0.036003787461607706,-0.0011095291148535136,False,-0.009016765819162664,-0.009016765819162664
2,15,12145,4,2024-03-20,2026-03-20,0.03942267663191634,0.05500726027348631,0.02675877215084732,0.08762806982008087,0.0778517993383705,0.00977627048171037,True,0.01865529913761743,0.001372748604369078,0.0003604830264446468,0.07670055384095842,-0.001151245497412079,False,-0.010927515979122449,-0.010927515979122449
2,30,0,0,1990-12-19,1992-12-18,0.13575445213858894,0.1756824408697896,0.13503753794886508,0.8154942805548402,0.7386180459288494,0.0768762346259908,True,0.009154903036930007,0.004586984807252437,-0.004997235197189975,0.7112521264193226,-0.027365919509526826,False,-0.10424215413551763,-0.10424215413551763
2,30,3036,1,1999-04-12,2001-04-11,0.09738820223442368,0.18599551513449397,0.11003782181186073,0.14675750391930031,0.11724412645688376,0.029513377462416557,True,0.05798096585139967,0.05376676308324157,0.029745607777957428,0.12596511483847928,0.008720988381595518,True,-0.02079238908082104,-0.02079238908082104
2,30,6072,2,2007-08-04,2009-08-03,0.11052489322680858,0.15923511866538942,0.1126702271266411,0.1287882685605939,0.09311282302027535,0.03567544554031854,True,0.013412424400098377,0.08807706458092385,0.0021150812159120846,0.07813516619193361,-0.014977656828341734,False,-0.050653102368660274,-0.050653102368660274
2,30,9108,3,2015-11-26,2017-11-25,0.06756473422360676,0.13137347266597316,0.07897336368994301,0.04886957835018557,0.03604302331789766,0.012826555032287912,True,0.03973257668890584,0.05833866498196549,0.0016325742140956834,0.03507877317646457,-0.0009642501414330873,False,-0.013790805173720999,-0.013790805173720999
2,30,12145,4,2024-03-20,2026-03-20,0.07170116269800952,0.11194511520413421,0.07533658928215847,0.09335050469818573,0.07791053013595373,0.015439974562232006,True,0.03634155040303422,0.005409958926173729,0.0004939003239656792,0.07514991329616172,-0.0027606168397920072,False,-0.018200591402024013,-0.018200591402024013
2,45,0,0,1990-12-19,1992-12-18,0.20692300119331142,0.22778019972375615,0.2057473463765369,0.8303721640500961,0.7172959043209401,0.11307625972915591,True,0.034666560206888075,0.05275142004964248,0.02202377618914486,0.6946379320927292,-0.022657972228210976,False,-0.1357342319573669,-0.1357342319573669
2,45,3036,1,1999-04-12,2001-04-11,0.14385699930586782,0.25075278396208417,0.17078273860272697,0.15109176698908255,0.10937296098919425,0.04171880599988831,True,0.08619432528700766,0.13154182355048027,0.06236193090576525,0.12168303721772666,0.012310076228532418,True,-0.02940872977135589,-0.02940872977135589
2,45,6072,2,2007-08-04,2009-08-03,0.13805489655197523,0.19764078305893618,0.14275942698454114,0.1435460057822895,0.10480410285919084,0.03874190292309865,True,-0.0008242797198827478,0.08790470911120116,0.05500618892954012,0.07126254949828836,-0.033541553360902476,False,-0.07228345628400112,-0.07228345628400112
2,45,9108,3,2015-11-26,2017-11-25,0.09654654013712283,0.16771205977479492,0.10097235371396596,0.05320937841145801,0.036696327000846685,0.016513051410611324,True,0.05829055203869382,0.07609947226430529,0.00015547843305441233,0.03463645437157048,-0.002059872629276205,False,-0.01857292403988753,-0.01857292403988753
2,45,12145,4,2024-03-20,2026-03-20,0.10158365525627566,0.10874130197220536,0.10954664863508845,0.09700010788567259,0.07735051880003496,0.01964958908563763,True,0.06013081295517608,0.032630326977503545,0.007002839238039238,0.07614787522144173,-0.0012026435785932321,False,-0.020852232664230863,-0.020852232664230863
2,60,0,0,1990-12-19,1992-12-18,0.27868599869414257,0.32280340088756954,0.2791568614100082,0.8415230246664513,0.6949293233330334,0.14659370133341798,True,0.03672506659754582,0.10418797305172484,0.01715782626415585,0.6580430375122623,-0.036886285820771025,False,-0.183479987154189,-0.183479987154189
2,60,3036,1,1999-04-12,2001-04-11,0.17860478118291967,0.3061983277093173,0.2169500900152166,0.1505657848108739,0.10305171066302687,0.04751407414784703,True,0.12458417070813188,0.23793500463852027,0.09382404142398748,0.12387073001869009,0.020819019355663215,True,-0.026695054792183814,-0.026695054792183814
2,60,6072,2,2007-08-04,2009-08-03,0.18988358825079565,0.19901627975189112,0.20035980541559284,0.14483327220749898,0.09219731037786061,0.05263596182963837,True,0.03715255402829554,0.18684595548963662,0.14562254901902172,0.06858453553113142,-0.02361277484672919,False,-0.07624873667636756,-0.07624873667636756
2,60,9108,3,2015-11-26,2017-11-25,0.11922209015651486,0.24234599013418848,0.1533746319726852,0.055866383403472275,0.038765022752173195,0.01710136065129908,True,0.06883416769509232,0.043087246092399036,-0.012601847707629288,0.0317759688072099,-0.006989053944963297,False,-0.024090414596262377,-0.024090414596262377
2,60,12145,4,2024-03-20,2026-03-20,0.13281695684958517,0.15799905846387505,0.1401168313450174,0.0996097552594506,0.0753086108175769,0.0243011444418737,True,0.07963655637534495,0.08835187371794882,0.003980118879958194,0.07347108965774396,-0.0018375211598329333,False,-0.026138665601706634,-0.026138665601706634
2,90,0,0,1990-12-19,1992-12-18,0.4377180855314382,0.5004161627615248,0.42197091349944693,0.8652727460116645,0.6498530276835921,0.21541971832807238,True,0.040463216435307814,0.11894900587543282,0.024089573579655243,0.586612034249193,-0.06324099343439915,False,-0.27866071176247154,-0.27866071176247154
2,90,3036,1,1999-04-12,2001-04-11,0.2620751205567553,0.47228166913919145,0.3029675785535082,0.1640636950192782,0.09898889202970995,0.06507480298956825,True,0.20655374296057283,0.47168422199066556,0.3138197409520622,0.13815336357590935,0.0391644715461994,True,-0.02591033144336885,-0.02591033144336885
2,90,6072,2,2007-08-04,2009-08-03,0.2597277769202686,0.27741269285890824,0.21744344331367116,0.1646266422124265,0.10037390186196893,0.06425274035045758,True,0.023763734546435655,0.27799879807089733,0.1385982456495618,0.04952689821212197,-0.050847003649846956,False,-0.11509974400030454,-0.11509974400030454
2,90,9108,3,2015-11-26,2017-11-25,0.17699149285220983,0.37987662634258607,0.2285672602032589,0.061109941326485284,0.03736071379864936,0.023749227527835925,True,0.10324937159298164,0.12628762816875455,-0.016867114093798374,0.02726302550160864,-0.010097688297040719,False,-0.033846915824876644,-0.033846915824876644
2,90,12145,4,2024-03-20,2026-03-20,0.1872733815793315,0.2432017549170366,0.23031168747923947,0.10610280141547723,0.07668428645590009,0.029418514959577147,True,0.1253791936225399,0.18841810964524872,0.025994704978644645,0.07686584959182352,0.00018156313592343487,True,-0.029236951823653712,-0.029236951823653712
2,120,0,0,1990-12-19,1992-12-18,0.5475412074658832,0.6659555090350667,0.5950785619876455,0.8926276392971428,0.6431433097259911,0.24948432957115174,True,0.14904273606864993,0.2760606598616681,0.14768461658696985,0.6306767343086837,-0.012466575417307446,False,-0.2619509049884592,-0.2619509049884592
2,120,3036,1,1999-04-12,2001-04-11,0.35813602336184824,0.48226879455729416,0.508429035401934,0.17196754813611115,0.0861623513402121,0.08580519679589904,True,0.29713474580036303,0.5860352895144085,0.46374428238931054,0.14532743340978227,0.05916508206957016,True,-0.02664011472632888,-0.02664011472632888
2,120,6072,2,2007-08-04,2009-08-03,0.31974050923969033,0.22974519208937833,0.07232441550915913,0.16924647994474795,0.09911531470586787,0.07013116523888008,True,0.10464516824122572,0.30103600965443755,0.25513919430806564,0.06940085790841155,-0.029714456797456323,False,-0.0998456220363364,-0.0998456220363364
2,120,9108,3,2015-11-26,2017-11-25,0.23206871612984115,0.40321544443814167,0.3369365836339582,0.05760470775981341,0.029093735391185982,0.02851097236862743,True,0.1495891386338437,0.16019109257310354,-0.009225518555386558,0.021518595785473993,-0.007575139605711989,False,-0.03608611197433942,-0.03608611197433942
2,120,12145,4,2024-03-20,2026-03-20,0.2630769699486004,0.3694638156026776,0.3527235670844229,0.10274152631972999,0.05979143793456321,0.042950088385166785,True,0.22110444945610586,0.3191098307413269,0.252201652790901,0.08425192395146008,0.024460486016896876,True,-0.01848960236826991,-0.01848960236826991
3,15,0,0,1990-12-19,1993-12-19,0.06188349207724664,0.09081544935904347,0.06530533271989847,0.45802684312711195,0.4290891613004788,0.028937681826633144,True,-0.0011539934418548503,0.0009431064300819481,9.128840431471552e-05,0.42853835034745047,-0.0005508109530283356,False,-0.02948849277966148,-0.02948849277966148
3,15,2944,1,1999-01-10,2002-01-10,0.0441752548083838,0.056606502059385354,0.04421691364641123,-0.009043460275515058,-0.018786551808130714,0.009743091532615655,True,0.01894876057738437,0.009801031761297886,0.005142715299598755,-0.0170943473701215,0.001692204438009215,True,-0.00805088709460644,-0.00805088709460644
3,15,5889,2,2007-02-02,2010-02-02,0.06405594943473991,0.09823815522131508,0.0696800283440917,0.0035588077601405033,-0.012525492124323745,0.016084299884464248,True,0.014926485397527722,0.01540981170366512,0.0007368182658287203,-0.012127046929821028,0.00039844519450271676,True,-0.01568585468996153,-0.01568585468996153
3,15,8834,3,2015-02-25,2018-02-25,0.029444422180809227,0.08929124848895761,0.054765671621124,0.009686327706871278,-4.884314368380771e-05,0.009735170850555086,True,-0.0016573224329829994,0.006392426389264708,-0.001789786472300825,-0.0006024463329467045,-0.0005536031892628968,False,-0.010288774039817983,-0.010288774039817983
3,15,11779,4,2023-03-20,2026-03-20,0.028997021545009938,0.053481775799611296,0.019733199160763437,0.06842651852259451,0.06310640331421435,0.005320115208380161,True,0.011465331358077258,0.00014243561107478355,0.0,0.06232529076082538,-0.000781112553388974,False,-0.006101227761769135,-0.006101227761769135
3,30,0,0,1990-12-19,1993-12-19,0.1317358698757376,0.15962091653613691,0.1322086058873373,0.4745370876570181,0.42785717608141494,0.04667991157560314,True,0.006004113402667377,0.004250381327821345,-0.002909422496797265,0.41768579459928556,-0.010171381482129371,False,-0.05685129305773251,-0.05685129305773251
3,30,2944,1,1999-01-10,2002-01-10,0.07886794356166837,0.11323516796742963,0.07451854331080288,-0.003065245990390375,-0.019067996404579346,0.01600275041418897,True,0.041928524119380306,0.02947964058557968,0.01783046211122219,-0.014583504598367325,0.004484491806212021,True,-0.01151825860797695,-0.01151825860797695
3,30,5889,2,2007-02-02,2010-02-02,0.11203178230101751,0.17222470583857113,0.1185410570995753,0.01396741692311343,-0.012310108328453362,0.02627752525156679,True,0.02344718710276439,0.031121264745971898,0.015024784958044934,-0.013698970783257547,-0.001388862454804185,False,-0.027666387706370976,-0.027666387706370976
3,30,8834,3,2015-02-25,2018-02-25,0.07709391289752654,0.16388848590541377,0.10419016706735706,0.014850644740731722,-0.0009056659568488223,0.015756310697580544,True,0.030225568238936296,0.043125764434389334,0.004105599879522082,-0.00011186753538927618,0.0007937984214595462,True,-0.014962512276120998,-0.014962512276120998
3,30,11779,4,2023-03-20,2026-03-20,0.05239592749534827,0.08475688107596363,0.03097284971075509,0.07209480323433937,0.06367102093987631,0.008423782294463056,True,0.02598117882596762,0.004668819089089657,0.0034971181843845844,0.06305102025026721,-0.0006200006896091015,False,-0.009043782984072157,-0.009043782984072157
3,45,0,0,1990-12-19,1993-12-19,0.19944630316049317,0.2168131861945615,0.20110870067978226,0.4853012565964061,0.4169826754122006,0.06831858118420553,True,0.03061729737030494,0.044051790512696795,0.026195707808722046,0.411946661957312,-0.005036013454888577,False,-0.0733545946390941,-0.0733545946390941
3,45,2944,1,1999-01-10,2002-01-10,0.11488214899049165,0.17631130403769157,0.11986655304552607,0.001198568753008944,-0.021231268443196116,0.02242983719620506,True,0.05832583392924384,0.07317784882285676,0.03586682183164136,-0.016037524017603055,0.005193744425593061,True,-0.017236092770612,-0.017236092770612
3,45,5889,2,2007-02-02,2010-02-02,0.14829573287567155,0.23653018190589337,0.1634463217456339,0.01921394845317237,-0.0133565236158949,0.03257047206906727,True,0.029202070976953376,0.07463949724047358,0.06333827769345146,-0.017306822180870318,-0.0039502985649754185,False,-0.03652077063404269,-0.03652077063404269
3,45,8834,3,2015-02-25,2018-02-25,0.0925354024735483,0.1832642865503939,0.10732409393748954,0.01894459979796137,0.0028530052957815855,0.016091594502179785,True,0.029466988014178908,0.05793402928795687,-0.013350468375866509,-0.0010836887112619653,-0.003936694007043551,False,-0.020028288509223335,-0.020028288509223335
3,45,11779,4,2023-03-20,2026-03-20,0.07641954420235897,0.10655960502054816,0.04260348176365858,0.07498658498762123,0.0632935819302125,0.011693003057408724,True,0.042315117741671626,0.05367371215697331,0.009156503355853829,0.06351412387709043,0.00022054194687792794,True,-0.011472461110530796,-0.011472461110530796
3,60,0,0,1990-12-19,1993-12-19,0.2674818767138143,0.30212919664438653,0.273674815029181,0.49373224074123234,0.4052173331836646,0.08851490755756775,True,0.030696158009085206,0.07783608872726823,0.029102326799334666,0.3940804373248121,-0.011136895858852469,False,-0.09965180341642021,-0.09965180341642021
3,60,2944,1,1999-01-10,2002-01-10,0.14483655308274646,0.19171212407251864,0.15661016600959243,0.008910812023907866,-0.01804724058622209,0.026958052610129957,True,0.07119258304422282,0.09084232484244344,0.03580079920265744,-0.013218785065971295,0.004828455520250796,True,-0.02212959708987916,-0.02212959708987916
3,60,5889,2,2007-02-02,2010-02-02,0.1922738050896995,0.291361695539885,0.21224288553050807,0.02722352795602556,-0.013635701853880522,0.040859229809906084,True,0.03948875371649252,0.11234869469208501,0.09587216862461334,-0.01866470907022677,-0.0050290072163462485,False,-0.04588823702625233,-0.04588823702625233
3,60,8834,3,2015-02-25,2018-02-25,0.1254603978568134,0.28083831748044424,0.17505683872337574,0.020858697776185098,-0.0007647569688878919,0.02162345474507299,True,0.056528600833885,0.13526113703649667,0.0021679950724424746,-0.00045731772372725743,0.0003074392451606345,True,-0.021316015499912355,-0.021316015499912355
3,60,11779,4,2023-03-20,2026-03-20,0.09831620465812585,0.12241289398702553,0.053887706268635815,0.0761767497765844,0.06202845083075559,0.014148298945828808,True,0.06227019367646269,0.06597807733228127,0.01663378534076765,0.06427511738197289,0.0022466665512173023,True,-0.011901632394611505,-0.011901632394611505
3,90,0,0,1990-12-19,1993-12-19,0.41399529061063656,0.47003646664369697,0.4241220858980679,0.5101833087979444,0.3816754107935434,0.128507898004401,True,0.040562305114357766,0.08956237852190373,0.0348911842677293,0.3632181562221186,-0.018457254571424775,False,-0.14696515257582576,-0.14696515257582576
3,90,2944,1,1999-01-10,2002-01-10,0.21199036916593772,0.3282418963411431,0.2294240202906348,0.011047783287690516,-0.026098876958737915,0.03714666024642843,True,0.14975717879127948,0.31865533786124217,0.16911417957811414,-0.006574184254510729,0.019524692704227187,True,-0.017621967542201245,-0.017621967542201245
3,90,5889,2,2007-02-02,2010-02-02,0.26233128687522256,0.40096985970769494,0.3093404773511481,0.03487360019370733,-0.01654322243103956,0.051416822624746894,True,0.0661255838991126,0.2855858650189005,0.18960971862070064,-0.02177694827574017,-0.00523372584470061,False,-0.056650548469447504,-0.056650548469447504
3,90,8834,3,2015-02-25,2018-02-25,0.17314332093747686,0.3143884386104326,0.21995852331593513,0.029600179661378068,0.002583403342535151,0.027016776318842917,True,0.06721106505758456,0.18384056713067,-0.018182560019395777,-0.0024229638033913536,-0.005006367145926505,False,-0.03202314346476942,-0.03202314346476942
3,90,11779,4,2023-03-20,2026-03-20,0.13461704165464616,0.17959649050757245,0.15168523339730156,0.07947748030761148,0.06296602093716164,0.016511459370449844,True,0.0901935367049238,0.13373209108243606,0.02707885208343197,0.06520453258916215,0.0022385116520005077,True,-0.014272947718449336,-0.014272947718449336
3,120,0,0,1990-12-19,1993-12-19,0.501687281559666,0.605141199177301,0.5195616136997105,0.5288228871223093,0.38254756783879595,0.14627531928351334,True,0.12297197101313717,0.22255050637915388,0.14339403247748006,0.38745748251828194,0.004909914679485983,True,-0.14136540460402736,-0.14136540460402736
3,120,2944,1,1999-01-10,2002-01-10,0.2540196825793295,0.36960744196370693,0.3095202694342878,0.02467118297036408,-0.015859952650565945,0.040531135620930026,True,0.13249372285889582,0.20231811937339816,0.19799665155789858,-0.009582666389601702,0.006277286260964243,True,-0.03425384935996578,-0.03425384935996578
3,120,5889,2,2007-02-02,2010-02-02,0.33302359228451284,0.5524196380510998,0.40199194850523656,0.04731948711799627,-0.014344653250739747,0.06166414036873602,True,0.10910275984255113,0.4361470611969816,0.2864285843064698,-0.014938738563503806,-0.0005940853127640588,False,-0.06225822568150008,-0.06225822568150008
3,120,8834,3,2015-02-25,2018-02-25,0.21126466450686898,0.4233784005200161,0.30155280483657787,0.032731694224035435,0.0033990084313295643,0.02933268579270587,True,0.08654464406657802,0.21829230954971282,-0.025985726085700434,-0.004063035407813831,-0.007462043839143395,False,-0.036794729631849266,-0.036794729631849266
3,120,11779,4,2023-03-20,2026-03-20,0.1896129440423333,0.1785340391714975,0.09591570971922658,0.07952634836895545,0.055243706967881945,0.0242826414010735,True,0.14549508065383954,0.22948340120653085,0.15583988447339503,0.06601588711775253,0.01077218014987058,True,-0.013510461251202921,-0.013510461251202921
4,15,0,0,1990-12-19,1994-12-19,0.07008712631747582,0.08419754816533145,0.06490084122378703,0.18131382088601233,0.16445868825914745,0.016855132626864888,True,0.0062255202480256955,0.0012108132935843613,9.301053746924026e-05,0.16328018954289636,-0.0011784987162510863,False,-0.018033631343115974,-0.018033631343115974
4,15,2853,1,1998-10-11,2002-10-11,0.0408044070476139,0.051403743314444285,0.03324575715875944,-0.00787592395168879,-0.015229382394106983,0.007353458442418193,True,0.015702299208443016,0.004371674238798503,0.0033837601208153156,-0.013916932018821826,0.0013124503752851568,True,-0.006041008067133036,-0.006041008067133036
4,15,5707,2,2006-08-04,2010-08-04,0.05933543215837922,0.08335084177700462,0.05997333801145688,-0.006282480610665497,-0.01798491925920309,0.011702438648537594,True,0.016110867196386325,0.010748250641006924,0.006912852783986789,-0.016578166800977345,0.0014067524582257462,True,-0.010295686190311848,-0.010295686190311848
4,15,8560,3,2014-05-27,2018-05-27,0.03694180227518484,0.061544575466990464,0.04222493779892578,0.010994876801813547,0.004430916784359473,0.0065639600174540735,True,0.010592514544879528,0.002664707597166781,4.835080160803251e-05,0.004501402933164256,7.048614880478254e-05,True,-0.006493473868649291,-0.006493473868649291
4,15,11414,4,2022-03-20,2026-03-20,0.027694328962913906,0.04861570292198005,0.02765998241784251,0.05373186385677431,0.049243867290773125,0.0044879965660011845,True,0.009870343315849572,0.006038778546736949,0.0019135465298569798,0.04912980805296896,-0.00011405923780416494,False,-0.004602055803805349,-0.004602055803805349
4,30,0,0,1990-12-19,1994-12-19,0.13521597908434302,0.15081538408434236,0.13069270794844878,0.19467205410079447,0.16336981553459018,0.03130223856620429,True,0.003585680701716276,0.0036037495710178726,-0.002184412472569841,0.15842439561823007,-0.004945419916360105,False,-0.03624765848256439,-0.03624765848256439
4,30,2853,1,1998-10-11,2002-10-11,0.07234376445755442,0.07920848877457932,0.05876109123932882,-0.003169128511970598,-0.015370095753132862,0.012200967241162264,True,0.03671131626763424,0.029567777094248317,0.014720794921586844,-0.011560895645129632,0.00380920010800323,True,-0.008391767133159034,-0.008391767133159034
4,30,5707,2,2006-08-04,2010-08-04,0.10737837683532936,0.15383304687627325,0.1149009413246882,0.00037087769285393257,-0.019775075692328947,0.02014595338518288,True,0.02830845998809539,0.027583440644288207,0.018130104929671598,-0.017985540071840722,0.0017895356204882251,True,-0.018356417764694655,-0.018356417764694655
4,30,8560,3,2014-05-27,2018-05-27,0.06597187283058181,0.11790387003392284,0.0741666800499099,0.014121456901976304,0.003196033471695836,0.010925423430280468,True,0.023309478720843657,0.015500274963212561,0.0034961573113223565,0.0038046553501029923,0.0006086218784071562,True,-0.010316801551873311,-0.010316801551873311
4,30,11414,4,2022-03-20,2026-03-20,0.050309948419142714,0.08606456819992926,0.04725293367641481,0.05608825672106321,0.04859416682487949,0.00749408989618372,True,0.022667013811858983,0.030710019092575494,0.008856333646806602,0.049065058876880174,0.00047089205200068207,True,-0.007023197844183038,-0.007023197844183038
4,45,0,0,1990-12-19,1994-12-19,0.19777489946156068,0.20945724582322048,0.19945268701875518,0.2033785207410279,0.1591761684870594,0.04420235225396851,True,0.03305251115362906,0.040233610381360425,0.03005002019117997,0.15968236481042575,0.000506196323366348,True,-0.043696155930602165,-0.043696155930602165
4,45,2853,1,1998-10-11,2002-10-11,0.10499214840256355,0.12356607521709624,0.09230890150528515,-0.00022452104644843374,-0.017350727432379198,0.017126206385930764,True,0.046103567933335476,0.06610138984740342,0.0255584700241398,-0.013828878096113328,0.00352184933626587,True,-0.013604357049664895,-0.013604357049664895
4,45,5707,2,2006-08-04,2010-08-04,0.14334255526397488,0.2170351845239927,0.16346561310406438,0.005317633471368266,-0.020284004793579835,0.0256016382649481,True,0.03155526844096035,0.046201947989115866,0.03431620411146774,-0.020211509477049194,7.249531653064079e-05,True,-0.02552914294841746,-0.02552914294841746
4,45,8560,3,2014-05-27,2018-05-27,0.09105555113765207,0.16882546832724776,0.10940176653993317,0.017294992267972598,0.0030389339450385133,0.014256058322934084,True,0.033683638170016295,0.029907367638670284,0.0016293970384444467,0.003630987470401914,0.0005920535253634007,True,-0.013664004797570684,-0.013664004797570684
4,45,11414,4,2022-03-20,2026-03-20,0.0668886227400034,0.10834292755225317,0.06726156504454672,0.05874268999142429,0.0497819897467493,0.00896070024467499,True,0.032919772560518146,0.01679680991310952,0.007185534316683784,0.05020696767463573,0.0004249779278864274,True,-0.008535722316788563,-0.008535722316788563
4,60,0,0,1990-12-19,1994-12-19,0.2702760749784887,0.28931957996603336,0.2676885847914672,0.21031051416911928,0.15174004786700301,0.058570466302116264,True,0.024044191919375013,0.06389879108102688,0.029102326799334666,0.14683767382935176,-0.004902374037651258,False,-0.06347284033976752,-0.06347284033976752
4,60,2853,1,1998-10-11,2002-10-11,0.12696463769954236,0.13481510201446412,0.09701053094519474,0.0023231719674239315,-0.017219485574378024,0.019542657541801955,True,0.07465570516608055,0.10133896357930085,0.04406592778497043,-0.009523898642927242,0.007695586931450782,True,-0.011847070610351174,-0.011847070610351174
4,60,5707,2,2006-08-04,2010-08-04,0.18981842853912134,0.2775874910857493,0.21685631483833578,0.010868435191891068,-0.022185091280755742,0.03305352647264681,True,0.04125903430550526,0.0764170632338651,0.05569226194820831,-0.022280766682045705,-9.567540128996299e-05,False,-0.03314920187393677,-0.03314920187393677
4,60,8560,3,2014-05-27,2018-05-27,0.11564171777690224,0.20413334969490812,0.1371741864275775,0.020274543493292496,0.002900493645330293,0.017374049847962203,True,0.03724961480745237,0.04072336026400752,0.0,0.0018341726918009726,-0.0010663209535293205,False,-0.018440370801491524,-0.018440370801491524
4,60,11414,4,2022-03-20,2026-03-20,0.08480799807768724,0.1312570020404505,0.07028019842243505,0.05958844702876398,0.04888571019202326,0.010702736836740723,True,0.05087567704009732,0.04240146861367313,0.01959941265578702,0.0511978563349238,0.0023121461429005397,True,-0.008390590693840183,-0.008390590693840183
4,90,0,0,1990-12-19,1994-12-19,0.40928457583013356,0.44829110228359137,0.42080625573719654,0.22124520059936414,0.13798209776220882,0.08326310283715532,True,0.032077383732481035,0.07450541816505243,0.03958878615877559,0.1297471661636811,-0.008234931598527728,False,-0.09149803443568305,-0.09149803443568305
4,90,2853,1,1998-10-11,2002-10-11,0.18569971466507984,0.25167045532291,0.1979561077330687,0.007067007945635861,-0.020196997886405388,0.02726400583204125,True,0.11855153262155471,0.21188943583031988,0.13208188576365343,-0.007514081758033919,0.012682916128371469,True,-0.01458108970366978,-0.01458108970366978
4,90,5707,2,2006-08-04,2010-08-04,0.26675236004053193,0.4209627323593835,0.32893742077515675,0.018026655567528138,-0.02575439858843198,0.04378105415596012,True,0.08115483171944127,0.16454850456638878,0.12617898871172728,-0.021505942712346182,0.004248455876085799,True,-0.03953259827987432,-0.03953259827987432
4,90,8560,3,2014-05-27,2018-05-27,0.16524372236104878,0.3073039900517224,0.2016982216914931,0.024196542825436262,0.0008007200024147121,0.02339582282302155,True,0.062498397867906785,0.07783717868647301,0.03503463077845681,0.000800342210926619,-3.7779148809313767e-07,False,-0.023396200614509644,-0.023396200614509644
4,90,11414,4,2022-03-20,2026-03-20,0.12386992089285553,0.1567856674938954,0.13369615829614134,0.06227415193910013,0.04745569133703742,0.01481846060206271,True,0.0746736045996792,0.13540675063037516,0.03208408448496569,0.05044524351930235,0.002989552182264932,True,-0.011828908419797779,-0.011828908419797779
4,120,0,0,1990-12-19,1994-12-19,0.48636844719404526,0.5676415730605159,0.5053408510559532,0.23833362208632614,0.14418584799308598,0.09414777409324016,True,0.08749487064030093,0.19075445035673066,0.1270257243850439,0.14528309296801067,0.0010972449749246938,True,-0.09305052911831546,-0.09305052911831546
4,120,2853,1,1998-10-11,2002-10-11,0.20166556798256696,0.2390920023147097,0.2152355294310837,0.012057333350356636,-0.013852156831641538,0.025909490181998174,True,0.10973107113511471,0.15012443479066856,0.11901288009888789,-0.007894791947992807,0.00595736488364873,True,-0.019952125298349443,-0.019952125298349443
4,120,5707,2,2006-08-04,2010-08-04,0.3143009847774416,0.4880692618195792,0.3720678034002731,0.02487131702548706,-0.02346872466369654,0.0483400416891836,True,0.06850885162478249,0.17044646598686433,0.10889452860655147,-0.026826752952919142,-0.003358028289222603,False,-0.0516980699784062,-0.0516980699784062
4,120,8560,3,2014-05-27,2018-05-27,0.19662965610848349,0.35141055879170274,0.2505429834115618,0.027679296486304628,0.0024053817116764797,0.025273914774628148,True,0.07789828246497676,0.1376111685640673,0.0011983921787097618,0.0011440243441180886,-0.0012613573675583911,False,-0.02653527214218654,-0.02653527214218654
4,120,11414,4,2022-03-20,2026-03-20,0.16086833490485675,0.1781636335136782,0.10883350554604432,0.06353299625206454,0.04529918847884962,0.018233807773214927,True,0.11426544421175833,0.1833089864057853,0.11868973444167175,0.0526872087425001,0.0073880202636504855,True,-0.010845787509564442,-0.010845787509564442
5,15,0,0,1990-12-19,1995-12-19,0.06659573598472135,0.08039183981788148,0.0646090365440315,0.09907250111552579,0.08677739509766225,0.012295106017863544,True,0.006142951587600365,0.001281745190395828,0.00014090243443565242,0.08631960463572419,-0.00045779046193805684,False,-0.012752896479801601,-0.012752896479801601
5,15,2762,1,1998-07-12,2003-07-12,0.037509790734525206,0.04856134907458312,0.035666367054582926,-0.00015239060892779932,-0.005860796683193281,0.005708406074265482,True,0.011980290575843044,0.010867268073967278,0.004293695311256451,-0.005128217403963853,0.0007325792792294283,True,-0.0049758267950360535,-0.0049758267950360535
5,15,5524,2,2006-02-02,2011-02-02,0.05360932630014936,0.0657796891636212,0.05229077121020409,0.02397260236273646,0.014977211295901016,0.008995391066835445,True,0.011363096456635802,0.007504563255010805,0.005047213456307986,0.015602095441481056,0.0006248841455800402,True,-0.008370506921255405,-0.008370506921255405
5,15,8286,3,2013-08-26,2018-08-26,0.03196438615515551,0.04152811438064787,0.031534729366650804,-0.005382092669701799,-0.009998768439912986,0.004616675770211187,True,0.008023973785231231,0.00020918311950090707,-0.0009671088848792753,-0.01004605779073231,-4.728935081932395e-05,False,-0.004663965121030511,-0.004663965121030511
5,15,11049,4,2021-03-20,2026-03-20,0.02547087945389981,0.04114913410583811,0.01945028939675364,0.0399387711408441,0.03642094856323941,0.00351782257760469,True,0.00799584589898883,0.0021840222364471777,0.0011396121755713473,0.03636565090565225,-5.52976575871611e-05,False,-0.003573120235191851,-0.003573120235191851
5,30,0,0,1990-12-19,1995-12-19,0.12754241474364592,0.1456257364546994,0.12885815133709277,0.10844397241244308,0.08572954114853792,0.022714431263905155,True,0.003954685834845373,0.0024212250593115764,-0.002778682993151982,0.08300038292306411,-0.0027291582254738156,False,-0.02544358948937897,-0.02544358948937897
5,30,2762,1,1998-07-12,2003-07-12,0.06600109546971722,0.09564322786385683,0.060103014048720205,0.0034801091699201425,-0.005996581379627441,0.009476690549547584,True,0.029467244060716657,0.038339921786597814,0.015552917632369212,-0.003502970893536461,0.0024936104860909802,True,-0.006983080063456604,-0.006983080063456604
5,30,5524,2,2006-02-02,2011-02-02,0.09529494881559941,0.13119538810942213,0.10067847612466885,0.02894728868401275,0.013687222896099804,0.015260065787912946,True,0.021289103511922924,0.02114395677045999,0.007639691236304147,0.014609983018544881,0.0009227601224450765,True,-0.01433730566546787,-0.01433730566546787
5,30,8286,3,2013-08-26,2018-08-26,0.057132431634339786,0.08213010755005064,0.05720038632244662,-0.0026155443462110295,-0.010380484572407034,0.007764940226196004,True,0.015240396180884686,0.0050797250105793605,-0.0019315624839608692,-0.010658648442979368,-0.0002781638705723344,False,-0.008043104096768339,-0.008043104096768339
5,30,11049,4,2021-03-20,2026-03-20,0.044675838987148,0.07247947105911348,0.03251019520506504,0.04173541986129248,0.03608151563923179,0.0056539042220606905,True,0.018536682560658768,0.011717224766728566,0.004573836488755978,0.03646285078440603,0.00038133514517424416,True,-0.005272569076886446,-0.005272569076886446
5,45,0,0,1990-12-19,1995-12-19,0.18530052216736936,0.2035454719724218,0.19095484218510084,0.11474366954321846,0.08281026627517152,0.031933403268046945,True,0.03179663430541457,0.03719809951328461,0.03005002019117997,0.08424266207180908,0.0014323957966375644,True,-0.03050100747140938,-0.03050100747140938
5,45,2762,1,1998-07-12,2003-07-12,0.09117263645683948,0.14115232189621563,0.0922269504529063,0.006312899357155732,-0.0062150477359017575,0.01252794709305749,True,0.027533885848039175,0.02124710361335122,0.008966766916081559,-0.005723583296857515,0.0004914644390442424,True,-0.012036482654013247,-0.012036482654013247
5,45,5524,2,2006-02-02,2011-02-02,0.11802377607813996,0.1640712408654253,0.12706903175187523,0.03170399212674879,0.013883189774692495,0.017820802352056297,True,0.01942778298840797,0.022676990025361866,0.007333490512012819,0.012775244986015233,-0.001107944788677262,False,-0.01892874714073356,-0.01892874714073356
5,45,8286,3,2013-08-26,2018-08-26,0.07930328470023795,0.10600166086177565,0.08305236899151969,-0.0008186819769738785,-0.011094374391566686,0.010275692414592807,True,0.02522312295734408,0.028889659279156685,0.0007159670352694381,-0.01105127185487964,4.310253668704522e-05,True,-0.010232589877905762,-0.010232589877905762
5,45,11049,4,2021-03-20,2026-03-20,0.058787364151488,0.09754129073694348,0.05950468184260094,0.0441317071530849,0.037372742361496236,0.006758964791588662,True,0.024011361288482025,0.010632652450597775,0.002308241351153262,0.037172303679765095,-0.000200438681731141,False,-0.006959403473319803,-0.006959403473319803
5,60,0,0,1990-12-19,1995-12-19,0.2512715508251977,0.2806339784010906,0.26191546787628994,0.11993394277716485,0.07787377449641109,0.04206016828075376,True,0.0249703938454231,0.05436573104128018,0.024044191919375013,0.07612317691632309,-0.001750597580087998,False,-0.04381076586084176,-0.04381076586084176
5,60,2762,1,1998-07-12,2003-07-12,0.11738237766469162,0.15915839770486642,0.11971107989559648,0.009769296836881436,-0.005919609231076706,0.01568890606795814,True,0.04049471946603456,0.0390832351129988,0.015234470423153068,-0.0045438472160498344,0.0013757620150268712,True,-0.01431314405293127,-0.01431314405293127
5,60,5524,2,2006-02-02,2011-02-02,0.16712218900806253,0.2380516129216411,0.18079455449787152,0.036632744725630495,0.011624309869281424,0.02500843485634907,True,0.02825092742188362,0.04922155087870604,0.034365773214561246,0.010624346856392464,-0.0009999630128889603,False,-0.02600839786923803,-0.02600839786923803
5,60,8286,3,2013-08-26,2018-08-26,0.10329691350409309,0.13427910826363182,0.11506425978934076,0.00045454810257172795,-0.012584476437495606,0.013039024540067334,True,0.034536849775243184,0.030363802634377827,0.005623514414874187,-0.012354292635802788,0.00023018380169281816,True,-0.012808840738374516,-0.012808840738374516
5,60,11049,4,2021-03-20,2026-03-20,0.07590588770234663,0.13310566897582626,0.076881562337908,0.04451089651911988,0.036100492618895696,0.008410403900224184,True,0.04143922783351184,0.04371177037514893,0.012722860233202127,0.037722936707979215,0.001622444089083519,True,-0.006787959811140665,-0.006787959811140665
5,90,0,0,1990-12-19,1995-12-19,0.37576938722169406,0.43280819966689815,0.3993902933224498,0.12807765175401786,0.06872141919703556,0.0593562325569823,True,0.03258702383991774,0.06393519415213562,0.031949393764161504,0.06515249134711532,-0.003568927849920245,False,-0.06292516040690255,-0.06292516040690255
5,90,2762,1,1998-07-12,2003-07-12,0.1610403778839422,0.20760116688293834,0.16511430199643162,0.012267909333223859,-0.0079053826217651,0.02017329195498896,True,0.08141772720413853,0.14727220583527947,0.096689566049323,-0.0020309117294055046,0.005874470892359596,True,-0.014298821062629363,-0.014298821062629363
5,90,5524,2,2006-02-02,2011-02-02,0.21534866414924259,0.3242900674983086,0.24714372229061266,0.03991127747785783,0.00985111434488295,0.030060163132974882,True,0.051162343859686876,0.10346073574068934,0.07553333709522203,0.01007523963954382,0.00022412529466087072,True,-0.02983603783831401,-0.02983603783831401
5,90,8286,3,2013-08-26,2018-08-26,0.13785473415555893,0.1948654910802564,0.14780645526851477,0.00471738183593029,-0.011319879608066352,0.016037261443996642,True,0.044775705809050326,0.07533866282925206,0.008881733165127859,-0.012306898152509071,-0.0009870185444427193,False,-0.01702427998843936,-0.01702427998843936
5,90,11049,4,2021-03-20,2026-03-20,0.10928069044530764,0.15755734352236755,0.11217431395214184,0.04687189427540095,0.03542161031230329,0.011450283963097663,True,0.05665759519365898,0.0991210581398269,0.01676674150738311,0.036732941390704044,0.001311331078400757,True,-0.010138952884696906,-0.010138952884696906
5,120,0,0,1990-12-19,1995-12-19,0.445176289145496,0.5406132897751335,0.4870215416228314,0.13996533722830162,0.0727773949968773,0.06718794223142432,True,0.07783289600560717,0.16601115643972664,0.12297197101313717,0.07501439496864082,0.0022369999717635203,True,-0.0649509422596608,-0.0649509422596608
5,120,2762,1,1998-07-12,2003-07-12,0.20265455466019833,0.23442849130371812,0.1923123089398453,0.015324200659029952,-0.008781393085961708,0.02410559374499166,True,0.09316600039217393,0.19280938992310517,0.11486022856644795,-0.0038985927555339472,0.004882800330427761,True,-0.0192227934145639,-0.0192227934145639
5,120,5524,2,2006-02-02,2011-02-02,0.29409213497614717,0.4766509561121305,0.3834352401568004,0.0465861627159847,0.006790932194773447,0.039795230521211256,True,0.08275882676367519,0.22074909561967343,0.14315143313095646,0.009819253641789372,0.0030283214470159248,True,-0.03676690907419533,-0.03676690907419533
5,120,8286,3,2013-08-26,2018-08-26,0.18613942037895415,0.28590143310505667,0.23565911108592985,0.0043625163291936,-0.01676412116282977,0.02112663749202337,True,0.0855597438642608,0.132240614859552,0.04436455761192781,-0.013301199496448257,0.0034629216663815132,True,-0.017663715825641857,-0.017663715825641857
5,120,11049,4,2021-03-20,2026-03-20,0.13597976825557012,0.18451066209913378,0.0724510522546109,0.0484643394383657,0.03532939252105094,0.01313494691731476,True,0.08746802794740383,0.16485347970451047,0.09014094476664414,0.03934125847265535,0.00401186595160441,True,-0.00912308096571035,-0.00912308096571035
6,15,0,0,1990-12-19,1996-12-19,0.06321128944435772,0.07740970574642853,0.06360867486134603,0.14480074362370687,0.13445764312157737,0.010343100502129499,True,0.004177969260704906,0.0013068690585324612,0.0005293099573894233,0.13395555004117443,-0.0005020930804029433,False,-0.010845193582532442,-0.010845193582532442
6,15,2670,1,1998-04-11,2004-04-11,0.03404181569127629,0.04356367893430417,0.0328643050931523,0.022408653847389104,0.017878392513511088,0.004530261333878016,True,0.009058131084053844,0.006092360937841421,0.004220347422905002,0.018242841814322786,0.0003644493008116978,True,-0.004165812033066318,-0.004165812033066318
6,15,5341,2,2005-08-03,2011-08-04,0.04251751647715207,0.052620543647625015,0.0431932635249489,0.02791020540864264,0.02196480371421483,0.00594540169442781,True,0.003713049270954727,0.0012147813499055974,-0.0008889037619415063,0.02143367669340268,-0.0005311270208121499,False,-0.00647652871523996,-0.00647652871523996
6,15,8012,3,2012-11-25,2018-11-26,0.024675932739423256,0.05002419083299048,0.0320779501148003,-0.007127713862418061,-0.01115422290830026,0.004026509045882198,True,-0.0013532409749882346,-9.595568251139336e-05,-0.0013822460373064116,-0.011377424120619928,-0.00022320121231966805,False,-0.004249710258201866,-0.004249710258201866
6,15,10683,4,2020-03-19,2026-03-20,0.02509518895406182,0.0421748488777905,0.025712766150733923,0.0338852688359117,0.0307959207013333,0.0030893481345783957,True,0.006396198645439943,0.001337833109083057,0.0009210585682466466,0.03071860830312012,-7.73123982131807e-05,False,-0.0031666605327915764,-0.0031666605327915764
6,30,0,0,1990-12-19,1996-12-19,0.12005101165718779,0.14133649580646254,0.1252662249143628,0.1517440407540871,0.13275537229687928,0.018988668457207813,True,0.001519939356901867,0.0015175871599903505,-0.002909422496797154,0.13047627812503926,-0.0022790941718400237,False,-0.021267762629047837,-0.021267762629047837
6,30,2670,1,1998-04-11,2004-04-11,0.058338613727273225,0.06801312235144313,0.05318511732619435,0.02513678212318715,0.01782036307746515,0.007316419045722,True,0.023063253041232912,0.026581119470134994,0.012985536141163267,0.01935204538608981,0.00153168230862466,True,-0.00578473673709734,-0.00578473673709734
6,30,5341,2,2005-08-03,2011-08-04,0.07376901998624064,0.09058340913846911,0.07796849858495425,0.031164489256500616,0.02132014307211838,0.009844346184382236,True,0.006078240755541309,0.009402019197491488,0.0007131565215754421,0.020036795196456847,-0.0012833478756615335,False,-0.011127694060043769,-0.011127694060043769
6,30,8012,3,2012-11-25,2018-11-26,0.04156097900912026,0.08819539273329646,0.05745370963063334,-0.004621163111128257,-0.011355214650522583,0.006734051539394326,True,-0.0022155599155294636,0.005229750194230964,-0.0024786664541627257,-0.011720702450784715,-0.000365487800262132,False,-0.007099539339656458,-0.007099539339656458
6,30,10683,4,2020-03-19,2026-03-20,0.042648415224937786,0.07677762433003502,0.04526934097517188,0.0355788174532754,0.03073127075920601,0.004847546694069393,True,0.015487982382751175,0.005986620331836095,0.0026393497047827452,0.0310342151416918,0.0003029443824857925,True,-0.004544602311583601,-0.004544602311583601
6,45,0,0,1990-12-19,1996-12-19,0.17379631217451208,0.19854213194531461,0.18477663260797605,0.1584679169307439,0.131826869115099,0.026641047815644914,True,0.027137026571247613,0.03483187625833013,0.028079116233973522,0.13298846538516584,0.0011615962700668447,True,-0.02547945154557807,-0.02547945154557807
6,45,2670,1,1998-04-11,2004-04-11,0.08170557735788497,0.11130247500646044,0.08368051531746956,0.027576800349616626,0.017689311578907185,0.00988748877070944,True,0.022747889768981455,0.03992017925477893,0.008637367314246802,0.018007681796809116,0.000318370217901931,True,-0.00956911855280751,-0.00956911855280751
6,45,5341,2,2005-08-03,2011-08-04,0.10040518496710793,0.12415159636041577,0.10978904201391515,0.03386221348250529,0.02101221457565483,0.012849998906850457,True,0.006261315959077196,0.014567213795601944,-0.007959086966944584,0.018569101173773417,-0.002443113401881414,False,-0.015293112308731871,-0.015293112308731871
6,45,8012,3,2012-11-25,2018-11-26,0.07493264520336185,0.11348683336564756,0.07774396668118189,-0.0031385515450631507,-0.01168312006014327,0.00854456851508012,True,0.015525405291253458,0.011529294595376945,-0.006956308101694786,-0.012541653226050942,-0.0008585331659076711,False,-0.009403101680987791,-0.009403101680987791
6,45,10683,4,2020-03-19,2026-03-20,0.05935564931250292,0.09918936880522468,0.06324822099675331,0.03690459107866362,0.03052433463497839,0.006380256443685228,True,0.026785742726295192,0.013856807406117213,0.005416080065112405,0.03152316826529278,0.0009988336303143885,True,-0.00538142281337084,-0.00538142281337084
6,60,0,0,1990-12-19,1996-12-19,0.23396409686995523,0.27280782874664783,0.2571960512085505,0.16310923556973123,0.1282092068141425,0.03490002875558873,True,0.013929520754987879,0.046813714198882826,0.023583663051784498,0.12566186717366445,-0.0025473396404780413,False,-0.03744736839606677,-0.03744736839606677
6,60,2670,1,1998-04-11,2004-04-11,0.09775655951484419,0.12477768148810767,0.09140567818040579,0.028560456155745317,0.01731253046595893,0.011247925689786387,True,0.042381148933534396,0.0896146211682623,0.038805758509836696,0.019711338328458172,0.0023988078624992415,True,-0.008849117827287145,-0.008849117827287145
6,60,5341,2,2005-08-03,2011-08-04,0.13357056678439427,0.17814811586021514,0.14155983618136792,0.03686727494018083,0.020077642520571315,0.016789632419609513,True,0.011327280985196975,0.03318654364944103,0.010391931693317868,0.017338730745368958,-0.0027389117752023573,False,-0.01952854419481187,-0.01952854419481187
6,60,8012,3,2012-11-25,2018-11-26,0.09277485826170828,0.1229150415675036,0.09484671517592447,-0.0007946299820115188,-0.010957012775380193,0.010162382793368674,True,0.023209384056735782,0.04347163380811613,-0.003209365078276294,-0.011691244356051067,-0.0007342315806708744,False,-0.010896614374039548,-0.010896614374039548
6,60,10683,4,2020-03-19,2026-03-20,0.07103965654856781,0.13452353032444653,0.07516601586248273,0.037959156271864414,0.030852567809414255,0.0071065884624501585,True,0.03674323410646507,0.021539081681564813,0.00582330952451926,0.032345521539208555,0.0014929537297942996,True,-0.005613634732655859,-0.005613634732655859
6,90,0,0,1990-12-19,1996-12-19,0.3527531302170539,0.41948427730871135,0.3823526013213163,0.16935326817662477,0.1195283219807235,0.049824946195901276,True,0.03311823989620866,0.05751336169395678,0.032077383732481035,0.11799217701274345,-0.0015361449679800465,False,-0.05136109116388132,-0.05136109116388132
6,90,2670,1,1998-04-11,2004-04-11,0.13640563375000436,0.19454986448247427,0.14193522042644657,0.03187203345497758,0.016986047325653564,0.014885986129324014,True,0.06023538548401364,0.13506399813571499,0.08206980961055099,0.01999011216518176,0.0030040648395281977,True,-0.011881921289795816,-0.011881921289795816
6,90,5341,2,2005-08-03,2011-08-04,0.1764757327151223,0.23836064987277977,0.19992289034750543,0.039480644294251244,0.01861339253200711,0.020867251762244132,True,0.021670405466047482,0.02762930393282834,0.02723178800548598,0.01532881043280554,-0.0032845820992015717,False,-0.024151833861445704,-0.024151833861445704
6,90,8012,3,2012-11-25,2018-11-26,0.13219871341427258,0.19399529713607994,0.14565230120885841,0.0013931837162566296,-0.012423062899654447,0.013816246615911076,True,0.03309842350973091,0.08652249170414991,0.009078387195065263,-0.013781924247420085,-0.0013588613477656386,False,-0.015175107963676715,-0.015175107963676715
6,90,10683,4,2020-03-19,2026-03-20,0.1034796393042885,0.18273821206061808,0.10566945868500488,0.039530712023665426,0.02959324271286734,0.009937469310798086,True,0.060460061586883995,0.08100575862340363,0.026369891138048773,0.03266544927907811,0.0030722065662107667,True,-0.006865262744587319,-0.006865262744587319
6,120,0,0,1990-12-19,1996-12-19,0.4156069321044724,0.5195551725847721,0.46809520642500835,0.17878947633677034,0.12252881558988626,0.05626066074688407,True,0.06539515922587769,0.1482856342234813,0.11974606278582023,0.12426566866574129,0.0017368530758550271,True,-0.054523807671029045,-0.054523807671029045
6,120,2670,1,1998-04-11,2004-04-11,0.185341428084153,0.2756650153044171,0.19558043222265442,0.034910064109639816,0.015068744726496108,0.019841319383143707,True,0.0903479073009752,0.23357458746035337,0.15320825786192072,0.020578801787782153,0.0055100570612860444,True,-0.014331262321857663,-0.014331262321857663
6,120,5341,2,2005-08-03,2011-08-04,0.22718233801507748,0.31451150797096544,0.24602984806168715,0.045233750216449264,0.019321642010102558,0.025912108206346707,True,0.023570332146391593,0.03480923390974432,0.03793750757717551,0.014108723988927041,-0.005212918021175517,False,-0.031125026227522223,-0.031125026227522223
6,120,8012,3,2012-11-25,2018-11-26,0.15570021349010488,0.2279655402921835,0.18724135995550517,0.0041049550237592936,-0.010952999730731494,0.015057954754490788,True,0.0480695351434437,0.10646985138471507,0.0503900348414017,-0.012125793511780003,-0.001172793781048509,False,-0.016230748535539297,-0.016230748535539297
6,120,10683,4,2020-03-19,2026-03-20,0.12345675474936724,0.2203613959685124,0.07688235381893138,0.04050783799014046,0.029754838787605875,0.010752999202534586,True,0.07083960537259193,0.09703605729726343,0.02294485695159043,0.03222449057237253,0.0024696517847666577,True,-0.008283347417767928,-0.008283347417767928
7,15,0,0,1990-12-19,1997-12-19,0.06177975248420764,0.07520628542883882,0.0631117039837239,0.14853844032877173,0.13969998278321283,0.008838457545558898,True,0.003626114053818963,0.0013361588226859702,0.000676731886502413,0.13933446727740173,-0.00036551550581109815,False,-0.009203973051369996,-0.009203973051369996
7,15,2579,1,1998-01-10,2005-01-10,0.03314992340807188,0.03866581065288262,0.0320910915233541,-0.023804418239147473,-0.027529916443934876,0.003725498204787403,True,0.009980561647559227,0.006639940651846115,0.004577203906671379,-0.026964503868820988,0.0005654125751138883,True,-0.0031600856296735147,-0.0031600856296735147
7,15,5159,2,2005-02-02,2012-02-03,0.040599717512347144,0.04849596513120735,0.03850668690869008,0.013679581162561849,0.008778198798707226,0.004901382363854623,True,0.00433353958357463,0.0005534709865863386,-0.0010767264033682,0.00855617790148222,-0.00022202089722500595,False,-0.005123403261079629,-0.005123403261079629
7,15,7738,3,2012-02-25,2019-02-25,0.031633336332392625,0.03458107677408638,0.029045599562499302,0.017598613543190256,0.013928011111368654,0.0036706024318216013,True,0.0057420682822362235,0.0013767239040487294,0.0007656908538784535,0.013907795103898168,-2.021600747048602e-05,False,-0.0036908184392920873,-0.0036908184392920873
7,15,10318,4,2019-03-20,2026-03-20,0.02351615755444203,0.03643899220796441,0.023515377416124528,0.031466402077704236,0.028909022150521935,0.0025573799271823017,True,0.005539936986458827,0.0003742258055596693,0.00031136993293823245,0.028858983378324155,-5.003877219778019e-05,False,-0.002607418699380082,-0.002607418699380082
7,30,0,0,1990-12-19,1997-12-19,0.11673322500753325,0.13792500975953126,0.12296562377311804,0.15442046880622673,0.13825703773430065,0.016163431071926082,True,0.00042160244267552827,0.0009113547273343083,-0.003088313423136868,0.13642536250003623,-0.0018316752342644183,False,-0.0179951063061905,-0.0179951063061905
7,30,2579,1,1998-01-10,2005-01-10,0.05815099776627086,0.07374015764146978,0.05586044961902348,-0.021336647615821658,-0.02758810918272192,0.006251461566900263,True,0.023840488349091693,0.0237313343201331,0.014694932658082971,-0.0259373840583651,0.0016507251243568222,True,-0.0046007364425434405,-0.0046007364425434405
7,30,5159,2,2005-02-02,2012-02-03,0.06845898852557486,0.07621115707457268,0.06915644192932291,0.01638692227765448,0.008502038387237176,0.007884883890417305,True,0.004714128599611955,0.011536539470030964,-0.005739320396815517,0.007495148077155012,-0.0010068903100821647,False,-0.00889177420049947,-0.00889177420049947
7,30,7738,3,2012-02-25,2019-02-25,0.05326651061347243,0.06368129472966723,0.047910168177381696,0.019601092112142116,0.013758425027781573,0.005842667084360542,True,0.01051952036263537,0.004828390397844598,-9.027702114938752e-05,0.013579974643495918,-0.00017845038428565552,False,-0.006021117468646198,-0.006021117468646198
7,30,10318,4,2019-03-20,2026-03-20,0.041103987415569865,0.06346404077098851,0.04194971242075207,0.033011742416789946,0.028802283671731876,0.00420945874505807,True,0.012420546045571523,0.012844523021634052,0.0021588734503201756,0.02889751706955357,9.523339782169238e-05,True,-0.004114225347236378,-0.004114225347236378
7,45,0,0,1990-12-19,1997-12-19,0.1675688356700189,0.19426577211165194,0.18027078466114244,0.16010627922497722,0.1375878457894284,0.022518433435548824,True,0.023200141876983826,0.032710807363915455,0.02496491057697736,0.1384389205947143,0.0008510748052859007,True,-0.021667358630262923,-0.021667358630262923
7,45,2579,1,1998-01-10,2005-01-10,0.07944901648024127,0.11269042784582023,0.08057799691759415,-0.019512977994564973,-0.02771338014637481,0.008200402151809838,True,0.021787926101150656,0.01972863371940212,0.0024189095535429583,-0.027177499202803546,0.0005358809435712653,True,-0.007664521208238573,-0.007664521208238573
7,45,5159,2,2005-02-02,2012-02-03,0.09436351442021174,0.10159528837943829,0.09480624125418946,0.01868982439229372,0.008198416485684534,0.010491407906609185,True,0.008305040238218986,0.019800937025664652,-0.0017788271072948225,0.0068414439304924635,-0.0013569725551920708,False,-0.011848380461801256,-0.011848380461801256
7,45,7738,3,2012-02-25,2019-02-25,0.0700489699757667,0.06977570863429376,0.07107012669399748,0.020970726809985685,0.013698401733833299,0.007272325076152386,True,0.015092661148017772,0.010828804023479159,-0.002172467607683304,0.013304361118749775,-0.00039404061508352406,False,-0.00766636569123591,-0.00766636569123591
7,45,10318,4,2019-03-20,2026-03-20,0.05377279425305348,0.0749935098523398,0.058349789447580847,0.03393047206134159,0.028821650456298586,0.005108821605043001,True,0.026822850742796334,0.009771909677615789,0.0058428250597371,0.030111276097407824,0.0012896256411092377,True,-0.0038191959639337636,-0.0038191959639337636
7,60,0,0,1990-12-19,1997-12-19,0.22633777944223188,0.2661666059766152,0.2474276982741752,0.1639574351302895,0.1343301815877822,0.02962725354250728,True,0.01481903704314047,0.041730881932303954,0.01715782626415585,0.1329019345193705,-0.0014282470684117143,False,-0.031055500610918996,-0.031055500610918996
7,60,2579,1,1998-01-10,2005-01-10,0.10412233261394976,0.1337041989330066,0.09530040542364815,-0.017458188556329968,-0.02800865314341494,0.010550464587084973,True,0.04362528365521268,0.0532893117832795,0.03772360529883745,-0.025341308480376634,0.002667344663038307,True,-0.007883119924046667,-0.007883119924046667
7,60,5159,2,2005-02-02,2012-02-03,0.11847704893003863,0.13173015312745318,0.11250142944124364,0.02101218175942865,0.008195177262419362,0.012817004497009288,True,0.003494843595068353,0.028201538652840683,0.0028933241208852767,0.005313016694175721,-0.0028821605682436413,False,-0.01569916506525293,-0.01569916506525293
7,60,7738,3,2012-02-25,2019-02-25,0.08934342829735331,0.09694827531395947,0.09165393954054646,0.021906828698406766,0.012883008525800266,0.0090238201726065,True,0.026276530618422722,0.05146365062298623,0.017750087675038495,0.013231555872190048,0.0003485473463897826,True,-0.008675272826216718,-0.008675272826216718
7,60,10318,4,2019-03-20,2026-03-20,0.06718318622386521,0.11708333474086628,0.0700340372792958,0.035000595039438975,0.02888442430014071,0.006116170739298266,True,0.028968525812417267,0.025666324952703462,0.008268130933171802,0.0296234109930007,0.0007389866928599886,True,-0.005377184046438277,-0.005377184046438277
7,90,0,0,1990-12-19,1997-12-19,0.3390697427369129,0.4083958283505514,0.37971256937465814,0.16948426011900386,0.1273488729297001,0.042135387189303763,True,0.027472489894441177,0.05258754601707944,0.031640445723688515,0.12606303672261232,-0.001285836207087776,False,-0.04342122339639154,-0.04342122339639154
7,90,2579,1,1998-01-10,2005-01-10,0.13797075414577797,0.20279639714360764,0.14040557999155734,-0.015374320709472977,-0.028538561183534372,0.013164240474061395,True,0.0599675277154641,0.12441728976734512,0.07711613609696344,-0.025318697689244885,0.0032198634942894877,True,-0.009944376979771907,-0.009944376979771907
7,90,5159,2,2005-02-02,2012-02-03,0.15850812170740047,0.1714356040147943,0.16670649492648004,0.02347942100327627,0.007229627734247179,0.01624979326902909,True,0.019511672536696834,0.05702262527559973,0.022923123911743115,0.004963609069806196,-0.002266018664440983,False,-0.018515811933470072,-0.018515811933470072
7,90,7738,3,2012-02-25,2019-02-25,0.12023115948823104,0.1422408057268549,0.12563298529510636,0.0247067592293988,0.013279965263212512,0.011426793966186288,True,0.024677628848944755,0.0711844563291614,0.0037887167282404377,0.011729299825896655,-0.0015506654373158568,False,-0.012977459403502145,-0.012977459403502145
7,90,10318,4,2019-03-20,2026-03-20,0.09462209226801854,0.13306489302770969,0.09611103079062167,0.036279352299834144,0.028123168318469283,0.008156183981364862,True,0.04954694545861016,0.06028112876199025,0.01649363513098734,0.030073452162013847,0.0019502838435445646,True,-0.006205900137820297,-0.006205900137820297
7,120,0,0,1990-12-19,1997-12-19,0.3969334139563525,0.5016380100767632,0.4520448643805597,0.17695622783734577,0.12955886493746016,0.04739736289988561,True,0.06008218039410629,0.13524256039649202,0.08962794697372178,0.13146866753233888,0.0019098025948787178,True,-0.04548756030500689,-0.04548756030500689
7,120,2579,1,1998-01-10,2005-01-10,0.17872061506499648,0.20515471821704717,0.16011647325825318,-0.011301835119724268,-0.027827434090944236,0.016525598971219968,True,0.08798542304966572,0.16997348823608394,0.11932033604078596,-0.02255880644756325,0.005268627643380985,True,-0.011256971327838983,-0.011256971327838983
7,120,5159,2,2005-02-02,2012-02-03,0.2106678544944116,0.26852714284028406,0.23210360363986893,0.026739785171012498,0.005742379027272593,0.020997406143739905,True,0.037448029948212724,0.11010566053133905,0.04780929385929711,0.004341755282825099,-0.0014006237444474934,False,-0.0223980298881874,-0.0223980298881874
7,120,7738,3,2012-02-25,2019-02-25,0.14627101770152873,0.17249078989529398,0.15296018541300005,0.026638186323481028,0.013514979407736494,0.013123206915744534,True,0.044753042065081905,0.1318970714014007,0.05200383172247469,0.013118141792062277,-0.00039683761567421705,False,-0.013520044531418751,-0.013520044531418751
7,120,10318,4,2019-03-20,2026-03-20,0.1146261714019785,0.19069589390076735,0.12176363416248615,0.037168597038449214,0.028023837331081936,0.009144759707367278,True,0.05838644288319772,0.10227322062599734,0.019144527715197812,0.02952651153762531,0.0015026742065433751,True,-0.007642085500823903,-0.007642085500823903
8,15,0,0,1990-12-19,1998-12-19,0.06014149163560334,0.07330213224505473,0.06274766476488369,0.11710312923344257,0.10969173800482279,0.007411391228619779,True,0.003779949234267166,0.0013537331738899846,0.0007979939603663944,0.10949816575298321,-0.00019357225183957993,False,-0.007604963480459359,-0.007604963480459359
8,15,2488,1,1997-10-11,2005-10-11,0.03287294477882363,0.0470830689749369,0.0322461779166503,-0.025879827582623305,-0.02918232459693837,0.0033024970143150645,True,0.008710441222715692,0.00540437365976823,0.003488328582373912,-0.028759891903399115,0.00042243269353925417,True,-0.0028800643207758103,-0.0028800643207758103
8,15,4976,2,2004-08-03,2012-08-03,0.03777715587166597,0.04094745595646456,0.03699069465240967,0.005216041400840865,0.0012107578361126858,0.004005283564728179,True,0.0048599744225890085,0.003285351226834094,0.0003961939566152761,0.0011740645560858187,-3.6693280026867114e-05,False,-0.004041976844755046,-0.004041976844755046
8,15,7464,3,2011-05-27,2019-05-27,0.025688326509321957,0.03166959726155022,0.023789514669364076,0.013116456040073166,0.010558718442031267,0.002557737598041898,True,0.004502722614444066,0.0016573419423518464,0.0008250695050984191,0.01047676749769244,-8.195094433882666e-05,False,-0.002639688542380725,-0.002639688542380725
8,15,9953,4,2018-03-20,2026-03-20,0.023730634046038812,0.03142055584096706,0.020387894824437147,0.030180025404216382,0.02782463497658938,0.002355390427627002,True,0.004469672947290171,0.001227041619075527,0.0001946827017409447,0.02773705701589191,-8.757796069747137e-05,False,-0.0024429683883244735,-0.0024429683883244735
8,30,0,0,1990-12-19,1998-12-19,0.11302385073145493,0.13481557307169617,0.12158165954408018,0.1215937131901994,0.10809628955776529,0.013497423632434113,True,0.0007236985729630607,0.0003760751161226005,-0.003983324718465242,0.10677618045995474,-0.0013201090978105512,False,-0.014817532730244665,-0.014817532730244665
8,30,2488,1,1997-10-11,2005-10-11,0.05576352674729068,0.07672863171802986,0.05414527606487973,-0.0237206988552896,-0.029080091841179212,0.0053593929858896106,True,0.019871452926139677,0.026744690835994765,0.013919015003698743,-0.027935365050631877,0.0011447267905473346,True,-0.004214666195342276,-0.004214666195342276
8,30,4976,2,2004-08-03,2012-08-03,0.06224265120794836,0.07575323862266871,0.06068166065015945,0.007545507844482824,0.0012522310719651486,0.006293276772517675,True,0.009752722151385784,0.020643655719429364,0.003948321010269984,0.0011832685897383843,-6.896248222676427e-05,False,-0.0063622392547444395,-0.0063622392547444395
8,30,7464,3,2011-05-27,2019-05-27,0.045661919632605574,0.04961266680198117,0.04539217028760256,0.014794073368935567,0.010440635462896086,0.004353437906039481,True,0.0050595674735820495,0.008909341504513335,0.0002929253994479186,0.009782839448018166,-0.0006577960148779205,False,-0.005011233920917402,-0.005011233920917402
8,30,9953,4,2018-03-20,2026-03-20,0.038637877023849576,0.05482572150761502,0.03422097433481808,0.03155312587420345,0.027993509300869857,0.0035596165733335905,True,0.01018498618093755,0.009656672995726623,0.001382839071103259,0.027977699980905824,-1.580931996403301e-05,False,-0.0035754258932976235,-0.0035754258932976235
8,45,0,0,1990-12-19,1998-12-19,0.16188930301704452,0.190052320508708,0.17694988375845355,0.1262199357873952,0.1074312868323728,0.018788648955022413,True,0.023130371863799182,0.030999547964231804,0.02320014187698405,0.10845132035318827,0.0010200335208154776,True,-0.017768615434206936,-0.017768615434206936
8,45,2488,1,1997-10-11,2005-10-11,0.07438624995058252,0.10860507622384274,0.07412326656014345,-0.02203646545630833,-0.028892769403142116,0.006856303946833786,True,0.015014589001791867,0.009317120681776916,-0.0011278559139972222,-0.028965795441531217,-7.302603838910127e-05,False,-0.006929329985222887,-0.006929329985222887
8,45,4976,2,2004-08-03,2012-08-03,0.08533254479676855,0.09510589477999021,0.08550270871412158,0.009698209611204378,0.0013546197075775535,0.008343589903626825,True,0.008947123766037901,0.018960131871146254,-0.0011735553239743401,0.0005292366430678097,-0.0008253830645097437,False,-0.009168972968136568,-0.009168972968136568
8,45,7464,3,2011-05-27,2019-05-27,0.05782263872066906,0.0650074322979315,0.05803925061636428,0.016189698430752575,0.011031888373139509,0.005157810057613066,True,0.00516558906250042,0.0177824672210228,-0.008476475977418962,0.009724472658206862,-0.001307415714932647,False,-0.006465225772545713,-0.006465225772545713
8,45,9953,4,2018-03-20,2026-03-20,0.05547526036650008,0.0695626314479467,0.05915635995680124,0.03224874602301697,0.02729465744187487,0.004954088581142102,True,0.027920888220047013,0.03371749803830287,0.01034689473873085,0.028841130921100744,0.0015464734792258739,True,-0.003407615101916228,-0.003407615101916228
8,60,0,0,1990-12-19,1998-12-19,0.21830168251000637,0.26011970754894237,0.24175217859206177,0.12952054174387717,0.10481826846339404,0.024702273280483134,True,0.01330345488186091,0.037504690894399374,0.014819037043140248,0.10379594507958712,-0.0010223233838069223,False,-0.025724596664290056,-0.025724596664290056
8,60,2488,1,1997-10-11,2005-10-11,0.09041190985210146,0.12223089694203888,0.08401694701070372,-0.021287272434952764,-0.029326180017498427,0.008038907582545662,True,0.03470382279891493,0.06256406949106791,0.039067842258428076,-0.02768615542462216,0.0016400245928762658,True,-0.006398882989669397,-0.006398882989669397
8,60,4976,2,2004-08-03,2012-08-03,0.10528880015955844,0.11669434693074683,0.09629942946899295,0.011028483139844836,0.0010327243650087858,0.00999575877483605,True,0.006491484258799085,0.03685411642532304,0.0017617320686298399,-0.0007361351832912977,-0.0017688595483000835,False,-0.011764618323136133,-0.011764618323136133
8,60,7464,3,2011-05-27,2019-05-27,0.07160958883977941,0.08641684740350221,0.07203777042207227,0.017348454676754388,0.011194063251437347,0.006154391425317041,True,0.012456054735390909,0.04286643991570761,-0.00276223003527587,0.010153047993628928,-0.0010410152578084197,False,-0.00719540668312546,-0.00719540668312546
8,60,9953,4,2018-03-20,2026-03-20,0.06504708471212695,0.08566501491184514,0.06562499149804335,0.03328066345141756,0.02781879847679969,0.005461864974617869,True,0.024876779689398054,0.046292376756082616,0.004948437351199875,0.028326808205646037,0.0005080097288463481,True,-0.004953855245771521,-0.004953855245771521
8,90,0,0,1990-12-19,1998-12-19,0.3263364461656362,0.39786389171383807,0.37004026570534143,0.13421050725599626,0.09907611917943271,0.03513438807656355,True,0.029423052449442766,0.04901690919635339,0.031287582465962416,0.09883245853348366,-0.0002436606459490509,False,-0.0353780487225126,-0.0353780487225126
8,90,2488,1,1997-10-11,2005-10-11,0.1302824725863636,0.18864011904837846,0.13028247258636338,-0.018551334572873723,-0.029744082001277095,0.011192747428403371,True,0.05085315580892824,0.10359812266852264,0.06320707578417539,-0.027455998700688267,0.002288083300588828,True,-0.008904664127814543,-0.008904664127814543
8,90,4976,2,2004-08-03,2012-08-03,0.13134302447918267,0.13362104224827187,0.13569893135655975,0.013486811688593114,0.0018191035535162214,0.011667708135076893,True,0.008797368859706278,0.03760570622149137,0.007716124365936938,-0.0009337079834310646,-0.002752811536947286,False,-0.014420519672024179,-0.014420519672024179
8,90,7464,3,2011-05-27,2019-05-27,0.098890899953338,0.12642239340196648,0.09846939368903129,0.019048803621322774,0.010988362681178865,0.00806044094014391,True,0.0076949274480471175,0.06071777860852394,-0.005302863273271119,0.008072564853545572,-0.002915797827633293,False,-0.010976238767777202,-0.010976238767777202
8,90,9953,4,2018-03-20,2026-03-20,0.09195546541988131,0.11073319083432535,0.07062448641185415,0.034469024391514225,0.027099151175295155,0.0073698732162190694,True,0.04897981273879859,0.09259769309811637,0.024107628436822903,0.02929003075728409,0.002190879581988936,True,-0.0051789936342301335,-0.0051789936342301335
8,120,0,0,1990-12-19,1998-12-19,0.3818856230786225,0.4866701274790474,0.4358926898505864,0.14052985826642073,0.10092691731191716,0.03960294095450356,True,0.05601544519904178,0.12444440373021087,0.08529075171395051,0.10281187110657153,0.0018849537946543649,True,-0.0377179871598492,-0.0377179871598492
8,120,2488,1,1997-10-11,2005-10-11,0.14252793935745678,0.19691336211351074,0.1365868484358037,-0.017093837655003385,-0.0283913699645586,0.011297532309555214,True,0.05447171375290227,0.13352365653024098,0.0637712034689033,-0.02690534101664588,0.0014860289479127209,True,-0.009811503361642493,-0.009811503361642493
8,120,4976,2,2004-08-03,2012-08-03,0.17461019157962498,0.171859456651428,0.15408247496000516,0.016338465142735403,0.001192846264645775,0.015145618878089628,True,0.01666763819464001,0.0682085237979971,0.01444422108384913,-0.001842631997582056,-0.003035478262227831,False,-0.01818109714031746,-0.01818109714031746
8,120,7464,3,2011-05-27,2019-05-27,0.13228843243723554,0.13783889974715458,0.13293288772368772,0.01981689894883898,0.009238167243463158,0.010578731705375821,True,0.03831346841518224,0.09398879396752825,0.048969835522851834,0.008831493081470354,-0.0004066741619928038,False,-0.010985405867368625,-0.010985405867368625
8,120,9953,4,2018-03-20,2026-03-20,0.11489710510166562,0.1549525643069662,0.11777236730554486,0.035419596217688865,0.026663512499135233,0.008756083718553631,True,0.06109849507331755,0.11880831533061756,0.06215089979285593,0.02903819292651777,0.002374680427382536,True,-0.006381403291171095,-0.006381403291171095
9,15,0,0,1990-12-19,1999-12-19,0.05825029693575212,0.07165299348829034,0.06217581547636386,0.11969759411911474,0.11323750043016201,0.006460093688952728,True,0.0034044004489552915,0.0013889000843359594,0.0009217420991327607,0.11309169376370964,-0.00014580666645236384,False,-0.006605900355405092,-0.006605900355405092
9,15,2397,1,1997-07-12,2006-07-12,0.030036776313331126,0.041613054964416564,0.031106609797348916,0.02420721411628235,0.021364562283808564,0.002842651832473786,True,0.004516738460625724,0.002487618715978151,0.0011317485635937707,0.021354212160887176,-1.0350122921387594e-05,False,-0.0028530019553951735,-0.0028530019553951735
9,15,4794,2,2004-02-03,2013-02-02,0.03565113404023479,0.04115514666435771,0.03581068279288879,0.020594844822496627,0.01714358488963308,0.0034512599328635485,True,0.0036508400292543097,0.0011429055458406774,-0.00059500965532433,0.017040522790223722,-0.00010306209940935673,False,-0.0035543220322729052,-0.0035543220322729052
9,15,7191,3,2010-08-27,2019-08-27,0.025503751747872228,0.03182112833953141,0.023424195062334396,0.01115796468495911,0.008842852932984258,0.002315111751974852,True,0.0037884883437073746,0.000548972228842354,-0.0004295347662924276,0.008756035053684608,-8.68178792996499e-05,False,-0.002401929631274502,-0.002401929631274502
9,15,9588,4,2017-03-20,2026-03-20,0.02252306436524032,0.030009579252836656,0.01952830976303377,0.026232059742511193,0.024213658982993325,0.002018400759517869,True,0.003882625548476293,0.00020402806859124695,0.0,0.024136190312356698,-7.746867063662677e-05,False,-0.0020958694301544956,-0.0020958694301544956
9,30,0,0,1990-12-19,1999-12-19,0.10971193079194808,0.13203726324585313,0.12012102581685857,0.12405536265759842,0.112248653988259,0.011806708669339416,True,0.0008842131218345095,0.0001072566436177894,-0.003791215382897395,0.111229027612338,-0.0010196263759210122,False,-0.012826335045260429,-0.012826335045260429
9,30,2397,1,1997-07-12,2006-07-12,0.05111430767980463,0.07885600118112948,0.05365025109292121,0.02601739621907706,0.021382743954936556,0.004634652264140504,True,0.01197421143021793,0.018281086550187,0.010169826856496034,0.021697435265090936,0.00031469131015438023,True,-0.004319960953986124,-0.004319960953986124
9,30,4794,2,2004-02-03,2013-02-02,0.05952702768699947,0.07094774486765854,0.05987123395322058,0.022655162041632648,0.017135428913594097,0.005519733128038551,True,0.00687184150888398,0.012841872634360478,0.001200734093472322,0.016877220677827598,-0.00025820823576649943,False,-0.00577794136380505,-0.00577794136380505
9,30,7191,3,2010-08-27,2019-08-27,0.04333271439884334,0.056850069315617646,0.04374410939133466,0.012609082360867996,0.008870453338646556,0.0037386290222214402,True,0.005773899179190245,0.0033580978483096053,-0.002737890303801227,0.00849214785158292,-0.00037830548706363487,False,-0.004116934509285075,-0.004116934509285075
9,30,9588,4,2017-03-20,2026-03-20,0.03763904182980582,0.05560747281118611,0.04008887498988378,0.027484914011804307,0.02431401945880074,0.003170894553003567,True,0.008014545478017832,0.0021358999983464876,-0.00036315068016401497,0.024183146501726815,-0.0001308729570739242,False,-0.0033017675100774913,-0.0033017675100774913
9,45,0,0,1990-12-19,1999-12-19,0.15635671327959488,0.1862592190417804,0.17526666826825266,0.12694090972254202,0.11056282036312415,0.01637808935941787,True,0.02297087725999858,0.0297975749093981,0.022706035765152066,0.11168772387332648,0.0011249035102023353,True,-0.015253185849215534,-0.015253185849215534
9,45,2397,1,1997-07-12,2006-07-12,0.0688004370809614,0.09889964067677853,0.07019262744948351,0.027506848220647973,0.021477440789031466,0.006029407431616507,True,0.008437609565134396,0.014340079564198886,-0.003645619301248071,0.02088662979563849,-0.0005908109933929762,False,-0.006620218425009483,-0.006620218425009483
9,45,4794,2,2004-02-03,2013-02-02,0.08009660867496193,0.07762387522738394,0.07692724711104937,0.024362976006419457,0.01716446981392461,0.007198506192494847,True,0.005052523443670465,0.012784331947470973,-0.007748040033382697,0.016196464890223528,-0.0009680049237010824,False,-0.00816651111619593,-0.00816651111619593
9,45,7191,3,2010-08-27,2019-08-27,0.057417754206541716,0.06656671057242468,0.05814808710720332,0.013637175185658768,0.008892395304676226,0.0047447798809825414,True,0.005482294883544903,0.013954553444606025,-0.005002721675465893,0.007980438389252109,-0.0009119569154241169,False,-0.005656736796406658,-0.005656736796406658
9,45,9588,4,2017-03-20,2026-03-20,0.05091276115503174,0.0852650925336088,0.05584109576267049,0.027992414881281125,0.023882267687622916,0.004110147193658209,True,0.01986106355115913,0.01822359384632405,0.0073818901219391275,0.02457205218825642,0.0006897845006335057,True,-0.0034203626930247033,-0.0034203626930247033
9,60,0,0,1990-12-19,1999-12-19,0.21113060747105816,0.25452079206170675,0.23854692510778364,0.13101609709683393,0.10944315704921848,0.021572940047615452,True,0.014183223528366984,0.03445418527031151,0.013929520754987879,0.10891710033051316,-0.0005260567187053145,False,-0.022098996766320766,-0.022098996766320766
9,60,2397,1,1997-07-12,2006-07-12,0.09289164681943562,0.13997561290998026,0.09682237234158186,0.02911349543269437,0.021080624891883337,0.008032870540811032,True,0.026917842280669735,0.0745169109272789,0.04150889345873954,0.022013458055907487,0.0009328331640241494,True,-0.007100037376786883,-0.007100037376786883
9,60,4794,2,2004-02-03,2013-02-02,0.09476492576369688,0.10151963131665422,0.0882485957990633,0.025486377158192353,0.01729057492436681,0.008195802233825544,True,-0.0010128379108348406,0.03166278428183663,-0.005511975820512549,0.015103510241645468,-0.0021870646827213402,False,-0.010382866916546885,-0.010382866916546885
9,60,7191,3,2010-08-27,2019-08-27,0.07351812565293558,0.08997906662729079,0.07470819710627108,0.014642409151231606,0.008730121980911276,0.0059122871703203295,True,0.008733098501815029,0.030817248602031652,-0.0026156606063543197,0.007648593968753836,-0.00108152801215744,False,-0.0069938151824777695,-0.0069938151824777695
9,60,9588,4,2017-03-20,2026-03-20,0.06462771208813956,0.10408490409893112,0.07153266227744126,0.02914442206646428,0.02409353523249025,0.005050886833974033,True,0.02245042090599636,0.017942455069566297,0.0027120098295190243,0.024532086108939533,0.00043855087644928403,True,-0.004612335957524749,-0.004612335957524749
9,90,0,0,1990-12-19,1999-12-19,0.31377860101432087,0.38854324808260976,0.3598801241313587,0.13518682296714246,0.10461829355007968,0.030568529417062784,True,0.02915315545109154,0.04627389836302351,0.02896919465326131,0.10478255350206123,0.00016425995198154908,True,-0.030404269465081235,-0.030404269465081235
9,90,2397,1,1997-07-12,2006-07-12,0.11916665037096319,0.177426277508284,0.12022972514171704,0.03065664955052627,0.020940844488078536,0.009715805062447735,True,0.03114468913759505,0.08629672248706677,0.05226909418772108,0.021312171437234406,0.00037132694915587017,True,-0.009344478113291865,-0.009344478113291865
9,90,4794,2,2004-02-03,2013-02-02,0.12800238576683687,0.12358623656696689,0.12848222307500912,0.027997280797096957,0.017419763335990712,0.010577517461106245,True,0.0063931652597137845,0.040302365741515356,0.007624632802101683,0.015044699060650979,-0.0023750642753397333,False,-0.012952581736445978,-0.012952581736445978
9,90,7191,3,2010-08-27,2019-08-27,0.09665633754480685,0.10860730365828847,0.09665633754480685,0.01627507485728996,0.00897612175663487,0.007298953100655092,True,0.008758910107319995,0.048722169388682644,-0.006531035905229854,0.0068841499129774775,-0.002091971843657392,False,-0.009390924944312484,-0.009390924944312484
9,90,9588,4,2017-03-20,2026-03-20,0.08497065813984239,0.11756863963854931,0.06259646208802794,0.029954726207434224,0.0237755168907674,0.006179209316666823,True,0.04370370149116898,0.05610917340310519,0.02105173760910084,0.025526284366343965,0.0017507674755765645,True,-0.004428441841090258,-0.004428441841090258
9,120,0,0,1990-12-19,1999-12-19,0.36908787057685166,0.4729295042370611,0.4323474688706668,0.14051940705440047,0.1058325811799945,0.03468682587440597,True,0.05506108892460215,0.11620337005620626,0.07812504632767592,0.10795324312862564,0.0021206619486311418,True,-0.03256616392577483,-0.03256616392577483
9,120,2397,1,1997-07-12,2006-07-12,0.14996887598397235,0.2111426310712772,0.1524385469027747,0.03240477097641126,0.0206071500215681,0.011797620954843158,True,0.04583546730277499,0.12425228763182479,0.07012032102681687,0.0215663132918833,0.0009591632703151998,True,-0.010838457684527958,-0.010838457684527958
9,120,4794,2,2004-02-03,2013-02-02,0.16844996354504538,0.17585175678247583,0.1640807719254712,0.029427704175901903,0.015865812217056963,0.01356189195884494,True,0.018467725897828968,0.09280696013308351,0.027371860679250792,0.013827634310248138,-0.0020381779068088246,False,-0.015600069865653765,-0.015600069865653765
9,120,7191,3,2010-08-27,2019-08-27,0.11959652985532432,0.14900386682445396,0.12335117943837814,0.016791978360944926,0.008173937333019632,0.008618041027925294,True,0.03290771317469243,0.08654991017100631,0.034431556178549316,0.007727068070477738,-0.0004468692625418935,False,-0.009064910290467187,-0.009064910290467187
9,120,9588,4,2017-03-20,2026-03-20,0.11058259810406401,0.15587871368141978,0.08139213056655525,0.031039884768923054,0.02321977738081249,0.007820107388110564,True,0.05585061451684825,0.07823720140475186,0.025791175703188562,0.025266035925291197,0.0020462585444787074,True,-0.005773848843631857,-0.005773848843631857
10,15,0,0,1990-12-19,2000-12-18,0.05719076035363724,0.07025778293652431,0.061635197308372636,0.14012975828695007,0.13427529128101567,0.005854467005934394,True,0.002952592433153267,0.0014381659078099675,0.0010134172814488807,0.1341400127640433,-0.00013527851697237026,False,-0.005989745522906764,-0.005989745522906764
10,15,2305,1,1997-04-11,2007-04-11,0.03213177077443663,0.046582567873096316,0.03402211417664924,0.09330025885465076,0.09029711647897165,0.003003142375679113,True,0.0016739178566411717,0.0028152583810825715,-0.0003179548531064835,0.09002985915514294,-0.0002672573238287068,False,-0.00327039969950782,-0.00327039969950782
10,15,4611,2,2003-08-04,2013-08-03,0.03325137235118336,0.03549773580818193,0.032606946972241424,0.002574114342051681,-0.0002906979928678499,0.002864812334919531,True,0.006450029466737783,0.003368927927072313,0.0026081823201871135,-5.838961946003085e-05,0.00023230837340781907,True,-0.002632503961511712,-0.002632503961511712
10,15,6917,3,2009-11-26,2019-11-26,0.026909127959476198,0.03491650827735301,0.025856197267723147,0.009537723669873488,0.007273880289678125,0.002263843380195363,True,0.0033841386210926583,0.0037487058685667664,0.00013374283900624562,0.00720050745544043,-7.337283423769492e-05,False,-0.0023372162144330577,-0.0023372162144330577
10,15,9223,4,2016-03-20,2026-03-20,0.022395373379638484,0.03063100213743951,0.020550633839644616,0.02401748165930595,0.022170908685568813,0.0018465729737371372,True,0.004146959042129694,0.001425627131299015,-0.00012901299748324657,0.022174140297997358,3.23161242854475e-06,True,-0.0018433413613085925,-0.0018433413613085925
10,30,0,0,1990-12-19,2000-12-18,0.10740877945492144,0.12965879976849212,0.11853275811670594,0.14377029577964962,0.13309130172757366,0.010678994052075952,True,0.0010780426643421936,2.4726994922832444e-05,-0.002778682993151982,0.13228097623227986,-0.0008103254952938066,False,-0.011489319547369758,-0.011489319547369758
10,30,2305,1,1997-04-11,2007-04-11,0.052552503320262955,0.07914875072969284,0.05775821701360162,0.09514778083927267,0.09044945820311812,0.0046983226361545505,True,0.009200258833647057,0.025970518475383408,0.007639730291903124,0.0905506372112097,0.00010117900809158975,True,-0.004597143628062961,-0.004597143628062961
10,30,4611,2,2003-08-04,2013-08-03,0.05621593391583768,0.06247592657477394,0.055814129438502835,0.004409995769219854,-0.0002477927542542391,0.0046577885234740934,True,0.009716070440968227,0.015005820681299076,0.008404888096671614,-0.00010389157344048439,0.0001439011808137547,True,-0.004513887342660339,-0.004513887342660339
10,30,6917,3,2009-11-26,2019-11-26,0.04327320164426118,0.05069979185676166,0.043930587928464826,0.01078062724391371,0.00733598262194235,0.00344464462197136,True,0.007882276674788358,0.009281441918639912,0.00193709060872016,0.007297787459593863,-3.819516234848663e-05,False,-0.0034828397843198466,-0.0034828397843198466
10,30,9223,4,2016-03-20,2026-03-20,0.03662170620865468,0.049047492688972176,0.03712161718174922,0.025069207536365212,0.02222879193295091,0.0028404156034143035,True,0.008942802598386423,0.005812581528090464,0.00031259498984059775,0.022297572838781088,6.878090583017915e-05,True,-0.0027716346975841244,-0.0027716346975841244
10,45,0,0,1990-12-19,2000-12-18,0.15295581509461598,0.18310415093981763,0.17329272720839395,0.14636366122708377,0.13154871155385184,0.014814949673231936,True,0.022631748509506444,0.028887390756613705,0.022576623608159707,0.13269336977814494,0.0011446582242931047,True,-0.013670291448938832,-0.013670291448938832
10,45,2305,1,1997-04-11,2007-04-11,0.06791959097871736,0.07982226623207056,0.06829634268492524,0.09640046104459965,0.09055586996180409,0.005844591082795558,True,-0.0013615451313833127,0.002649203390667892,-0.010902335634322635,0.08906997218420276,-0.0014858977776013305,False,-0.007330488860396889,-0.007330488860396889
10,45,4611,2,2003-08-04,2013-08-03,0.07839028581730578,0.08470370764739732,0.0777533844919649,0.005916858399647618,-0.00042302054646259357,0.006339878946110211,True,0.00973317815799879,0.01703293173293588,-0.0005629962764203134,-0.000681381628857447,-0.00025836108239485345,False,-0.006598240028505065,-0.006598240028505065
10,45,6917,3,2009-11-26,2019-11-26,0.05989342947142484,0.07566784543608522,0.061804798139294403,0.01185713080535944,0.007222890324584119,0.00463424048077532,True,0.011738742836093108,0.019282457273521295,0.000788480105463174,0.007162479268355781,-6.0411056228337756e-05,False,-0.004694651537003658,-0.004694651537003658
10,45,9223,4,2016-03-20,2026-03-20,0.05179701290082872,0.08032561826596603,0.054371656089635234,0.02568365040783238,0.021768337695275308,0.003915312712557073,True,0.016889943790045603,0.024169638164156876,0.006443611176081054,0.02222625810864476,0.00045792041336945033,True,-0.0034573922991876227,-0.0034573922991876227
10,60,0,0,1990-12-19,2000-12-18,0.20599289843185575,0.24982910519009963,0.23322921358802362,0.15009110305622797,0.13061465850405707,0.019476444552170902,True,0.014159526444502912,0.03225954372981507,0.0139295207549881,0.13033549635673136,-0.00027916214732570666,False,-0.01975560669949661,-0.01975560669949661
10,60,2305,1,1997-04-11,2007-04-11,0.08167120505384728,0.1122770976037038,0.081546943024289,0.09735405820118426,0.09057298939920777,0.006781068801976486,True,0.01609180671164312,0.047879202457386236,0.018050866593727122,0.0905113003334359,-6.168906577186384e-05,False,-0.00684275786774835,-0.00684275786774835
10,60,4611,2,2003-08-04,2013-08-03,0.09142788424264925,0.10763007222303714,0.0886777545852564,0.006830935505223623,-0.0002909148234949699,0.007121850328718593,True,0.004819890523863002,0.022669113942209277,0.0030683120199270775,-0.0014624672419873974,-0.0011715524184924275,False,-0.00829340274721102,-0.00829340274721102
10,60,6917,3,2009-11-26,2019-11-26,0.067646483667271,0.09344856206076198,0.06934823536722523,0.012618185563138207,0.007675136210660183,0.004943049352478024,True,0.014758821558303437,0.02431140769158101,0.002156413575094218,0.007485853239222129,-0.00018928297143805395,False,-0.005132332323916078,-0.005132332323916078
10,60,9223,4,2016-03-20,2026-03-20,0.0627547559066215,0.09488036339703333,0.06647705191713493,0.026606238051772646,0.022062985894121034,0.004543252157651612,True,0.022383993107264466,0.012520266428750312,0.0039048857425549865,0.02263653946559474,0.0005735535714737061,True,-0.0039696985861779055,-0.0039696985861779055
10,90,0,0,1990-12-19,2000-12-18,0.3055778716392932,0.38053498276089703,0.3536537127759387,0.15379004983687894,0.12620502079676155,0.027585029040117393,True,0.029237668117789717,0.04438665952550237,0.029370482902449924,0.12666982857254916,0.00046480777578761234,True,-0.02712022126432978,-0.02712022126432978
10,90,2305,1,1997-04-11,2007-04-11,0.11361849916529021,0.14306584285533355,0.11614707910480782,0.09957922594979074,0.09049775555068429,0.00908147039910645,True,0.012898885570995944,0.05921987864424849,0.038894228403624886,0.08920324924740042,-0.001294506303283871,False,-0.010375976702390322,-0.010375976702390322
10,90,4611,2,2003-08-04,2013-08-03,0.1231457569815273,0.13711720013226292,0.1231457569815273,0.008890313598094446,-0.00029677006085793156,0.009187083658952377,True,0.020585151188429185,0.06590134985148652,0.02174449189972283,-0.0007283732686581557,-0.0004316032078002241,False,-0.009618686866752602,-0.009618686866752602
10,90,6917,3,2009-11-26,2019-11-26,0.09891718833251684,0.11251475990407186,0.08621979165400595,0.014041349578580498,0.007003872035511449,0.007037477543069048,True,0.027783573696568586,0.05691736262777263,0.027720792656627857,0.00727704600783019,0.00027317397231874097,True,-0.006764303570750307,-0.006764303570750307
10,90,9223,4,2016-03-20,2026-03-20,0.07958090250989991,0.12260052821946074,0.05903465478134362,0.027394382695450803,0.022075853892940422,0.0053185288025103805,True,0.0341909542044172,0.03227015717013526,0.012196600163713267,0.022989025327566193,0.0009131714346257702,True,-0.00440535736788461,-0.00440535736788461
10,120,0,0,1990-12-19,2000-12-18,0.35890840127228296,0.4617191454852508,0.4229993512503434,0.15857537143133604,0.12726932485516973,0.03130604657616631,True,0.053622118204444735,0.10968301328400727,0.06661074090117469,0.12946362499056163,0.0021943001353919023,True,-0.02911174644077441,-0.02911174644077441
10,120,2305,1,1997-04-11,2007-04-11,0.1507619804560123,0.20025769542495664,0.15076198045601252,0.10106366296524771,0.08927436689192292,0.011789296073324795,True,0.023222769403258514,0.11113862858037203,0.057654486627046087,0.08820370701353752,-0.0010706598783853938,False,-0.012859955951710189,-0.012859955951710189
10,120,4611,2,2003-08-04,2013-08-03,0.15343952931853155,0.19370695391660442,0.13954838004447434,0.011209556418095845,0.0001468330312068833,0.011062723386888962,True,0.0033753901268078756,0.02885561202159784,-0.0014960290146186495,-0.002792491837134814,-0.0029393248683416973,False,-0.014002048255230659,-0.014002048255230659
10,120,6917,3,2009-11-26,2019-11-26,0.11244615271162561,0.14922128684395694,0.11887951296375032,0.015507355868449535,0.00804235204980408,0.007465003818645455,True,0.01687854511246778,0.06468605181415989,0.023305683356088513,0.006425305438406914,-0.001617046611397166,False,-0.00908205043004262,-0.00908205043004262
10,120,9223,4,2016-03-20,2026-03-20,0.108766818806316,0.16051755466722178,0.08392377774885462,0.028290645940766357,0.021067962627575154,0.007222683313191203,True,0.05279981094756825,0.081904907933073,0.06064038519166992,0.022976174053655596,0.0019082114260804417,True,-0.005314471887110761,-0.005314471887110761
12,15,0,0,1990-12-19,2002-12-19,0.055335590496800036,0.06786400885760696,0.06019586110123942,0.07088898108590236,0.06639921599264986,0.004489765093252496,True,0.003228838287048008,0.0014911676607099493,0.001294948169878296,0.06637978038566339,-1.9435606986473175e-05,False,-0.004509200700238969,-0.004509200700238969
12,15,2123,1,1996-10-11,2008-10-11,0.035887833266620595,0.04952808651422552,0.03761510268819168,0.023531604973415776,0.020819808719799493,0.002711796253616283,True,0.0011116636173886807,-0.0014350881404234309,-0.003196375384078687,0.020622467748703466,-0.00019734097109602722,False,-0.0029091372247123104,-0.0029091372247123104
12,15,4246,2,2002-08-04,2014-08-04,0.03048192238529479,0.03202111212608993,0.030028314602430495,0.011918144161332078,0.009676378366328064,0.0022417657950040137,True,0.0023430625691620577,0.0006626866676752271,-0.00036982374501526305,0.00958561834606475,-9.076002026331409e-05,False,-0.002332525815267328,-0.002332525815267328
12,15,6369,3,2008-05-27,2020-05-27,0.028146602778495344,0.04167701101503074,0.03133215767842179,0.0069175969980013186,0.004877389474579719,0.0020402075234216,True,0.0032754285285656604,0.009960715468224213,0.0009219103591946443,0.004864934870984161,-1.24546035955575e-05,False,-0.0020526621270171574,-0.0020526621270171574
12,15,8492,4,2014-03-20,2026-03-20,0.025472622692644054,0.038569712658433467,0.028295242564459033,0.02175370342502081,0.01990474444803403,0.001848958976986781,True,0.002772040340538018,-6.909755983590861e-05,-0.0007151324887967325,0.01984944999018956,-5.529445784446807e-05,False,-0.001904253434831249,-0.001904253434831249
12,30,0,0,1990-12-19,2002-12-19,0.10345213462313674,0.12544773073072327,0.11566008673676986,0.07357791708524886,0.06541257402536149,0.008165343059887364,True,0.001987560885510886,-9.483178832782691e-05,-0.001409748053922577,0.06498291083046626,-0.00042966319489523563,False,-0.0085950062547826,-0.0085950062547826
12,30,2123,1,1996-10-11,2008-10-11,0.05933224814313531,0.08738572971617178,0.06263493079247628,0.02507648250721095,0.02074409006737521,0.004332392439835742,True,0.007501843221602744,0.013793532580671383,0.0029255808615378243,0.020799214043270675,5.5123975895465804e-05,True,-0.004277268463940276,-0.004277268463940276
12,30,4246,2,2002-08-04,2014-08-04,0.050298458099538035,0.05233673512064954,0.04943248941909206,0.013262080817148636,0.009700149884014797,0.003561930933133839,True,0.004027081726363457,0.0026502908487153094,-0.0021143109355564738,0.009463940422062889,-0.0002362094619519084,False,-0.0037981403950857473,-0.0037981403950857473
12,30,6369,3,2008-05-27,2020-05-27,0.04800046650039502,0.07700222930051334,0.05528962811312965,0.00823610212532988,0.004876047775102643,0.0033600543502272373,True,0.0051395283729422925,0.016199461104589166,-0.0009807477495681338,0.00473373399353072,-0.00014231378157192331,False,-0.0035023681317991606,-0.0035023681317991606
12,30,8492,4,2014-03-20,2026-03-20,0.04367918183629782,0.07154550415319359,0.05084431049101901,0.02278209642504625,0.019724621036601775,0.003057475388444475,True,0.008772048536406674,0.004415724959361713,0.0013362564387415787,0.019886755912561727,0.00016213487595995169,True,-0.0028953405124845233,-0.0028953405124845233
12,45,0,0,1990-12-19,2002-12-19,0.14759591735518507,0.1773760210301409,0.1683075513521719,0.07610085792156851,0.06473555431893097,0.011365303602637544,True,0.021655899256910027,0.027328281302357534,0.01995721034838227,0.06572695089838132,0.0009913965794503543,True,-0.01037390702318719,-0.01037390702318719
12,45,2123,1,1996-10-11,2008-10-11,0.07601648974196706,0.09039299102600133,0.07289039683835319,0.026528150737942235,0.02115098621439615,0.005377164523546085,True,-0.0007462274180531914,-0.0027498816378130975,-0.009806533545967722,0.02021489098489404,-0.0009360952295021097,False,-0.006313259753048195,-0.006313259753048195
12,45,4246,2,2002-08-04,2014-08-04,0.06980527032414563,0.07778358202386698,0.07036641165395618,0.014400637554792928,0.009574040607741141,0.004826596947051787,True,0.005398352373345183,0.020260409226783672,0.0023425509095615915,0.009164087164531098,-0.0004099534432100427,False,-0.005236550390261829,-0.005236550390261829
12,45,6369,3,2008-05-27,2020-05-27,0.06551207928359726,0.09300292150327394,0.07279666705803267,0.009410604916113341,0.004945539281073774,0.004465065635039567,True,0.002547550285037392,0.01913346970712716,-0.0051388381928240134,0.004299885918069846,-0.0006456533630039285,False,-0.005110718998043495,-0.005110718998043495
12,45,8492,4,2014-03-20,2026-03-20,0.058272215231860436,0.09601116823942292,0.06708952133322965,0.023646011007422585,0.019697162230286835,0.0039488487771357494,True,0.012983077337901605,0.011904723370697262,0.004677637429532755,0.019921776919617162,0.0002246146893303269,True,-0.0037242340878054225,-0.0037242340878054225
12,60,0,0,1990-12-19,2002-12-19,0.19679992977305205,0.24147725294711966,0.22798457083971457,0.07801412587916534,0.06320022643623346,0.014813899442931877,True,0.013313580402312564,0.02865342688645204,0.013587429094797931,0.06316656618105432,-3.36602551791465e-05,False,-0.014847559698111024,-0.014847559698111024
12,60,2123,1,1996-10-11,2008-10-11,0.0973153750439919,0.15341913804374246,0.10509041370983074,0.02687122179764434,0.020109466647436625,0.0067617551502077156,True,0.01945808563606999,0.0492933964351645,0.01744404224799312,0.020591313367546604,0.00048184672010997964,True,-0.006279908430097736,-0.006279908430097736
12,60,4246,2,2002-08-04,2014-08-04,0.08353152470934044,0.08850388787165978,0.08142312967974674,0.015203958695505948,0.00958222282421417,0.0056217358712917775,True,7.1828527223871674e-06,0.014847805230706636,-0.004159765201093735,0.008438545623381755,-0.0011436772008324159,False,-0.006765413072124193,-0.006765413072124193
12,60,6369,3,2008-05-27,2020-05-27,0.07932531384236752,0.11810452480870927,0.09348617661701009,0.009972190472746112,0.004706295902605406,0.005265894570140706,True,0.008506151322193789,0.023428629936471126,-0.004882272574602331,0.004276417623139572,-0.000429878279465834,False,-0.00569577284960654,-0.00569577284960654
12,60,8492,4,2014-03-20,2026-03-20,0.07060418487989772,0.11632926748998242,0.07844050175974582,0.02434043911375161,0.019688790564075243,0.004651648549676368,True,0.019000673257436373,0.020267991988507997,0.007607093588656966,0.020132176487108966,0.00044338592303372337,True,-0.004208262626642645,-0.004208262626642645
12,90,0,0,1990-12-19,2002-12-19,0.29268372735910897,0.36625005948396777,0.3399046879808918,0.08176780559456787,0.06069193256382177,0.021075873030746095,True,0.02862057544919261,0.04111384569569509,0.028765419145096782,0.06136386119942894,0.0006719286356071663,True,-0.02040394439513893,-0.02040394439513893
12,90,2123,1,1996-10-11,2008-10-11,0.12517053656109156,0.14848083354801886,0.12007239683765447,0.02905796308064601,0.02074456195852492,0.008313401122121089,True,0.021746926122300003,0.06860163543007497,0.03706426277695818,0.020820674228531733,7.611227000681176e-05,True,-0.008237288852114277,-0.008237288852114277
12,90,4246,2,2002-08-04,2014-08-04,0.10696656211957234,0.12031151999940275,0.10902002258446264,0.01684181642432958,0.009999341029638842,0.006842475394690739,True,0.010028031727690623,0.046426766402371866,0.009532831249118412,0.009103899849914665,-0.0008954411797241768,False,-0.007737916574414916,-0.007737916574414916
12,90,6369,3,2008-05-27,2020-05-27,0.10298283761404137,0.14389276114403174,0.11207513850637163,0.01155397676867076,0.005050542737085717,0.0065034340315850425,True,0.015089800716370672,0.045361592456341616,0.015555286269182123,0.004578095380333602,-0.0004724473567521148,False,-0.006975881388337157,-0.006975881388337157
12,90,8492,4,2014-03-20,2026-03-20,0.09331490217450611,0.16693285602218227,0.11005562868289642,0.02537191808089001,0.019527357224120356,0.005844560856769654,True,0.025269419085872658,0.0297368218479625,0.0076769845313755525,0.01989582479771146,0.0003684675735911025,True,-0.005476093283178551,-0.005476093283178551
12,120,0,0,1990-12-19,2002-12-19,0.34219981934135735,0.44201243421494957,0.3969334139563525,0.08549905245291911,0.06162128977770975,0.023877762675209357,True,0.04809541156187658,0.09901853745229705,0.060188388982187924,0.06335453027126636,0.0017332404935566093,True,-0.022144522181652748,-0.022144522181652748
12,120,2123,1,1996-10-11,2008-10-11,0.14617968521609925,0.21346366816206233,0.15257813077955462,0.030365566231248753,0.021043658669647636,0.009321907561601117,True,0.018839143788897283,0.06559276553594658,0.032155310698509965,0.020300517328864398,-0.0007431413407832377,False,-0.010065048902384355,-0.010065048902384355
12,120,4246,2,2002-08-04,2014-08-04,0.1358227175261444,0.1579043077863166,0.1269335427990428,0.018913917252299184,0.01045984143452272,0.008454075817776463,True,-0.0010552080970575028,0.03493544649222685,-0.009265206101590762,0.008066103508531874,-0.0023937379259908464,False,-0.01084781374376731,-0.01084781374376731
12,120,6369,3,2008-05-27,2020-05-27,0.12536120585052557,0.20234298968268574,0.14082156709371008,0.012372814313564406,0.004749382532499791,0.007623431781064616,True,0.01994851764571881,0.045991598373370156,0.01960802011796292,0.004109324926035773,-0.0006400576064640173,False,-0.008263489387528633,-0.008263489387528633
12,120,8492,4,2014-03-20,2026-03-20,0.11175562978659848,0.19115965244722413,0.12544407609462627,0.026495309506441966,0.019798713435907667,0.0066965960705343,True,0.03386985156877498,0.055540537798380286,0.03843733639082725,0.0203010816323701,0.0005023681964624327,True,-0.006194227874071867,-0.006194227874071867
15,15,0,0,1990-12-19,2005-12-19,0.05214884066542158,0.06488632849766408,0.05852783283655838,0.033055343834881734,0.029749264933548014,0.00330607890133372,True,0.0032545782082167296,0.001509991117059804,0.0015075230425876107,0.029783469476409863,3.420454286184871e-05,True,-0.0032718743584718712,-0.0032718743584718712
15,15,1849,1,1996-01-11,2011-01-11,0.03725180798453476,0.047877367561541644,0.039874242041672114,0.04237457467439887,0.040025822418303214,0.002348752256095654,True,0.001560036504847595,0.0009003933135688627,0.000848428003790147,0.039944210967315597,-8.161145098761757e-05,False,-0.0024303637070832718,-0.0024303637070832718
15,15,3698,2,2001-02-02,2016-02-03,0.030129180567978864,0.03533563195956957,0.028874932661521746,0.021912049973522585,0.020076862909452542,0.001835187064070043,True,0.0020086159170853435,0.0016304192454050903,0.0002123920901964116,0.020027237733477143,-4.9625175975398506e-05,False,-0.0018848122400454415,-0.0018848122400454415
15,15,5547,3,2006-02-25,2021-02-25,0.03289214874331914,0.04866986200620795,0.038242040253052334,0.02109547703662984,0.01908003826459259,0.002015438772037248,True,0.0014663799682208545,-0.00014542393729573164,-0.00068545849065893,0.01899368644378474,-8.635182080785064e-05,False,-0.0021017905928450986,-0.0021017905928450986
15,15,7396,4,2011-03-20,2026-03-20,0.023798236480543578,0.02796458194919308,0.024377626357739657,0.022205863400364123,0.020790316642763873,0.00141554675760025,True,0.0020533488889609153,0.0005675735901232054,-0.0004651734656113682,0.020743713190065627,-4.660345269824617e-05,False,-0.0014621502102984962,-0.0014621502102984962
15,30,0,0,1990-12-19,2005-12-19,0.09679892104236631,0.12006175797298568,0.11187378186050267,0.03517608287240104,0.029195447798891383,0.005980635073509655,True,0.0021004408360170146,-0.00017956960577175288,-0.0012820618945651452,0.02896348824603745,-0.0002319595528539331,False,-0.006212594626363588,-0.006212594626363588
15,30,1849,1,1996-01-11,2011-01-11,0.06196817015855238,0.0827300554836151,0.0670839383709474,0.04373610750202772,0.03994090297241537,0.0037952045296123504,True,0.005258695135180513,0.012469390180362586,0.0057568009344814985,0.03992464268199458,-1.6260290420788692e-05,False,-0.003811464820033139,-0.003811464820033139
15,30,3698,2,2001-02-02,2016-02-03,0.05112347183522714,0.058503746614886186,0.04946540191577786,0.023067751787437585,0.020043786364293048,0.0030239654231445368,True,0.0016533189053047348,0.0037080806977584607,-0.0020174311300615866,0.019783406896466182,-0.0002603794678268656,False,-0.0032843448909714024,-0.0032843448909714024
15,30,5547,3,2006-02-25,2021-02-25,0.05494477175152368,0.08516149667146371,0.06474815335225537,0.02220393762592865,0.01893646310080821,0.0032674745251204396,True,0.00203275879403364,0.004841634622152003,-0.0026204272577821097,0.01870214334425646,-0.00023431975655174853,False,-0.003501794281672188,-0.003501794281672188
15,30,7396,4,2011-03-20,2026-03-20,0.03883957123396109,0.04837366017444903,0.04037704560973454,0.023027214570388477,0.020804256165737556,0.002222958404650921,True,0.004888210501766688,0.00960473391535712,0.0005786013829141012,0.02076320389499009,-4.105227074746587e-05,False,-0.002264010675398387,-0.002264010675398387
15,45,0,0,1990-12-19,2005-12-19,0.13850575837335066,0.16991862602364777,0.15889771194182556,0.03699189034090189,0.0286275117346928,0.008364378606209089,True,0.02086174180757605,0.025509134274773006,0.01904371978408559,0.02947929690936002,0.0008517851746672189,True,-0.00751259343154187,-0.00751259343154187
15,45,1849,1,1996-01-11,2011-01-11,0.08096694500214197,0.1060201052839699,0.08327167429142346,0.044808999654189385,0.039970770701113656,0.004838228953075729,True,0.010253431416469283,0.026357975824125673,0.010872955445712984,0.0401074063571516,0.00013663565603794225,True,-0.004701593297037787,-0.004701593297037787
15,45,3698,2,2001-02-02,2016-02-03,0.06930671213902362,0.08289959140504233,0.06790625267041861,0.023979739408333423,0.019972948279098235,0.004006791129235188,True,0.0036152589120692635,0.01219319750773507,-0.0006326262246207914,0.01965856759931639,-0.0003143806797818449,False,-0.004321171809017033,-0.004321171809017033
15,45,5547,3,2006-02-25,2021-02-25,0.07102527079572352,0.11869538778706608,0.08889755104990593,0.02311001653751865,0.018998224765495175,0.0041117917720234765,True,0.0019012676640379755,0.009947128725278968,-0.004387207596261433,0.018568090483311872,-0.0004301342821833032,False,-0.00454192605420678,-0.00454192605420678
15,45,7396,4,2011-03-20,2026-03-20,0.05055641339392447,0.06064382684138257,0.05194863542337025,0.023718721949586907,0.02091790767059698,0.002800814278989927,True,0.009675297991851739,0.016310503413127068,0.0023937841175341035,0.02101309462111356,9.518695051657922e-05,True,-0.002705627328473348,-0.002705627328473348
15,60,0,0,1990-12-19,2005-12-19,0.18334904905417648,0.2305604293334417,0.2169870904284219,0.03847272907312882,0.027631816701490397,0.010840912371638423,True,0.013384566431507983,0.025022599672899142,0.01345052196525498,0.0277939627956314,0.00016214609414100245,True,-0.01067876627749742,-0.01067876627749742
15,60,1849,1,1996-01-11,2011-01-11,0.09886967118413215,0.13342822591074718,0.10507460461061613,0.04555081630758817,0.03975720561719953,0.00579361069038864,True,0.011271052776726354,0.040427211478884076,0.02127410823934972,0.03977654004628928,1.9334429089745697e-05,True,-0.005774276261298894,-0.005774276261298894
15,60,3698,2,2001-02-02,2016-02-03,0.08176493867561696,0.0899392599599407,0.07794963141401345,0.024783804307766166,0.02016911549193856,0.004614688815827606,True,-0.002044837427818025,0.010575371321320866,-0.006596991803803631,0.01928653989320872,-0.00088257559872984,False,-0.005497264414557446,-0.005497264414557446
15,60,5547,3,2006-02-25,2021-02-25,0.08468207809558237,0.1382921391907181,0.10446094215238122,0.02370420129681161,0.018912208939242392,0.004791992357569219,True,0.005751568737728974,0.020360636890965827,0.0010686824410486295,0.018559343422366537,-0.00035286551687585543,False,-0.005144857874445075,-0.005144857874445075
15,60,7396,4,2011-03-20,2026-03-20,0.0585497963485222,0.07696158595896621,0.05905264690679357,0.02403887647115943,0.020904860991730168,0.003134015479429264,True,0.012123398421690634,0.03374317233738802,0.004476718187537809,0.020981199055221555,7.633806349138794e-05,True,-0.003057677415937876,-0.003057677415937876
15,90,0,0,1990-12-19,2005-12-19,0.27098858157823646,0.3478628022546653,0.32260857644406604,0.04109205092795709,0.025711491601249747,0.015380559326707344,True,0.0267103766155945,0.037587375011116544,0.02791270250667477,0.02638390383203837,0.0006724122307886216,True,-0.014708147095918722,-0.014708147095918722
15,90,1849,1,1996-01-11,2011-01-11,0.13216323493359572,0.17113466607951763,0.13498775770038307,0.04687614781312277,0.039393706427405695,0.007482441385717076,True,0.027776169809450524,0.08583330352551226,0.05486214634430042,0.04014702777708945,0.0007533213496837554,True,-0.00672912003603332,-0.00672912003603332
15,90,3698,2,2001-02-02,2016-02-03,0.1137795846514913,0.12074573215108204,0.11104227528806787,0.026359088236955763,0.020132603575729435,0.006226484661226328,True,0.00791427731849148,0.03959013022609745,0.01435051050413616,0.01954446133036636,-0.0005881422453630769,False,-0.006814626906589405,-0.006814626906589405
15,90,5547,3,2006-02-25,2021-02-25,0.11962925265910118,0.20878370927141515,0.15301563997628786,0.02499980763730747,0.018426867265438407,0.006572940371869063,True,0.007871211808905265,0.03930743357298792,0.010965680062503536,0.017836915319492386,-0.0005899519459460212,False,-0.007162892317815084,-0.007162892317815084
15,90,7396,4,2011-03-20,2026-03-20,0.07802493293232793,0.09275570958668257,0.08072817479147254,0.025231321433484055,0.021233263104460498,0.003998058329023557,True,0.012530617317885184,0.025727584156746374,-0.003343347192738322,0.020955722733445592,-0.00027754037101490603,False,-0.004275598700038463,-0.004275598700038463
15,120,0,0,1990-12-19,2005-12-19,0.3171650967591164,0.41729256380706836,0.38103879896033455,0.04392680511482738,0.02643327918033389,0.017493525934493492,True,0.045696689636123056,0.08780777299757664,0.05531936618831845,0.027988024469851602,0.0015547452895177116,True,-0.01593878064497578,-0.01593878064497578
15,120,1849,1,1996-01-11,2011-01-11,0.16959397911090335,0.24842842928107092,0.1881540590892099,0.049064092046926744,0.03968763640532513,0.009376455641601611,True,0.04539032328161441,0.14914851017306402,0.10122220334347953,0.041242118489740465,0.0015544820844153318,True,-0.00782197355718628,-0.00782197355718628
15,120,3698,2,2001-02-02,2016-02-03,0.1289371377930566,0.1334086914076708,0.12311467094600426,0.026906004640989023,0.02012710434156717,0.006778900299421853,True,0.000717293103833283,0.0469234683502514,0.007689958144701414,0.01868141616134178,-0.0014456881802253907,False,-0.008224588479647243,-0.008224588479647243
15,120,5547,3,2006-02-25,2021-02-25,0.1448188088343234,0.2526559855618705,0.182185527685379,0.02625508310852287,0.018532389457416087,0.007722693651106782,True,0.01616122156069366,0.06777820639938843,0.027735336295850344,0.018128534017730402,-0.00040385543968568527,False,-0.008126549090792468,-0.008126549090792468
15,120,7396,4,2011-03-20,2026-03-20,0.09345717884970561,0.12852057732728212,0.1006915798887622,0.026031962833636957,0.021433723190340315,0.004598239643296642,True,0.01447630147117418,0.060365500307962415,0.016942009301114336,0.020915822302977505,-0.0005179008873628099,False,-0.005116140530659452,-0.005116140530659452
20,15,0,0,1990-12-19,2010-12-19,0.05028173776523048,0.06132451423841634,0.0563699502901569,0.06348472509987069,0.0609880810977772,0.0024966440020934844,True,0.0016572779287948869,0.0014743026773276315,0.0014755400996049328,0.06096642709216482,-2.165400561238151e-05,False,-0.002518298007705866,-0.002518298007705866
20,15,1392,1,1994-10-11,2014-10-11,0.03467481441126363,0.04798008392192794,0.03911373921109895,0.024361076251583347,0.022616445137705332,0.0017446311138780146,True,0.0014211805847608172,0.007371765262555425,0.0021977915141639937,0.022689072203247784,7.262706554245213e-05,True,-0.0016720040483355625,-0.0016720040483355625
20,15,2785,2,1998-08-04,2018-08-04,0.029545951071571652,0.03859078283123242,0.03237610389799117,0.016417180993407943,0.014938259659373898,0.0014789213340340446,True,0.00038112048073757343,-0.00032205909902382075,0.0003410486268297097,0.014957599494329621,1.933983495572278e-05,True,-0.0014595814990783218,-0.0014595814990783218
20,15,4177,3,2002-05-27,2022-05-27,0.027779238640337045,0.03294138901081601,0.02899575276738786,0.01664010823953621,0.015352378243396192,0.001287729996140019,True,0.001878137307649519,0.0012440673836091644,0.0006035189262887375,0.015343498672456546,-8.879570939646086e-06,False,-0.0012966095670796651,-0.0012966095670796651
20,15,5570,4,2006-03-20,2026-03-20,0.028180891122274065,0.04268915637697795,0.03340182862386887,0.01803075750822991,0.016721403173265648,0.0013093543349642633,True,0.0017325635636282755,0.0013945795843991603,0.00021274506530755133,0.01670512466037266,-1.627851289298654e-05,False,-0.0013256328478572499,-0.0013256328478572499
20,30,0,0,1990-12-19,2010-12-19,0.09261034244738275,0.11343503427927841,0.10600195151572489,0.0650497355416444,0.060560135759210265,0.004489599782434128,True,-0.0006572048085529136,-0.0003658648275488932,-0.0012145275919654974,0.060307460497383225,-0.00025267526182704003,False,-0.004742275044261168,-0.004742275044261168
20,30,1392,1,1994-10-11,2014-10-11,0.058302104879430106,0.07460921849521991,0.06283299610815463,0.025532539711495383,0.02284065881915409,0.002691880892341292,True,-0.0011347874508678135,0.004442647042148559,-0.0039025297689236904,0.022572559786826707,-0.00026809903232738463,False,-0.0029599799246686764,-0.0029599799246686764
20,30,2785,2,1998-08-04,2018-08-04,0.050363699722326905,0.061813038411194864,0.05205117519295133,0.01728728010199343,0.014999136498780041,0.0022881436032133884,True,0.004017851494433122,0.00759903530219127,0.005198136538516307,0.014994214082296287,-4.922416483754688e-06,False,-0.002293066019697143,-0.002293066019697143
20,30,4177,3,2002-05-27,2022-05-27,0.04745044101699358,0.054782629680302564,0.04994112030897768,0.017450598059773004,0.015303386693394705,0.002147211366378299,True,0.005228848981347012,0.009767781423099276,0.004419592645536818,0.015359658603420145,5.627191002544052e-05,True,-0.0020909394563528583,-0.0020909394563528583
20,30,5570,4,2006-03-20,2026-03-20,0.046122765438181945,0.07199238089130104,0.05547672214903909,0.018829697432247938,0.016744052179646474,0.0020856452526014646,True,0.000675405156239206,0.00036326530250032973,-0.00337104931266341,0.016569613957684304,-0.00017443822196216985,False,-0.0022600834745636345,-0.0022600834745636345
20,45,0,0,1990-12-19,2010-12-19,0.13147541336169888,0.16071803336946644,0.15082972888424795,0.0663544260183464,0.060113222391720234,0.006241203626626168,True,0.014621897357127267,0.02289560806102052,0.017322558279246225,0.06055667846017543,0.0004434560684551947,True,-0.005797747558170974,-0.005797747558170974
20,45,1392,1,1994-10-11,2014-10-11,0.08171504973517618,0.10915878455033749,0.08932574475397725,0.026119207164229552,0.02241117473956389,0.0037080324246656637,True,0.016205047528047523,0.04166834565121999,0.022627334390294296,0.02291855149240085,0.0005073767528369633,True,-0.0032006556718287005,-0.0032006556718287005
20,45,2785,2,1998-08-04,2018-08-04,0.06652034409237473,0.08464473170145839,0.06948551180961249,0.017919388569190176,0.014958735246557886,0.0029606533226322895,True,0.008420534492262544,0.02517942658705623,0.014661779388297047,0.015071996725442238,0.00011326147888435223,True,-0.0028473918437479373,-0.0028473918437479373
20,45,4177,3,2002-05-27,2022-05-27,0.060549856212982034,0.06827674151836109,0.06251350069811368,0.01801732928672961,0.015341753565166094,0.0026755757215635168,True,0.0024832442495388296,0.008867672878330046,0.0018434779818035096,0.015155267669362482,-0.00018648589580361197,False,-0.0028620616173671287,-0.0028620616173671287
20,45,5570,4,2006-03-20,2026-03-20,0.060241644984757814,0.09723353056441332,0.07183635429001023,0.019346411684395548,0.016682118009938574,0.0026642936744569745,True,0.0009014901811328357,0.0025794720618572374,-0.005887704043821884,0.016415132621261153,-0.00026698538867742094,False,-0.0029312790631343955,-0.0029312790631343955
20,60,0,0,1990-12-19,2010-12-19,0.17424760046182453,0.2170154135171095,0.20351538863383967,0.06767127713773413,0.05956448265704295,0.008106794480691182,True,0.006597197224183837,0.020556189871293113,0.009121805832647434,0.05947678500008102,-8.7697656961927e-05,False,-0.008194492137653109,-0.008194492137653109
20,60,1392,1,1994-10-11,2014-10-11,0.09135051424400009,0.11339880471102957,0.097952902725845,0.026970696430173913,0.02291212462024439,0.004058571809929523,True,0.003916421682269133,0.021302801104848033,0.0010033545664613897,0.02269108091370975,-0.00022104370653464045,False,-0.004279615516464164,-0.004279615516464164
20,60,2785,2,1998-08-04,2018-08-04,0.07894157459097095,0.10166180778804028,0.08304804111642872,0.018422952655511082,0.014978408932865284,0.0034445437226457987,True,0.009373304778117708,0.027602081123259542,0.01197338393785885,0.015034198718817837,5.578978595255357e-05,True,-0.003388753936693245,-0.003388753936693245
20,60,4177,3,2002-05-27,2022-05-27,0.07139856671366807,0.08158864595885024,0.07362983289281066,0.01865781450345705,0.015569129703889795,0.003088684799567254,True,-0.001066795897360806,0.00873168800215865,-0.007215744567103388,0.015097108226010958,-0.00047202147787883675,False,-0.0035607062774460907,-0.0035607062774460907
20,60,5570,4,2006-03-20,2026-03-20,0.07612477046868582,0.12427896486103096,0.09236459226981952,0.019951913525518172,0.016635541845313018,0.0033163716802051546,True,-0.0005299137147503075,0.007052239169537678,-0.009884080524667271,0.016190324868295303,-0.000445216977017715,False,-0.0037615886572228696,-0.0037615886572228696
20,90,0,0,1990-12-19,2010-12-19,0.2518663187983605,0.3250385039096508,0.3016871981249474,0.06922981331645484,0.057933429861783514,0.011296383454671322,True,0.016884072288674057,0.03251612728227375,0.023061400077554195,0.05817012943236821,0.00023669957058469748,True,-0.011059683884086624,-0.011059683884086624
20,90,1392,1,1994-10-11,2014-10-11,0.11662643057991251,0.153876434626015,0.12553430257929077,0.0275809013850854,0.02255524078900817,0.0050256605960772305,True,0.01082504933232431,0.053311018117459766,0.019609257774065636,0.02247837715325507,-7.68636357530994e-05,False,-0.00510252423183033,-0.00510252423183033
20,90,2785,2,1998-08-04,2018-08-04,0.10767428795466949,0.13677720021130838,0.11294747407446248,0.019475458108848764,0.014897881209620545,0.0045775768992282195,True,0.017021058523683408,0.06329162806428655,0.03063681241992655,0.015131758975796883,0.00023387776617633804,True,-0.0043436991330518815,-0.0043436991330518815
20,90,4177,3,2002-05-27,2022-05-27,0.10025291365759648,0.11525629717065528,0.10689096484397631,0.0193400483870505,0.015104849739048243,0.0042351986480022585,True,0.00489774884485783,0.02754581766728763,0.004221786430379737,0.014730127048806718,-0.0003747226902415246,False,-0.004609921338243783,-0.004609921338243783
20,90,5570,4,2006-03-20,2026-03-20,0.09738502551567385,0.15865642415067402,0.11970914464639404,0.02068172027713211,0.016573600107927744,0.004108120169204366,True,0.0024959833085747007,0.022046014835732854,0.00047947070988274554,0.01607675842131684,-0.0004968416866109049,False,-0.0046049618558152705,-0.0046049618558152705
20,120,0,0,1990-12-19,2010-12-19,0.29989378768605524,0.3887453449169317,0.35158388814980013,0.07174682728236492,0.05865458045682659,0.013092246825538334,True,0.03404136201597496,0.07470165425133081,0.04753524028832845,0.05955217665782353,0.0008975962009969418,True,-0.012194650624541392,-0.012194650624541392
20,120,1392,1,1994-10-11,2014-10-11,0.14795832332809877,0.19460780333412228,0.15637504021412352,0.029340644172727748,0.023107771553216194,0.006232872619511554,True,0.015964490993250147,0.06070852180524032,0.020095608410221732,0.023072423902478212,-3.5347650737982406e-05,False,-0.006268220270249536,-0.006268220270249536
20,120,2785,2,1998-08-04,2018-08-04,0.139897408389541,0.1778968639236938,0.1504305689781582,0.020475751959568633,0.014654043612903012,0.005821708346665622,True,0.014078849680034367,0.06997458142364041,0.021730559201880162,0.014524734818523566,-0.00012930879437944576,False,-0.005951017141045067,-0.005951017141045067
20,120,4177,3,2002-05-27,2022-05-27,0.11850731291112848,0.13455050259222728,0.12023795791028857,0.020081798662515027,0.015224258010621217,0.00485754065189381,True,0.010322139671671282,0.04619269744519209,0.011104842536101778,0.01490653890033422,-0.00031771911028699584,False,-0.005175259762180806,-0.005175259762180806
20,120,5570,4,2006-03-20,2026-03-20,0.12180286032279342,0.20866069030712003,0.1496494782963802,0.02201408079727396,0.016997724987112495,0.005016355810161466,True,0.00010107628768807331,0.03419479728217056,0.0004403915415933657,0.016162694319972637,-0.0008350306671398577,False,-0.0058513864773013236,-0.0058513864773013236
