horizon_years,contribution_interval_days,window_stride_days,window_number,start_date,end_date,final_relative_advantage_theoretical,mean_relative_advantage_theoretical,median_relative_advantage_theoretical,annual_return_btd_theoretical,annual_return_dca,annual_alpha_theoretical,theoretical_win,final_relative_advantage_implementable,mean_relative_advantage_implementable,median_relative_advantage_implementable,annual_return_btd_implementable,annual_alpha_implementable,implementable_win,implementable_minus_theoretical_annual_alpha,implementable_minus_theoretical_annual_return
1,15,0,0,1994-07-01,1995-07-01,0.0734563200429712,0.09710474517104807,0.046670766489514515,0.2564110573524012,0.2190774718263191,0.037333585526082125,True,0.03699459606103628,0.025815096373113824,0.0022043125707462696,0.2135909460053187,-0.005486525821000399,False,-0.04282011134708252,-0.04282011134708252
1,15,2785,1,2002-02-14,2003-02-14,0.06925876109270623,0.0944400268682484,0.06902792202678643,0.09648403957500862,0.06817027260247999,0.02831376697252863,True,0.03844106634309674,0.011013068698310025,-0.00014101940951050107,0.06486033982642248,-0.0033099327760575115,False,-0.03162369974858614,-0.03162369974858614
1,15,5570,2,2009-09-30,2010-09-30,0.06750234784386655,0.10459434902986335,0.03234591991911462,0.18546420971029476,0.15675420554002772,0.028710004170267034,True,0.03921790330519559,0.016447923887490556,0.003785635795876985,0.1540330325655126,-0.002721172974515129,False,-0.03143117714478216,-0.03143117714478216
1,15,8355,3,2017-05-16,2018-05-16,0.0857453252376339,0.11753873542744393,0.08703213863379222,0.20850345615518306,0.15940819929119665,0.049095256863986414,True,0.0441965981407586,0.0281908231191032,0.003988756387978132,0.16222602469073832,0.0028178253995416735,True,-0.04627743146444474,-0.04627743146444474
1,15,11141,4,2024-12-31,2025-12-31,0.07351477084602465,0.0850350736666117,0.07474427562217989,0.23322224256414126,0.19661139245659154,0.03661085010754972,True,0.03364857614454175,0.011094981194055178,-0.00025200306918876647,0.18739435115253245,-0.009217041304059093,False,-0.04582789141160881,-0.04582789141160881
1,30,0,0,1994-07-01,1995-07-01,0.136376617254244,0.24126199878776322,0.15911024440845734,0.2778105203115224,0.21796549520083897,0.05984502511068346,True,0.07895864389593776,0.13399591241569372,0.010492347043172812,0.21303028185229533,-0.004935213348543632,False,-0.06478023845922709,-0.06478023845922709
1,30,2785,1,2002-02-14,2003-02-14,0.1292363500764635,0.2386130268768863,0.1509504116439102,0.11293885715663499,0.06766797941395364,0.04527087774268135,True,0.08595233961071869,0.08928606897827837,0.011240965426013494,0.07025088404208946,0.002582904628135818,True,-0.04268797311454553,-0.04268797311454553
1,30,5570,2,2009-09-30,2010-09-30,0.12213850823760919,0.10121509203022779,0.03713192645745522,0.19634836481482187,0.15494906501343841,0.04139929980138346,True,0.07835596154475177,0.07326726359185659,0.007203617084836411,0.14963902879846214,-0.005310036214976277,False,-0.04670933601635974,-0.04670933601635974
1,30,8355,3,2017-05-16,2018-05-16,0.1561339644560411,0.2485348078932651,0.0876692462026647,0.22415942752039242,0.1470242012814409,0.07713522623895153,True,0.09062388544088296,0.07149274016519772,0.01693036136093018,0.15474868126565622,0.007724479984215327,True,-0.0694107462547362,-0.0694107462547362
1,30,11141,4,2024-12-31,2025-12-31,0.14650203733063583,0.24347459370866315,0.17508040067084774,0.2459343757381316,0.17724156055953832,0.06869281517859327,True,0.08287466983642111,0.11905696728457585,0.02332254904016029,0.17674279672576887,-0.0004987638337694555,False,-0.06919157901236273,-0.06919157901236273
1,45,0,0,1994-07-01,1995-07-01,0.19491728653505924,0.26700216645099256,0.1424896797479438,0.27464024024734046,0.19980973481865094,0.07483050542868952,True,0.1401835082119176,0.15315297652166274,0.03492937322576117,0.2160588923043436,0.016249157485692667,True,-0.05858134794299685,-0.05858134794299685
1,45,2785,1,2002-02-14,2003-02-14,0.18108446398807532,0.22947386067829975,0.14609368477447016,0.1223585035576229,0.06902705238735818,0.05333145117026472,True,0.12037048686012475,0.2182519604572153,0.12585801825866816,0.06462486787702826,-0.004402184510329921,False,-0.05773363568059464,-0.05773363568059464
1,45,5570,2,2009-09-30,2010-09-30,0.17969266215560875,0.25453656598731184,0.20394269704622725,0.2000539920579616,0.1443801328725618,0.0556738591853998,True,0.11745423399770005,0.24978334149194367,0.13602238829924285,0.13669913789985855,-0.007680994972703248,False,-0.06335485415810305,-0.06335485415810305
1,45,8355,3,2017-05-16,2018-05-16,0.21952487578512048,0.3025618930009036,0.24569516778389533,0.224302324717768,0.12934474250409655,0.09495758221367145,True,0.1796938034281521,0.29850648743601504,0.23513509810289568,0.18428827952825366,0.05494353702415711,True,-0.04001404518951435,-0.04001404518951435
1,45,11141,4,2024-12-31,2025-12-31,0.18881975028458609,0.23922044884696594,0.13936720148040693,0.2735057421814,0.20509422445433123,0.06841151772706877,True,0.11082484900623224,0.18271178063255858,0.023948539983891237,0.18989954108746043,-0.015194683366870798,False,-0.08360620109393957,-0.08360620109393957
1,60,0,0,1994-07-01,1995-07-01,0.2684420146364981,0.43228323376337024,0.35737337877449415,0.2781886102450686,0.17529361225783502,0.10289499798723356,True,0.2004100837101228,0.3341769991672756,0.24007636693132328,0.20940495770762446,0.03411134544978944,True,-0.06878365253744412,-0.06878365253744412
1,60,2785,1,2002-02-14,2003-02-14,0.2455552835856618,0.2801690157521165,0.274920392201236,0.12436453682771909,0.05310447289282538,0.0712600639348937,True,0.18244653242728615,0.3545599528502125,0.20092097815920207,0.06735816373631454,0.014253690843489153,True,-0.05700637309140455,-0.05700637309140455
1,60,5570,2,2009-09-30,2010-09-30,0.23421310595565248,0.17314663353322204,0.08667708167725952,0.2166715862069295,0.15004083037272453,0.06663075583420497,True,0.1403255943937951,0.22498084534469937,0.1403255943937951,0.12405755497841597,-0.025983275394308558,False,-0.09261403122851353,-0.09261403122851353
1,60,8355,3,2017-05-16,2018-05-16,0.24944531364069156,0.4122483429238378,0.3479423426335133,0.251197052249454,0.16824749640673553,0.08294955584271846,True,0.143568049554599,0.15982043228139986,0.17671987549336676,0.14510189631488424,-0.023145600091851293,False,-0.10609515593456975,-0.10609515593456975
1,60,11141,4,2024-12-31,2025-12-31,0.24877031521928594,0.38518673288083616,0.334426977781219,0.26356385432622553,0.18043257879547192,0.08313127553075361,True,0.18707052602173557,0.1756150855096845,0.06847905517909769,0.20109145365855174,0.020658874863079824,True,-0.06247240066767379,-0.06247240066767379
1,90,0,0,1994-07-01,1995-07-01,0.3544701169683486,0.5483538194823709,0.6245722866301824,0.2810424800104607,0.18190999963246113,0.0991324803779996,True,0.27534277872679036,0.4133512844812847,0.5335942685130384,0.20595542609846973,0.0240454264660086,True,-0.075087053911991,-0.075087053911991
1,90,2785,1,2002-02-14,2003-02-14,0.34028596850018555,0.2902515756821204,0.1046080695670093,0.134116765084344,0.05766849385481754,0.07644827122952647,True,0.26763063911408147,0.4731199768622341,0.3217907710813488,0.072596680577667,0.014928186722849457,True,-0.06152008450667701,-0.06152008450667701
1,90,5570,2,2009-09-30,2010-09-30,0.3177200255466297,0.298262193383358,0.4127465228171492,0.21221905863172918,0.14987936591752837,0.06233969271420081,True,0.20687508735276805,0.4386375765867238,0.4639662885395375,0.11018191091548979,-0.039697455002038584,False,-0.1020371477162394,-0.1020371477162394
1,90,8355,3,2017-05-16,2018-05-16,0.4227724225937155,0.6310459796177122,0.5498325708728102,0.24298502666665067,0.09194800899234101,0.15103701767430966,True,0.33089455711594185,0.6558947158946291,0.642274793891555,0.16266406541494716,0.07071605642260614,True,-0.08032096125170352,-0.08032096125170352
1,90,11141,4,2024-12-31,2025-12-31,0.3696467726513135,0.44249175441533817,0.4680317959765792,0.2764109592619952,0.1648359564975619,0.11157500276443333,True,0.2919898514567463,0.4683517568057297,0.4761999095580278,0.20399223372555797,0.039156277227996084,True,-0.07241872553643725,-0.07241872553643725
1,120,0,0,1994-07-01,1995-07-01,0.4879073334200028,0.6977801295002165,0.6952179204999398,0.2684350877061399,0.13623329250582183,0.13220179520031805,True,0.3828511662883902,0.46824627488455606,0.5625637463438251,0.17857872791269847,0.04234543540687663,True,-0.08985635979344142,-0.08985635979344142
1,120,2785,1,2002-02-14,2003-02-14,0.44028428709136636,0.6109737667025351,0.5963205626928341,0.11791209626067545,0.034844790151505656,0.08306730610916979,True,0.3723071544960175,0.615315962314679,0.49927488770204453,0.06511470051034451,0.03026991035883886,True,-0.05279739575033093,-0.05279739575033093
1,120,5570,2,2009-09-30,2010-09-30,0.4160248458965916,0.4052462986538312,0.5955913077891173,0.23301091166004517,0.1609590041570792,0.07205190750296597,True,0.2641951546895587,0.4203267505671394,0.38732007504504407,0.10071891678918066,-0.06024008736789854,False,-0.13229199487086452,-0.13229199487086452
1,120,8355,3,2017-05-16,2018-05-16,0.4353665227826389,0.38385356999896236,0.43536652278263865,0.274844363222416,0.18416210108331454,0.09068226213910147,True,0.3050779393102043,0.5122304632797313,0.4515085459769348,0.15905087173619137,-0.025111229347123176,False,-0.11579349148622464,-0.11579349148622464
1,120,11141,4,2024-12-31,2025-12-31,0.5011987435532641,0.647824214910043,0.7131458271447104,0.25645299456227755,0.11586464208930969,0.14058835247296786,True,0.4296154523741067,0.747801634844729,0.6295849136463019,0.19650013973527525,0.08063549764596556,True,-0.0599528548270023,-0.0599528548270023
2,15,0,0,1994-07-01,1996-06-30,0.05152495513443012,0.07313286096689962,0.05199975663952827,0.1641233768174386,0.14695017123085452,0.017173205586584084,True,0.019635292980044294,0.01628991535605045,0.003345418930394528,0.1462746375001791,-0.000675533730675415,False,-0.0178487393172595,-0.0178487393172595
2,15,2694,1,2001-11-15,2003-11-15,0.059348434950435625,0.10520746039798187,0.06249757252039001,0.1610174367141579,0.13967284796888113,0.021344588745276782,True,0.020941366695386376,0.007152542448571462,0.0020015893222761205,0.13973327544854697,6.0427479665836614e-05,True,-0.021284161265610946,-0.021284161265610946
2,15,5388,2,2009-04-01,2011-04-01,0.057351416061978355,0.08659541563814269,0.05735141606197858,0.07525565650558264,0.05651156169049498,0.018744094815087653,True,0.020405664260539025,0.028055297741754113,0.0021401551722417533,0.056290078850918635,-0.00022148283957634796,False,-0.018965577654664,-0.018965577654664
2,15,8082,3,2016-08-16,2018-08-16,0.05316065652410895,0.06135310717369903,0.03475117430890373,0.08983842829974442,0.07297002240561401,0.01686840589413041,True,0.019215464814770877,0.011196760538282762,-0.0005531359117408874,0.07211885420135666,-0.0008511682042573465,False,-0.017719574098387758,-0.017719574098387758
2,15,10776,4,2024-01-01,2025-12-31,0.057406541291013635,0.07348855898589868,0.05804436713346939,0.21256194150352625,0.1913932154800797,0.02116872602344655,True,0.019903301349950775,0.03258985859756795,0.004721815832335663,0.19085000966472498,-0.0005432058153547192,False,-0.02171193183880127,-0.02171193183880127
2,30,0,0,1994-07-01,1996-06-30,0.09035515856336684,0.1597840919365055,0.09740276608433218,0.17245471245265387,0.14588861400552133,0.026566098447132536,True,0.0474835772071458,0.08054437179976225,0.016879008999107104,0.14909460213249104,0.0032059881269697055,True,-0.02336011032016283,-0.02336011032016283
2,30,2694,1,2001-11-15,2003-11-15,0.10318293152396008,0.18839940641996658,0.12095079459062652,0.1681433919756088,0.13503992100364037,0.03310347097196842,True,0.04892265386228911,0.05662715421035615,0.02501360652669571,0.13899439566163618,0.00395447465799581,True,-0.029148996313972608,-0.029148996313972608
2,30,5388,2,2009-04-01,2011-04-01,0.101300651696965,0.14806453296502683,0.09522056706740956,0.081874592476191,0.05215585714504334,0.02971873533114766,True,0.04144747011858185,0.08123832611742127,0.010632968294917666,0.05204507361018185,-0.00011078353486149162,False,-0.029829518866009153,-0.029829518866009153
2,30,8082,3,2016-08-16,2018-08-16,0.09024694986151971,0.13398742436151023,0.05611436050896812,0.09962227260476708,0.07482730714022034,0.024794965464546737,True,0.0340335714475406,0.02157332766800354,-0.004414126555401521,0.07087932462658597,-0.003947982513634374,False,-0.02874294797818111,-0.02874294797818111
2,30,10776,4,2024-01-01,2025-12-31,0.1019868719167587,0.13556635864059777,0.10377951110240269,0.2192552526634315,0.18539321169712197,0.033862040966309515,True,0.04772862189484006,0.08949673088459549,0.019379879936320732,0.1888397548644849,0.0034465431673629254,True,-0.03041549779894659,-0.03041549779894659
2,45,0,0,1994-07-01,1996-06-30,0.13605716619912522,0.1959973430586959,0.1438704068036658,0.17341834005720647,0.13466414645701152,0.03875419360019494,True,0.08945699043546229,0.1178275266087681,0.09285577441473158,0.149017361682942,0.014353215225930471,True,-0.02440097837426447,-0.02440097837426447
2,45,2694,1,2001-11-15,2003-11-15,0.14855104356518223,0.25520146751003053,0.15890238381089117,0.17403866595614925,0.1291117415190539,0.04492692443709534,True,0.08651104627471917,0.14336930693095631,0.10988026200106993,0.14182490665455805,0.012713165135504134,True,-0.032213759301591205,-0.032213759301591205
2,45,5388,2,2009-04-01,2011-04-01,0.1366007181371045,0.2218325059844156,0.14522967366840867,0.09161163374963954,0.05540375432080702,0.03620787942883252,True,0.05055622902326773,0.08045783341884927,0.05497209024993599,0.04945092593527911,-0.0059528283855279085,False,-0.04216070781436043,-0.04216070781436043
2,45,8082,3,2016-08-16,2018-08-16,0.128927032584097,0.19702258962513486,0.1321417685960915,0.09927525697955808,0.06642168201017262,0.03285357496938546,True,0.08365995726272679,0.12456596773175989,0.09934465294266603,0.07699563433490852,0.010573952324735902,True,-0.022279622644649555,-0.022279622644649555
2,45,10776,4,2024-01-01,2025-12-31,0.12187957188108034,0.1328436484937587,0.07756111269522026,0.22370811366659327,0.19086107727702895,0.03284703638956432,True,0.05705530771460743,0.08125174305556622,0.014720934070741709,0.1878038344599422,-0.003057242817086747,False,-0.03590427920665107,-0.03590427920665107
2,60,0,0,1994-07-01,1996-06-30,0.1724658814322657,0.29827211438716755,0.20744672504185213,0.17500319508426876,0.1293044362389053,0.04569875884536345,True,0.12593336890018336,0.22295250608644993,0.14359669924230678,0.15137047245576318,0.022066036216857876,True,-0.023632722628505576,-0.023632722628505576
2,60,2694,1,2001-11-15,2003-11-15,0.18523167021499742,0.2971477864267611,0.20940895755228373,0.17418182722811215,0.12246967830084854,0.05171214892726361,True,0.14292558277275247,0.2990781638321065,0.1902745857744803,0.15299246112770004,0.030522782826851502,True,-0.02118936610041211,-0.02118936610041211
2,60,5388,2,2009-04-01,2011-04-01,0.1731806802990825,0.2546627156049623,0.15419398142502727,0.10026044788108512,0.05726109859782791,0.042999349283257216,True,0.060347834659868704,0.10954963330291051,0.06914655824313831,0.045977125407790975,-0.011283973190036933,False,-0.05428332247329415,-0.05428332247329415
2,60,8082,3,2016-08-16,2018-08-16,0.16320370324533462,0.18228784649156124,0.17009397360377454,0.10476733723919485,0.06613796981827069,0.038629367420924154,True,0.10760533761541846,0.18081868039613797,0.14732438160588246,0.07802336327483661,0.011885393456565918,True,-0.026743973964358236,-0.026743973964358236
2,60,10776,4,2024-01-01,2025-12-31,0.1673474450657173,0.1905024537695367,0.18033874439919928,0.22808107072312422,0.1830331465587649,0.04504792416435932,True,0.0897030823949887,0.14509216025862207,0.09977900053100619,0.18650841171594434,0.0034752651571794413,True,-0.04157265900717988,-0.04157265900717988
2,90,0,0,1994-07-01,1996-06-30,0.21638389117453216,0.37218785082490685,0.266858040579697,0.1763609406478941,0.13115804488881455,0.04520289575907954,True,0.16235185833397847,0.2818201344443145,0.23278905487802226,0.14984735563257878,0.01868931074376423,True,-0.02651358501531531,-0.02651358501531531
2,90,2694,1,2001-11-15,2003-11-15,0.253273426375217,0.4280417171978915,0.2808751579980382,0.1895362189809804,0.12689323419097742,0.06264298479000296,True,0.1759924199422993,0.382362196718239,0.27156545137147026,0.15220187596900114,0.02530864177802372,True,-0.03733434301197924,-0.03733434301197924
2,90,5388,2,2009-04-01,2011-04-01,0.2538066467260307,0.3820686410530091,0.2538066467260307,0.09955674133534176,0.04150773631698845,0.058049005018353306,True,0.13874060637480734,0.36428209751425517,0.2237691848260166,0.047853210378762556,0.0063454740617741034,True,-0.0517035309565792,-0.0517035309565792
2,90,8082,3,2016-08-16,2018-08-16,0.22833856120913532,0.32586402225871236,0.24672307026292462,0.10890886858868898,0.061206752345817295,0.047702116242871684,True,0.13808648850086058,0.30324480051772856,0.20804863076709323,0.06736534293439389,0.006158590588576596,True,-0.04154352565429509,-0.04154352565429509
2,90,10776,4,2024-01-01,2025-12-31,0.2341237444738431,0.28794516733385606,0.2500290667193721,0.2298641112082742,0.17419510725302878,0.05566900395524543,True,0.16875314033115263,0.28956139965761307,0.19695715793115087,0.19682616539208864,0.022631058139059856,True,-0.03303794581618558,-0.03303794581618558
2,120,0,0,1994-07-01,1996-06-30,0.30388243394351266,0.503907863606119,0.4098993242163529,0.17377508387777918,0.11008477322503851,0.06369031065274067,True,0.24423805108966956,0.3683579149059303,0.3328518139690362,0.14652226424719594,0.03643749102215743,True,-0.027252819630583236,-0.027252819630583236
2,120,2694,1,2001-11-15,2003-11-15,0.320442511066523,0.44989948075773994,0.39926010646911103,0.18836425721844607,0.11688357735298438,0.0714806798654617,True,0.25185842026974714,0.5246712447394885,0.36338210360706547,0.1570273043886119,0.04014372703562752,True,-0.031336952829834175,-0.031336952829834175
2,120,5388,2,2009-04-01,2011-04-01,0.310885912552477,0.2952614371952631,0.19011209171846954,0.10744961055625857,0.044714413262445296,0.06273519729381327,True,0.19650321468037135,0.4640895603674575,0.3016722566494232,0.05799808680468166,0.013283673542236363,True,-0.04945152375157691,-0.04945152375157691
2,120,8082,3,2016-08-16,2018-08-16,0.2745085183383382,0.4602391321746004,0.38613402778458583,0.11314428742029747,0.06497726389382175,0.04816702352647573,True,0.1906207695828004,0.3085767586819462,0.2531855979009272,0.07586230476080225,0.0108850408669805,True,-0.03728198265949523,-0.03728198265949523
2,120,10776,4,2024-01-01,2025-12-31,0.2952199757136369,0.40534700507374727,0.3255257977346402,0.23349529822434767,0.17064059279560184,0.06285470542874583,True,0.1965696304033091,0.31274307155509445,0.26460362850022934,0.18555835861648173,0.014917765820879891,True,-0.047936939607865936,-0.047936939607865936
3,15,0,0,1994-07-01,1997-07-01,0.04656231908390307,0.06251452612020632,0.046670766489514515,0.09303884190084832,0.08147853456455523,0.011560307336293096,True,0.014408748809514815,0.012738859086223839,0.004015811510333478,0.08173095136201236,0.0002524167974571334,True,-0.011307890538835963,-0.011307890538835963
3,15,2602,1,2001-08-15,2004-08-15,0.039860538588991856,0.08536788181565123,0.05161512146519076,0.13106472514017264,0.11640054787015397,0.014664177270018675,True,0.001780498495118632,0.005997662084415279,0.0019258534737225386,0.11706379775801334,0.000663249887859374,True,-0.0140009273821593,-0.0140009273821593
3,15,5205,2,2008-09-30,2011-10-01,0.05613699251142146,0.08855230929967849,0.056459673912307995,0.026352914940487082,0.012407891898144952,0.01394502304234213,True,0.011861633285179085,0.0020954669136509572,-0.0025277552245841495,0.011795550510893316,-0.0006123413872516359,False,-0.014557364429593767,-0.014557364429593767
3,15,7807,3,2015-11-15,2018-11-15,0.05337563025995773,0.07448852316129752,0.05618027295109973,0.061745407096504445,0.04823449762800003,0.013510909468504417,True,0.012781045322157736,0.009865095796779884,0.0011693370723491192,0.047917903429595565,-0.0003165941984044629,False,-0.01382750366690888,-0.01382750366690888
3,15,10410,4,2022-12-31,2025-12-31,0.04168452563365577,0.08836022063701564,0.05395275365326491,0.13210483254860805,0.11677354164806641,0.015331290900541639,True,0.0020078817438160534,0.010579935005093242,0.0026168306829719157,0.11752168692429077,0.0007481452762243546,True,-0.014583145624317284,-0.014583145624317284
3,30,0,0,1994-07-01,1997-07-01,0.08118610926496483,0.12864115791764588,0.06497681993062043,0.10031552951300249,0.08189514187475466,0.018420387638247826,True,0.032520151468052205,0.060622162897026585,0.01572151019288137,0.08355623712255977,0.001661095247805111,True,-0.016759292390442715,-0.016759292390442715
3,30,2602,1,2001-08-15,2004-08-15,0.08877086514437416,0.1598847383482075,0.10064267562397089,0.1370043548254407,0.11532907059319086,0.021675284232249847,True,0.030508807902327018,0.034583052578259506,0.010405754334452677,0.1163176674480022,0.000988596854811341,True,-0.020686687377438506,-0.020686687377438506
3,30,5205,2,2008-09-30,2011-10-01,0.09507971478898458,0.14450332996422988,0.08903854685717749,0.032620384137636904,0.01100251138988706,0.021617872747749844,True,0.025211169772114905,0.044759741810932334,0.004426342173480036,0.010159661176129875,-0.0008428502137571847,False,-0.02246072296150703,-0.02246072296150703
3,30,7807,3,2015-11-15,2018-11-15,0.09622353463385624,0.15079154315786245,0.10016560833689647,0.06876710579160616,0.04602818493540406,0.022738920856202105,True,0.03731122549229404,0.07269517181345503,0.032296125955524335,0.0492546927880575,0.0032265078526534374,True,-0.019512413003548668,-0.019512413003548668
3,30,10410,4,2022-12-31,2025-12-31,0.09132217051810398,0.15884169361290262,0.10263998394512464,0.13795507141362506,0.11538972269907433,0.022565348714550737,True,0.03374788792092809,0.05267406911461259,0.018636301589577298,0.11754868133671881,0.0021589586376444814,True,-0.020406390076906256,-0.020406390076906256
3,45,0,0,1994-07-01,1997-07-01,0.11631435976846372,0.1629900971465329,0.11688879425309162,0.10149290156633661,0.0763778199378422,0.025115081628494407,True,0.05931162321901162,0.09565720203183768,0.0595856946322717,0.08242008487534025,0.006042264937498043,True,-0.019072816690996364,-0.019072816690996364
3,45,2602,1,2001-08-15,2004-08-15,0.1225607963654527,0.22212850479656507,0.13674121232284064,0.14022810372587813,0.11210908104647377,0.02811902267940436,True,0.05085562036200142,0.08127400473014669,0.04495267876384479,0.11537485359628752,0.00326577254981375,True,-0.02485325012959061,-0.02485325012959061
3,45,5205,2,2008-09-30,2011-10-01,0.11806132241682454,0.1566481438973005,0.1214295901472422,0.0392374468192227,0.014990905034652169,0.02424654178457053,True,0.037946736043946716,0.08741112725785573,0.04491360188840332,0.013780413250650936,-0.001210491784001233,False,-0.025457033568571763,-0.025457033568571763
3,45,7807,3,2015-11-15,2018-11-15,0.1234055359861912,0.2085714091593182,0.1318885293183003,0.07320586431445797,0.04650092331374256,0.02670494100071541,True,0.046259117966009455,0.044452529560052925,0.049692434071176184,0.0480376427743463,0.0015367194606037415,True,-0.025168221540111668,-0.025168221540111668
3,45,10410,4,2022-12-31,2025-12-31,0.10864161126581018,0.18954193634241404,0.11383307945733856,0.1408974971920376,0.11740701804779419,0.023490479144243404,True,0.037111878558566014,0.08131761662590697,0.02369969744708622,0.11577337458796655,-0.0016336434598276384,False,-0.025124122604071042,-0.025124122604071042
3,60,0,0,1994-07-01,1997-07-01,0.14931665196937338,0.23822522602542412,0.15355687467768853,0.1046389700866397,0.07375113561771851,0.030887834468921183,True,0.08607370394039093,0.17473482362180284,0.10477418331475064,0.08399870306673929,0.010247567449020778,True,-0.020640267019900405,-0.020640267019900405
3,60,2602,1,2001-08-15,2004-08-15,0.15404538587146566,0.259978862905489,0.17975544746789485,0.14681629196884605,0.11316428893385888,0.033652003034987166,True,0.05705891093364124,0.09978523367618955,0.06173261287355958,0.11369335124899838,0.0005290623151394946,True,-0.03312294071984767,-0.03312294071984767
3,60,5205,2,2008-09-30,2011-10-01,0.16301731780810602,0.228935001812065,0.1651471743232351,0.045388473167323085,0.012122467207552168,0.03326600595977092,True,0.04892384817513418,0.16747460513086831,0.059308891375702055,0.009996948862911026,-0.002125518344641142,False,-0.03539152430441206,-0.03539152430441206
3,60,7807,3,2015-11-15,2018-11-15,0.16507134178682015,0.28915364780799896,0.2022505941031445,0.08118710225447323,0.046165981036064174,0.03502112121840906,True,0.0585401112820485,0.1195567044396356,0.06562649487310224,0.04715173053751154,0.0009857495014473638,True,-0.03403537171696169,-0.03403537171696169
3,60,10410,4,2022-12-31,2025-12-31,0.15860614164428544,0.2761332593327415,0.18107836660072874,0.14698781683203155,0.11186567684249682,0.03512213998953473,True,0.06682909877771226,0.16183151184924474,0.09288345245494978,0.11581630414876343,0.0039506273062666075,True,-0.03117151268326812,-0.03117151268326812
3,90,0,0,1994-07-01,1997-07-01,0.18432809360904567,0.295245625303708,0.1992670468333173,0.10682627647345067,0.07443239902312149,0.03239387745032918,True,0.11745888266328564,0.22366143567576743,0.16184922341077068,0.08559513134988528,0.011162732326763791,True,-0.021231145123565387,-0.021231145123565387
3,90,2602,1,2001-08-15,2004-08-15,0.21471772831515223,0.38186333121202826,0.24068125885378078,0.15260468157471374,0.10938626240041427,0.04321841917429947,True,0.10674149568320002,0.25155222042681935,0.18003247601278627,0.11733249608267626,0.007946233682261994,True,-0.03527218549203748,-0.03527218549203748
3,90,5205,2,2008-09-30,2011-10-01,0.19534598092908984,0.23894771177291108,0.20953935687416858,0.048173840145331326,0.014331051646271575,0.03384278849905975,True,0.06934601640478899,0.19099197715154106,0.10439403530071867,0.009943663491070787,-0.004387388155200789,False,-0.03823017665426054,-0.03823017665426054
3,90,7807,3,2015-11-15,2018-11-15,0.24385621289957538,0.41772365494487673,0.2861884413670739,0.08469601054901488,0.03583755166353275,0.048858458885482126,True,0.12940966945788213,0.2891349191473371,0.20505159019667607,0.05032953926380146,0.014491987600268708,True,-0.03436647128521342,-0.03436647128521342
3,90,10410,4,2022-12-31,2025-12-31,0.2029661766699331,0.3506921524853016,0.22652220688822866,0.15028002062154888,0.11074802556724661,0.03953199505430227,True,0.10390876347141575,0.18037442493352884,0.1389820258402794,0.11774722010535732,0.006999194538110709,True,-0.03253280051619156,-0.03253280051619156
3,120,0,0,1994-07-01,1997-07-01,0.24276451049772563,0.4018293155603111,0.2791313298879725,0.1086145009991053,0.06800626900902662,0.04060823199007868,True,0.1601268048863944,0.2965853795495602,0.24354227454878175,0.08348199826704383,0.015475729258017212,True,-0.025132502732061468,-0.025132502732061468
3,120,2602,1,2001-08-15,2004-08-15,0.2631563477846215,0.43345203317382003,0.30958198554100114,0.15776491083099953,0.1092364796402776,0.04852843119072192,True,0.11873306427487496,0.2198595944236039,0.1647298266483641,0.11177111921021088,0.0025346395699332724,True,-0.04599379162078865,-0.04599379162078865
3,120,5205,2,2008-09-30,2011-10-01,0.26686721064323926,0.3523997325230773,0.29525154108191765,0.05698175577398579,0.011726863855303638,0.04525489191868215,True,0.09379269648070276,0.30937884928875403,0.13289589660740342,0.006439253563182534,-0.005287610292121103,False,-0.05054250221080325,-0.05054250221080325
3,120,7807,3,2015-11-15,2018-11-15,0.31141100926339327,0.48237139641434956,0.42003622183426925,0.08753648973658668,0.029043242965013816,0.05849324677157286,True,0.17541571834981284,0.4572888014328917,0.3076203349495634,0.048537269250152004,0.01949402628513819,True,-0.03899922048643467,-0.03899922048643467
3,120,10410,4,2022-12-31,2025-12-31,0.25665111354076964,0.3167975275304,0.2994357079271308,0.1579256408128873,0.11130454448003868,0.04662109633284861,True,0.11640774000084297,0.2898056692431922,0.17454938772691797,0.11307041877576385,0.0017658742957251672,True,-0.04485522203712344,-0.04485522203712344
4,15,0,0,1994-07-01,1998-07-01,0.046159307944164896,0.05730795085344715,0.04551799404625578,0.10268813474598626,0.09311745939671923,0.009570675349267033,True,0.011959517784526863,0.011211176347755997,0.004322450918730514,0.09356356082584205,0.0004461014291228249,True,-0.009124573920144208,-0.009124573920144208
4,15,2511,1,2001-05-16,2005-05-16,0.044309755007318596,0.056636615625604805,0.04381157836409444,0.21889520627770875,0.20885057301632304,0.010044633261385716,True,0.003188337802889629,0.003920783154282637,-0.0009118869485397196,0.2067148410445887,-0.0021357319717343337,False,-0.01218036523312005,-0.01218036523312005
4,15,5022,2,2008-03-31,2012-03-31,0.05111036539990055,0.07759053158485227,0.053197487533431786,0.09654008188795227,0.08573308623703046,0.010806995650921802,True,0.003664518337736622,-0.000960066208128138,-0.003938235010793267,0.08394223677796187,-0.0017908494590685997,False,-0.012597845109990402,-0.012597845109990402
4,15,7533,3,2015-02-14,2019-02-14,0.050354170737502146,0.07348582545285282,0.05417870362824062,0.1419644419623518,0.1309058230079494,0.01105861895440241,True,0.008014131930382362,0.014686948918253404,0.002357065941263503,0.13026211699402612,-0.0006437060139232731,False,-0.011702324968325684,-0.011702324968325684
4,15,10045,4,2021-12-31,2025-12-31,0.04679166307289262,0.06611602832072477,0.04656843407721767,0.11518610494961812,0.10533996074369711,0.009846144205921004,True,0.011478022142584088,0.018740738677141537,0.005728298803972631,0.10565949140762876,0.0003195306639316442,True,-0.00952661354198936,-0.00952661354198936
4,30,0,0,1994-07-01,1998-07-01,0.0763605637598177,0.11379160726218873,0.07520406515606726,0.1081457546737552,0.09356890619685121,0.014576848476903992,True,0.026303865280860705,0.05022765245859551,0.01572151019288137,0.09503104961172215,0.0014621434148709422,True,-0.01311470506203305,-0.01311470506203305
4,30,2511,1,2001-05-16,2005-05-16,0.07989694472220377,0.12213714328289907,0.08415896221569508,0.2258053157554143,0.20868917587431235,0.017116139881101944,True,0.00888719414445549,0.012242582816397698,0.0004683007006367479,0.20513742818812508,-0.0035517476861872677,False,-0.02066788756728921,-0.02066788756728921
4,30,5022,2,2008-03-31,2012-03-31,0.08228523627305284,0.13829674824674412,0.09529453074561456,0.10238784517184163,0.08638396335295151,0.01600388181889012,True,0.004413431473760054,0.009489877379920133,-0.008695117112347939,0.08198579104072912,-0.004398172312222393,False,-0.020402054131112513,-0.020402054131112513
4,30,7533,3,2015-02-14,2019-02-14,0.09267314973353558,0.14462494397032571,0.10351537745125494,0.14904183480293143,0.12964468159849596,0.01939715320443547,True,0.027452658834926202,0.04172674403141192,0.01951189664977626,0.13147397280048057,0.0018292912019846064,True,-0.017567862002450862,-0.017567862002450862
4,30,10045,4,2021-12-31,2025-12-31,0.07654267193580488,0.1103913198613037,0.07260417238850558,0.12074340756381208,0.105954070360188,0.014789337203624076,True,0.023098871129732634,0.038835012642246265,0.011325929627977072,0.10656717196079057,0.0006131016006025725,True,-0.014176235603021503,-0.014176235603021503
4,45,0,0,1994-07-01,1998-07-01,0.11002124082912501,0.14683396838965213,0.11002124082912523,0.11014353497690776,0.0899016302214084,0.020241904755499363,True,0.04439057508473487,0.08117843697295941,0.04589653223486523,0.09335714602238232,0.0034555158009739184,True,-0.016786388954525444,-0.016786388954525444
4,45,2511,1,2001-05-16,2005-05-16,0.10568335273010687,0.15076592394179406,0.10868484017136004,0.22812000370964736,0.20690782462233637,0.02121217908731099,True,0.014323332278195489,0.038504599767364554,0.008287885412202156,0.2019245789066093,-0.004983245715727058,False,-0.026195424803038048,-0.026195424803038048
4,45,5022,2,2008-03-31,2012-03-31,0.1091911370618941,0.15617625223360904,0.12015230555594592,0.10751313639376803,0.08750900219833935,0.02000413419542868,True,0.011227140782371636,0.02825469240862137,-0.011048491879382838,0.08218769504114909,-0.005321307157190258,False,-0.025325441352618938,-0.025325441352618938
4,45,7533,3,2015-02-14,2019-02-14,0.12404612434966711,0.20348418658691583,0.1501716604227279,0.15279958305625696,0.12819960692354337,0.024599976132713586,True,0.049859185999975075,0.12536654270935102,0.06326521466265334,0.13326213609293647,0.005062529169393093,True,-0.019537446963320493,-0.019537446963320493
4,45,10045,4,2021-12-31,2025-12-31,0.09758313276715636,0.14434125185677896,0.09871497394654871,0.12202274959269288,0.10467187466425254,0.01735087492844034,True,0.02563198062345129,0.05519252295117813,0.014427244687644558,0.103164289957558,-0.0015075847066945425,False,-0.018858459635134883,-0.018858459635134883
4,60,0,0,1994-07-01,1998-07-01,0.13654851090603848,0.21012438033761205,0.14286463980473063,0.11240148344084622,0.08842060976863397,0.023980873672212244,True,0.06754002700671125,0.1461097330602863,0.0844559972854082,0.09511721731841472,0.006696607549780742,True,-0.017284266122431502,-0.017284266122431502
4,60,2511,1,2001-05-16,2005-05-16,0.14131082781564186,0.22224065546919866,0.15170959788683258,0.22956298346319315,0.2017994126403826,0.027763570822810557,True,0.06428271999218604,0.14105845678962536,0.08541658349952086,0.20827015533277793,0.006470742692395337,True,-0.02129282813041522,-0.02129282813041522
4,60,5022,2,2008-03-31,2012-03-31,0.14189741471323525,0.22570291628069422,0.16540412680766137,0.11081057905169267,0.08557190377957857,0.025238675272114097,True,0.02311949276576608,0.10502570260959193,0.042199424429819166,0.08070374538558811,-0.004868158393990463,False,-0.03010683366610456,-0.03010683366610456
4,60,7533,3,2015-02-14,2019-02-14,0.16279974554953802,0.2631616154402436,0.18679383650132886,0.154975574782392,0.12360169777471652,0.031373877007675466,True,0.07928801733940971,0.13422918352102758,0.09106311854678983,0.133626042765024,0.010024344990307466,True,-0.021349532017368,-0.021349532017368
4,60,10045,4,2021-12-31,2025-12-31,0.11938225546205539,0.1379520094733715,0.09017972418730835,0.1252169765866189,0.1051567055439131,0.020060271042705802,True,0.04495130132702885,0.11194532747654053,0.05843902711657423,0.10602688590279596,0.000870180358882866,True,-0.019190090683822936,-0.019190090683822936
4,90,0,0,1994-07-01,1998-07-01,0.1745521620135635,0.25747369373740897,0.17859090841558123,0.11461703294666092,0.08702575237967691,0.02759128056698401,True,0.09312905570593455,0.18887990153897144,0.12231609513825537,0.09477647815291013,0.0077507257732332135,True,-0.019840554793750798,-0.019840554793750798
4,90,2511,1,2001-05-16,2005-05-16,0.17788485788132946,0.2846879761351576,0.1886827110120921,0.23738613534536257,0.20590131989733096,0.03148481544803161,True,0.0448752387394018,0.09166072438066544,0.07996668738433166,0.20086903147242507,-0.005032288424905884,False,-0.036517103872937495,-0.036517103872937495
4,90,5022,2,2008-03-31,2012-03-31,0.16016395668293915,0.2528941533935151,0.17135448067134829,0.11397877245370158,0.08973968824790424,0.024239084205797345,True,0.01411024415625084,0.0599007333026076,0.03656604345113923,0.07710578772418542,-0.012633900523718822,False,-0.03687298472951617,-0.03687298472951617
4,90,7533,3,2015-02-14,2019-02-14,0.24284646787596387,0.41075921494424944,0.3048700844019925,0.16137185336763227,0.11667251412481283,0.044699339242819436,True,0.12391885160509797,0.2892141381371853,0.1816603261729366,0.13249343918260093,0.015820925057788093,True,-0.028878414185031342,-0.028878414185031342
4,90,10045,4,2021-12-31,2025-12-31,0.17296577569728933,0.26793418482269415,0.1808533736523319,0.1276927246252475,0.10014943001242083,0.027543294612826674,True,0.07883604897800467,0.19185039846194424,0.09365477475868889,0.10435399320081085,0.00420456318839002,True,-0.023338731424436654,-0.023338731424436654
4,120,0,0,1994-07-01,1998-07-01,0.2121043334713959,0.3464279527035696,0.25390064901117193,0.11617777507426008,0.08527274462457979,0.030905030449680293,True,0.1148385278694517,0.24940863894068863,0.17066702166225522,0.09307852494227808,0.0078057803176982965,True,-0.023099250131981997,-0.023099250131981997
4,120,2511,1,2001-05-16,2005-05-16,0.2556308532385818,0.3972681258111003,0.2819702860340796,0.2353640531969936,0.19061127764431718,0.04475277555267643,True,0.13557661872729265,0.2474022077802988,0.20595753168563236,0.20471294183818056,0.014101664193863384,True,-0.030651111358813043,-0.030651111358813043
4,120,5022,2,2008-03-31,2012-03-31,0.2080947155425299,0.2796791568028507,0.2176438543654856,0.11395871854511408,0.08399248490423816,0.029966233640875917,True,0.05753552103784387,0.21058053661830828,0.117379522576891,0.07747621834966645,-0.006516266554571715,False,-0.03648250019544763,-0.03648250019544763
4,120,7533,3,2015-02-14,2019-02-14,0.2927453783347891,0.45927997271917853,0.3431268096370066,0.16483090479195806,0.1144199040465328,0.05041100074542526,True,0.20118194712511617,0.41305788188489034,0.28945888842755174,0.1436046214091682,0.029184717362635393,True,-0.021226283382789868,-0.021226283382789868
4,120,10045,4,2021-12-31,2025-12-31,0.21239556380116764,0.23084086750430657,0.14142513613737306,0.1312432355409523,0.09985500942947723,0.03138822611147507,True,0.1025555376341889,0.2392914166476635,0.13971164152217352,0.10470171784077409,0.004846708411296863,True,-0.026541517700178208,-0.026541517700178208
5,15,0,0,1994-07-01,1999-07-01,0.04495815091412503,0.054166766284623726,0.04217333604588003,0.06464267939935398,0.057057372513760196,0.007585306885593779,True,0.01142427550440872,0.010186259394392985,0.00461114163645493,0.0577191792351639,0.0006618067214037016,True,-0.006923500164190077,-0.006923500164190077
5,15,2420,1,2001-02-14,2006-02-14,0.04070306594295414,0.04740293003211523,0.040874312217505926,0.2649491321157855,0.2569621784419327,0.007986953673852826,True,-0.0009782124708064277,0.0033053829258232388,-0.002983980013299803,0.25464887199186315,-0.002313306450069552,False,-0.010300260123922378,-0.010300260123922378
5,15,4840,2,2007-10-01,2012-09-30,0.04779863848978927,0.0683062595886268,0.04836126342251812,0.11411282530895117,0.10556524843099857,0.0085475768779526,True,0.005387009755559502,0.014235648413998608,0.0024345664194822536,0.104932720456832,-0.0006325279741665746,False,-0.009180104852119175,-0.009180104852119175
5,15,7260,3,2014-05-17,2019-05-17,0.05194643296888968,0.06838889272681929,0.054482931991379546,0.2128813681820616,0.20262422405878433,0.010257144123277273,True,0.002811237978318948,0.003716056512576824,-0.0012879053289245324,0.20131890828197707,-0.0013053157768072587,False,-0.011562459900084532,-0.011562459900084532
5,15,9680,4,2020-12-31,2025-12-31,0.04260418991822612,0.05626131089871436,0.038779578547974536,0.09175124476551355,0.08446189416615435,0.007289350599359201,True,0.007575934863749634,0.007727043858321193,0.001708792606134546,0.08431372101494716,-0.0001481731512071871,False,-0.007437523750566388,-0.007437523750566388
5,30,0,0,1994-07-01,1999-07-01,0.07433411402225132,0.10402591268745308,0.0648253566917878,0.06882149024649298,0.057090974723708054,0.011730515522784923,True,0.025081939342570303,0.0436908417643596,0.01546749601469144,0.05883542379216489,0.0017444490684568326,True,-0.00998606645432809,-0.00998606645432809
5,30,2420,1,2001-02-14,2006-02-14,0.07279128488102282,0.09023698975373037,0.07424265408025588,0.27041859624751785,0.2568367552958313,0.013581840951686575,True,0.002385703041190901,0.021615106546945727,-0.0016761533123550443,0.2532853422930901,-0.0035514130027411994,False,-0.017133253954427774,-0.017133253954427774
5,30,4840,2,2007-10-01,2012-09-30,0.07520791019420558,0.10414755494343168,0.07660912607711956,0.11892689640987619,0.10645292619399971,0.012473970215876484,True,0.006989142973821139,0.022778868966382287,-0.00044548499711183354,0.10433581626900246,-0.0021171099249972514,False,-0.014591080140873736,-0.014591080140873736
5,30,7260,3,2014-05-17,2019-05-17,0.09176646968724378,0.13357481420767653,0.09884142056210843,0.2187055428365412,0.20143676302570812,0.01726877981083308,True,0.02053005600559832,0.03226967978923132,0.016768928125849736,0.20234960850083294,0.0009128454751248238,True,-0.016355934335708255,-0.016355934335708255
5,30,9680,4,2020-12-31,2025-12-31,0.06774345602969456,0.10067109755196349,0.06728698004884959,0.09576648797901433,0.0850750175257724,0.010691470453241925,True,0.007958115398408516,0.03496975882614568,-0.0031243841559721597,0.08320945569742233,-0.0018655618283500708,False,-0.012557032281591995,-0.012557032281591995
5,45,0,0,1994-07-01,1999-07-01,0.10434065162075856,0.1369943142098499,0.10503822258307549,0.0709796921846495,0.055126450931999305,0.015853241252650196,True,0.038128189119857714,0.07114739927143855,0.04006883129082195,0.05781588768490109,0.002689436752901786,True,-0.01316380449974841,-0.01316380449974841
5,45,2420,1,2001-02-14,2006-02-14,0.09323273270905741,0.13330923793892707,0.0968639458908871,0.27276982516078774,0.2564677671589415,0.016302058001846254,True,0.0012744052030271291,0.03506803287839836,0.000310527708881958,0.2505956774679905,-0.005872089690950988,False,-0.02217414769279724,-0.02217414769279724
5,45,4840,2,2007-10-01,2012-09-30,0.10539374373075505,0.15713033319865816,0.10863139312268233,0.12255003052399727,0.10570427378188052,0.016845756742116746,True,0.015740108702072098,0.059326966026018044,0.015332311138881227,0.1036967486508027,-0.0020075251310778253,False,-0.01885328187319457,-0.01885328187319457
5,45,7260,3,2014-05-17,2019-05-17,0.12274106401319584,0.17329081768418003,0.138305824386171,0.22143848795434096,0.19936312875989204,0.022075359194448918,True,0.03505128659990131,0.06578804398949957,0.037905744134378416,0.20170907222736312,0.002345943467471079,True,-0.01972941572697784,-0.01972941572697784
5,45,9680,4,2020-12-31,2025-12-31,0.09266103687015081,0.12433292204740844,0.09320818265554576,0.09826640861598235,0.08431289375966178,0.01395351485632057,True,0.011775698719963978,0.05102721403554642,0.01706979874010295,0.08150004886558992,-0.002812844894071853,False,-0.016766359750392423,-0.016766359750392423
5,60,0,0,1994-07-01,1999-07-01,0.127745466357291,0.19117746608470546,0.130736216072309,0.0724717289989385,0.053878835454427065,0.018592893544511435,True,0.06010570254245562,0.1267516002993912,0.07030056772108007,0.0592847825905638,0.005405947136136735,True,-0.0131869464083747,-0.0131869464083747
5,60,2420,1,2001-02-14,2006-02-14,0.11171881356749891,0.1338027518870837,0.11502545711622214,0.2760822779230183,0.25755475746398115,0.01852752045903716,True,-0.0017768324967997184,0.02878409426435407,-0.011724517745960394,0.2488892709356172,-0.008665486528363964,False,-0.027193006987401125,-0.027193006987401125
5,60,4840,2,2007-10-01,2012-09-30,0.12231846796913648,0.18423626605308338,0.12783851532692925,0.12490054479381851,0.10644579382558206,0.018454750968236455,True,0.014198534122934703,0.05523920841401077,0.01552334842573977,0.10231228454002927,-0.004133509285552783,False,-0.02258826025378924,-0.02258826025378924
5,60,7260,3,2014-05-17,2019-05-17,0.17123046590674096,0.25524081514400787,0.19956411519965056,0.22336850739665715,0.19306331130058973,0.03030519609606741,True,0.06515441078428919,0.09846054997099822,0.0772363477953999,0.20033139828950408,0.007268086988914346,True,-0.023037109107153064,-0.023037109107153064
5,60,9680,4,2020-12-31,2025-12-31,0.11046843878058543,0.15584413792379187,0.09276994259531501,0.10001795723152562,0.08429077432148935,0.015727182910036275,True,0.030317050627585385,0.09648633430080074,0.037146582466719424,0.08365694186541694,-0.0006338324560724029,False,-0.016361015366108678,-0.016361015366108678
5,90,0,0,1994-07-01,1999-07-01,0.16453198771902366,0.23375615250023465,0.16753052657084688,0.07507170051942769,0.05303734691787798,0.022034353601549705,True,0.08456474758617549,0.16626779770540925,0.0986371116461997,0.059881706401568646,0.006844359483690665,True,-0.01518999411785904,-0.01518999411785904
5,90,2420,1,2001-02-14,2006-02-14,0.1580126867447451,0.20966611451237135,0.16808191855623322,0.27949295088177406,0.25467697881643225,0.024815972065341807,True,0.022177471842129926,0.08559737872707845,0.036724950742302864,0.24795524698207072,-0.006721731834361533,False,-0.03153770389970334,-0.03153770389970334
5,90,4840,2,2007-10-01,2012-09-30,0.15359909038478725,0.2205613369939104,0.16174113940702584,0.1283655594597073,0.10730336266065099,0.0210621967990563,True,0.016364488463696425,0.07937637652068551,0.02561485840826294,0.10010760519282003,-0.0071957574678309655,False,-0.028257954266887264,-0.028257954266887264
5,90,7260,3,2014-05-17,2019-05-17,0.24379661872980862,0.3630127463008931,0.2864508282291123,0.23045163489060805,0.18941766714294195,0.0410339677476661,True,0.10072052913235807,0.16617439330905992,0.12662812559217773,0.20070686324066367,0.011289196097721721,True,-0.02974477164994438,-0.02974477164994438
5,90,9680,4,2020-12-31,2025-12-31,0.15580733016892512,0.19576613640654134,0.15946600915656584,0.10355898577689948,0.08256798773357099,0.02099099804332849,True,0.045485321901742815,0.1302403730232308,0.05716060940862766,0.08163531277085534,-0.0009326749627156516,False,-0.021923673006044142,-0.021923673006044142
5,120,0,0,1994-07-01,1999-07-01,0.19783870761135947,0.3115262551651313,0.22531873019531812,0.07629482825930789,0.05161300998528895,0.02468181827401894,True,0.10693390116127532,0.2179943315530737,0.13991110982316268,0.05943662846118758,0.00782361847589863,True,-0.01685819979812031,-0.01685819979812031
5,120,2420,1,2001-02-14,2006-02-14,0.19378926157442078,0.26347467218392523,0.20217672675601284,0.2787647206329411,0.2502864321625129,0.028478288470428215,True,0.059894845960495324,0.14471705023684808,0.10285405943306425,0.24869465843623217,-0.0015917737262807208,False,-0.030070062196708935,-0.030070062196708935
5,120,4840,2,2007-10-01,2012-09-30,0.2082615873656446,0.3163852604332189,0.22878965567356757,0.12984579365647142,0.10199435306431415,0.027851440592157273,True,0.07325463283281053,0.20804520160437123,0.1263036695840727,0.10335391015177198,0.00135955708745783,True,-0.026491883504699443,-0.026491883504699443
5,120,7260,3,2014-05-17,2019-05-17,0.3150578708441596,0.5040431010365565,0.3838632735058395,0.22768988734005613,0.17728882126557077,0.05040106607448536,True,0.22631990959093762,0.41458691257048996,0.3367962740596877,0.21063430446648446,0.033345483200913684,True,-0.017055582873571673,-0.017055582873571673
5,120,9680,4,2020-12-31,2025-12-31,0.19368622368750987,0.2325472510297787,0.16370116853760197,0.10600913135681811,0.08139680725044118,0.024612324106376926,True,0.06972240927631956,0.1869592030904681,0.09310201635335624,0.0820157714175298,0.0006189641670886203,True,-0.023993359939288306,-0.023993359939288306
6,15,0,0,1994-07-01,2000-07-01,0.04386271327226621,0.05205890299618523,0.04295416896431081,0.06968994704562959,0.06327148487309175,0.006418462172537831,True,0.009274045378995455,0.009500308821002237,0.004739123032242221,0.06369792261375684,0.00042643774066508655,True,-0.0059920244318727445,-0.0059920244318727445
6,15,2328,1,2000-11-14,2006-11-15,0.043357302270954357,0.04984125620256805,0.04098235799699923,0.172697441479714,0.16575817286050354,0.006939268619210459,True,0.002169492969070097,0.00704598978226568,0.0003108712436514782,0.16485355385614464,-0.0009046190043588975,False,-0.007843887623569357,-0.007843887623569357
6,15,4657,2,2007-04-01,2013-04-01,0.037416174738125196,0.05485611617298526,0.0383821613689479,0.062410447275333736,0.05592455698798493,0.006485890287348806,True,0.00024828937943399687,0.004271672563044557,-0.0002692777918126277,0.055968258247832914,4.3701259847983565e-05,True,-0.006442189027500822,-0.006442189027500822
6,15,6985,3,2013-08-15,2019-08-16,0.05446392676332579,0.07044207694926702,0.05608780915948319,0.22822110088021352,0.2188009269341218,0.009420173946091737,True,0.00723947316805984,0.008375834574392255,0.00530209339613652,0.2188796113065663,7.86843724445152e-05,True,-0.009341489573647221,-0.009341489573647221
6,15,9314,4,2019-12-31,2025-12-31,0.039883839110167685,0.05081408214427583,0.03877143693345708,0.08219047386307987,0.07638469686890415,0.0058057769941757265,True,0.007686963044731376,0.014745255699452965,0.004795789210623624,0.07653386077630908,0.00014916390740493668,True,-0.00565661308677079,-0.00565661308677079
6,30,0,0,1994-07-01,2000-07-01,0.06929489775538267,0.09763337155178349,0.06482535669178802,0.07265530568566159,0.0631499688587005,0.009505336826961086,True,0.021076704837156734,0.0391006148245046,0.014186186569500547,0.06443603529933073,0.0012860664406302291,True,-0.008219270386330857,-0.008219270386330857
6,30,2328,1,2000-11-14,2006-11-15,0.074932432851603,0.08892740749527911,0.07483915582489997,0.17614464384631257,0.1647060168216712,0.011438627024641379,True,0.005739555885895253,0.02243560181600685,0.0020989867449805466,0.16317723662196593,-0.0015287801997052597,False,-0.012967407224346639,-0.012967407224346639
6,30,4657,2,2007-04-01,2013-04-01,0.061048624309818944,0.08837346784461364,0.0726085795841298,0.06646405063314442,0.05598081289330348,0.010483237739840945,True,-0.004058537541142271,0.01665561985087177,-0.0055286731937951306,0.055265149129071656,-0.000715663764231822,False,-0.011198901504072767,-0.011198901504072767
6,30,6985,3,2013-08-15,2019-08-16,0.09185024947033105,0.1227011807128552,0.0961104182183159,0.2312448543726633,0.21610185715615704,0.015142997216506249,True,0.023324309032741963,0.04286694154130032,0.022055123693887513,0.21801845196574243,0.0019165948095853924,True,-0.013226402406920856,-0.013226402406920856
6,30,9314,4,2019-12-31,2025-12-31,0.06556891563621048,0.08624352602467728,0.06243234478010928,0.08496248059868483,0.07597809516507104,0.008984385433613795,True,0.009456989999419019,0.03326868812607311,0.00227002992277181,0.07522658206199373,-0.0007515131030773059,False,-0.009735898536691101,-0.009735898536691101
6,45,0,0,1994-07-01,2000-07-01,0.10033553826989028,0.13003029833363397,0.10243646423082153,0.0752768757802047,0.06191727189386853,0.013359603886336169,True,0.03427789694195549,0.06424856556298292,0.03906460686672686,0.06423605340225302,0.002318781508384493,True,-0.011040822377951676,-0.011040822377951676
6,45,2328,1,2000-11-14,2006-11-15,0.0940691696019853,0.12487691489050098,0.09367505462997694,0.180274612666512,0.16672692420191515,0.013547688464596863,True,0.00162058563858003,0.022213198686010623,-0.0023644785237468824,0.16303897012463442,-0.0036879540772807307,False,-0.017235642541877594,-0.017235642541877594
6,45,4657,2,2007-04-01,2013-04-01,0.09375133796337232,0.10856387011641569,0.0859913407245021,0.06893047587844747,0.05670645532008578,0.012224020558361692,True,0.0215969181671134,0.045016770009370696,0.021886659149384258,0.056838180666800575,0.00013172534671479497,True,-0.012092295211646897,-0.012092295211646897
6,45,6985,3,2013-08-15,2019-08-16,0.12350930800830029,0.1611144647794257,0.13011786578319073,0.2361266613407771,0.21654333548555527,0.019583325855221823,True,0.03955107591102136,0.06505970621435263,0.03945729153196709,0.2202321092106594,0.003688773725104122,True,-0.0158945521301177,-0.0158945521301177
6,45,9314,4,2019-12-31,2025-12-31,0.08408426218176213,0.10991543149845373,0.08325650890880176,0.08806825062847001,0.07722336408304553,0.010844886545424481,True,0.018023192895074258,0.057106088197520874,0.02413007396449629,0.07672868068989969,-0.000494683393145845,False,-0.011339569938570326,-0.011339569938570326
6,60,0,0,1994-07-01,2000-07-01,0.11753798056698939,0.17834141675807064,0.1243071414416832,0.07659230440086606,0.06166958712250281,0.014922717278363251,True,0.050375796683190366,0.11306531999618807,0.06390471551815091,0.065525832032852,0.0038562449103491936,True,-0.011066472368014058,-0.011066472368014058
6,60,2328,1,2000-11-14,2006-11-15,0.126776030886955,0.14619647834401345,0.12657289411370298,0.180875526497271,0.16291840569768534,0.01795712079958567,True,0.04008331088308137,0.0838781714287252,0.04335623688855894,0.16522697984700718,0.0023085741493218404,True,-0.015648546650263828,-0.015648546650263828
6,60,4657,2,2007-04-01,2013-04-01,0.10879988423414355,0.14019092119869384,0.10787432296443566,0.07108590467796705,0.057622608295226696,0.013463296382740353,True,0.005580067893495189,0.05160877922538556,0.0069735543278257595,0.05377996543243979,-0.0038426428627869047,False,-0.017305939245527258,-0.017305939245527258
6,60,6985,3,2013-08-15,2019-08-16,0.16396407363737509,0.21546561292256444,0.17722261350399737,0.23957939622913926,0.21414254620355444,0.025436850025584823,True,0.0537034783645145,0.09810591835160508,0.0561244130181473,0.21919301288602644,0.005050466682471999,True,-0.020386383343112824,-0.020386383343112824
6,60,9314,4,2019-12-31,2025-12-31,0.10531058445706254,0.14090147558241015,0.10454340297218656,0.08868843115592129,0.07557481493198548,0.013113616223935809,True,0.03746496731609583,0.09906741230110246,0.04818844416231949,0.07725744891893926,0.0016826339869537854,True,-0.011430982236982024,-0.011430982236982024
6,90,0,0,1994-07-01,2000-07-01,0.15485466273355786,0.21923785309312327,0.16073385444991284,0.0791880712642512,0.06078899320838005,0.018399078055871154,True,0.07803593051015234,0.15054450957185977,0.09312905570593433,0.06687527369958968,0.006086280491209628,True,-0.012312797564661526,-0.012312797564661526
6,90,2328,1,2000-11-14,2006-11-15,0.16057610955005508,0.20737876359930818,0.1611358108953358,0.18639653794991062,0.1652188781113535,0.021177659838557128,True,0.016867679575550465,0.08371443689579215,0.01764564230162602,0.16055000058079627,-0.004668877530557225,False,-0.025846537369114353,-0.025846537369114353
6,90,4657,2,2007-04-01,2013-04-01,0.13873759447883338,0.14718121227941763,0.14225105595845267,0.0744592526791763,0.05861813557562523,0.015841117103551072,True,0.019227604335331216,0.049419491684142745,0.022317771046881374,0.05478198845726445,-0.0038361471183607776,False,-0.01967726422191185,-0.01967726422191185
6,90,6985,3,2013-08-15,2019-08-16,0.22987755996745673,0.30774296848937926,0.2454320425498231,0.24277299038782774,0.2088498563004626,0.03392313408736514,True,0.10869261329718971,0.18655912272763725,0.12348232011539695,0.2214763559856483,0.0126264996851857,True,-0.021296634402179437,-0.021296634402179437
6,90,9314,4,2019-12-31,2025-12-31,0.14752449954826408,0.19496413816463465,0.15061487540476448,0.09231522123631852,0.07484056919277671,0.017474652043541816,True,0.05055572294464761,0.12023667629662495,0.07826225109761409,0.0763635051391851,0.0015229359464083991,True,-0.015951716097133417,-0.015951716097133417
6,120,0,0,1994-07-01,2000-07-01,0.18463909007287183,0.2869505559534874,0.20206118358687375,0.08003519375949963,0.05946148826279285,0.020573705496706785,True,0.08986543684521497,0.1950189835119655,0.11483852786945192,0.065126034966555,0.005664546703762152,True,-0.014909158792944632,-0.014909158792944632
6,120,2328,1,2000-11-14,2006-11-15,0.20749522916474472,0.26537299874510406,0.2165675025500351,0.18647188529506997,0.16018064870979853,0.026291236585271438,True,0.09189866606104946,0.20316872904443894,0.1299065302366178,0.16674316410891588,0.006562515399117341,True,-0.019728721186154097,-0.019728721186154097
6,120,4657,2,2007-04-01,2013-04-01,0.15773966075543222,0.18021310731603152,0.14274602878942488,0.07467705896930688,0.05824968838239619,0.016427370586910683,True,0.014139480923218706,0.10452833094984851,0.0424290000523444,0.05121186434160441,-0.007037824040791785,False,-0.023465194627702468,-0.023465194627702468
6,120,6985,3,2013-08-15,2019-08-16,0.27194526932921925,0.38286658710043825,0.3053659851786439,0.2470800869716494,0.20892549190481446,0.03815459506683494,True,0.10183085686971927,0.15365228735449227,0.11062390755182827,0.2175995141256808,0.008674022220866329,True,-0.02948057284596861,-0.02948057284596861
6,120,9314,4,2019-12-31,2025-12-31,0.1894701747565939,0.2615566342728423,0.19076932356667498,0.09365699272649564,0.07210592464131094,0.0215510680851847,True,0.08181417780190348,0.19810413091072585,0.11453755154393774,0.07650458972936103,0.004398665088050091,True,-0.017152402997134608,-0.017152402997134608
7,15,0,0,1994-07-01,2001-07-01,0.04351110890120102,0.05029023377547755,0.03931474662416967,-0.007286572256773982,-0.012484820047817702,0.00519824779104372,True,0.010564831625322846,0.0088505672391071,0.004612989151456581,-0.011828966289043952,0.0006558537587737501,True,-0.00454239403226997,-0.00454239403226997
7,15,2237,1,2000-08-15,2007-08-16,0.041584174859979894,0.05228609147126153,0.04028379958544093,0.132135894380925,0.1265095766262916,0.005626317754633403,True,0.0012297897818942527,0.004674649036381062,-5.925996806255274e-05,0.12576381161635064,-0.0007457650099409463,False,-0.006372082764574349,-0.006372082764574349
7,15,4474,2,2006-09-30,2013-09-30,0.04322702751778196,0.0539890623038925,0.0433590289602106,0.07595039504673484,0.07035794545564511,0.005592449591089732,True,0.004034950917087388,0.004077974923836172,6.339429352952841e-05,0.0700767005672358,-0.0002812448884093044,False,-0.0058736944794990364,-0.0058736944794990364
7,15,6711,3,2012-11-14,2019-11-15,0.04717338567571594,0.05894294786466306,0.04739757634202624,0.26760614576699826,0.26034274242097877,0.0072634033460194924,True,0.005894943460093449,0.010201477483226324,0.004736479987724529,0.2603449958416433,2.2534206645108412e-06,True,-0.007261149925354982,-0.007261149925354982
7,15,8949,4,2018-12-31,2025-12-31,0.04537983410884672,0.06530706891695114,0.04798808446840086,0.07810087282143274,0.07218584649085824,0.005915026330574502,True,0.006651564066962212,0.008955902230973388,0.0035864845834748804,0.07230292728064214,0.00011708078978389658,True,-0.0057979455407906055,-0.0057979455407906055
7,30,0,0,1994-07-01,2001-07-01,0.06981165232901554,0.0924910244921465,0.06441274910806061,-0.00449984800884351,-0.012407357078085046,0.007907509069241536,True,0.021464595067898218,0.03554589007974045,0.013867724728973352,-0.011059365771904472,0.0013479913061805737,True,-0.0065595177630609625,-0.0065595177630609625
7,30,2237,1,2000-08-15,2007-08-16,0.07309310534092472,0.08357518315148606,0.07329981708545441,0.13510295833708774,0.12560104325583876,0.00950191508124898,True,0.0023949664048337205,0.024578009905698552,-0.0007155506172165094,0.12410610872406225,-0.001494934531776515,False,-0.010996849613025494,-0.010996849613025494
7,30,4474,2,2006-09-30,2013-09-30,0.06751150562832775,0.09271122055070094,0.06790354137850141,0.07893748777929255,0.0706966079420468,0.008240879837245751,True,0.0072389189697317224,0.029989230197467083,0.006194306132657701,0.07001062342695086,-0.0006859845150959387,False,-0.00892686435234169,-0.00892686435234169
7,30,6711,3,2012-11-14,2019-11-15,0.08113583724765805,0.10426712347371418,0.08219019742793687,0.2706293636855157,0.2586497636675631,0.011979600017952619,True,0.016539220076936978,0.04032032859752684,0.015678059185140647,0.2594964789301848,0.0008467152626217,True,-0.011132884755330918,-0.011132884755330918
7,30,8949,4,2018-12-31,2025-12-31,0.07274253792620433,0.10473270754338787,0.07573579825546317,0.08088640033251937,0.07188835748796762,0.008998042844551746,True,0.017857438714623974,0.042124387646662445,0.017803505413252152,0.07280800951527389,0.0009196520273062614,True,-0.008078390817245484,-0.008078390817245484
7,45,0,0,1994-07-01,2001-07-01,0.09964688117692622,0.1241417459915134,0.09925866386939974,-0.002693007978425088,-0.013651526316469487,0.010958518338044398,True,0.032720614442210305,0.058804679936550384,0.03772682194727239,-0.01160526348857982,0.0020462628278896666,True,-0.008912255510154732,-0.008912255510154732
7,45,2237,1,2000-08-15,2007-08-16,0.09253609468133828,0.11642834052052338,0.09243162156989548,0.13826025333906045,0.12680636426949365,0.011453889069566792,True,0.0013456258437976043,0.033988708557698026,-0.0031366113640058924,0.12417701480926402,-0.0026293494602296352,False,-0.014083238529796427,-0.014083238529796427
7,45,4474,2,2006-09-30,2013-09-30,0.09335472821840907,0.1133151490310949,0.0938157226871944,0.0816261048356306,0.0706189841138316,0.01100712072179899,True,0.024429218277883136,0.04808115532244316,0.02451329300100391,0.07160447238680434,0.0009854882729727343,True,-0.010021632448826256,-0.010021632448826256
7,45,6711,3,2012-11-14,2019-11-15,0.10099894599469716,0.1337638825832346,0.10403591063960727,0.27476384458171665,0.2605462198872077,0.014217624694508935,True,0.01862048880590783,0.050950176264972946,0.019376299594605406,0.26068121352516527,0.00013499363795754782,True,-0.014082631056551387,-0.014082631056551387
7,45,8949,4,2018-12-31,2025-12-31,0.1002682597595217,0.15462700496182755,0.10836864912595223,0.08378908465336399,0.07180306366699307,0.011986020986370916,True,0.031158415568276476,0.06835221018350685,0.04646112167845584,0.07379264320532175,0.0019895795383286785,True,-0.009996441448042237,-0.009996441448042237
7,60,0,0,1994-07-01,2001-07-01,0.11910442277582378,0.16722952491696141,0.11945659684151022,-0.0014368648408150664,-0.014060851140484387,0.01262398629966932,True,0.05091863615915204,0.10317365291793508,0.060096811034604514,-0.01037048244445149,0.0036903686960328974,True,-0.008933617603636423,-0.008933617603636423
7,60,2237,1,2000-08-15,2007-08-16,0.11017009652063137,0.12037103942998176,0.10958100658657699,0.1407631117136272,0.127642986955796,0.013120124757831197,True,-0.0013674838807866685,0.034367898768357864,-0.0035218284458509164,0.12363949007723463,-0.004003496878561386,False,-0.017123621636392583,-0.017123621636392583
7,60,4474,2,2006-09-30,2013-09-30,0.10077072543858878,0.14390823873452252,0.10077072543858878,0.08362922046434318,0.0724592818652936,0.011169938599049578,True,0.009814795844877988,0.07330271790959429,0.014649972163699676,0.07035121910740472,-0.0021080627578888844,False,-0.013278001356938463,-0.013278001356938463
7,60,6711,3,2012-11-14,2019-11-15,0.1293079544865714,0.15722474866053635,0.13098271672443773,0.27453973006440524,0.2568088401685944,0.017730889895810842,True,0.05314790308710049,0.0963619290789431,0.05693922591483047,0.2618912862883014,0.005082446119706985,True,-0.012648443776103857,-0.012648443776103857
7,60,8949,4,2018-12-31,2025-12-31,0.11407465809138384,0.1733639759067598,0.12626459477057672,0.08487404987982061,0.07185903253247572,0.013015017347344893,True,0.04159123531996456,0.0986362835833102,0.05801574933012432,0.07449865206485451,0.0026396195323787897,True,-0.010375397814966103,-0.010375397814966103
7,90,0,0,1994-07-01,2001-07-01,0.15626044062135058,0.20735581466370032,0.15626044062135058,0.0012708600029651684,-0.014365074653427512,0.01563593465639268,True,0.07302335741006538,0.1384701674913772,0.08545521024723035,-0.009366091999472137,0.004998982653955375,True,-0.010636952002437305,-0.010636952002437305
7,90,2237,1,2000-08-15,2007-08-16,0.1553144217405631,0.20151270076573893,0.15642008652882322,0.14363683420725404,0.1259231921052597,0.01771364210199433,True,0.011972506003348204,0.08548525445075808,0.01423933974675795,0.1221997178535803,-0.003723474251679404,False,-0.021437116353673735,-0.021437116353673735
7,90,4474,2,2006-09-30,2013-09-30,0.12894805807162868,0.15016952578651482,0.12894805807162868,0.086229396575777,0.07292700309124989,0.013302393484527109,True,0.020180864543295263,0.07119064438003908,0.027168207106760267,0.07061171571485536,-0.002315287376394526,False,-0.015617680860921634,-0.015617680860921634
7,90,6711,3,2012-11-14,2019-11-15,0.17693572344458253,0.20942285366936308,0.184194671633243,0.2797931730856904,0.25663793973324767,0.02315523335244274,True,0.057428966065263376,0.12038062969406046,0.0635515241669593,0.26036797970109604,0.0037300399678483753,True,-0.019425193384594364,-0.019425193384594364
7,90,8949,4,2018-12-31,2025-12-31,0.17785846024656826,0.28543918097582666,0.20749922128824405,0.08758319674540616,0.06778606613097837,0.019797130614427783,True,0.09424902817865899,0.2384383442066223,0.15020642725472744,0.07620449583982891,0.008418429708850539,True,-0.011378700905577244,-0.011378700905577244
7,120,0,0,1994-07-01,2001-07-01,0.1927546825029307,0.267577299472269,0.19618279949892892,0.0030128322535551977,-0.01541934598243877,0.018432178235993968,True,0.08507089242549526,0.17797273343697748,0.10926864423486138,-0.01046300035961134,0.004956345622827429,True,-0.013475832613166538,-0.013475832613166538
7,120,2237,1,2000-08-15,2007-08-16,0.1649787503517881,0.16993785008549883,0.16922687609178677,0.14630678021840748,0.12905137182877802,0.017255408389629467,True,0.006588959404134176,0.057902203623761854,0.008216778732628383,0.12262626535418719,-0.006425106474590825,False,-0.023680514864220292,-0.023680514864220292
7,120,4474,2,2006-09-30,2013-09-30,0.1651331366563471,0.2341036070568645,0.17268027529733887,0.08705284154051363,0.07065639117966804,0.016396450360845582,True,0.03885717354401397,0.15162421756666503,0.07502519782090267,0.06937168190616405,-0.0012847092735039922,False,-0.017681159634349575,-0.017681159634349575
7,120,6711,3,2012-11-14,2019-11-15,0.22312995325463159,0.30563580732208245,0.23745612856721077,0.28143543393598525,0.2533944878589789,0.028040946077006357,True,0.1332757577179604,0.2256929185468691,0.15098554965321087,0.2675448471037667,0.014150359244787802,True,-0.013890586832218554,-0.013890586832218554
7,120,8949,4,2018-12-31,2025-12-31,0.19745515734575214,0.2834688030541964,0.21755247244127163,0.08976449074052217,0.06915277467746295,0.020611716063059227,True,0.08677263318087314,0.22904868728720174,0.1308212626503158,0.07477119237358498,0.0056184176961220356,True,-0.014993298366937191,-0.014993298366937191
8,15,0,0,1994-07-01,2002-07-01,0.0423195817083295,0.04907415459628872,0.039455583281694295,0.03318203313134993,0.02850366434987972,0.00467836878147021,True,0.008027041961504722,0.008304290456503768,0.004493408804978838,0.028870596676616955,0.00036693232673723486,True,-0.004311436454732975,-0.004311436454732975
8,15,2146,1,2000-05-16,2008-05-16,0.04026376441366453,0.04592458221911482,0.038452621438396006,0.1132954024030246,0.1085278074341256,0.004767594968899003,True,0.0007367968617804088,0.0004696765489223696,-0.001148322185780204,0.10791760978340692,-0.0006101976507186802,False,-0.005377792619617683,-0.005377792619617683
8,15,4292,2,2006-04-01,2014-04-01,0.041530905929965556,0.05291674058037761,0.0424654902921926,0.07855465325784405,0.07376915671247564,0.004785496545368417,True,0.0013774099876340262,-0.0001978576263463137,-0.0017629420674587504,0.07326359545697736,-0.0005055612554982769,False,-0.005291057800866694,-0.005291057800866694
8,15,6438,3,2012-02-15,2020-02-15,0.041306992026155065,0.04717558521647801,0.041348991837807825,0.2546581264638055,0.24912675126574668,0.005531375198058797,True,0.00023064695083641062,0.0012370332354098288,-0.0007844990764960813,0.2483599510160477,-0.0007668002496989956,False,-0.006298175447757792,-0.006298175447757792
8,15,8584,4,2017-12-31,2025-12-31,0.04026726070015041,0.04913564946979216,0.03992005057520287,0.08213619488162549,0.07750000069950325,0.004636194182122244,True,0.005258739479416796,0.0063748761886681,0.002354397336536973,0.07751395394988769,1.3953250384446392e-05,True,-0.004622240931737798,-0.004622240931737798
8,30,0,0,1994-07-01,2002-07-01,0.06649394203423009,0.08891759105270892,0.06444055264525583,0.035517815180789336,0.028536169076714524,0.006981646104074812,True,0.017646324817496062,0.03251300025652068,0.013530182108669297,0.029466892666239808,0.0009307235895252841,True,-0.006050922514549528,-0.006050922514549528
8,30,2146,1,2000-05-16,2008-05-16,0.06913849350842627,0.07228965633562799,0.06587162754287235,0.11596258365963275,0.10809547290177779,0.007867110757854956,True,-0.0012256139336446203,0.0053826908967990195,-0.004917467571943557,0.10650609988614557,-0.0015893730156322228,False,-0.009456483773487179,-0.009456483773487179
8,30,4292,2,2006-04-01,2014-04-01,0.06640626635210167,0.0947465900882256,0.06900098913331787,0.08123865826224619,0.07395482194831726,0.007283836313928926,True,0.0017677562524081036,0.013576773182865383,-0.0010448672416988325,0.0728148712698613,-0.0011399506784559588,False,-0.008423786992384885,-0.008423786992384885
8,30,6438,3,2012-02-15,2020-02-15,0.06664231635479245,0.08039166877055422,0.06721035198909808,0.2570892941274494,0.2485891621376075,0.008500131989841897,True,0.006504446117173046,0.01725836408988394,0.005044749023915607,0.24800021540427486,-0.0005889467333326515,False,-0.009089078723174548,-0.009089078723174548
8,30,8584,4,2017-12-31,2025-12-31,0.06947186376604098,0.09046162883984057,0.07063432968536842,0.08455558223619408,0.07686528953192484,0.0076902927042692415,True,0.013649816810486382,0.0243773447262547,0.010986003773147957,0.07730987454185523,0.0004445850099303872,True,-0.007245707694338854,-0.007245707694338854
8,45,0,0,1994-07-01,2002-07-01,0.0957059133056064,0.119861853685099,0.09585524480762198,0.03736283271514007,0.02756808206724437,0.0097947506478957,True,0.02849358115706835,0.05405681911051359,0.03383036738247247,0.029186619467768793,0.0016185374005244224,True,-0.008176213247371278,-0.008176213247371278
8,45,2146,1,2000-05-16,2008-05-16,0.088926863151634,0.10401694746200035,0.088926863151634,0.11859056774322796,0.10888877383576157,0.009701793907466394,True,-0.004425554184929736,0.020306541708390417,-0.00915388071474521,0.10612837071882297,-0.0027604031169385923,False,-0.012462197024404986,-0.012462197024404986
8,45,4292,2,2006-04-01,2014-04-01,0.09319917230146757,0.12206046002620762,0.09477021266188346,0.08357028231910801,0.07363981842098499,0.009930463898123021,True,0.023719772777964776,0.043189467721149837,0.02425860951512626,0.07470648310241046,0.0010666646814254666,True,-0.008863799216697554,-0.008863799216697554
8,45,6438,3,2012-02-15,2020-02-15,0.08937283296834697,0.10772051059208185,0.09099005192902543,0.2603269826906589,0.24932818200514095,0.010998800685517951,True,0.009287268406942273,0.03958782098364724,0.010033105534787312,0.24835066506953485,-0.0009775169356061042,False,-0.011976317621124055,-0.011976317621124055
8,45,8584,4,2017-12-31,2025-12-31,0.09186538076307937,0.1296008428032021,0.09499331722540316,0.08675553426068028,0.076963664739359,0.009791869521321273,True,0.026227086299579705,0.05143455983964112,0.032831473954783696,0.07836306735678877,0.001399402617429768,True,-0.008392466903891505,-0.008392466903891505
8,60,0,0,1994-07-01,2002-07-01,0.1121720710603471,0.15942579135676427,0.11848427885079305,0.038293618397547524,0.027230822163211155,0.01106279623433637,True,0.047667542437864974,0.09536226962294023,0.05652330048307519,0.030567928046813186,0.0033371058836020318,True,-0.007725690350734338,-0.007725690350734338
8,60,2146,1,2000-05-16,2008-05-16,0.1218066893670744,0.1375289772870555,0.12287078692707865,0.11932186858632421,0.10620238622665545,0.013119482359668755,True,0.026858967785926557,0.06635299899520494,0.03148564501033113,0.10701647861541419,0.0008140923887587359,True,-0.012305389970910019,-0.012305389970910019
8,60,4292,2,2006-04-01,2014-04-01,0.09910071202246162,0.15437939427970812,0.10876041852582663,0.08542523558577497,0.07544161266294602,0.00998362292282895,True,0.007400382813840922,0.07103586474597785,0.013435110447574061,0.07366118542144884,-0.0017804272414971845,False,-0.011764050164326134,-0.011764050164326134
8,60,6438,3,2012-02-15,2020-02-15,0.10877259530591021,0.14187340286751873,0.11142515566640188,0.26276283555729996,0.24978210181680138,0.012980733740498573,True,0.01043931341521942,0.02761597485248645,0.01082251322759098,0.2481837800070863,-0.0015983218097150864,False,-0.01457905555021366,-0.01457905555021366
8,60,8584,4,2017-12-31,2025-12-31,0.11033810302364522,0.1548080584447608,0.11379274147612928,0.08852128125810377,0.07714163248851569,0.01137964876958808,True,0.03218672509992904,0.06596146019420916,0.03829901596424001,0.07863236143924723,0.0014907289507315458,True,-0.009888919818856534,-0.009888919818856534
8,90,0,0,1994-07-01,2002-07-01,0.14681078847667028,0.19877281576918185,0.15278296282421278,0.04089357752544753,0.027165331534982684,0.013728245990464849,True,0.06098634552965909,0.1272868911585568,0.0827508848973606,0.030821770278682825,0.003656438743700141,True,-0.010071807246764708,-0.010071807246764708
8,90,2146,1,2000-05-16,2008-05-16,0.14659182431806395,0.19297147523623606,0.14659182431806395,0.12356514863125856,0.10877302008136236,0.0147921285498962,True,-0.004824410407276547,0.037570283203981286,-0.0013876396328877938,0.10384887357356587,-0.00492414650779649,False,-0.01971627505769269,-0.01971627505769269
8,90,4292,2,2006-04-01,2014-04-01,0.11959006406927464,0.12772281111391953,0.1216055788934427,0.08721450214444681,0.07609421431382879,0.011120287830618025,True,0.01618060403627486,0.059488622385979156,0.01995396127593918,0.07411459180639213,-0.0019796225074366625,False,-0.013099910338054688,-0.013099910338054688
8,90,6438,3,2012-02-15,2020-02-15,0.13782983626178424,0.1641958796056006,0.1407154001600821,0.2637182376938265,0.24827207715488897,0.015446160538937548,True,0.025636012897498173,0.07466442667561439,0.028699760229145888,0.2474203274885487,-0.0008517496663402735,False,-0.01629791020527782,-0.01629791020527782
8,90,8584,4,2017-12-31,2025-12-31,0.16648020905244998,0.2268047098025103,0.1764287273029399,0.09024454741028176,0.07357516558846577,0.016669381821815987,True,0.08405901593800325,0.1730692964861189,0.11664393615449176,0.08030032145995714,0.006725155871491362,True,-0.009944225950324626,-0.009944225950324626
8,120,0,0,1994-07-01,2002-07-01,0.17925158647964,0.2544911491361304,0.18955232627366647,0.0414979163483431,0.025471730751200905,0.016026185597142195,True,0.07409717461182619,0.163663826730783,0.10693390116127532,0.02940919586104962,0.0039374651098487146,True,-0.01208872048729348,-0.01208872048729348
8,120,2146,1,2000-05-16,2008-05-16,0.1924229397249302,0.20959949206975892,0.1830949678949938,0.12380501944543743,0.10497708851587206,0.018827930929565362,True,0.041359016284397754,0.10780896479737491,0.06061261546053642,0.10493628964898782,-4.0798866884239615e-05,False,-0.0188687297964496,-0.0188687297964496
8,120,4292,2,2006-04-01,2014-04-01,0.14833209543740633,0.2238499539801673,0.1529051749467062,0.0879416762385401,0.07475542714865768,0.013186249089882418,True,0.025921510962040317,0.14269105296262288,0.053516971541114566,0.07270980838507879,-0.0020456187635788936,False,-0.015231867853461312,-0.015231867853461312
8,120,6438,3,2012-02-15,2020-02-15,0.20480231664241355,0.26718824787924417,0.20989899003220347,0.26396061729114684,0.24117340131561749,0.02278721597552935,True,0.10904951069761704,0.1794754293436774,0.12282904790233928,0.2509397584020112,0.009766357086393729,True,-0.013020858889135623,-0.013020858889135623
8,120,8584,4,2017-12-31,2025-12-31,0.18548345167862546,0.23522562977643502,0.19521871032876326,0.09258137850566972,0.07505466880883205,0.017526709696837672,True,0.07489019486119242,0.18123005561576816,0.11388764134534624,0.07928353044268555,0.004228861633853498,True,-0.013297848062984174,-0.013297848062984174
9,15,0,0,1994-07-01,2003-07-01,0.04161866295831351,0.04809216059528798,0.039455583281694295,0.06189156843043597,0.05762629786332618,0.004265270567109791,True,0.007042419087510243,0.007889189438229863,0.004429373637185208,0.0579156696578087,0.00028937179448251804,True,-0.003975898772627273,-0.003975898772627273
9,15,2054,1,2000-02-14,2009-02-13,0.04180262118436717,0.052013123812596984,0.0418049440133792,0.10161949803517634,0.09717312348713847,0.004446374548037868,True,0.0007444619375276407,0.000919618397256483,-0.0015103128715560077,0.09670851768625766,-0.00046460580088081294,False,-0.004910980348918681,-0.004910980348918681
9,15,4109,2,2005-09-30,2014-09-30,0.03942265252548549,0.04826144531952832,0.03964398899859323,0.14532278711126967,0.14098995086347332,0.004332836247796346,True,0.00032195572192050825,0.0014605274592645095,-0.0010786479447547626,0.14045327498675642,-0.0005366758767169078,False,-0.004869512124513253,-0.004869512124513253
9,15,6164,3,2011-05-17,2020-05-16,0.0438429969404599,0.05281004140906443,0.044148905373871505,0.21974493280427376,0.21455611097991967,0.005188821824354095,True,0.0009388376681995769,0.0022896122519782307,2.5224811483814946e-05,0.21406785025579622,-0.000488260724123446,False,-0.005677082548477541,-0.005677082548477541
9,15,8219,4,2016-12-31,2025-12-31,0.04037900171569775,0.05078458560891576,0.040774065925620384,0.08461983506042303,0.08040366789550202,0.004216167164921014,True,0.0044735859281430645,0.005675258310219573,0.0022419423936297367,0.08039259135310761,-1.107654239440592e-05,False,-0.00422724370731542,-0.00422724370731542
9,30,0,0,1994-07-01,2003-07-01,0.06470516307463359,0.0859100217444476,0.06444055264525583,0.06414185603813838,0.057826718299186064,0.0063151377389523145,True,0.015328326857303232,0.03017711602595509,0.013273275306631804,0.058541582070560816,0.0007148637713747519,True,-0.005600273967577563,-0.005600273967577563
9,30,2054,1,2000-02-14,2009-02-13,0.070458865826867,0.08503841034602029,0.07063360189502665,0.10420806372123681,0.09699798973575646,0.0072100739854803475,True,-0.00015150986089307317,0.016710804108597915,-0.0034295650387742294,0.09586687225019896,-0.001131117485557498,False,-0.008341191471037845,-0.008341191471037845
9,30,4109,2,2005-09-30,2014-09-30,0.06642810924063003,0.08289303884580633,0.06789225626482187,0.1479794952764475,0.14096180609706255,0.007017689179384945,True,0.0052212630156009965,0.015119314438208424,0.0020482237565231376,0.14046431546176885,-0.0004974906352936959,False,-0.007515179814678641,-0.007515179814678641
9,30,6164,3,2011-05-17,2020-05-16,0.06861465562012903,0.08509539127868133,0.06895422249897865,0.22251011437435642,0.21475795145809595,0.007752162916260463,True,0.0024470924769839364,0.006152464719897305,0.0004615630439197549,0.21385519219647486,-0.0009027592616210889,False,-0.008654922177881552,-0.008654922177881552
9,30,8219,4,2016-12-31,2025-12-31,0.06556913528257757,0.0833783268831529,0.06616357344885704,0.08685817209361191,0.08030687421856664,0.00655129787504527,True,0.012816224549897282,0.029215979412438916,0.012917400846264693,0.0807396568627563,0.0004327826441896665,True,-0.0061185152308556034,-0.0061185152308556034
9,45,0,0,1994-07-01,2003-07-01,0.09187551963715568,0.11632960017227925,0.09334258734106338,0.06524904506351525,0.05649139000316428,0.008757655060350977,True,0.024545499026676243,0.050403017095179616,0.03257922748944164,0.0577416364040122,0.0012502464008479208,True,-0.0075074086595030565,-0.0075074086595030565
9,45,2054,1,2000-02-14,2009-02-13,0.0835073612003907,0.10848094425752756,0.0839801943086782,0.10558531454132059,0.09743384439714942,0.008151470144171169,True,-0.011114856650960903,0.004064311159511664,-0.016427572160206128,0.09441583670323372,-0.003018007693915692,False,-0.011169477838086861,-0.011169477838086861
9,45,4109,2,2005-09-30,2014-09-30,0.08881313000597069,0.12333947645407062,0.0914989409289153,0.14882180060052486,0.13973272489605248,0.009089075704472371,True,0.02200846680894597,0.05990459450370718,0.029932978456893578,0.140767152624248,0.0010344277281955083,True,-0.008054647976276863,-0.008054647976276863
9,45,6164,3,2011-05-17,2020-05-16,0.08733849727342258,0.11593139586848901,0.08797912634219185,0.2237515210943246,0.21424959675754796,0.009501924336776657,True,0.0014424119865101837,0.010957338353871873,-0.0005922657502510642,0.21260891841055019,-0.0016406783469977704,False,-0.011142602683774427,-0.011142602683774427
9,45,8219,4,2016-12-31,2025-12-31,0.0912793810920105,0.12592461764180668,0.09524034183222008,0.08780312771760124,0.07892014048396478,0.008882987233636452,True,0.025491993791199707,0.07334775723291084,0.03400331948615798,0.08030861576737336,0.0013884752834085745,True,-0.007494511950227878,-0.007494511950227878
9,60,0,0,1994-07-01,2003-07-01,0.1089889021956354,0.1529937587573693,0.11370189796113217,0.0668082416966147,0.05676780886002897,0.010040432836585733,True,0.042756029743391766,0.08894222391768784,0.05166687947699611,0.059533093807980775,0.002765284947951807,True,-0.007275147888633926,-0.007275147888633926
9,60,2054,1,2000-02-14,2009-02-13,0.10516920274930075,0.11467728019323394,0.10516920274930075,0.10819818037270235,0.09818915439251108,0.010009025980191266,True,-0.0036652648863844117,0.01803034411278318,-0.005467803246855696,0.09550519361346321,-0.002683960779047867,False,-0.012692986759239133,-0.012692986759239133
9,60,4109,2,2005-09-30,2014-09-30,0.09935927891387819,0.1502656367763958,0.10909784451240889,0.15202072898055063,0.14228474830292326,0.009735980677627376,True,0.007212455802066309,0.04640019608863128,0.016999936121979253,0.1408687598617313,-0.001415988441191951,False,-0.011151969118819327,-0.011151969118819327
9,60,6164,3,2011-05-17,2020-05-16,0.11033059795392064,0.13379005777611064,0.11217974638251071,0.22567440691888074,0.2139721221456421,0.011702284773238647,True,0.026937861946370045,0.053168598985635605,0.027899167669661384,0.21508347135479244,0.0011113492091503474,True,-0.0105909355640883,-0.0105909355640883
9,60,8219,4,2016-12-31,2025-12-31,0.10023665707321094,0.12871235706489928,0.10596749436384756,0.09056476873008412,0.0812466663899567,0.009318102340127421,True,0.020642124013824592,0.059550477896613295,0.029445810173870157,0.08149709415274975,0.00025042776279304846,True,-0.009067674577334373,-0.009067674577334373
9,90,0,0,1994-07-01,2003-07-01,0.14132447386629265,0.19133253246233253,0.14805431404807878,0.0689688965158437,0.05659372697798193,0.012375169537861774,True,0.05424992726807831,0.11867423030834189,0.07925424851928042,0.05958370790177403,0.0029899809237921016,True,-0.009385188614069673,-0.009385188614069673
9,90,2054,1,2000-02-14,2009-02-13,0.13624921304824777,0.1716118108937571,0.1382402008117296,0.11052884655916895,0.09821628377252822,0.012312562786640724,True,-0.009500889138016944,0.056191611796420946,-0.0037741835069621255,0.09371697023945269,-0.004499313533075533,False,-0.016811876319716257,-0.016811876319716257
9,90,4109,2,2005-09-30,2014-09-30,0.12190516013490438,0.13975429187064065,0.12190516013490438,0.15328076343449215,0.14210538595204136,0.011175377482450788,True,0.02860359779528121,0.0939967021907593,0.0449928067767853,0.14220732201202813,0.00010193605998676247,True,-0.011073441422464025,-0.011073441422464025
9,90,6164,3,2011-05-17,2020-05-16,0.14150115559425713,0.18603882193634713,0.14337413149999367,0.22830583674283988,0.2140608745513226,0.014244962191517274,True,0.020480671281341678,0.05705122701670778,0.021805078333681838,0.21309972952247458,-0.0009611450288480317,False,-0.015206107220365306,-0.015206107220365306
9,90,8219,4,2016-12-31,2025-12-31,0.1516195027955296,0.19798142003855984,0.15557765548441016,0.09190096697547512,0.07817563663184579,0.013725330343629327,True,0.07026974918080597,0.1576180513205693,0.1040561664768358,0.0830431123397033,0.004867475707857505,True,-0.008857854635771822,-0.008857854635771822
9,120,0,0,1994-07-01,2003-07-01,0.17032523192101712,0.24420359721932192,0.18248530571340194,0.06954167574936743,0.05526751226290383,0.014274163486463598,True,0.06393356909084358,0.15152651970301964,0.09198483523218837,0.058274288484464476,0.0030067762215606475,True,-0.01126738726490295,-0.01126738726490295
9,120,2054,1,2000-02-14,2009-02-13,0.18447361183083388,0.21272036792526144,0.18447361183083388,0.11038716890212141,0.09410594435012576,0.016281224551995654,True,0.04595648864227897,0.12241848493111733,0.050786647041639155,0.09514763662696435,0.0010416922768385906,True,-0.015239532275157064,-0.015239532275157064
9,120,4109,2,2005-09-30,2014-09-30,0.15861288780560145,0.24857809992851082,0.18255097234335005,0.15448748402056034,0.14035344544940664,0.014134038571153695,True,0.030398590724795893,0.1649628087802828,0.07362726807909259,0.1395399764792986,-0.0008134689701080333,False,-0.014947507541261729,-0.014947507541261729
9,120,6164,3,2011-05-17,2020-05-16,0.16668971259540055,0.21556865629804742,0.17022636373124955,0.2274712768678102,0.21150332132445504,0.015967955543355172,True,0.06127604445380008,0.11895429092322958,0.06581519089039567,0.21461861442613572,0.003115293101680683,True,-0.01285266244167449,-0.01285266244167449
9,120,8219,4,2016-12-31,2025-12-31,0.15862235841865324,0.1998644034001819,0.15976841765811667,0.09357190676569838,0.0801745563104439,0.013397350455254475,True,0.05396447514907288,0.13180082342326166,0.08129937156782785,0.08212088480709223,0.0019463284966483307,True,-0.011451021958606145,-0.011451021958606145
10,15,0,0,1994-07-01,2004-06-30,0.04117903182069682,0.047296988720105355,0.039455583281694295,0.06776076563830524,0.0638969339312474,0.003863831707057841,True,0.00629143657094966,0.007548595268799066,0.004322450918730514,0.06412731836397856,0.0002303844327311566,True,-0.0036334472743266844,-0.0036334472743266844
10,15,1963,1,1999-11-15,2009-11-14,0.04215858257955629,0.05111788739530155,0.04224225605060328,0.09546403181596674,0.09139619016294809,0.004067841653018656,True,0.0018819923149286932,0.004786497712834057,0.000224132410874045,0.09115311166664553,-0.00024307849630256229,False,-0.004310920149321218,-0.004310920149321218
10,15,3927,2,2005-04-01,2015-04-01,0.04243518305601324,0.05118189803260643,0.04306406350318093,0.15914199419970454,0.1548082199621832,0.004333774237521348,True,0.0012450671498469568,0.0024667402622478274,5.771889044536849e-05,0.1544776594122137,-0.00033056054996949413,False,-0.0046643347874908425,-0.0046643347874908425
10,15,5890,3,2010-08-16,2020-08-15,0.04198080651636937,0.04836614067053015,0.041593710595056566,0.2332994229466061,0.228740720836359,0.004558702110247115,True,0.002028358196025648,0.002971411216703424,0.0012531937453628128,0.22848500560552099,-0.00025571523083800507,False,-0.00481441734108512,-0.00481441734108512
10,15,7854,4,2016-01-01,2025-12-31,0.04378778470629774,0.05823147766200687,0.04501516693310181,0.08517546715889912,0.08097803870424336,0.0041974284546557605,True,0.004553955540950616,0.0051290362247740735,0.0027703083324748246,0.08102526718152858,4.7228477285221615e-05,True,-0.004150199977370539,-0.004150199977370539
10,30,0,0,1994-07-01,2004-06-30,0.06378476958585133,0.08351566194832707,0.06441274910806061,0.06979688735831147,0.06407705984837153,0.005719827509939934,True,0.014450054310978455,0.02836364049351629,0.013239606176319807,0.06472815335674365,0.0006510935083721137,True,-0.005068734001567821,-0.005068734001567821
10,30,1963,1,1999-11-15,2009-11-14,0.07094118696517948,0.0912519797531683,0.07144805989386449,0.09792343177497376,0.09131936515555639,0.00660406661941737,True,0.0001166414713864583,0.011848811124117673,-0.0015906835477697001,0.09043387904861189,-0.0008854861069444997,False,-0.00748955272636187,-0.00748955272636187
10,30,3927,2,2005-04-01,2015-04-01,0.07070658329019075,0.08939863944042349,0.07302386780529213,0.1616606365569011,0.1547003960682758,0.006960240488625313,True,0.007633192363273089,0.007444762910873719,0.004210202579482902,0.1546280704496268,-7.232561864900511e-05,False,-0.007032566107274318,-0.007032566107274318
10,30,5890,3,2010-08-16,2020-08-15,0.06469936256291153,0.08237541721370768,0.06506667469982474,0.23574674619290636,0.2290321693174795,0.00671457687542687,True,0.007397779498748314,0.019617351401018883,0.006324541975864628,0.22892643994448125,-0.00010572937299824225,False,-0.006820306248425112,-0.006820306248425112
10,30,7854,4,2016-01-01,2025-12-31,0.07036891013350144,0.09818860590093241,0.07217826478285971,0.08728632281907611,0.08080580100963042,0.006480521809445694,True,0.010396330334963677,0.015590186361531458,0.008568319138476,0.0810341399691723,0.000228338959541885,True,-0.006252182849903809,-0.006252182849903809
10,45,0,0,1994-07-01,2004-06-30,0.09053516203051015,0.1134131099222517,0.09142311960781169,0.07077258002462794,0.06283467556773847,0.007937904456889466,True,0.02375997306450106,0.047399678287854144,0.029050689018307985,0.0640271579864089,0.0011924824186704264,True,-0.00674542203821904,-0.00674542203821904
10,45,1963,1,1999-11-15,2009-11-14,0.08455723898120926,0.11817480424457737,0.08540645228255961,0.09901392062877479,0.09146446190456659,0.007549458724208202,True,-0.0009945032375237028,0.03691863963693324,-0.0010459801610773756,0.09001699020918386,-0.0014474716953827294,False,-0.008996930419590932,-0.008996930419590932
10,45,3927,2,2005-04-01,2015-04-01,0.0951411573580998,0.13419331836288664,0.10011417568738112,0.16231766975129336,0.15321490237932123,0.009102767371972131,True,0.030143331236772264,0.05682732702587615,0.03754208629347344,0.1552267367574598,0.002011834378138566,True,-0.007090932993833565,-0.007090932993833565
10,45,5890,3,2010-08-16,2020-08-15,0.08348682419770315,0.09572784386893597,0.0837546000964069,0.2371056993144416,0.22872902082941304,0.008376678485028544,True,9.523674960165707e-05,0.012718522539711527,-0.0015720835945519651,0.22723335682655788,-0.0014956640028551682,False,-0.009872342487883712,-0.009872342487883712
10,45,7854,4,2016-01-01,2025-12-31,0.09372400908165313,0.13735443519438242,0.09990716297778501,0.08817236044609378,0.07979009586985275,0.008382264576241027,True,0.021173246525408862,0.046878040129643306,0.02635696238022467,0.08072811763905707,0.0009380217692043225,True,-0.007444242807036705,-0.007444242807036705
10,60,0,0,1994-07-01,2004-06-30,0.10762222172693847,0.1480778947878997,0.11057135388280526,0.07217646051956961,0.06302738108816408,0.009149079431405527,True,0.0420398705096261,0.08401807655612548,0.05058621822397513,0.06565143183525701,0.002624050747092932,True,-0.006525028684312595,-0.006525028684312595
10,60,1963,1,1999-11-15,2009-11-14,0.12186065552017022,0.16207371759629924,0.12345722943015613,0.10089521941557389,0.09010465897262887,0.010790560442945019,True,0.021884640067028283,0.06601195964135588,0.027063229228126096,0.09066308925474642,0.0005584302821175502,True,-0.010232130160827468,-0.010232130160827468
10,60,3927,2,2005-04-01,2015-04-01,0.11020173865238214,0.15989354514353482,0.12124971297397114,0.1652038964401641,0.15499225783529091,0.010211638604873174,True,0.01744186130475822,0.05530666140190615,0.025370114828755286,0.15508030628999236,8.80484547014504e-05,True,-0.010123590150171724,-0.010123590150171724
10,60,5890,3,2010-08-16,2020-08-15,0.11398939737955027,0.14186330917185289,0.11576328874181052,0.23897208726236974,0.2276926162295998,0.011279471032769939,True,0.030601696609944273,0.06645245277116342,0.031885115447616075,0.22936576145237386,0.001673145222774064,True,-0.009606325809995875,-0.009606325809995875
10,60,7854,4,2016-01-01,2025-12-31,0.1166462140195268,0.17042717584568828,0.12562771005287465,0.09076291416900184,0.08057795823251279,0.010184955936489049,True,0.026053511801809925,0.06999612743307748,0.035691481644273715,0.08157166672337635,0.000993708490863554,True,-0.009191247445625494,-0.009191247445625494
10,90,0,0,1994-07-01,2004-06-30,0.13747166856900872,0.18529645970161565,0.14219085800615483,0.0741075456022553,0.06298093697532359,0.011126608626931711,True,0.05007074982657178,0.11141256964659486,0.07419664241904633,0.0655530816192531,0.0025721446439295192,True,-0.008554463983002192,-0.008554463983002192
10,90,1963,1,1999-11-15,2009-11-14,0.14035245627933057,0.20489937587182283,0.1429735028962984,0.10356016461524864,0.09184902030830422,0.011711144306944421,True,0.003956071292434693,0.0926009792672922,0.012342042818086485,0.08958546994196404,-0.0022635503663401835,False,-0.013974694673284604,-0.013974694673284604
10,90,3927,2,2005-04-01,2015-04-01,0.13088300817247345,0.1772632201068631,0.13511119684666006,0.16660542561742386,0.15519161007727122,0.011413815540152639,True,0.041781701190491294,0.11696604364258502,0.061316372523835705,0.1570694005757518,0.0018777904984805804,True,-0.009536025041672058,-0.009536025041672058
10,90,5890,3,2010-08-16,2020-08-15,0.11733135902756109,0.15224397881029222,0.1177468280349323,0.2407062550201613,0.23004675759938253,0.010659497420778763,True,0.012612873424903803,0.04799138582175382,0.012612873424903581,0.22855148575805928,-0.0014952718413232535,False,-0.012154769262102016,-0.012154769262102016
10,90,7854,4,2016-01-01,2025-12-31,0.159271962354538,0.21443344563084424,0.17080545869768016,0.0923908454509288,0.07902417098630754,0.013366674464621253,True,0.04605979514151781,0.10196660265614828,0.06352251804723652,0.08122121555059869,0.0021970445642911507,True,-0.011169629900330103,-0.011169629900330103
10,120,0,0,1994-07-01,2004-06-30,0.1681027132129178,0.2355339787063011,0.1808640780761488,0.07471201392070825,0.061615658191393585,0.013096355729314668,True,0.06167652180330152,0.14216679563066423,0.08935592622986399,0.06449261738241074,0.002876959191017159,True,-0.01021939653829751,-0.01021939653829751
10,120,1963,1,1999-11-15,2009-11-14,0.2059593733085625,0.2569327813740373,0.21170440723673556,0.1045215708234255,0.08758252686111168,0.016939043962313827,True,0.07931066840522139,0.1966937539294466,0.09884585789658473,0.09232934610799504,0.00474681924688336,True,-0.012192224715430466,-0.012192224715430466
10,120,3927,2,2005-04-01,2015-04-01,0.14956326390372143,0.22594648119805408,0.15521975156097256,0.16702654349164514,0.1546513201177384,0.01237522337390673,True,0.038498907741319144,0.08434348643465092,0.04733463988074205,0.15522730825888598,0.0005759881411475654,True,-0.011799235232759164,-0.011799235232759164
10,120,5890,3,2010-08-16,2020-08-15,0.16644579116933378,0.22302628766213253,0.1718972485263195,0.2422758972587462,0.22730777338736252,0.014968123871383687,True,0.05595699308747504,0.11684963632095186,0.06120672359904411,0.22996980667780553,0.002662033290443011,True,-0.012306090580940676,-0.012306090580940676
10,120,7854,4,2016-01-01,2025-12-31,0.19354508681527838,0.29332248868401434,0.2101387842602067,0.09439639491844654,0.0787329827576948,0.015663412160751733,True,0.07032677271624443,0.1706006236943732,0.10498123721756758,0.08253453924601373,0.0038015564883189246,True,-0.011861855672432808,-0.011861855672432808
12,15,0,0,1994-07-01,2006-07-01,0.04054727718036877,0.04612081239200536,0.04054727718036877,0.12809051244765213,0.12467979393329687,0.00341071851435526,True,0.004384471162396153,0.006931341737266848,0.004188931732733714,0.12476942500006194,8.963106676507238e-05,True,-0.0033210874475901875,-0.0033210874475901875
12,15,1780,1,1999-05-16,2011-05-16,0.04110563900588349,0.04842019398242883,0.039883485569177646,0.07390266965244341,0.07060791152143242,0.0032947581310109886,True,0.00040069962485556054,0.001610854468247464,-0.0011709402414878944,0.07033860933975089,-0.00026930218168153,False,-0.0035640603126925186,-0.0035640603126925186
12,15,3561,2,2004-03-31,2016-03-31,0.04221185535902494,0.05068298758220211,0.04358266276772671,0.2173119359965865,0.21347065125653875,0.0038412847400477457,True,-0.0007217592390571514,2.7192249752293262e-05,-0.001839726118609386,0.21305199253303186,-0.0004186587235068817,False,-0.004259943463554627,-0.004259943463554627
12,15,5342,3,2009-02-14,2021-02-14,0.03944781433218236,0.04649254209295941,0.03985342250807933,0.22459599237798034,0.22065049223375888,0.003945500144221459,True,-0.0006752511885880219,0.002192059386160597,-0.0007091262578267643,0.22058172106531426,-6.877116844461462e-05,False,-0.004014271312666073,-0.004014271312666073
12,15,7123,4,2013-12-31,2025-12-31,0.048813235895210694,0.05979655737725186,0.05155715616683998,0.12119031167567629,0.11706442326493449,0.004125888410741796,True,0.004195218973326975,0.004475522480695447,0.003478686479893245,0.11713588386644713,7.146060151264066e-05,True,-0.004054427809229155,-0.004054427809229155
12,30,0,0,1994-07-01,2006-07-01,0.0625711957233892,0.07990228855655511,0.06278423206982453,0.1296822518261016,0.12462154042526352,0.0050607114008380805,True,0.010723810849795345,0.025285579593161873,0.011779782315284426,0.12498162971549043,0.00036008929022690594,True,-0.0047006221106111745,-0.0047006221106111745
12,30,1780,1,1999-05-16,2011-05-16,0.06797935229365071,0.07666538959482358,0.06822724968586269,0.07566106328788869,0.07038931069276089,0.005271752595127799,True,0.001300330834921759,0.016182550738382786,-0.0004358873969710908,0.06989635474642397,-0.0004929559463369149,False,-0.005764708541464714,-0.005764708541464714
12,30,3561,2,2004-03-31,2016-03-31,0.073501531424645,0.0931921425966133,0.07655010058691869,0.21917532805824758,0.21268028275672624,0.0064950453015213405,True,0.0016101965873285273,0.006789006315095589,4.368554881706288e-05,0.21215317817982693,-0.0005271045768993066,False,-0.007022149878420647,-0.007022149878420647
12,30,5342,3,2009-02-14,2021-02-14,0.06275635632384269,0.08072929871989429,0.06369276044509076,0.22676597656195407,0.22055372710908472,0.006212249452869356,True,-0.004307459299302208,-0.003187128157222914,-0.004718467865847065,0.22011433503798794,-0.000439392071096778,False,-0.006651641523966134,-0.006651641523966134
12,30,7123,4,2013-12-31,2025-12-31,0.08071860012251131,0.1037219345129114,0.0861918568352853,0.12279123532284952,0.116186249884211,0.006604985438638522,True,0.011523375333045038,0.02085737506452252,0.012268634622395691,0.11661713644951055,0.0004308865652995486,True,-0.0061740988733389734,-0.0061740988733389734
12,45,0,0,1994-07-01,2006-07-01,0.08845611280325927,0.109071807458419,0.08930385208771097,0.1309659000362975,0.12396429063675618,0.007001609399541309,True,0.017210310576875498,0.04233340390763973,0.02469352159182492,0.12460222243738817,0.0006379318006319856,True,-0.006363677598909323,-0.006363677598909323
12,45,1780,1,1999-05-16,2011-05-16,0.08379939078249277,0.0942057812512989,0.08372215254438142,0.07698089364517235,0.07069606198730338,0.006284831657868972,True,0.0036483721654922974,0.026191450148607673,0.003421115157074439,0.07010588958263053,-0.0005901724046728507,False,-0.006875004062541823,-0.006875004062541823
12,45,3561,2,2004-03-31,2016-03-31,0.09357827895112258,0.1235419189876737,0.1003783447528257,0.2209796349728783,0.21294784096399355,0.008031794008884763,True,0.004419385522521191,0.024732661826778763,0.005190311800856939,0.2123569910973686,-0.0005908498666249429,False,-0.008622643875509706,-0.008622643875509706
12,45,5342,3,2009-02-14,2021-02-14,0.08870581374628883,0.10719758746076072,0.08994767527994152,0.2277474343774002,0.22011813232958222,0.007629302047817976,True,0.00014348358212457057,0.012235265430810428,-0.0007945868441631143,0.2190893697314884,-0.001028762598093813,False,-0.00865806464591179,-0.00865806464591179
12,45,7123,4,2013-12-31,2025-12-31,0.11378870613785996,0.147023617140643,0.12435923610007737,0.12452227960604367,0.11542153577054437,0.009100743835499303,True,0.028021260678222637,0.043394543378183784,0.031370065164935346,0.11703814774980548,0.0016166119792611067,True,-0.0074841318562381964,-0.0074841318562381964
12,60,0,0,1994-07-01,2006-07-01,0.10474687129079974,0.14071404005700486,0.10868737552366792,0.13140275585329086,0.12332052732630827,0.008082228526982593,True,0.035171930105154514,0.07567241300353532,0.04775067842404179,0.12528493296733134,0.0019644056410230704,True,-0.006117822885959523,-0.006117822885959523
12,60,1780,1,1999-05-16,2011-05-16,0.11043178075122873,0.1260136297134016,0.10919758024107629,0.07765942468141263,0.06950345864843332,0.0081559660329793,True,0.013298462916348841,0.04705737277329048,0.016885922885560012,0.06946826119162708,-3.519745680624631e-05,False,-0.008191163489785547,-0.008191163489785547
12,60,3561,2,2004-03-31,2016-03-31,0.11316081153832203,0.14257259077552992,0.12091442319257895,0.22139563662489659,0.21190602173276707,0.009489614892129516,True,0.014407731632751775,0.039671284654928696,0.015957342629409288,0.2119766450379399,7.062330517282334e-05,True,-0.009418991586956693,-0.009418991586956693
12,60,5342,3,2009-02-14,2021-02-14,0.11649195831323467,0.15170865738523917,0.1192408096326869,0.22923111999141255,0.2179849926076498,0.011246127383762738,True,0.026374354656747645,0.05904012014844415,0.029060815731532186,0.22063255064749643,0.0026475580398466203,True,-0.008598569343916118,-0.008598569343916118
12,60,7123,4,2013-12-31,2025-12-31,0.13725766598917577,0.17932029689074766,0.14972566564891943,0.12519336018323712,0.11446044681295908,0.010732913370278041,True,0.05544368426177315,0.09367082113704375,0.06854278707935135,0.11821464739870491,0.003754200585745826,True,-0.006978712784532215,-0.006978712784532215
12,90,0,0,1994-07-01,2006-07-01,0.13358828589041583,0.17610402551360638,0.13606537743545144,0.1340257957394948,0.12416577564150022,0.009860020097994582,True,0.04003848953108924,0.09933830819978674,0.06279173036846841,0.12591358892351234,0.0017478132820121228,True,-0.008112206815982459,-0.008112206815982459
12,90,1780,1,1999-05-16,2011-05-16,0.13421775273013847,0.17270386149220673,0.134984573731325,0.08057617696182096,0.07113132140768741,0.009444855554133547,True,0.004894608009738732,0.0657719677808937,0.01482122876666403,0.06972725645575872,-0.0014040649519286852,False,-0.010848920506062232,-0.010848920506062232
12,90,3561,2,2004-03-31,2016-03-31,0.13034661718179286,0.18542247977692308,0.13679090165647056,0.2247379698952856,0.21438142555149997,0.010356544343785634,True,0.01697814714339252,0.0642473369824663,0.0299546529057384,0.21399858558389528,-0.00038283996760468675,False,-0.010739384311390321,-0.010739384311390321
12,90,5342,3,2009-02-14,2021-02-14,0.12766674953129908,0.1715343358701368,0.12966671316310618,0.23118301448906742,0.2210042169978026,0.010178797491264824,True,0.012548017837342051,0.032981906222906636,0.012625762653938777,0.22017454303094675,-0.0008296739668558484,False,-0.011008471458120672,-0.011008471458120672
12,90,7123,4,2013-12-31,2025-12-31,0.19376050705661663,0.260595508199653,0.2149520692050293,0.12828417503313871,0.11366601434083234,0.01461816069230637,True,0.09591903361913867,0.14432929700102928,0.11908872461338271,0.12027231144543626,0.00660629710460392,True,-0.00801186358770245,-0.00801186358770245
12,120,0,0,1994-07-01,2006-07-01,0.16221333029639995,0.22264867928616774,0.169436045254169,0.13458552525365275,0.12301960409129986,0.011565921162352888,True,0.047601940410536114,0.12594110231267075,0.07759149160701329,0.1248093505573058,0.001789746466005937,True,-0.009776174696346951,-0.009776174696346951
12,120,1780,1,1999-05-16,2011-05-16,0.16013660323503487,0.1827750325793441,0.15563607962194914,0.0813774842350945,0.07051353683395734,0.010863947401137164,True,0.017718899005558564,0.06197353116579117,0.02764532757627358,0.06963630111994412,-0.0008772357140132137,False,-0.011741183115150378,-0.011741183115150378
12,120,3561,2,2004-03-31,2016-03-31,0.1686825183039533,0.24939560352948048,0.18553988167965474,0.22462801122431886,0.21158646180147178,0.013041549422847076,True,0.048845357948358314,0.10490319487223393,0.06717781545264656,0.21363687910030693,0.00205041729883515,True,-0.010991132124011926,-0.010991132124011926
12,120,5342,3,2009-02-14,2021-02-14,0.17535955125940728,0.22145495186406758,0.17638974450628075,0.23106205615987063,0.21736146486447416,0.01370059129539647,True,0.06250855220408402,0.10814778774304017,0.06786842872779686,0.2207406777629739,0.0033792128984997394,True,-0.01032137839689673,-0.01032137839689673
12,120,7123,4,2013-12-31,2025-12-31,0.2540236273155061,0.33543679662252573,0.2791694202667947,0.12906699476774763,0.11050155454104393,0.0185654402267037,True,0.12918352495387952,0.20735387201376496,0.15934548819901329,0.11924358353704112,0.008742028995997186,True,-0.009823411230706514,-0.009823411230706514
15,15,0,0,1994-07-01,2009-07-01,0.0403283673660908,0.044884786799129495,0.04021105913524592,0.08988169609974261,0.08721122140562976,0.0026704746941128565,True,0.003920160082457214,0.006254527673145083,0.004091420437743909,0.0872964956517186,8.527424608884004e-05,True,-0.0025852004480240165,-0.0025852004480240165
15,15,1506,1,1998-08-15,2013-08-15,0.03878619705051811,0.04374692670930291,0.037883397015172404,0.07985716053723313,0.07731685791935416,0.0025403026178789645,True,0.0008803920960540612,0.0013318665529969864,-0.0002702440624581248,0.07718352536643658,-0.0001333325529175866,False,-0.002673635170796551,-0.002673635170796551
15,15,3013,2,2002-09-30,2017-09-30,0.04300137339628707,0.052405752946623155,0.04390595752050408,0.19038219967352155,0.18726178920603176,0.003120410467489787,True,0.0014876405303505535,0.003874999068648468,0.0015911049723902337,0.18716288525370572,-9.890395232603488e-05,False,-0.003219314419815822,-0.003219314419815822
15,15,4520,3,2006-11-15,2021-11-15,0.03932640849717295,0.04559826587073806,0.039269640249195326,0.1893013762064515,0.18646351023079855,0.0028378659756529423,True,-0.0012215727370408214,0.0005928511591529834,-0.001630357001295435,0.1861504739755553,-0.00031303625524325973,False,-0.003150902230896202,-0.003150902230896202
15,15,6027,4,2010-12-31,2025-12-31,0.042152234439092995,0.04755118646175691,0.0422817755556919,0.16117129691639942,0.15819089555910226,0.0029804013572971577,True,0.0016661385588041533,0.0012274130885742854,0.0012787174939259405,0.1581081898727612,-8.27056863410558e-05,False,-0.0030631070436382135,-0.0030631070436382135
15,30,0,0,1994-07-01,2009-07-01,0.06275714690844136,0.07626102646825643,0.06266390161827284,0.0913317759932879,0.08730967292696423,0.004022103066323668,True,0.009818582993313507,0.02212338400699343,0.010859628374054964,0.08762076282032827,0.00031108989336403603,True,-0.003711013172959632,-0.003711013172959632
15,30,1506,1,1998-08-15,2013-08-15,0.06330832134971809,0.07403336961735407,0.06350655612720546,0.0814433558691241,0.07741898905785272,0.004024366811271385,True,0.0024213333064273534,0.01723530097417833,0.0016271706266322017,0.07719907170163953,-0.00021991735621318398,False,-0.004244284167484569,-0.004244284167484569
15,30,3013,2,2002-09-30,2017-09-30,0.07094500937713821,0.0882711323595366,0.07413561366484323,0.19214988261036625,0.1871477645966706,0.0050021180136956556,True,-0.0012364657193651984,0.009294179023380865,-0.0008361097874073353,0.18661623009557182,-0.0005315345010987738,False,-0.005533652514794429,-0.005533652514794429
15,30,4520,3,2006-11-15,2021-11-15,0.06833803607578348,0.08204329767961786,0.0684856572544692,0.19098135985587983,0.18617776396111463,0.0048035958947652,True,0.005822501074333353,0.011393348416493155,0.005423167905918902,0.1862035545280356,2.579056692098014e-05,True,-0.00477780532784422,-0.00477780532784422
15,30,6027,4,2010-12-31,2025-12-31,0.07319650410154921,0.08281412575548373,0.07379254117650702,0.1626977694993068,0.1576580309044191,0.0050397385948877105,True,0.009737049734392045,0.015365144232710952,0.009228095563218908,0.1579830150892525,0.00032498418483339897,True,-0.0047147544100543115,-0.0047147544100543115
15,45,0,0,1994-07-01,2009-07-01,0.08858723393306178,0.104613670716082,0.08852361450166435,0.09235157049006104,0.08678412745480601,0.005567443035255026,True,0.015769407630758847,0.036897058222051,0.02124951381931428,0.08732153193156478,0.0005374044767587627,True,-0.005030038558496264,-0.005030038558496264
15,45,1506,1,1998-08-15,2013-08-15,0.08165825266975091,0.09058157227427671,0.07934586915898656,0.08241480603122331,0.07735467449544964,0.005060131535773671,True,0.009188185439104712,0.025833632212241255,0.009170610796937373,0.07742046870955699,6.579421410735087e-05,True,-0.00499433732166632,-0.00499433732166632
15,45,3013,2,2002-09-30,2017-09-30,0.0954977282076166,0.11901588825641471,0.10040934920640687,0.19345735077862702,0.18687260782214277,0.0065847429564842574,True,-0.00099458464260882,0.021871191645278246,0.0007609969206701095,0.1861427599328469,-0.0007298478892958649,False,-0.007314590845780122,-0.007314590845780122
15,45,4520,3,2006-11-15,2021-11-15,0.08698758185150068,0.09763545539574167,0.08706841221332895,0.19231069764364217,0.18635008319160828,0.0059606144520338855,True,0.019311913062171282,0.029358409088497326,0.01931411532996452,0.18721222493175782,0.0008621417401495357,True,-0.00509847271188435,-0.00509847271188435
15,45,6027,4,2010-12-31,2025-12-31,0.08450827622875345,0.09543474874588467,0.08489425002172135,0.16417875205514254,0.15853512146100912,0.00564363059413342,True,0.0033970567301153665,0.011768291764478097,0.0026537148732725946,0.1581614399643423,-0.00037368149666683337,False,-0.006017312090800253,-0.006017312090800253
15,60,0,0,1994-07-01,2009-07-01,0.10420529059057593,0.13306110781338498,0.10591963642995794,0.09277815462965289,0.08637199555768427,0.00640615907196862,True,0.032547380653432434,0.066981410326946,0.04226846026111719,0.08790115441944679,0.0015291588617625251,True,-0.004877000210206095,-0.004877000210206095
15,60,1506,1,1998-08-15,2013-08-15,0.0965921231231841,0.11002748699083321,0.09647665061814004,0.08321351989949588,0.07735808269155453,0.00585543720794135,True,0.007467294122362134,0.03526885578094755,0.006946175510372132,0.0771074010395365,-0.0002506816520180255,False,-0.006106118859959375,-0.006106118859959375
15,60,3013,2,2002-09-30,2017-09-30,0.11580711928912524,0.14459510235868478,0.122518650182879,0.19394424244851138,0.18611684852675348,0.007827393921757908,True,0.015887477379693316,0.04415508335237452,0.0188300229209597,0.18649917057520704,0.000382322048453565,True,-0.007445071873304343,-0.007445071873304343
15,60,4520,3,2006-11-15,2021-11-15,0.10419309701100565,0.13262095750354919,0.10550107766453043,0.19283634567309194,0.18584449158070648,0.006991854092385452,True,0.023971128168269518,0.060642769616441924,0.025104381853424673,0.18685357456813723,0.0010090829874307428,True,-0.005982771104954709,-0.005982771104954709
15,60,6027,4,2010-12-31,2025-12-31,0.106652691870186,0.1301199295887923,0.10757610402793683,0.16472322680172624,0.15772442267595554,0.006998804125770697,True,0.009362905610794447,0.019002118970417533,0.009519150597616655,0.15760019379619084,-0.00012422887976470953,False,-0.007123033005535406,-0.007123033005535406
15,90,0,0,1994-07-01,2009-07-01,0.13396997758371976,0.16687822224542306,0.13397183413990965,0.0946992645985334,0.08675948455129245,0.00793978004724094,True,0.03692087326367366,0.0867151477917073,0.05297392985205218,0.08818954383798516,0.0014300592866927087,True,-0.006509720760548232,-0.006509720760548232
15,90,1506,1,1998-08-15,2013-08-15,0.1297692531346395,0.15396492505681195,0.1301526729876794,0.0851236328380578,0.07751709353055469,0.007606539307503102,True,0.017811875886642792,0.0765081466666047,0.022492982348472745,0.0775979937535467,8.090022299200861e-05,True,-0.007525639084511093,-0.007525639084511093
15,90,3013,2,2002-09-30,2017-09-30,0.14725226656941848,0.20309035312316986,0.15861339623885673,0.19609703100527676,0.18649863804041145,0.00959839296486531,True,0.03283652300879236,0.0965564281431894,0.05241504393008789,0.1877476324526386,0.0012489944122271446,True,-0.008349398552638165,-0.008349398552638165
15,90,4520,3,2006-11-15,2021-11-15,0.15194769569402888,0.18362984201559107,0.152261469822631,0.19463319298524717,0.18472566688658532,0.009907526098661856,True,0.06468023599890982,0.10817081420302183,0.06684201384728805,0.18837573908740746,0.003650072200822141,True,-0.006257453897839715,-0.006257453897839715
15,90,6027,4,2010-12-31,2025-12-31,0.14427378219391018,0.1770192420435541,0.1471905269553555,0.16651375387943435,0.1573550094458951,0.009158744433539256,True,0.03055818323715842,0.05228014480230852,0.03336351223469913,0.15840255463873376,0.0010475451928386725,True,-0.008111199240700584,-0.008111199240700584
15,120,0,0,1994-07-01,2009-07-01,0.1612683526598575,0.2091034025222023,0.16334911977134192,0.0952415452411215,0.0859694122315926,0.009272133009528893,True,0.04383208404078753,0.10921703180291957,0.06393356909084358,0.08748494549729546,0.001515533265702862,True,-0.0077565997438260315,-0.0077565997438260315
15,120,1506,1,1998-08-15,2013-08-15,0.14473489258946648,0.14801443626756888,0.14413695252659853,0.08643332635428491,0.07826305518318555,0.008170271171099364,True,0.01762182756498909,0.061330729002465986,0.018764956443787062,0.07793876354608864,-0.00032429163709690734,False,-0.008494562808196271,-0.008494562808196271
15,120,3013,2,2002-09-30,2017-09-30,0.19024847583099525,0.2430532108236447,0.20518441867543236,0.19746172289684005,0.18537259475506973,0.012089128141770322,True,0.046164817452489126,0.10636143851705715,0.06748279008633196,0.18720384264604517,0.0018312478909754404,True,-0.010257880250794882,-0.010257880250794882
15,120,4520,3,2006-11-15,2021-11-15,0.1422689893992457,0.15901708285656313,0.14268599183305786,0.19486558986337443,0.18605363751378423,0.008811952349590202,True,0.05737041419050959,0.11198279565957027,0.062370505202322235,0.18872959242294285,0.0026759549091586177,True,-0.006135997440431584,-0.006135997440431584
15,120,6027,4,2010-12-31,2025-12-31,0.15641895213468748,0.1990871808997504,0.15910997885262934,0.1674954601852996,0.15793461797829011,0.009560842207009479,True,0.0256596145851824,0.06281808495814507,0.02769200900132973,0.15819378287430363,0.00025916489601351955,True,-0.00930167731099596,-0.00930167731099596
20,15,0,0,1994-07-01,2014-07-01,0.03982942737181894,0.043623409260084754,0.03986055346192252,0.09850710846565325,0.09647645266537319,0.0020306558002800568,True,0.0033735401515726515,0.005486711637398983,0.003825513533169067,0.09654863497643484,7.218231106165263e-05,True,-0.001958473489218404,-0.001958473489218404
20,15,1050,1,1997-05-16,2017-05-16,0.0412035612774968,0.04624254088896126,0.04160411748306814,0.1648149040932141,0.1625849048030772,0.002229999290136897,True,0.002505587363887063,0.0056283336839385596,0.003095417281169688,0.16261113131945892,2.6226516381733234e-05,True,-0.0022037727737551638,-0.0022037727737551638
20,15,2100,2,2000-03-31,2020-03-31,0.04034400731457377,0.04473276636539395,0.04037330450287546,0.17959226932802985,0.1773825970844427,0.0022096722435871463,True,0.0009224457116749907,0.0019075340547073218,0.000850778246693773,0.17731612027514188,-6.647680930083055e-05,False,-0.002276149052887977,-0.002276149052887977
20,15,3150,3,2003-02-14,2023-02-14,0.04330014274731009,0.051079909341155506,0.04371492851669734,0.16240163601319835,0.16005957283284977,0.0023420631803485747,True,8.377412268778528e-05,0.0017196214767268483,-6.122552646914414e-05,0.15994545688045125,-0.00011411595239851913,False,-0.002456179132747094,-0.002456179132747094
20,15,4201,4,2005-12-31,2025-12-31,0.039615781595634614,0.0446952945355899,0.039658801477176375,0.1566246535613416,0.15449808717811986,0.0021265663832217285,True,-0.0007879212662020851,-0.0002932163174937846,-0.0009781643310105004,0.15433389979772705,-0.00016418738039281067,False,-0.002290753763614539,-0.002290753763614539
20,30,0,0,1994-07-01,2014-07-01,0.061835034952858914,0.07264154009508875,0.062206941577918506,0.09959587812205783,0.09652724855780948,0.0030686295642483596,True,0.008925423705053337,0.018757225064662948,0.009886275200449157,0.09678929755086041,0.000262048993050934,True,-0.0028065805711974257,-0.0028065805711974257
20,30,1050,1,1997-05-16,2017-05-16,0.06230291786110698,0.06972776545603863,0.06245102171468919,0.1659491364578245,0.1626697252630125,0.0032794111948120097,True,0.006700195708379653,0.017384776619193243,0.007194277669342775,0.16281919997067096,0.00014947470765847015,True,-0.0031299364871535396,-0.0031299364871535396
20,30,2100,2,2000-03-31,2020-03-31,0.06299635280342342,0.06738945934976355,0.0630489585776639,0.18081144820248762,0.1774518163718477,0.0033596318306399198,True,0.0036639116955508033,0.007872756845906097,0.0034489343364347835,0.17742534955230127,-2.6466819546433484e-05,False,-0.0033860986501863533,-0.0033860986501863533
20,30,3150,3,2003-02-14,2023-02-14,0.07152866348952513,0.08386366391105708,0.07243812436141761,0.16369220120940575,0.1599175293104833,0.0037746718989224437,True,0.0055385516321642125,0.01382330284982457,0.00558586181207299,0.15999968270019704,8.215338971373498e-05,True,-0.0036925185092087087,-0.0036925185092087087
20,30,4201,4,2005-12-31,2025-12-31,0.06390163592321674,0.07176501942400951,0.06400091163794808,0.15785015237055267,0.15450579451232271,0.0033443578582299516,True,-0.0019510584790416452,0.003843049325002798,-0.0023735361696121116,0.15415595112561942,-0.00034984338670329684,False,-0.0036942012449332484,-0.0036942012449332484
20,45,0,0,1994-07-01,2014-07-01,0.08608523294013137,0.1000479161217712,0.08735644057198089,0.10026303237903211,0.09606662920996678,0.0041964031690653325,True,0.013045916254657675,0.031028152052017494,0.016763368709598048,0.09643977656728397,0.00037314735731719395,True,-0.0038232558117481386,-0.0038232558117481386
20,45,1050,1,1997-05-16,2017-05-16,0.09105607605637744,0.10812818789444538,0.09263583760672978,0.16678653173947677,0.1620710534463623,0.004715478293114472,True,0.025586115440368706,0.04810160777183905,0.0283835728399755,0.16318196644989125,0.001110913003528946,True,-0.0036045652895855262,-0.0036045652895855262
20,45,2100,2,2000-03-31,2020-03-31,0.08442784908961642,0.09749876089009041,0.08456159470688207,0.18173594080941902,0.17731869552962842,0.004417245279790594,True,-0.007672522467730092,0.004393561814126104,-0.007897291003633677,0.1765033331845154,-0.0008153623451130354,False,-0.005232607624903629,-0.005232607624903629
20,45,3150,3,2003-02-14,2023-02-14,0.09404870074226168,0.11183239725926993,0.09603426130465476,0.16455663891437755,0.15969133529309332,0.004865303621284234,True,0.0002732787446075857,0.017529254963974807,0.0006443670336457874,0.15935039997392897,-0.00034093531916434827,False,-0.005206238940448582,-0.005206238940448582
20,45,4201,4,2005-12-31,2025-12-31,0.08603750222316386,0.09608726104170073,0.08630986280679065,0.15853575681767373,0.15411843047526785,0.004417326342405881,True,0.010827097770239824,0.02047858494582329,0.010757520059933245,0.1543848492229818,0.0002664187477139368,True,-0.004150907594691944,-0.004150907594691944
20,60,0,0,1994-07-01,2014-07-01,0.10268960804928717,0.12533441745407123,0.10413168508702975,0.10090118980409035,0.09598446934984484,0.004916720454245516,True,0.03104653513220934,0.05793141308477587,0.03436768154891423,0.09720957868865798,0.0012251093388131462,True,-0.0036916111154323694,-0.0036916111154323694
20,60,1050,1,1997-05-16,2017-05-16,0.09941131604655551,0.1195877671466763,0.10145348342651639,0.16789752158152838,0.1628546923900187,0.005042829191509668,True,0.009891346176065463,0.04014485760354443,0.012156963301122259,0.1629484366694327,9.374427941399865e-05,True,-0.004949084912095669,-0.004949084912095669
20,60,2100,2,2000-03-31,2020-03-31,0.10577800236026547,0.11236043912278318,0.106047102868573,0.182318428698369,0.1768735022677581,0.005444926430610897,True,0.02676639773948497,0.0454726557878213,0.02880084790311721,0.17794399899918445,0.0010704967314263403,True,-0.004374429699184557,-0.004374429699184557
20,60,3150,3,2003-02-14,2023-02-14,0.10719354888110044,0.13142165202571002,0.10905816762566634,0.165555726771216,0.16011378747409477,0.005441939297121223,True,0.007026554197030022,0.029596574330724556,0.0071849515765007865,0.16004252873718827,-7.125873690649875e-05,False,-0.005513198034027722,-0.005513198034027722
20,60,4201,4,2005-12-31,2025-12-31,0.09994789291583528,0.11443735462525405,0.1001561886757989,0.1590551986108386,0.1540210191437168,0.005034179467121813,True,0.014587540906890739,0.028527473224017094,0.014936549196694404,0.1543819021118258,0.0003608829681089887,True,-0.0046732964990128245,-0.0046732964990128245
20,90,0,0,1994-07-01,2014-07-01,0.13008875951056775,0.1577073296376385,0.13247278283883124,0.10172371045486184,0.09567943405399681,0.006044276400865023,True,0.033090566780507036,0.07340120659771665,0.04006118179812779,0.09679127791137221,0.0011118438573753942,True,-0.004932432543489629,-0.004932432543489629
20,90,1050,1,1997-05-16,2017-05-16,0.12900270054997187,0.15805777703055618,0.13116125033636616,0.1684132073694835,0.1620589237462573,0.006354283623226209,True,0.0410058750269755,0.08181110284616505,0.04788742850440886,0.16368213611924576,0.0016232123729884584,True,-0.0047310712502377505,-0.0047310712502377505
20,90,2100,2,2000-03-31,2020-03-31,0.12840648480865702,0.1396464828078768,0.1288112390887508,0.18309546739447446,0.17669241376180933,0.006403053632665134,True,0.012396201153313191,0.03734113199080291,0.014187751697121831,0.17669534989380553,2.936131996200686e-06,True,-0.006400117500668934,-0.006400117500668934
20,90,3150,3,2003-02-14,2023-02-14,0.15071840857794583,0.17802229452423093,0.15341679954383292,0.16619862576703137,0.1587520459250209,0.00744657984201047,True,0.017141741968994095,0.045628911904701155,0.018068439799372005,0.15902591383721854,0.00027386791219763396,True,-0.007172711929812836,-0.007172711929812836
20,90,4201,4,2005-12-31,2025-12-31,0.1106814770827611,0.12228881172579088,0.11096525506632093,0.16030813703752256,0.15494087472096285,0.005367262316559707,True,0.003954526610662201,0.01845512034017829,0.0041041507939429955,0.1544601934489136,-0.0004806812720492548,False,-0.0058479435886089615,-0.0058479435886089615
20,120,0,0,1994-07-01,2014-07-01,0.15783120157325903,0.1961059848096764,0.16047264469452127,0.10276596310421882,0.09562017264312961,0.007145790461089208,True,0.04250660677370699,0.09235063063773347,0.048440861662049084,0.09699596838754898,0.0013757957444193725,True,-0.005769994716669835,-0.005769994716669835
20,120,1050,1,1997-05-16,2017-05-16,0.1430538789539726,0.1858926808609181,0.14567658439068465,0.170107906245206,0.1632726247080476,0.0068352815371584,True,0.015102464541983718,0.061893346657386314,0.019897989229184176,0.16318307103771335,-8.955367033425254e-05,False,-0.006924835207492652,-0.006924835207492652
20,120,2100,2,2000-03-31,2020-03-31,0.1593484335471551,0.18217753951801063,0.16055462506481333,0.18470489876681317,0.17695108750011523,0.007753811266697941,True,0.06286017976679759,0.10343473769189626,0.06977274045039694,0.17956884161777698,0.0026177541176617414,True,-0.0051360571490361995,-0.0051360571490361995
20,120,3150,3,2003-02-14,2023-02-14,0.17749759748955074,0.2195481026057723,0.18344995462662905,0.16780555699492306,0.15926163991630848,0.008543917078614571,True,0.03907227771778454,0.08650624911097878,0.04179656192438341,0.16052586438803762,0.0012642244717291362,True,-0.007279692606885435,-0.007279692606885435
20,120,4201,4,2005-12-31,2025-12-31,0.15765786208301558,0.18235024935872485,0.15834339075225445,0.16152393556912714,0.15400398731515463,0.007519948253972508,True,0.024492792392241114,0.05218932688099267,0.02541119392634905,0.15444665877958696,0.0004426714644323315,True,-0.007077276789540177,-0.007077276789540177
