horizon_years,contribution_interval_days,window_stride_days,window_number,start_date,end_date,final_relative_advantage_theoretical,mean_relative_advantage_theoretical,median_relative_advantage_theoretical,annual_return_btd_theoretical,annual_return_dca,annual_alpha_theoretical,theoretical_win,final_relative_advantage_implementable,mean_relative_advantage_implementable,median_relative_advantage_implementable,annual_return_btd_implementable,annual_alpha_implementable,implementable_win,implementable_minus_theoretical_annual_alpha,implementable_minus_theoretical_annual_return
1,15,0,0,1950-01-03,1951-01-03,0.058377310620939094,0.05817040154190039,0.04204473626529981,0.12171733041584809,0.1039945811133296,0.017722749302518492,True,0.03774428700200394,0.00014977891667461882,0.0,0.09983466471415992,-0.004159916399169683,False,-0.021882665701688175,-0.021882665701688175
1,15,6847,1,1968-10-02,1969-10-02,0.06100443835993952,0.08674445393487952,0.0326117398941268,0.21227118255859168,0.1901614422205653,0.022109740338026374,True,0.035013427906437355,0.00013894217423189426,0.0,0.18255456114862456,-0.007606881071940741,False,-0.029716621409967114,-0.029716621409967114
1,15,13695,2,1987-07-03,1988-07-02,0.058568328025305094,0.12359617033889836,0.06351809566912059,0.20514219569926073,0.18583471258722373,0.019307483112037005,True,0.035157495755105295,0.00014006970420360674,0.0,0.17839929715125913,-0.0074354154359645985,False,-0.026742898548001603,-0.026742898548001603
1,15,20543,3,2006-04-02,2007-04-02,0.06111848278290566,0.07699262601197177,0.020707022320987978,0.048270086970024995,0.028988420942071436,0.01928166602795356,True,0.041370230023330734,0.004028071910965815,0.0013112992277706237,0.02869458681407777,-0.00029383412799366404,False,-0.019575500155947223,-0.019575500155947223
1,15,27391,4,2024-12-31,2025-12-31,0.06517541998110099,0.06954604580104526,0.01979115982033086,-0.15682336341470637,-0.1754451386390674,0.018621775224361037,True,0.05112465502892016,0.005324273029559832,0.0006302147075101239,-0.16795330247562978,0.007491836163437626,True,-0.01112993906092341,-0.01112993906092341
1,30,0,0,1950-01-03,1951-01-03,0.11146003316462405,0.11718167396611497,0.11146003316462405,0.1281583151533483,0.09958974262391318,0.02856857252943512,True,0.07401972645521337,0.023720019769483545,0.0006532976272999313,0.09012992956468069,-0.009459813059232491,False,-0.03802838558866761,-0.03802838558866761
1,30,6847,1,1968-10-02,1969-10-02,0.11686168597002222,0.2160941715746146,0.12533461039473393,0.2203045631267302,0.1836461291717706,0.0366584339549596,True,0.07116602782116521,0.002119585870063093,-0.00232314606044981,0.1703431205563457,-0.013303008615424883,False,-0.049961442570384484,-0.049961442570384484
1,30,13695,2,1987-07-03,1988-07-02,0.11097759201598478,0.25108111092352453,0.15258099425151583,0.2073393916254176,0.1771955118181332,0.03014387980728439,True,0.07099385907100997,0.015757385115945717,0.00021025918110084696,0.16374113884646824,-0.013454372971664963,False,-0.043598252778949353,-0.043598252778949353
1,30,20543,3,2006-04-02,2007-04-02,0.1145317779875541,0.15528956136074168,0.04409237353857365,0.05349027541014806,0.023900696243052577,0.02958957916709548,True,0.08497902288240944,0.07812777903877428,0.012015764985296884,0.02546144722340582,0.0015607509803532427,True,-0.02802882818674224,-0.02802882818674224
1,30,27391,4,2024-12-31,2025-12-31,0.12265814932535801,0.15485677893403232,0.03368327771726087,-0.1417731736121658,-0.17185563305967466,0.03008245944750887,True,0.10054802967192655,0.02522515919346091,0.002017100869652344,-0.1586869294418084,0.013168703617866262,True,-0.016913755829642607,-0.016913755829642607
1,45,0,0,1950-01-03,1951-01-03,0.15473963293448256,0.19575061998791016,0.17169085998430744,0.13334614993829996,0.10413776107217565,0.029208388866124313,True,0.1011423301352099,0.07744221686585534,-0.013597324527904298,0.08070664645032988,-0.023431114621845772,False,-0.052639503487970085,-0.052639503487970085
1,45,6847,1,1968-10-02,1969-10-02,0.167399082989236,0.3612736621407884,0.25775435232971655,0.22118978881057982,0.17680724689776595,0.04438254191281388,True,0.12565627140563818,0.06484429578802449,0.024910560719662467,0.17749421052127068,0.0006869636235047327,True,-0.043695578289309145,-0.043695578289309145
1,45,13695,2,1987-07-03,1988-07-02,0.15580688834359768,0.3442535830685355,0.23717788400096107,0.2059881800681751,0.1737348624271755,0.03225331764099959,True,0.10907316333747374,0.05168822837605237,0.00378892934903563,0.15706142124542,-0.01667344118175551,False,-0.0489267588227551,-0.0489267588227551
1,45,20543,3,2006-04-02,2007-04-02,0.15693084848088623,0.2476190583721518,0.047287789995466456,0.06317529709454983,0.03373270765355585,0.029442589440993983,True,0.11695848163164846,0.03253384451172612,-0.0058881572625238965,0.026318285811022246,-0.007414421842533603,False,-0.036857011283527585,-0.036857011283527585
1,45,27391,4,2024-12-31,2025-12-31,0.1749278415449147,0.17295710601579348,0.037791018911599306,-0.1296838111462031,-0.16669215124718784,0.03700834010098475,True,0.1458697910520037,0.06381639323442613,0.0066679161956615385,-0.15122283374774925,0.015469317499438584,True,-0.021539022601546165,-0.021539022601546165
1,60,0,0,1950-01-03,1951-01-03,0.2168382443313499,0.302941631442123,0.252135032200431,0.12901216415247152,0.08243053539571155,0.046581628756759974,True,0.16435890509743878,0.16210319019183744,0.01223858943694478,0.0802879346674732,-0.002142600728238353,False,-0.04872422948499833,-0.04872422948499833
1,60,6847,1,1968-10-02,1969-10-02,0.22037403600987493,0.356448781724981,0.3136907545250036,0.21891893220511371,0.16523967960222685,0.05367925260288686,True,0.1641467701731738,0.09569739618309694,0.05537919500646549,0.16272114329305443,-0.0025185363091724255,False,-0.05619778891205929,-0.05619778891205929
1,60,13695,2,1987-07-03,1988-07-02,0.20816521977473523,0.31277502154575826,0.28894271797706006,0.2103310414202706,0.16861782039378204,0.041713221026488556,True,0.13983197349990362,0.05962060069003331,-0.004046171917346242,0.14164701564932347,-0.026970804744458565,False,-0.06868402577094712,-0.06868402577094712
1,60,20543,3,2006-04-02,2007-04-02,0.2102303855865828,0.3335236343729123,0.24643547851008796,0.05970967784736825,0.02143553564809486,0.03827414219927339,True,0.16190172891141463,0.08217806073216216,0.0075393568557931,0.01724945880631923,-0.004186076841775632,False,-0.04246021904104902,-0.04246021904104902
1,60,27391,4,2024-12-31,2025-12-31,0.22833882495992186,0.2529032330944662,0.04209485051209394,-0.11779525153145365,-0.1621183511280041,0.04432309959655045,True,0.19069694154358507,0.13261952348508374,0.014550642442877848,-0.14484824404189978,0.017270107086104325,True,-0.027052992510446128,-0.027052992510446128
1,90,0,0,1950-01-03,1951-01-03,0.28780842021844966,0.5951572793085018,0.541471920706392,0.1419842829908715,0.10843445113547512,0.033549831855396395,True,0.19649770285056278,-0.007364212971663387,-0.03739847782245165,0.060959630451930424,-0.047474820683544694,False,-0.08102465253894109,-0.08102465253894109
1,90,6847,1,1968-10-02,1969-10-02,0.3252742352648945,0.40485028443609317,0.4141061871678091,0.2265120907210434,0.15680111223409265,0.06971097848695074,True,0.2639092691551539,0.36776756043362735,0.11860509346398906,0.1696821841426024,0.012881071908509734,True,-0.056829906578441,-0.056829906578441
1,90,13695,2,1987-07-03,1988-07-02,0.3212168792631873,0.6173895171789202,0.5975717201174437,0.206705166707984,0.14144353890963268,0.06526162779835132,True,0.223394682188361,0.2875876700498487,0.007897224578725437,0.11706623184587817,-0.024377307063754516,False,-0.08963893486210583,-0.08963893486210583
1,90,20543,3,2006-04-02,2007-04-02,0.31089003559819783,0.4038833646560689,0.08504047949093996,0.06260890625165394,0.013085891775651115,0.049523014476002825,True,0.25371208458652084,0.23648745798619603,0.05448034550869685,0.016104767057607994,0.0030188752819568787,True,-0.046504139194045946,-0.046504139194045946
1,90,27391,4,2024-12-31,2025-12-31,0.316102411879154,0.060788979698192296,0.04663052341594165,-0.10001042669545179,-0.1452433712946024,0.045232944599150615,True,0.26379285129535845,0.27771471496679917,0.36154283861818515,-0.13580525088395023,0.009438120410652173,True,-0.03579482418849844,-0.03579482418849844
1,120,0,0,1950-01-03,1951-01-03,0.43231307877672975,0.6578354396323723,0.6193902742168211,0.13358340614750364,0.05519556718444418,0.07838783896305945,True,0.33938189514320327,0.1879466943453583,-0.010259511278387201,0.05998566496032742,0.00479009777588324,True,-0.07359774118717621,-0.07359774118717621
1,120,6847,1,1968-10-02,1969-10-02,0.42258050274992653,0.4908718654945833,0.5929422977450314,0.23397073269240098,0.15650488354585046,0.07746584914655053,True,0.32005178242350296,0.2559432019369572,0.04479571498556556,0.14497689863434315,-0.011527984911507305,False,-0.08899383405805783,-0.08899383405805783
1,120,13695,2,1987-07-03,1988-07-02,0.413648914825951,0.8246729827262119,0.5855745765475209,0.21749140238418163,0.14808975229955523,0.0694016500846264,True,0.28464712811322834,-0.010185449041906224,-0.00824480928480864,0.10602635907305413,-0.0420633932265011,False,-0.1114650433111275,-0.1114650433111275
1,120,20543,3,2006-04-02,2007-04-02,0.40791085294441887,0.32535161242760835,0.1293648599402799,0.06716358308248327,0.010446694237282284,0.056716888845200986,True,0.33405083160699967,0.3740742262951829,0.006156734798776986,0.010992307317662542,0.0005456130803802584,True,-0.05617127576482073,-0.05617127576482073
1,120,27391,4,2024-12-31,2025-12-31,0.4292566534800535,0.21141822390148773,0.057971498160687585,-0.0852859672581543,-0.1467168093387191,0.06143084208056482,True,0.34724019339510526,0.49366981005402866,0.5498946766532076,-0.13781081439304943,0.008905994945669682,True,-0.052524847134895136,-0.052524847134895136
2,15,0,0,1950-01-03,1952-01-03,0.038817227413948,0.04652444639678354,0.03942025999972665,0.23363507885811274,0.22290286527926528,0.01073221357884746,True,0.014610459549509791,0.000592394461183037,0.0,0.21916728226642146,-0.003735583012843824,False,-0.014467796591691284,-0.014467796591691284
2,15,6756,1,1968-07-03,1970-07-03,0.038678275607562096,0.0693288242062493,0.024680173200189337,0.08902955051306116,0.0796276139472527,0.009401936565808455,True,0.01787542367421402,3.484488045655754e-05,0.0,0.07806127360004256,-0.001566340347210149,False,-0.010968276913018604,-0.010968276913018604
2,15,13513,2,1987-01-02,1989-01-01,0.03721917993879531,0.06319589373425015,0.03850626260160661,0.15480645171529162,0.14561707731786977,0.009189374397421846,True,0.015620376864243335,-0.0003908734337000902,-0.0004589509803316627,0.14267820190608616,-0.0029388754117836147,False,-0.01212824980920546,-0.01212824980920546
2,15,20269,3,2005-07-02,2007-07-02,0.0386110788574463,0.04710886524288374,0.020447199399071803,0.018504043027816053,0.009719697896036994,0.008784345131779059,True,0.01983126860217177,-0.00023843967522455757,-0.0007947385088998837,0.009222296661592022,-0.0004974012344449719,False,-0.00928174636622403,-0.00928174636622403
2,15,27026,4,2024-01-01,2025-12-31,0.04109072847891171,0.05309724597185155,0.019093485693432388,-0.08868286888043875,-0.09759863473681196,0.008915765856373215,True,0.026129130447418047,0.0006925188082405838,0.0,-0.09525935675990183,0.002339277976910137,True,-0.006576487879463078,-0.006576487879463078
2,30,0,0,1950-01-03,1952-01-03,0.07028843930739548,0.09412328330414264,0.07749483943480007,0.2353561027030302,0.21871484076409953,0.016641261938930674,True,0.031022189581470183,0.013764205991223515,0.0009044367087234217,0.21246774702976534,-0.006247093734334186,False,-0.02288835567326486,-0.02288835567326486
2,30,6756,1,1968-07-03,1970-07-03,0.06984887133674933,0.12508816235249487,0.07138626549900806,0.09274840564130193,0.07824977982319226,0.014498625818109678,True,0.036544761339507126,0.00739552305193279,0.0007871004998332154,0.07559380470142307,-0.002655975121769183,False,-0.01715460093987886,-0.01715460093987886
2,30,13513,2,1987-01-02,1989-01-01,0.06805093609497237,0.1308479726533236,0.08537418861719215,0.15783297754948378,0.1433933540373229,0.014439623512160882,True,0.03267235260764689,0.00979414126076441,0.0009744442511685492,0.13842936181407262,-0.00496399222325028,False,-0.01940361573541116,-0.01940361573541116
2,30,20269,3,2005-07-02,2007-07-02,0.07103757443830072,0.09709494237842015,0.03726586935482301,0.023315560300724236,0.009138726949195819,0.014176833351528417,True,0.03803194799692666,0.026333276664488113,-0.004082506202928604,0.007370533423150638,-0.0017681935260451809,False,-0.015945026877573598,-0.015945026877573598
2,30,27026,4,2024-01-01,2025-12-31,0.07152752083573288,0.094431376691258,0.024032318746089576,-0.08336596353840187,-0.09623713107722165,0.012871167538819783,True,0.04990580937016165,0.008403460697230492,0.0009563592187638026,-0.09266753177691611,0.003569599300305537,True,-0.009301568238514246,-0.009301568238514246
2,45,0,0,1950-01-03,1952-01-03,0.09476087256776311,0.13923233540552152,0.1041347580567944,0.23903971559842985,0.22063442599756078,0.018405289600869068,True,0.03927461099262719,0.03706514396148416,-0.010074804300494011,0.20721053484276086,-0.013423891154799916,False,-0.031829180755668984,-0.031829180755668984
2,45,6756,1,1968-07-03,1970-07-03,0.10456255297369044,0.20976797658421859,0.12870271790805665,0.09681227852599017,0.07571157234225923,0.021100706183730944,True,0.06143265860682745,0.04830483723055305,0.014365525405914514,0.07517075992628386,-0.0005408124159753669,False,-0.02164151859970631,-0.02164151859970631
2,45,13513,2,1987-01-02,1989-01-01,0.09810429664870934,0.1674962748800047,0.12890154407055565,0.15766879000105605,0.13868190789883883,0.018986882102217217,True,0.05591647022779345,0.051601281186620655,0.013335632435777844,0.13513652509505625,-0.003545382803782582,False,-0.0225322649059998,-0.0225322649059998
2,45,20269,3,2005-07-02,2007-07-02,0.09979295803468147,0.12373068559073995,0.05059983229604237,0.02821831256209273,0.01057514331337428,0.01764316924871845,True,0.05233627962346965,0.017599062636494685,-0.012754506441821634,0.0057134227778070645,-0.0048617205355672155,False,-0.022504889784285664,-0.022504889784285664
2,45,27026,4,2024-01-01,2025-12-31,0.1012753815202061,0.103893270728152,0.028700907990605318,-0.07793633436401692,-0.09432562193417648,0.01638928757015956,True,0.07401756735070553,0.03849814052509773,0.004099888710158872,-0.08942670719433432,0.004898914739842164,True,-0.011490372830317397,-0.011490372830317397
2,60,0,0,1950-01-03,1952-01-03,0.13601144138627586,0.2175560528193153,0.16864385978912444,0.23948738351241583,0.2103883894645382,0.029098994047877635,True,0.06945918415409569,0.09141403844054881,0.013322924215232845,0.2026074394064068,-0.007780950058131397,False,-0.03687994410600903,-0.03687994410600903
2,60,6756,1,1968-07-03,1970-07-03,0.13265475058394083,0.17398841335030274,0.14071358688478708,0.10007353307645239,0.07583921861258736,0.024234314463865037,True,0.08007361372142108,0.054889949800795354,0.007766111598833225,0.07421830557374398,-0.0016209130388433746,False,-0.02585522750270841,-0.02585522750270841
2,60,13513,2,1987-01-02,1989-01-01,0.1269993753147014,0.1929758872225335,0.1567450252190481,0.15927738624505827,0.1365200787578562,0.02275730748720206,True,0.07235027665089455,0.10807833306212254,0.012142373068321222,0.1307244810635515,-0.0057955976943047105,False,-0.02855290518150677,-0.02855290518150677
2,60,20269,3,2005-07-02,2007-07-02,0.13196115752333037,0.17310149920338436,0.06906276989362103,0.030553114607108967,0.008098406380566248,0.02245470822654272,True,0.07056189182951988,0.07492856305388715,-0.010816291384114218,0.0021181357024731007,-0.005980270678093147,False,-0.028434978904635866,-0.028434978904635866
2,60,27026,4,2024-01-01,2025-12-31,0.1250940614378968,0.14424280748513355,0.029791947243991812,-0.0738515869759937,-0.09121406234311225,0.017362475367118546,True,0.0928949747633947,0.04958882330886657,-0.0016096846475601723,-0.08720959427433872,0.004004468068773526,True,-0.01335800729834502,-0.01335800729834502
2,90,0,0,1950-01-03,1952-01-03,0.17581325026114403,0.3621922543347406,0.28780842021844943,0.2408870589534775,0.21375986060159935,0.027127198351878157,True,0.08192036145766468,0.01128300381355631,-0.029061523034452086,0.19027784423585925,-0.0234820163657401,False,-0.050609214717618256,-0.050609214717618256
2,90,6756,1,1968-07-03,1970-07-03,0.19873546822641175,0.30095461558739944,0.21955310131071348,0.10383917821529765,0.06932801696030544,0.034511161254992206,True,0.14251213916912864,0.2528006081783976,0.15938623553262898,0.0776243432557,0.008296326295394563,True,-0.026214834959597644,-0.026214834959597644
2,90,13513,2,1987-01-02,1989-01-01,0.18079276440373215,0.29394801372710694,0.2589232467837381,0.15719978994081063,0.1294361176963743,0.02776367224443632,True,0.10350126526638714,0.11311528772875797,0.007830845130051278,0.11855524868134082,-0.01088086901503349,False,-0.03864454125946981,-0.03864454125946981
2,90,20269,3,2005-07-02,2007-07-02,0.19525394758388748,0.30621051408302435,0.10707795781728113,0.03762610352299389,0.006565139814186827,0.031060963708807066,True,0.09917618086262725,0.014939435730177503,-0.02564401183801268,-0.005094201686553612,-0.011659341500740439,False,-0.042720305209547504,-0.042720305209547504
2,90,27026,4,2024-01-01,2025-12-31,0.18725296606225506,0.12438434315103362,0.04203570337604612,-0.06689496592552002,-0.0917045230769944,0.02480955715147437,True,0.1437516241000003,0.21803664921726876,0.1664615916175729,-0.08416083705814281,0.007543686018851581,True,-0.01726587113262279,-0.01726587113262279
2,120,0,0,1950-01-03,1952-01-03,0.25621537352800505,0.46927851210051674,0.35088724212696265,0.23946552034820145,0.19444125114252153,0.04502426920567992,True,0.14140786332913913,0.12827084049845214,0.027817285597057095,0.1814315746967885,-0.013009676445733032,False,-0.058033945651412955,-0.058033945651412955
2,120,6756,1,1968-07-03,1970-07-03,0.23522799586948406,0.39386058645280364,0.32665932185812263,0.1070039896377668,0.07582225614097782,0.031181733496788988,True,0.15603887234031744,0.11949664463870427,0.010300154082587776,0.07090756746995841,-0.004914688671019407,False,-0.036096422167808395,-0.036096422167808395
2,120,13513,2,1987-01-02,1989-01-01,0.24516190684316097,0.42244131241043337,0.33213864228492107,0.15842982484876633,0.12119630065674558,0.03723352419202075,True,0.1645943175057505,0.2764431897547457,0.052716971293018666,0.12019664836386101,-0.0009996522928845675,False,-0.03823317648490532,-0.03823317648490532
2,120,20269,3,2005-07-02,2007-07-02,0.23688091671034295,0.3203234606269189,0.11475862604449283,0.04370403531603051,0.01354546017731284,0.03015857513871767,True,0.1361897189153718,0.05169166950155343,-0.022339286623389687,0.00017392148039996336,-0.013371538696912877,False,-0.043530113835630546,-0.043530113835630546
2,120,27026,4,2024-01-01,2025-12-31,0.2427677759868816,0.25466582812978916,0.051776708646207315,-0.06082975643705413,-0.09005880148522472,0.029229045048170588,True,0.18832424725789854,0.3147450742808682,0.23137393466699874,-0.08164594309489404,0.00841285839033068,True,-0.020816186657839908,-0.020816186657839908
3,15,0,0,1950-01-03,1953-01-03,0.034347322193314156,0.04095028311231517,0.03452731831049416,0.12445189465543471,0.11691391817331631,0.0075379764821184025,True,0.010453927962043918,0.0006423747690137125,0.00021566729853739197,0.11572013465479536,-0.0011937835185209522,False,-0.008731760000639355,-0.008731760000639355
3,15,6665,1,1968-04-03,1971-04-04,0.02059994402929788,0.05252472156091092,0.03475896887037777,0.00720488778920747,0.0003713747384508359,0.006833513050756634,True,-0.0002588675611904234,6.238454275007457e-05,0.0,0.0002849079677436084,-8.646677070722752e-05,False,-0.006919979821463862,-0.006919979821463862
3,15,13330,2,1986-07-03,1989-07-03,0.021744516908540623,0.058199455929648605,0.03360519820115537,0.11282062951595107,0.10487150494225572,0.007949124573695343,True,0.00010215091757115324,0.00024106397542862643,0.00012253982107135464,0.10490911629265565,3.761135039992425e-05,True,-0.007911513223295419,-0.007911513223295419
3,15,19995,3,2004-10-01,2007-10-02,0.033318790612338,0.06528722035849421,0.03409862163876998,0.03208403939060034,0.0255115102316803,0.006572529158920037,True,0.012548699411384368,0.0007958129155269137,-0.00015259648973153794,0.025123674927815864,-0.00038783530386443665,False,-0.006960364462784474,-0.006960364462784474
3,15,26660,4,2022-12-31,2025-12-31,0.017323304698878328,0.046464786425478355,0.02016020964005727,-0.059792819543232456,-0.06516867789237646,0.005375858349144003,True,0.00010906187976567061,0.0002978545178868468,-0.00022932672712572266,-0.06513463994506652,3.4037947309939476e-05,True,-0.005341820401834063,-0.005341820401834063
3,30,0,0,1950-01-03,1953-01-03,0.060512227609692104,0.08075496903817496,0.06272873809625801,0.1280928273674018,0.11635651216359721,0.011736315203804581,True,0.02178003321085553,0.010300212654192493,0.0024128936113796406,0.11417923264257346,-0.002177279521023756,False,-0.013913594724828338,-0.013913594724828338
3,30,6665,1,1968-04-03,1971-04-04,0.06256342250356095,0.11423263544783471,0.0644298808760122,0.010737172630017833,-0.000432828448514444,0.011170001078532277,True,0.027253364581035777,0.003789261369151142,0.0007777173735818987,-0.0006031356827194134,-0.0001703072342049694,False,-0.011340308312737246,-0.011340308312737246
3,30,13330,2,1986-07-03,1989-07-03,0.058230645844608686,0.09916264353296714,0.06647331430971781,0.11579810431914206,0.10499304984623259,0.01080505447290947,True,0.02343347006003582,0.017934758251759428,0.004144266221762782,0.1034343102882671,-0.0015587395579654828,False,-0.012363794030874953,-0.012363794030874953
3,30,19995,3,2004-10-01,2007-10-02,0.06006694120737688,0.11801186282821272,0.06204428429781261,0.035617863501434366,0.024996852781372203,0.010621010720062163,True,0.02526276867260613,0.0163687233120575,0.0007411621523214507,0.024160292649435755,-0.000836560131936448,False,-0.01145757085199861,-0.01145757085199861
3,30,26660,4,2022-12-31,2025-12-31,0.06031626809636781,0.08358325860765517,0.03229618278650803,-0.05609501508705328,-0.06586639717132547,0.009771382084272195,True,0.033563906946472155,0.0037363956661489034,0.00033206191489609793,-0.06411389631787578,0.00175250085344969,True,-0.008018881230822505,-0.008018881230822505
3,45,0,0,1950-01-03,1953-01-03,0.08139651283167137,0.11536291339897127,0.08400433301129784,0.1310760747664237,0.11704166396957882,0.014034410796844865,True,0.027566320005354417,0.025765506045480408,-0.0029527487433004262,0.11197507344926616,-0.005066590520312664,False,-0.01910100131715753,-0.01910100131715753
3,45,6665,1,1968-04-03,1971-04-04,0.09073809432720359,0.15647013171315852,0.10069046078702559,0.014350950018844566,-0.0011191763051420223,0.015470126323986588,True,0.0471739333933221,0.025013944184337035,0.00877127005039302,0.0006408969082385418,0.001760073213380564,True,-0.013710053110606024,-0.013710053110606024
3,45,13330,2,1986-07-03,1989-07-03,0.0789602298673231,0.15434107644336137,0.09108915198202738,0.11615766884623069,0.1031497876586347,0.013007881187595993,True,0.037770585802721746,0.02790374348777022,0.008804423181165033,0.10177303584468955,-0.001376751813945143,False,-0.014384633001541136,-0.014384633001541136
3,45,19995,3,2004-10-01,2007-10-02,0.08581959585110832,0.14940472965285775,0.0888150939605512,0.03763059108718925,0.023374289191292252,0.014256301895896994,True,0.042074402279469014,0.059204977555245744,0.007250080231996803,0.02350776648367292,0.0001334772923806682,True,-0.014122824603516326,-0.014122824603516326
3,45,26660,4,2022-12-31,2025-12-31,0.08196164523302962,0.134613098463923,0.03711645023328769,-0.05351706535465539,-0.06543474110308722,0.011917675748431833,True,0.05190088102021617,0.02097259375142279,0.004433774396363388,-0.06237916910227326,0.0030555720008139664,True,-0.008862103747617867,-0.008862103747617867
3,60,0,0,1950-01-03,1953-01-03,0.11542233683900638,0.17570544381496056,0.12309022502396294,0.1320101197385264,0.11137022914671757,0.020639890591808818,True,0.05124517243554472,0.0670669290513902,0.01262241099449457,0.1098543606404101,-0.0015158685063074717,False,-0.02215575909811629,-0.02215575909811629
3,60,6665,1,1968-04-03,1971-04-04,0.11330199880320713,0.16023092977119466,0.0807651224948287,0.015296135745236583,-0.0025990717323779444,0.017895207477614528,True,0.06374874834351085,0.057678694802659324,0.018189911189244068,-2.099784039577557e-05,0.002578073891982169,True,-0.015317133585632359,-0.015317133585632359
3,60,13330,2,1986-07-03,1989-07-03,0.10030962236506014,0.17888381693025648,0.11757664457920658,0.11679474764531572,0.10144663954557487,0.015348108099740854,True,0.04378249129928169,0.03583260521223549,0.0027974706434557017,0.09733728692952015,-0.004109352616054718,False,-0.01945746071579557,-0.01945746071579557
3,60,19995,3,2004-10-01,2007-10-02,0.11456668656269997,0.18962623222942654,0.13724688729847379,0.040398062049136874,0.021706940109660566,0.018691121939476307,True,0.054857835130829535,0.07815849581569907,0.011975983286650171,0.02148182633026341,-0.00022511377939715693,False,-0.018916235718873464,-0.018916235718873464
3,60,26660,4,2022-12-31,2025-12-31,0.10313667112769309,0.1735430933073454,0.04921007059364291,-0.05083709265400205,-0.06470673749360134,0.013869644839599293,True,0.06655245276865096,0.03798139177447833,0.0033232693207947417,-0.06146476835010328,0.003241969143498058,True,-0.010627675696101235,-0.010627675696101235
3,90,0,0,1950-01-03,1953-01-03,0.14712816538655127,0.2756598299105356,0.17634716149540908,0.13535886641428774,0.11389486900439061,0.02146399740989713,True,0.05332291486580276,0.011857894045979941,-0.003944978692387524,0.10350564699255416,-0.010389222011836452,False,-0.03185321942173358,-0.03185321942173358
3,90,6665,1,1968-04-03,1971-04-04,0.16719244811078027,0.27225196789621464,0.16719244811078005,0.0209665046538845,-0.00413430020151917,0.02510080485540367,True,0.10117583811551456,0.12213989137829634,0.037172479469402386,0.0013119819598885751,0.005446282161407745,True,-0.019654522693995924,-0.019654522693995924
3,90,13330,2,1986-07-03,1989-07-03,0.14101621310420165,0.2637166395256084,0.1888395571399597,0.11684723011996145,0.09770484580738281,0.019142384312578642,True,0.06980324712623731,0.08991286030962055,0.009403607487771692,0.09311687364477295,-0.004587972162609866,False,-0.023730356475188508,-0.023730356475188508
3,90,19995,3,2004-10-01,2007-10-02,0.14891968856681093,0.2553729558930783,0.16054044858388372,0.04237829243555025,0.02215818597243957,0.020220106463110676,True,0.08924473995471915,0.1560414993247962,0.031046165188781005,0.024013588544774978,0.0018554025723354073,True,-0.01836470389077527,-0.01836470389077527
3,90,26660,4,2022-12-31,2025-12-31,0.14790941313687878,0.2010471422549031,0.06106781101819281,-0.0476859526293939,-0.06591812366609284,0.01823217103669894,True,0.10389957837316377,0.1350112409785484,0.11269726903250055,-0.060034772764336664,0.005883350901756179,True,-0.012348820134942762,-0.012348820134942762
3,120,0,0,1950-01-03,1953-01-03,0.21376549551285584,0.36318689458228454,0.2896811147141356,0.13560341923573893,0.10261906459839576,0.03298435463734317,True,0.11042114832034455,0.10677754496363052,0.027817285597057317,0.10239063116499647,-0.0002284334333992888,False,-0.03321278807074246,-0.03321278807074246
3,120,6665,1,1968-04-03,1971-04-04,0.1873271377640957,0.22406283349742095,0.1255785709711017,0.01882660487103527,-0.003492405895224149,0.022319010766259417,True,0.14216091583668944,0.1947579576687057,0.06753419606677813,0.0057196367693226335,0.009212042664546782,True,-0.013106968101712635,-0.013106968101712635
3,120,13330,2,1986-07-03,1989-07-03,0.16480757957185843,0.22259107544857956,0.19889000070044616,0.11920705879778604,0.10174164701857968,0.017465411779206352,True,0.08739336011664456,0.1161764644006434,0.004850140912112444,0.09384774151176822,-0.00789390550681146,False,-0.025359317286017813,-0.025359317286017813
3,120,19995,3,2004-10-01,2007-10-02,0.19085512109977354,0.343745662623665,0.23506091577736377,0.04654897443759931,0.02265237783570484,0.02389659660189447,True,0.1199232284178191,0.2493958429506448,0.05697852104185541,0.025348165990297433,0.0026957881545925932,True,-0.021200808447301878,-0.021200808447301878
3,120,26660,4,2022-12-31,2025-12-31,0.18192917531137365,0.15328830312990838,0.05935870512450303,-0.043623213490946555,-0.06314999407523669,0.019526780584290138,True,0.1302981787267734,0.2104844023874718,0.16069272169186832,-0.05777951734911502,0.005370476726121676,True,-0.014156303858168462,-0.014156303858168462
4,15,0,0,1950-01-03,1954-01-03,0.03175622022937241,0.03753573229598023,0.02484522239930409,0.050778490335463555,0.04526728780264211,0.0055112025328214465,True,0.008805948754982973,0.0006494041820295662,0.00044281365045806265,0.044877700741810855,-0.0003895870608312535,False,-0.0059007895936527,-0.0059007895936527
4,15,6573,1,1968-01-02,1972-01-02,0.027863193625656812,0.04109485962648517,0.020210786841885264,0.0318539759885621,0.0274138948345497,0.0044400811540123986,True,0.009268380529357856,0.0002818980527578691,1.8083114814881895e-05,0.02714879960740557,-0.0002650952271441298,False,-0.004705176381156528,-0.004705176381156528
4,15,13147,2,1986-01-01,1990-01-01,0.029917709165164785,0.04962306181806779,0.030764286555138076,0.10937276895849157,0.10405435515293182,0.005318413805559752,True,0.00724932587331284,0.00174792273919529,0.0006687779876974886,0.10321743378428128,-0.000836921368650545,False,-0.006155335174210297,-0.006155335174210297
4,15,19721,3,2004-01-01,2008-01-01,0.030036196716340058,0.044981770740332,0.027625718532999,0.03645757551829698,0.03145905751821032,0.00499851800008666,True,0.009235789187731713,0.0005262489880348314,0.00012904575236061255,0.03118495789197251,-0.0002740996262378115,False,-0.005272617626324472,-0.005272617626324472
4,15,26295,4,2021-12-31,2025-12-31,0.030862236499371143,0.04797457542046597,0.027136341453440238,-0.03236167278607249,-0.037221264199285065,0.004859591413212572,True,0.011491649413739369,-0.00020134204866800785,-0.0005671087117513074,-0.03693970129181423,0.0002815629074708337,True,-0.004578028505741738,-0.004578028505741738
4,30,0,0,1950-01-03,1954-01-03,0.055244196489536046,0.07170407973173624,0.056911152565495504,0.05336250659586006,0.04465620771857659,0.00870629887728347,True,0.017838389478961325,0.00869323848447628,0.0018096257145989725,0.043888103225814934,-0.0007681044927616565,False,-0.009474403370045126,-0.009474403370045126
4,30,6573,1,1968-01-02,1972-01-02,0.04839367040080256,0.07638972971170564,0.05068019954863523,0.03424100435337807,0.027366500178220843,0.0068745041751572256,True,0.01730940744025422,0.01065136685506026,-0.0005534565530498359,0.026477514088773413,-0.00088898608944743,False,-0.0077634902646046555,-0.0077634902646046555
4,30,13147,2,1986-01-01,1990-01-01,0.05326413526720475,0.08552058325037293,0.05773877703150898,0.11236565523861386,0.10370232641732202,0.008663328821291838,True,0.014909515237972126,0.024258112601263933,0.001504976602315633,0.10209765512610147,-0.0016046712912205496,False,-0.010268000112512388,-0.010268000112512388
4,30,19721,3,2004-01-01,2008-01-01,0.052266873711966255,0.08607207897678405,0.041452510108970886,0.038912917684339465,0.03106580123085001,0.007847116453489456,True,0.020445697056344025,0.017370204286875936,0.003152749665325194,0.03096790683881312,-9.789439203689021e-05,False,-0.007945010845526346,-0.007945010845526346
4,30,26295,4,2021-12-31,2025-12-31,0.0555450724553177,0.09565332444373942,0.0548521771440158,-0.030039949295270763,-0.038114534213402274,0.008074584918131511,True,0.022887269312480196,0.0023804169339760838,0.0,-0.03763106590230969,0.00048346831109258304,True,-0.007591116607038928,-0.007591116607038928
4,45,0,0,1950-01-03,1954-01-03,0.07455718016564172,0.10084913122133597,0.07455718016564195,0.05601167844924504,0.04519231140516222,0.010819367044082817,True,0.02380225436758754,0.020386206176440134,-0.002745966497018859,0.0432974779784987,-0.0018948334266635225,False,-0.01271420047074634,-0.01271420047074634
4,45,6573,1,1968-01-02,1972-01-02,0.07083511541552645,0.12631395161760145,0.07828290872331767,0.03662177953231227,0.026892690088822446,0.009729089443489825,True,0.030099261124256316,0.013588893394805932,0.0056039060315764555,0.026605708162282582,-0.0002869819265398643,False,-0.010016071370029689,-0.010016071370029689
4,45,13147,2,1986-01-01,1990-01-01,0.06797172735359824,0.1074001975641695,0.07689826651883891,0.11329439347718506,0.10359842867090041,0.009695964806284652,True,0.023135709919553715,0.023104692932640523,0.004125033355077967,0.10142110441458829,-0.0021773242563121187,False,-0.01187328906259677,-0.01187328906259677
4,45,19721,3,2004-01-01,2008-01-01,0.07271039309506411,0.11365925323931354,0.075150083217012,0.03982802804087515,0.02963165900779119,0.010196369033083963,True,0.0360475522442365,0.03950452329344089,0.010523321289348075,0.030827081393914213,0.001195422386123024,True,-0.009000946646960939,-0.009000946646960939
4,45,26295,4,2021-12-31,2025-12-31,0.07541826715818267,0.12526333647447635,0.06217329019800699,-0.027607990536102522,-0.03774977900192544,0.01014178846582292,True,0.03284411434835155,0.00873318759223231,-0.0009452233973269442,-0.037378130881787985,0.00037164812013745774,True,-0.009770140345685463,-0.009770140345685463
4,60,0,0,1950-01-03,1954-01-03,0.10085561825503708,0.15385105223547957,0.1119860377571098,0.056960977484491915,0.04243822778625117,0.014522749698240744,True,0.04058692834670974,0.05464357174436331,0.01223858943694478,0.04216761780283007,-0.00027060998342109954,False,-0.014793359681661844,-0.014793359681661844
4,60,6573,1,1968-01-02,1972-01-02,0.08735459199405637,0.1339109077077725,0.09489353765179431,0.03833820670667287,0.02723980413347782,0.011098402573195054,True,0.035163501762306426,0.032189614573080734,0.0028166187100790996,0.025630561344978764,-0.0016092427884990546,False,-0.012707645361694109,-0.012707645361694109
4,60,13147,2,1986-01-01,1990-01-01,0.08678102401412979,0.1517897802621193,0.09500085022349958,0.1137497903237965,0.10200690398733947,0.011742886336457037,True,0.026615920892686384,0.05167537791991042,-0.00014690154522800647,0.09800450598543087,-0.0040023980019086025,False,-0.01574528433836564,-0.01574528433836564
4,60,19721,3,2004-01-01,2008-01-01,0.0840439402427604,0.1495532950045834,0.08757183399261081,0.041543933001088273,0.03121225060284516,0.010331682398243114,True,0.04135232683403234,0.078108240043132,0.018066370762569006,0.031134445536984634,-7.78050658605256e-05,False,-0.01040948746410364,-0.01040948746410364
4,60,26295,4,2021-12-31,2025-12-31,0.09777550080123065,0.17978305699601213,0.10764710472581274,-0.026184185851190867,-0.03887332431710955,0.012689138465918681,True,0.04764635558427344,0.015879155631994935,0.0,-0.037496946448481006,0.0013763778686285422,True,-0.011312760597290139,-0.011312760597290139
4,90,0,0,1950-01-03,1954-01-03,0.13408523800913685,0.23223112846430027,0.1484936639439236,0.06028994080567429,0.043123542823843675,0.017166397981830617,True,0.044173428593165864,0.014528393607736017,-0.003944978692387524,0.038589870286689365,-0.00453367253715431,False,-0.021700070518984926,-0.021700070518984926
4,90,6573,1,1968-01-02,1972-01-02,0.13029007116021085,0.2268861936962955,0.1388265797802073,0.040134463237174955,0.024153462313119434,0.015981000924055522,True,0.06842867228656013,0.07343684623875846,0.026784729018890063,0.02558111360305748,0.0014276512899380478,True,-0.014553349634117474,-0.014553349634117474
4,90,13147,2,1986-01-01,1990-01-01,0.12176019044816377,0.19969199539048796,0.14981235698703732,0.11398918297871674,0.09897598585338652,0.015013197125330224,True,0.05398378800472381,0.08913123103936868,0.01143381007091926,0.09676719158999236,-0.0022087942633941537,False,-0.017221991388724378,-0.017221991388724378
4,90,19721,3,2004-01-01,2008-01-01,0.12270153337392697,0.21530744932067322,0.13473370374008842,0.04276041187948332,0.028491461778065164,0.014268950101418154,True,0.07075371815720688,0.10585659315029664,0.030848404261237583,0.030483052685757128,0.0019915909076919647,True,-0.01227735919372619,-0.01227735919372619
4,90,26295,4,2021-12-31,2025-12-31,0.13757238226344137,0.2108456605946404,0.1218480880232875,-0.023527774664597545,-0.04005274845495299,0.016524973790355446,True,0.0759552559306591,0.10326342047635385,0.05836241901053518,-0.037027937491427076,0.0030248109635259146,True,-0.013500162826829532,-0.013500162826829532
4,120,0,0,1950-01-03,1954-01-03,0.1815983160649175,0.3059151234333976,0.2323464955601522,0.061811687979858476,0.03898108180837134,0.022830606171487133,True,0.08261063499174481,0.0915350658307409,0.027817285597057317,0.03880752320422687,-0.00017355860414447477,False,-0.023004164775631608,-0.023004164775631608
4,120,6573,1,1968-01-02,1972-01-02,0.1529935544820964,0.23908820077272852,0.11055036367898552,0.04109762277417639,0.024981404566567056,0.016116218207609334,True,0.10416685180172158,0.16333292838255506,0.07795382265804474,0.02988082234161782,0.004899417775050763,True,-0.011216800432558571,-0.011216800432558571
4,120,13147,2,1986-01-01,1990-01-01,0.15803868680131927,0.26026161924982893,0.18330079159192425,0.1153434867712444,0.09690343123813472,0.018440055533109678,True,0.06624134550298844,0.06580021074361136,0.008620450211861419,0.09255107382581995,-0.004352357412314767,False,-0.022792412945424445,-0.022792412945424445
4,120,19721,3,2004-01-01,2008-01-01,0.1563775784068724,0.2699867231932343,0.18980781942477098,0.04385172996612119,0.02696212368694395,0.01688960627917724,True,0.10451556626807723,0.19298840880066764,0.0694501402440082,0.03194573377813903,0.004983610091195079,True,-0.01190599618798216,-0.01190599618798216
4,120,26295,4,2021-12-31,2025-12-31,0.17517468886430798,0.2913215828695803,0.15606927858731567,-0.019640899723368133,-0.03938336312131607,0.01974246339794794,True,0.09076953466341608,0.07951326148011159,0.010103981461076827,-0.03773912668880908,0.0016442364325069958,True,-0.018098226965440944,-0.018098226965440944
5,15,0,0,1950-01-03,1955-01-03,0.029277916715852115,0.035358866174204626,0.02484522239930409,0.07121344483599445,0.06680276009609565,0.004410684739898807,True,0.006122343444142642,0.0005473035631578939,0.00017396687458726134,0.0663490147699195,-0.00045374532617614705,False,-0.004864430066074954,-0.004864430066074954
5,15,6482,1,1967-10-03,1972-10-02,0.028862908217264893,0.046070636348463756,0.02891924676473212,-0.009212149408690973,-0.013212085504565763,0.00399993609587479,True,0.008899761001373241,0.00033370784283270275,0.00018668756188944258,-0.013087746609044104,0.00012433889552165844,True,-0.0038755972003531314,-0.0038755972003531314
5,15,12965,2,1985-07-03,1990-07-03,0.027381754482016962,0.040103165975985414,0.02788947769848593,0.11394631622484885,0.10976892696844054,0.004177389256408315,True,0.004979051588644312,0.002373895429303497,8.695421969506789e-05,0.10904465101949201,-0.0007242759489485273,False,-0.004901665205356842,-0.004901665205356842
5,15,19447,3,2003-04-02,2008-04-01,0.030003559517275624,0.03877523876247463,0.029470117192264222,0.03608944463000774,0.031677935888977826,0.0044115087410299125,True,0.006708332051118759,-0.0005029874608519278,-0.000501050223937205,0.0313592421811304,-0.00031869370784742834,False,-0.004730202448877341,-0.004730202448877341
5,15,25930,4,2020-12-31,2025-12-31,0.029272125871899313,0.03717220935516448,0.021778328479375553,-0.01512154476092975,-0.01917564433126795,0.004054099570338199,True,0.00971448180995127,0.0007594926002685446,0.000434549540450746,-0.018893656577297246,0.00028198775397070275,True,-0.003772111816367496,-0.003772111816367496
5,30,0,0,1950-01-03,1955-01-03,0.04993566488372858,0.06631021395561466,0.05110832584076341,0.07337771674317284,0.06648652235055952,0.00689119439261332,True,0.012742017513027282,0.007108480436766782,0.0014982393720601728,0.06566174125803625,-0.0008247810925232635,False,-0.007715975485136584,-0.007715975485136584
5,30,6482,1,1967-10-03,1972-10-02,0.04928417092223425,0.08049884325800394,0.049318008600301555,-0.007233679413860772,-0.013484865062721285,0.006251185648860513,True,0.017085764049252994,0.0029096554706087817,-0.0008796133104015391,-0.01340353371463232,8.133134808896436e-05,True,-0.006169854300771549,-0.006169854300771549
5,30,12965,2,1985-07-03,1990-07-03,0.047263068049040236,0.0818109379977184,0.049653061113269725,0.11611514840011594,0.10951507982387731,0.006600068576238627,True,0.010947872087397226,0.017843713819386372,0.0010387420060520292,0.10826387642506985,-0.0012512033988074656,False,-0.007851271975046092,-0.007851271975046092
5,30,19447,3,2003-04-02,2008-04-01,0.0494013917916476,0.06929708829323925,0.04748034591755257,0.038209992468694276,0.031649607806356395,0.006560384662337881,True,0.014398634049175518,0.007780136771790573,-0.001495920964776798,0.03118884198998728,-0.00046076581636911307,False,-0.0070211504787069945,-0.0070211504787069945
5,30,25930,4,2020-12-31,2025-12-31,0.04942530493541186,0.07203031107692615,0.0406819603896722,-0.013109316389287917,-0.019349887383491637,0.00624057099420372,True,0.01897040504320846,0.004633000808164501,0.0009009112674989161,-0.018905803679758026,0.00044408370373361095,True,-0.005796487290470109,-0.005796487290470109
5,45,0,0,1950-01-03,1955-01-03,0.06979021111264472,0.09321263512834108,0.07063599626464123,0.07537643466616273,0.06621565733236956,0.009160777333793169,True,0.01894281130717035,0.016833518406620618,-0.0023898449613318773,0.0649523450410423,-0.0012633122913272565,False,-0.010424089625120425,-0.010424089625120425
5,45,6482,1,1967-10-03,1972-10-02,0.07142731187757367,0.12170056810364371,0.07404259960393467,-0.004913552176234459,-0.013692091827029906,0.008778539650795447,True,0.02605028179694835,0.010203218860602877,0.002678536169510748,-0.013490019884549787,0.00020207194248011984,True,-0.008576467708315327,-0.008576467708315327
5,45,12965,2,1985-07-03,1990-07-03,0.05899080992491279,0.0930051230171546,0.0652599787697834,0.11700568112328513,0.1097402263637568,0.007265454759528334,True,0.016262626310004524,0.01575881564333699,0.002848018102449723,0.10784153810090125,-0.0018986882628555524,False,-0.009164143022383886,-0.009164143022383886
5,45,19447,3,2003-04-02,2008-04-01,0.07181936282350398,0.11164867603706354,0.0735137883369883,0.039216808906534784,0.02997358044893561,0.009243228457599173,True,0.023309793568899728,0.0031126393765464055,0.0009351253134723958,0.029633628091219277,-0.00033995235771633325,False,-0.009583180815315506,-0.009583180815315506
5,45,25930,4,2020-12-31,2025-12-31,0.06645127434738018,0.09524685147780475,0.06552500029196406,-0.011537768004783788,-0.019345155311267237,0.007807387306483449,True,0.026797253547822475,0.00913943227529548,0.0025026435699384564,-0.019001449608728738,0.0003437057025384993,True,-0.007463681603944949,-0.007463681603944949
5,60,0,0,1950-01-03,1955-01-03,0.08879132610088569,0.13854480773836597,0.09664360875992661,0.07611589125230767,0.06492146372351493,0.011194427528792739,True,0.031090567726509644,0.04627199059215242,0.012106016764392935,0.06445873353336307,-0.000462730190151861,False,-0.0116571577189446,-0.0116571577189446
5,60,6482,1,1967-10-03,1972-10-02,0.08716074582523436,0.1524361301574412,0.08859958071431007,-0.00431345794929805,-0.014375776543957719,0.01006231859465967,True,0.04041900309761748,0.033060572580241566,0.008057903662941124,-0.013027579460970773,0.001348197082986946,True,-0.008714121511672723,-0.008714121511672723
5,60,12965,2,1985-07-03,1990-07-03,0.07620732167340871,0.13521487399804472,0.0845267209401519,0.11753379694749588,0.10848311484706419,0.009050682100431695,True,0.01940608436402802,0.023188063620697492,-0.00013227315575603527,0.10547844027729147,-0.003004674569772714,False,-0.012055356670204409,-0.012055356670204409
5,60,19447,3,2003-04-02,2008-04-01,0.09099220586981849,0.14224353158009934,0.08539164627508189,0.04070880636008578,0.02946679227141069,0.01124201408867509,True,0.03319450534588664,0.03904569716038606,0.00795705355041032,0.02943912529361281,-2.7666977797879966e-05,False,-0.01126968106647297,-0.01126968106647297
5,60,25930,4,2020-12-31,2025-12-31,0.08671111717215241,0.13682705361929864,0.08804617428832584,-0.010191754578322332,-0.020113590713295437,0.009921836134973105,True,0.04722690155621678,0.04727133004046218,0.021752106550294137,-0.017492298817476826,0.0026212918958186116,True,-0.007300544239154494,-0.007300544239154494
5,90,0,0,1950-01-03,1955-01-03,0.12115240906034663,0.2059785833230601,0.12984246888631956,0.07846095565472289,0.06440909266087669,0.014051862993846198,True,0.039379901480860235,0.01505513695666334,-0.003225087422096151,0.06224686503514265,-0.0021622276257340367,False,-0.016214090619580235,-0.016214090619580235
5,90,6482,1,1967-10-03,1972-10-02,0.13048736755653056,0.18859719201948666,0.13358314723850984,-0.001237938181844922,-0.015884944394015443,0.014647006212170521,True,0.06082898843669926,0.08051185299724094,0.022915328034426974,-0.013863090734051009,0.0020218536599644343,True,-0.012625152552206087,-0.012625152552206087
5,90,12965,2,1985-07-03,1990-07-03,0.10495523871417545,0.1386698225431908,0.11515292604429073,0.11771046448474487,0.10636297407106676,0.011347490413678107,True,0.041009653865214934,0.09717239584593766,0.014164580674335348,0.10446160388709913,-0.0019013701839676322,False,-0.01324886059764574,-0.01324886059764574
5,90,19447,3,2003-04-02,2008-04-01,0.1174243852181247,0.21484905943106425,0.14714557864757782,0.04176642770971051,0.028877922723867133,0.012888504985843374,True,0.049605635101508616,0.05166690964351542,0.009956241956040168,0.028800614177617145,-7.730854624998784e-05,False,-0.012965813532093362,-0.012965813532093362
5,90,25930,4,2020-12-31,2025-12-31,0.11339318827072198,0.1456330275307244,0.09081433734027256,-0.008427593752453277,-0.019986894887048523,0.011559301134595246,True,0.06341063766838806,0.10108541571743583,0.04296497804955135,-0.017495892972111404,0.0024910019149371188,True,-0.009068299219658127,-0.009068299219658127
5,120,0,0,1950-01-03,1955-01-03,0.15785864649493608,0.2711205128487511,0.18304631534887927,0.07941509090927656,0.06184749301038228,0.017567597898894283,True,0.06613650426053508,0.08363197573158569,0.027817285597057317,0.06174190413624414,-0.00010558887413814055,False,-0.017673186773032423,-0.017673186773032423
5,120,6482,1,1967-10-03,1972-10-02,0.1638473356314849,0.23710833658162989,0.17011734722795735,0.0012479374823470835,-0.016063346965049075,0.017311284447396158,True,0.08217541263923289,0.16737487194708658,0.08506850212904826,-0.01321827379618834,0.0028450731688607345,True,-0.014466211278535424,-0.014466211278535424
5,120,12965,2,1985-07-03,1990-07-03,0.1327338050725546,0.19936662227897986,0.15262951817938863,0.11868886619103858,0.10532189645159673,0.013366969739441847,True,0.06313678907951625,0.15950774418866073,0.04286256993352988,0.10458926633722587,-0.000732630114370858,False,-0.014099599853812705,-0.014099599853812705
5,120,19447,3,2003-04-02,2008-04-01,0.1589797211682995,0.2651039524397834,0.17196213215102296,0.04322429791430604,0.02604706869290374,0.0171772292214023,True,0.09011583385597399,0.15268385180995622,0.061444111135908086,0.030519768802967473,0.004472700110063732,True,-0.01270452911133857,-0.01270452911133857
5,120,25930,4,2020-12-31,2025-12-31,0.14684679705881853,0.21898477318040532,0.10497729855749216,-0.006193090599722395,-0.020496903089258778,0.014303812489536383,True,0.097736006084165,0.18041292147906413,0.10134799022338403,-0.014855375229304801,0.005641527859953976,True,-0.008662284629582406,-0.008662284629582406
6,15,0,0,1950-01-03,1956-01-04,0.028438534821453976,0.03355553915615448,0.02469457905888528,0.020858336093480645,0.017255826667541774,0.0036025094259388712,True,0.0061675753105483455,0.0005041714060064469,0.00015832660442227642,0.01714102278683516,-0.0001148038807066154,False,-0.0037173133066454866,-0.0037173133066454866
6,15,6391,1,1967-07-04,1973-07-04,0.02960276366951775,0.040686459651952146,0.028141845685920153,-0.036526654421861426,-0.04010763651651161,0.003580982094650187,True,0.008597143698806375,0.00012589483757211427,-5.4714349958739916e-05,-0.039830181451100066,0.0002774550654115471,True,-0.00330352702923864,-0.00330352702923864
6,15,12782,2,1985-01-01,1991-01-02,0.026643463183039673,0.041722776688451944,0.027187999857199108,0.11902137110115274,0.11539709142469934,0.0036242796764534013,True,0.0033080740055522195,0.0006812569978933136,-0.00029948036421323376,0.11474244382892662,-0.0006546475957727171,False,-0.0042789272722261185,-0.0042789272722261185
6,15,19173,3,2002-07-02,2008-07-02,0.02584730221118603,0.038473675747549944,0.02308681551499081,0.03121477961449859,0.02800776986750919,0.0032070097469893977,True,0.005874703105049894,6.621216268199249e-05,-2.1132911806831522e-05,0.02784189195186393,-0.00016587791564526277,False,-0.0033728876626346604,-0.0033728876626346604
6,15,25564,4,2019-12-31,2025-12-31,0.025098996198983592,0.03405580131159623,0.019238398454244576,-0.011132955876386075,-0.014088395392677033,0.0029554395162909586,True,0.006975274199474857,-0.00020483837869705857,-0.000639982722735466,-0.014067844523619533,2.0550869057500698e-05,True,-0.002934888647233458,-0.002934888647233458
6,30,0,0,1950-01-03,1956-01-04,0.04840334668272073,0.062133810598507346,0.04865016017399015,0.02239340672451795,0.016674676174297298,0.005718730550220652,True,0.012800515277177738,0.006351749289483125,0.0011334693849962552,0.01652452971647511,-0.00015014645782218672,False,-0.005868877008042839,-0.005868877008042839
6,30,6391,1,1967-07-04,1973-07-04,0.050481775886686675,0.079972063853966,0.051289523524403524,-0.034631196699206224,-0.040347708223433254,0.00571651152422703,True,0.016474610699879655,0.0031968576443512043,0.00046357889240744576,-0.03991031089929464,0.0004373973241386109,True,-0.0052791142000884195,-0.0052791142000884195
6,30,12782,2,1985-01-01,1991-01-02,0.04727085137720066,0.0862243671059385,0.05026207259323834,0.12051381568143005,0.11444693516427362,0.0060668805171564255,True,0.0077108682492827985,0.008523184421528801,0.0007030523620716878,0.11334733141681297,-0.0010996037474606535,False,-0.007166484264617079,-0.007166484264617079
6,30,19173,3,2002-07-02,2008-07-02,0.04412878166131473,0.06815457210238345,0.04042254188381422,0.03276665966415626,0.027689287997570755,0.005077371666585506,True,0.012318447029665114,0.003171451423631005,-0.00036317571602173526,0.027456003501740378,-0.00023328449583037703,False,-0.005310656162415883,-0.005310656162415883
6,30,25564,4,2019-12-31,2025-12-31,0.041939948430564256,0.05607640647530239,0.02908698653038644,-0.00943022636093549,-0.013955411940600237,0.004525185579664748,True,0.014064425212271692,0.004109376574512408,-0.0008852656332730691,-0.01389613170357984,5.9280237020398197e-05,True,-0.00446590534264435,-0.00446590534264435
6,45,0,0,1950-01-03,1956-01-04,0.06616635468955523,0.08692045853198803,0.06616635468955523,0.024455999902502246,0.017065694666954734,0.007390305235547512,True,0.018142200306626277,0.014641674221400263,-0.0022660289000383527,0.016618438258779067,-0.0004472564081756669,False,-0.007837561643723179,-0.007837561643723179
6,45,6391,1,1967-07-04,1973-07-04,0.07019479744598578,0.11151107740350533,0.07065588686186941,-0.03322524522395187,-0.0408024030036378,0.007577157779685928,True,0.024453077363226328,0.011810237354469764,0.006143069520118782,-0.040236502587730594,0.0005659004159072056,True,-0.007011257363778722,-0.007011257363778722
6,45,12782,2,1985-01-01,1991-01-02,0.05894009723835825,0.09969880526558954,0.06514180731156505,0.12259769677684207,0.11576309734787205,0.006834599428970023,True,0.010204351476640117,0.014407320830978575,-0.00021947064019078866,0.11381885385703172,-0.001944243490840325,False,-0.008778842919810348,-0.008778842919810348
6,45,19173,3,2002-07-02,2008-07-02,0.06314046686829444,0.08606613978077342,0.06363306089991516,0.034142792094632224,0.027168940306944167,0.006973851787688057,True,0.019790735058716313,0.026947770631145767,0.0022840842558258245,0.026994060924350416,-0.00017487938259375113,False,-0.007148731170281808,-0.007148731170281808
6,45,25564,4,2019-12-31,2025-12-31,0.058219883347713,0.07005303001272163,0.05706999184100359,-0.008285898376872436,-0.014211902562994316,0.00592600418612188,True,0.019304817906893756,0.00922477462581968,-0.00532731353653948,-0.014458006949002233,-0.00024610438600791706,False,-0.0061721085721297975,-0.0061721085721297975
6,60,0,0,1950-01-03,1956-01-04,0.08636429885548202,0.12692815470421748,0.08871086244470938,0.02526657495883189,0.015839285024644267,0.009427289934187622,True,0.030322880314078482,0.04118090873296208,0.012106016764392935,0.016258014044798985,0.0004187290201547178,True,-0.009008560914032904,-0.009008560914032904
6,60,6391,1,1967-07-04,1973-07-04,0.09027641945469722,0.1384087171731568,0.09198189877501806,-0.031901123698708456,-0.04137711773649244,0.009475994037783986,True,0.03333585851771459,0.0230085494183836,0.010107154428073306,-0.04051523816097413,0.0008618795755183095,True,-0.008614114462265676,-0.008614114462265676
6,60,12782,2,1985-01-01,1991-01-02,0.07807357122756509,0.145126129990463,0.08723205561515868,0.12308696206814496,0.11418159036182152,0.00890537170632344,True,0.01937556760214454,0.04950535164190061,0.00963726029429357,0.1126586451809477,-0.0015229451808738137,False,-0.010428316887197253,-0.010428316887197253
6,60,19173,3,2002-07-02,2008-07-02,0.07712176965330397,0.11382106130044521,0.08381967924312439,0.03582050919086077,0.02775835654812031,0.008062152642740461,True,0.020594763647329595,0.019960881536888526,-0.0015299599398461705,0.026557982765978982,-0.0012003737821413285,False,-0.00926252642488179,-0.00926252642488179
6,60,25564,4,2019-12-31,2025-12-31,0.07293586701173438,0.08769904105100057,0.04870141036527453,-0.006993279613995429,-0.014082729565897067,0.0070894499519016385,True,0.028319911211921456,0.033613487300259114,0.00039417997469626265,-0.013996092909617897,8.663665627917094e-05,True,-0.007002813295622468,-0.007002813295622468
6,90,0,0,1950-01-03,1956-01-04,0.11554785222363795,0.18710033085148078,0.12115240906034686,0.027748411596135947,0.016080319011096966,0.01166809258503898,True,0.035309666432185915,0.014903161145757774,-0.002729920085770665,0.015044441812902098,-0.0010358771981948678,False,-0.012703969783233848,-0.012703969783233848
6,90,6391,1,1967-07-04,1973-07-04,0.12895237404419957,0.1957931613375991,0.12010145184934595,-0.0293299355807779,-0.04225809704779471,0.012928161467016808,True,0.05517330296149847,0.06880971732497884,0.03690888902304423,-0.04019992197317113,0.0020581750746235805,True,-0.010869986392393227,-0.010869986392393227
6,90,12782,2,1985-01-01,1991-01-02,0.10287466474439921,0.17216043769942901,0.10965514965880807,0.12406258687951244,0.11341876628022596,0.01064382059928648,True,0.028792796461152292,0.050395586794388984,0.007619266320102236,0.11111395002651214,-0.002304816253713815,False,-0.012948636853000295,-0.012948636853000295
6,90,19173,3,2002-07-02,2008-07-02,0.10050120228547166,0.13416714881602754,0.1100928503364289,0.03640599059675087,0.0269607909960361,0.009445199600714771,True,0.033597625662944886,0.04267268401551098,-9.845982244183205e-06,0.025630940295130022,-0.0013298507009060767,False,-0.010775050301620848,-0.010775050301620848
6,90,25564,4,2019-12-31,2025-12-31,0.09548769344121633,0.13002812955124002,0.06088396282935071,-0.0058435528980931295,-0.014153931137949272,0.008310378239856142,True,0.04319506368397508,0.07726817224295768,0.007941867884032172,-0.013913051087629413,0.00024088005031985826,True,-0.008069498189536284,-0.008069498189536284
6,120,0,0,1950-01-03,1956-01-04,0.14795749180671125,0.24415249254186647,0.15785864649493608,0.028794983778849925,0.014509469422429477,0.014285514356420448,True,0.060752683466407165,0.07543059110131925,0.027817285597057317,0.015340082676402522,0.0008306132539730449,True,-0.013454901102447403,-0.013454901102447403
6,120,6391,1,1967-07-04,1973-07-04,0.1572814678627077,0.26066179271329254,0.1728265824148103,-0.02800220641388962,-0.04279017487230152,0.014787968458411904,True,0.07568924565734458,0.10689760642912349,0.07955873332776897,-0.03977179695349753,0.003018377918803994,True,-0.01176959053960791,-0.01176959053960791
6,120,12782,2,1985-01-01,1991-01-02,0.13160804256373382,0.24837170216191468,0.14940422283648136,0.12448983273885128,0.11152915900103344,0.01296067373781784,True,0.04732494271129872,0.09119711130237475,0.01899886394145911,0.11008026331370102,-0.0014488956873324188,False,-0.01440956942515026,-0.01440956942515026
6,120,19173,3,2002-07-02,2008-07-02,0.13413929396651758,0.20812179881098006,0.160421008915699,0.039595563930893585,0.027230848134342622,0.012364715796550962,True,0.04807739963826485,0.11603190410242702,0.02098779606258172,0.026014614875626396,-0.0012162332587162261,False,-0.013580949055267189,-0.013580949055267189
6,120,25564,4,2019-12-31,2025-12-31,0.11939179310497572,0.1728831872261587,0.0687606992015235,-0.004387893660146802,-0.014081608982711491,0.009693715322564689,True,0.06633951992953913,0.12052814975592047,0.0661325169099376,-0.012410338463033965,0.0016712705196775257,True,-0.008022444802887163,-0.008022444802887163
7,15,0,0,1950-01-03,1957-01-03,0.02736440662301365,0.03237864489874662,0.02475571183883707,0.03783337575901036,0.034705397684630324,0.0031279780743800334,True,0.004486125581486533,0.0004230573654487275,0.00014539634335797302,0.03450011908781536,-0.00020527859681496174,False,-0.003333256671194995,-0.003333256671194995
7,15,6299,1,1967-04-03,1974-04-03,0.028179168380239927,0.03443990002811792,0.024132017236624392,-0.03803502545749249,-0.04104293679829285,0.003007911340800362,True,0.007648899019023991,0.00022043107006562032,0.0,-0.04080255045626524,0.00024038634202760978,True,-0.0027675249987727524,-0.0027675249987727524
7,15,12599,2,1984-07-02,1991-07-03,0.023120662562146954,0.03362564547145009,0.02246731471776764,0.12642065341141207,0.1236898805997757,0.0027307728116363617,True,0.002472446356617919,8.937275613704918e-05,-0.0001346087543345753,0.12314496016036003,-0.0005449204394156748,False,-0.0032756932510520365,-0.0032756932510520365
7,15,18899,3,2001-10-01,2008-10-01,0.025778538152195996,0.033937933782584695,0.022556424535440156,0.029774103269438523,0.026896992805849562,0.002877110463588961,True,0.005125630099774625,0.0004424496080852998,0.00014759716662315903,0.02678660627114038,-0.00011038653470918369,False,-0.0029874969982981447,-0.0029874969982981447
7,15,25199,4,2018-12-31,2025-12-31,0.02578338340736641,0.0399579909885361,0.02266857293543545,-0.007312112247475522,-0.01008627455935096,0.002774162311875439,True,0.005942575915310666,-6.200437940795133e-05,-0.00024615483560808116,-0.010077808901547747,8.465657803213844e-06,True,-0.002765696654072225,-0.002765696654072225
7,30,0,0,1950-01-03,1957-01-03,0.046763919544140053,0.05923464817739447,0.046854256116360515,0.03917754294286113,0.03414174773873491,0.0050357952041262255,True,0.009456745205293382,0.005565875040584892,0.0009717199756158479,0.0338044500049941,-0.0003372977337408045,False,-0.00537309293786703,-0.00537309293786703
7,30,6299,1,1967-04-03,1974-04-03,0.04797690542704358,0.0660702588659999,0.048642823217440956,-0.036451428745407743,-0.04127934479952977,0.004827916054122028,True,0.015125795282080245,0.002553249075052845,0.000601502799496112,-0.04082505328332087,0.0004542915162089045,True,-0.004373624537913123,-0.004373624537913123
7,30,12599,2,1984-07-02,1991-07-03,0.0400460105706395,0.06401558654184214,0.041397622656755395,0.1276371356722643,0.12320519781094563,0.00443193786131868,True,0.004365101880903222,-6.219704079841509e-05,-0.0008298489950231414,0.12202809914077184,-0.0011770986701737929,False,-0.005609036531492473,-0.005609036531492473
7,30,18899,3,2001-10-01,2008-10-01,0.0423690552562086,0.05584666909434649,0.04265573388778199,0.031184986506431533,0.02680484004460859,0.004380146461822942,True,0.009481297584245985,0.003461537324631185,-0.00026289610610974457,0.026473501542569666,-0.0003313385020389248,False,-0.004711484963861867,-0.004711484963861867
7,30,25199,4,2018-12-31,2025-12-31,0.041784611531815674,0.06339180121892347,0.03879343611876651,-0.0059435224313719726,-0.010086657119551257,0.004143134688179284,True,0.01167183567165897,0.0030612047056824817,-0.00031809461751031165,-0.010099636999194361,-1.2979879643104653e-05,False,-0.004156114567822389,-0.004156114567822389
7,45,0,0,1950-01-03,1957-01-03,0.06193799716035442,0.08247463700631263,0.06193799716035464,0.04092868806513206,0.03464390077660884,0.006284787288523219,True,0.012935944317102432,0.0127190963487696,-0.0011492217575279629,0.03392786267644454,-0.0007160381001642957,False,-0.007000825388687515,-0.007000825388687515
7,45,6299,1,1967-04-03,1974-04-03,0.06615438821658759,0.10352631651767853,0.05921214867277569,-0.03525437005886323,-0.04162181456678238,0.006367444507919151,True,0.022169818168665145,0.007746150806191241,0.0032342628551831343,-0.04104282722739416,0.000578987339388215,True,-0.005788457168530936,-0.005788457168530936
7,45,12599,2,1984-07-02,1991-07-03,0.05353470147948647,0.0915316684921067,0.05644862088310343,0.12930571612720576,0.12376190195387671,0.005543814173329054,True,0.007028603283167234,0.0025425566913965815,-0.0013835886549989906,0.12204634322880814,-0.0017155587250685667,False,-0.00725937289839762,-0.00725937289839762
7,45,18899,3,2001-10-01,2008-10-01,0.05647507454038414,0.07947740424107365,0.05642711408451673,0.032324927638919254,0.0268483123085157,0.005476615330403556,True,0.015239970579625783,0.01196583762246428,0.0005943402569972278,0.026470748500273977,-0.000377563808241721,False,-0.005854179138645277,-0.005854179138645277
7,45,25199,4,2018-12-31,2025-12-31,0.05618206737427278,0.08231729563039333,0.048850543011833336,-0.00475764126936673,-0.009998303565061373,0.0052406622956946425,True,0.01867465312611305,0.007385653530364166,-0.0003450715698777307,-0.009884762652908052,0.0001135409121533204,True,-0.005127121383541322,-0.005127121383541322
7,60,0,0,1950-01-03,1957-01-03,0.0823681233169431,0.11929924145300722,0.08488707995795441,0.04164449490127642,0.03340135755849594,0.008243137342780482,True,0.023360151656006023,0.03681547774913435,0.011633552440775352,0.03333655424291715,-6.480331557878749e-05,False,-0.00830794065835927,-0.00830794065835927
7,60,6299,1,1967-04-03,1974-04-03,0.08272926145585124,0.12875526094856515,0.08496606157230202,-0.03434313509530995,-0.042030588923438805,0.007687453828128854,True,0.033947779603481276,0.02613386866180609,0.015306140636239807,-0.04068125505572806,0.0013493338677107447,True,-0.006338119960418109,-0.006338119960418109
7,60,12599,2,1984-07-02,1991-07-03,0.06839138224899144,0.10634241275399631,0.07234398678606979,0.12977603611522714,0.12291829717304736,0.006857738942179781,True,0.013925254684802324,0.018462711418316572,0.00396289092837443,0.12136327323013374,-0.0015550239429136248,False,-0.008412762885093406,-0.008412762885093406
7,60,18899,3,2001-10-01,2008-10-01,0.06905763737066217,0.10361824080599728,0.06813467786149041,0.03312328352698213,0.026760789457331624,0.006362494069650504,True,0.01744646982318465,0.017877346143221007,-0.0025769411338715242,0.025846813139672742,-0.0009139763176588822,False,-0.007276470387309386,-0.007276470387309386
7,60,25199,4,2018-12-31,2025-12-31,0.07138472961222853,0.10709735198475269,0.05763531639553654,-0.0038671459457784163,-0.010309278758652396,0.00644213281287398,True,0.023858687389624045,0.02349481459821669,0.001351150629194553,-0.010302490249732954,6.788508919441938e-06,True,-0.006435344303954538,-0.006435344303954538
7,90,0,0,1950-01-03,1957-01-03,0.10814628940321547,0.17442913899377063,0.11554785222363795,0.04355087721029682,0.033523037964005686,0.010027839246291137,True,0.026437503660918793,0.014315181736064683,-0.001970579475877754,0.032195612143371966,-0.0013274258206337208,False,-0.011355265066924858,-0.011355265066924858
7,90,6299,1,1967-04-03,1974-04-03,0.11848938543107512,0.18107693817095988,0.11214133497913958,-0.03194576519210912,-0.04251961874016397,0.010573853548054846,True,0.05349706285168487,0.06436223865013531,0.05367545968920684,-0.040188441861841784,0.002331176878322183,True,-0.008242676669732663,-0.008242676669732663
7,90,12599,2,1984-07-02,1991-07-03,0.09146517280083599,0.15551926581760436,0.09783926443715263,0.13042048517023397,0.12198613974687977,0.008434345423354195,True,0.024257427528937336,0.03840072030086804,0.008440819446722925,0.12020482459607651,-0.0017813151508032643,False,-0.010215660574157459,-0.010215660574157459
7,90,18899,3,2001-10-01,2008-10-01,0.0940814405022623,0.14629344318757623,0.1011205084234561,0.03404678812783235,0.025980576766563734,0.008066211361268616,True,0.027454739026719244,0.03947072480388352,0.00042361865935380827,0.024807830587543878,-0.0011727461790198568,False,-0.009238957540288473,-0.009238957540288473
7,90,25199,4,2018-12-31,2025-12-31,0.09613895835898267,0.13730536457438025,0.09010163559519624,-0.0027448090733666053,-0.010789540013430243,0.008044730940063638,True,0.037422554895145455,0.06574763292611902,0.011071949242297263,-0.010556646310650342,0.00023289370277990162,True,-0.007811837237283736,-0.007811837237283736
7,120,0,0,1950-01-03,1957-01-03,0.13469872922616521,0.2264407108356941,0.14795749180671125,0.04442192989234517,0.032577323728979035,0.011844606163366134,True,0.04497906268208274,0.0679260234805165,0.027817285597057095,0.03220523230120054,-0.00037209142777849813,False,-0.012216697591144632,-0.012216697591144632
7,120,6299,1,1967-04-03,1974-04-03,0.12356354320848739,0.19425228514553225,0.1136519367635731,-0.03127436577932896,-0.040910402647769684,0.009636036868440723,True,0.0648849521700694,0.07931663801129064,0.0658604849095985,-0.03866829075907907,0.002242111888690612,True,-0.0073939249797501105,-0.0073939249797501105
7,120,12599,2,1984-07-02,1991-07-03,0.1204416617952988,0.17864102412893332,0.13253115663524184,0.130867173071882,0.12006337427397762,0.010803798797904385,True,0.057799451559521264,0.14084589347779447,0.06297847924811117,0.12161169900490676,0.0015483247309291404,True,-0.009255474066975244,-0.009255474066975244
7,120,18899,3,2001-10-01,2008-10-01,0.11167187407382317,0.12748202277693968,0.1114095987059871,0.035356131469399976,0.026616475036892684,0.008739656432507292,True,0.037916452026944825,0.06977327760975874,-0.0009675283839151172,0.025252888776528648,-0.0013635862603640359,False,-0.010103242692871328,-0.010103242692871328
7,120,25199,4,2018-12-31,2025-12-31,0.12018894990330309,0.19325160209368067,0.08736361131717318,-0.001784636664501127,-0.01128928227974313,0.009504645615242002,True,0.062344994450449054,0.13367405848593186,0.06474549203904667,-0.009315919180079457,0.001973363099663672,True,-0.00753128251557833,-0.00753128251557833
8,15,0,0,1950-01-03,1958-01-03,0.02626154650465784,0.0313459841053307,0.024573200773538195,0.029105918043224044,0.026436125860631154,0.0026697921825928894,True,0.004028391497907791,0.00036996494622429713,0.00013602799544454314,0.026292293714813564,-0.00014383214581759063,False,-0.00281362432841048,-0.00281362432841048
8,15,6208,1,1967-01-02,1975-01-02,0.028137735938525754,0.03664749283765173,0.02388005549960326,-0.049877280621379305,-0.052558506582165765,0.0026812259607864597,True,0.007326469995218687,0.00010659682199122626,-2.1997239012083725e-05,-0.052302856848789325,0.0002556497333764396,True,-0.00242557622741002,-0.00242557622741002
8,15,12417,2,1984-01-02,1992-01-02,0.024198832622071675,0.03718084648660934,0.024662288030710355,0.10211069916739524,0.09952800192136912,0.002582697246026111,True,0.0030071068932473466,0.0012522329883408814,0.000734866553954161,0.09923408172692771,-0.0002939201944414105,False,-0.0028766174404675215,-0.0028766174404675215
8,15,18625,3,2000-12-31,2008-12-31,0.024602047695502227,0.03304078111154799,0.02061317328924095,0.010554024045111854,0.008135452021563072,0.0024185720235487818,True,0.005514305447336776,0.0010906516108283896,0.0005058921800422667,0.008180552008155484,4.509998659241177e-05,True,-0.00237347203695637,-0.00237347203695637
8,15,24834,4,2017-12-31,2025-12-31,0.024674863642621503,0.02880170927939451,0.019607718441706612,-0.004059423661237571,-0.006451850006270798,0.0023924263450332273,True,0.0058012891162331215,0.0004911603257262163,0.00020959290559674493,-0.006371947252057031,7.990275421376758e-05,True,-0.0023125235908194597,-0.0023125235908194597
8,30,0,0,1950-01-03,1958-01-03,0.044794584038364116,0.05688797902314703,0.041837628429399976,0.03037268238732027,0.026058835765009336,0.004313846622310935,True,0.008302489887504594,0.005057591297880298,0.0007515154253373568,0.025803855103557316,-0.00025498066145202003,False,-0.004568827283762955,-0.004568827283762955
8,30,6208,1,1967-01-02,1975-01-02,0.04885018647966288,0.06663288136416587,0.04919996600340948,-0.04835360967773594,-0.05279667296569457,0.004443063287958626,True,0.015608486199217175,0.006936688889978376,0.003117765819991125,-0.05217706732637539,0.0006196056393191762,True,-0.00382345764863945,-0.00382345764863945
8,30,12417,2,1984-01-02,1992-01-02,0.041008536111222016,0.0681792273018035,0.04200059219863683,0.10326674908035405,0.09914638450805668,0.004120364572297364,True,0.006419401299901928,0.00633684664071211,0.0016674412771362501,0.09861650176178993,-0.0005298827462667521,False,-0.004650247318564116,-0.004650247318564116
8,30,18625,3,2000-12-31,2008-12-31,0.041663460301558874,0.05341377380334436,0.040613834381488134,0.011774074133581669,0.007914847237586953,0.0038592268959947162,True,0.010465474737930025,0.010483848202212487,0.0017149442558648254,0.007934330863485828,1.948362589887509e-05,True,-0.003839743270095841,-0.003839743270095841
8,30,24834,4,2017-12-31,2025-12-31,0.03927358735393227,0.04584830009388668,0.029785619284289355,-0.0028659436672121563,-0.006383990024837249,0.003518046357625093,True,0.009724360730706483,6.721282809337892e-05,-0.0014244690612095212,-0.0064559395005975295,-7.19494757602801e-05,False,-0.003589995833385373,-0.003589995833385373
8,45,0,0,1950-01-03,1958-01-03,0.059141876715091524,0.0785622880069087,0.0525317632343123,0.03176361740245626,0.02636684593388039,0.005396771468575867,True,0.011009928669842628,0.011329498501438896,-0.001133130387033221,0.025782698259590786,-0.0005841476742896035,False,-0.005980919142865471,-0.005980919142865471
8,45,6208,1,1967-01-02,1975-01-02,0.06557055350628072,0.08534626325920329,0.06422264232925334,-0.047372407450281706,-0.05307179384125682,0.005699386390975114,True,0.020568429299367974,0.018444240200406813,0.005749064740131038,-0.0524968849649633,0.0005749088762935228,True,-0.005124477514681591,-0.005124477514681591
8,45,12417,2,1984-01-02,1992-01-02,0.05407748040539917,0.09286289653333056,0.057820727734659405,0.1047203490757278,0.09960057883932394,0.005119770236403864,True,0.008552815786255108,0.006413727879109541,-0.0002193517864914618,0.09864053297292008,-0.000960045866403858,False,-0.0060798161028077224,-0.0060798161028077224
8,45,18625,3,2000-12-31,2008-12-31,0.055368218272529246,0.06893422956964106,0.042828128692386724,0.012815575814856706,0.007965876003333427,0.004849699811523278,True,0.013282425667001885,0.019125641995025474,-0.00017745697393378723,0.0076748692046864075,-0.00029100679864701995,False,-0.005140706610170298,-0.005140706610170298
8,45,24834,4,2017-12-31,2025-12-31,0.052473235635318805,0.07107736700799698,0.051556527744592184,-0.0019496600838775358,-0.006387435099967975,0.0044377750160904395,True,0.014755816371808672,0.00627421562135754,-0.0018810910385803625,-0.006493804461706554,-0.00010636936173857858,False,-0.004544144377829018,-0.004544144377829018
8,60,0,0,1950-01-03,1958-01-03,0.0772551763519147,0.11292289214425939,0.07961812966550386,0.032369516891946004,0.025450506988858645,0.006919009903087359,True,0.019929097916886684,0.033311705372066645,0.010764717565815207,0.025336922311127497,-0.00011358467773114889,False,-0.0070325945808185075,-0.0070325945808185075
8,60,6208,1,1967-01-02,1975-01-02,0.08519208432819436,0.12113689221245093,0.08519208432819436,-0.04631883667489256,-0.05357929488255797,0.00726045820766541,True,0.03077561748379809,0.0358986121294352,0.0166892762146007,-0.05243198077233446,0.0011473141102235074,True,-0.006113144097441903,-0.006113144097441903
8,60,12417,2,1984-01-02,1992-01-02,0.06898091624381908,0.11560567788890756,0.0723763475306205,0.10519203025458346,0.09884353101009458,0.006348499244488881,True,0.013812183896866115,0.029211233833053844,0.005734017015653903,0.0978959644435009,-0.0009475665665936717,False,-0.007296065811082553,-0.007296065811082553
8,60,18625,3,2000-12-31,2008-12-31,0.06890280112704184,0.09532437289102513,0.06971344039201766,0.013838686669194189,0.008022166872866165,0.0058165197963280235,True,0.017481745723325615,0.037083879455022846,0.0041620021129216145,0.0076077388583366545,-0.00041442801452951095,False,-0.0062309478108575345,-0.0062309478108575345
8,60,24834,4,2017-12-31,2025-12-31,0.06463009111116214,0.07386462145327041,0.04435955266582825,-0.0011619309680229728,-0.006394884262591272,0.005232953294568299,True,0.021612220771123125,0.018864452627522385,0.0008986609074874696,-0.006300119381082658,9.476488150861329e-05,True,-0.0051381884130596855,-0.0051381884130596855
8,90,0,0,1950-01-03,1958-01-03,0.10177508565870186,0.1630334082870172,0.11085307702318214,0.03408833060398364,0.025572847114879727,0.008515483489103914,True,0.02243912103712553,0.014069966020314942,-0.001970579475877643,0.024473434199804522,-0.0010994129150752041,False,-0.009614896404179119,-0.009614896404179119
8,90,6208,1,1967-01-02,1975-01-02,0.1188508582707486,0.16117036735243595,0.11003234326942812,-0.043827972231559764,-0.05352313074515114,0.009695158513591373,True,0.04827731042799499,0.07563515017709614,0.05647345465877285,-0.0515836488281779,0.0019394819169732402,True,-0.007755676596618133,-0.007755676596618133
8,90,12417,2,1984-01-02,1992-01-02,0.09258856798540038,0.16421189462817565,0.09971466794012884,0.10617083887607937,0.09821056907022796,0.007960269805851405,True,0.02659936527520612,0.059322887266381276,0.012180358774994682,0.0975902682777543,-0.0006203007924736603,False,-0.008580570598325066,-0.008580570598325066
8,90,18625,3,2000-12-31,2008-12-31,0.09366214857653343,0.13342476862318278,0.09319644843062536,0.014719696250635517,0.007291329767033172,0.007428366483602344,True,0.025421522808463992,0.04297967598746767,0.0033655634173754834,0.006577686457039267,-0.0007136433099939055,False,-0.00814200979359625,-0.00814200979359625
8,90,24834,4,2017-12-31,2025-12-31,0.08596148416672245,0.11684436882855795,0.06072182437319018,-0.00030546643042006494,-0.0067466259606968615,0.0064411595302767966,True,0.027942003886751277,0.051531406604289724,-0.0017267703813280688,-0.007145586550379779,-0.00039896058968291737,False,-0.006840120119959714,-0.006840120119959714
8,120,0,0,1950-01-03,1958-01-03,0.12658732114459292,0.2104691444830202,0.1368841931154161,0.03483002915797595,0.024741940313811384,0.010088088844164567,True,0.03941772158713874,0.06312559179099475,0.027817285597057317,0.02446512814166235,-0.0002768121721490324,False,-0.010364901016313599,-0.010364901016313599
8,120,6208,1,1967-01-02,1975-01-02,0.13653818167097587,0.19877221011808854,0.13824674946139393,-0.04235047702501138,-0.052728025348376284,0.010377548323364905,True,0.052371741977702335,0.0717748967660876,0.05270300492885305,-0.051516587550835435,0.0012114377975408486,True,-0.009166110525824056,-0.009166110525824056
8,120,12417,2,1984-01-02,1992-01-02,0.1122142218379838,0.171708362607422,0.12209924653625004,0.10629086013042177,0.09726585455003423,0.009025005580387546,True,0.031296570097227194,0.07397603075450071,0.010745600185929627,0.09589441979706814,-0.001371434752966083,False,-0.01039644033335363,-0.01039644033335363
8,120,18625,3,2000-12-31,2008-12-31,0.11195186097053744,0.14493251753250502,0.12267425414316757,0.015450601100415184,0.007193548166393615,0.00825705293402157,True,0.038696869374999165,0.07316803593434223,0.010249903477244526,0.006834037362193346,-0.00035951080420026926,False,-0.008616563738221839,-0.008616563738221839
8,120,24834,4,2017-12-31,2025-12-31,0.10262509583418233,0.13176199606299582,0.06822744232411448,0.0007093012411885091,-0.006381906639306489,0.0070912078804949985,True,0.04289577515245124,0.0659425588280174,0.006448596098219461,-0.006235380356107156,0.00014652628319933303,True,-0.0069446815972956655,-0.0069446815972956655
9,15,0,0,1950-01-03,1959-01-03,0.025971916789321092,0.030520155017066702,0.024573200773538195,0.01428665562813114,0.01191233659879476,0.0023743190293363803,True,0.003971440991264341,0.00031832687226909947,0.00012727008189417077,0.011845725030788401,-6.661156800635837e-05,False,-0.0024409305973427387,-0.0024409305973427387
9,15,6117,1,1966-10-03,1975-10-03,0.02664928077002293,0.030270171415308255,0.02362591740299802,-0.025067080178267198,-0.02741991398071708,0.002352833802449883,True,0.005503029425712125,0.00020678114162287316,1.9057801269317665e-05,-0.027319171356085192,0.00010074262463188877,True,-0.002252091177817994,-0.002252091177817994
9,15,12234,2,1983-07-03,1992-07-02,0.023747007103445128,0.037309469019857856,0.023866031109246455,0.09201099758288933,0.08971766089994015,0.0022933366829491764,True,0.002466155046712437,0.0004803384470563877,0.00041661895474165433,0.0894642107267758,-0.00025345017316436014,False,-0.0025467868561135365,-0.0025467868561135365
9,15,18351,3,2000-04-01,2009-04-01,0.02418012176318629,0.02795983189439993,0.020216916365674686,-0.0111551909448947,-0.01327890580415847,0.00212371485926377,True,0.005081480441005537,0.000888474567385239,-0.00018705619116010652,-0.013222644873458478,5.626093069999172e-05,True,-0.0020674539285637783,-0.0020674539285637783
9,15,24469,4,2016-12-31,2025-12-31,0.02329438424298491,0.025550160995297253,0.01884094685236115,-0.0037675281851615727,-0.005811473794770428,0.002043945609608855,True,0.004748312146279909,0.00024524023026128164,-0.0001484074913407074,-0.0057914371497970185,2.0036644973409068e-05,True,-0.002023908964635446,-0.002023908964635446
9,30,0,0,1950-01-03,1959-01-03,0.043563281894207107,0.05508510989415835,0.043159104152097116,0.015439639546026562,0.011664573056311855,0.003775066489714707,True,0.00844204478790278,0.004580038067853783,0.0006463135565584199,0.011582951916131456,-8.162114018039901e-05,False,-0.003856687629895106,-0.003856687629895106
9,30,6117,1,1966-10-03,1975-10-03,0.044131136184245134,0.058949356577096566,0.044187814386638546,-0.02396087110211853,-0.027647137467009864,0.003686266364891333,True,0.011370395838777858,0.004444227398060538,0.002021435708233099,-0.027412240449464664,0.0002348970175451992,True,-0.0034513693473461338,-0.0034513693473461338
9,30,12234,2,1983-07-03,1992-07-02,0.040069686643164015,0.06429170058433843,0.0404616782162992,0.0933451914664638,0.08968659070189822,0.0036586007645655894,True,0.0051228231433666505,0.0038379728366197954,0.0010125637230598006,0.08919945622530201,-0.0004871344765962071,False,-0.0041457352411617965,-0.0041457352411617965
9,30,18351,3,2000-04-01,2009-04-01,0.03902752809721366,0.05267763029263646,0.03137778822922255,-0.010106757037996128,-0.013310212302109936,0.003203455264113808,True,0.007756998356891698,0.004143336009275703,-0.00127775195393931,-0.013464384639407134,-0.00015417233729719815,False,-0.0033576276014110062,-0.0033576276014110062
9,30,24469,4,2016-12-31,2025-12-31,0.037275966370359015,0.04084169731539237,0.028670889363882512,-0.002707601973992335,-0.005748503718422393,0.003040901744430058,True,0.009250334039577535,0.004715853132712713,-0.0008882922039142871,-0.005740176301391564,8.327417030828954e-06,True,-0.003032574327399229,-0.003032574327399229
9,45,0,0,1950-01-03,1959-01-03,0.056759742073131614,0.0753471082748112,0.05243861441642106,0.016394204803598544,0.011705072690890272,0.004689132112708272,True,0.011847819831577455,0.01032279124344753,-0.0011033989338218309,0.011499586660016936,-0.0002054860308733364,False,-0.004894618143581608,-0.004894618143581608
9,45,6117,1,1966-10-03,1975-10-03,0.061188622437067686,0.07608381989568645,0.053953015412556704,-0.022685565237925642,-0.027645020908570128,0.004959455670644486,True,0.01845735914896629,0.017152436024910123,0.0051079067319199645,-0.02713885475849931,0.0005061661500708192,True,-0.004453289520573667,-0.004453289520573667
9,45,12234,2,1983-07-03,1992-07-02,0.05123314679347879,0.08099740814842146,0.053780902052123825,0.0936544789226954,0.08924356599643235,0.004410912926263055,True,0.00714180070452386,0.008127445071719386,0.00015477832583532525,0.08845817768506015,-0.0007853883113722038,False,-0.005196301237635259,-0.005196301237635259
9,45,18351,3,2000-04-01,2009-04-01,0.05081386681332334,0.061404284777801375,0.038685851500154245,-0.00904628650459105,-0.013000424447234482,0.003954137942643432,True,0.010636535848326023,0.015525011121940177,-0.002461434256683326,-0.013332368768184333,-0.0003319443209498507,False,-0.004286082263593283,-0.004286082263593283
9,45,24469,4,2016-12-31,2025-12-31,0.05026751625741288,0.0557515379668654,0.0377126233373819,-0.0018473599772632632,-0.00577273409778889,0.0039253741205256265,True,0.015298040143109315,0.024797396544909128,0.002386587493009129,-0.0055984382084384166,0.00017429588935047313,True,-0.0037510782311751534,-0.0037510782311751534
9,60,0,0,1950-01-03,1959-01-03,0.07437389328187005,0.10755168683407754,0.0772551763519147,0.017112354022366327,0.01109431767947,0.006018036342896327,True,0.020990585763172476,0.030735105465747332,0.010487237666023663,0.01136679959786413,0.0002724819183941296,True,-0.005745554424502197,-0.005745554424502197
9,60,6117,1,1966-10-03,1975-10-03,0.07442461966785596,0.09664997393679993,0.0676608421841356,-0.0221292472358654,-0.027918444318126623,0.0057891970822612215,True,0.02156938991494406,0.01934225210207522,0.0099482914743374,-0.027595319189643086,0.0003231251284835368,True,-0.005466071953777685,-0.005466071953777685
9,60,12234,2,1983-07-03,1992-07-02,0.06557438202646737,0.09455738167926925,0.06772042814416457,0.09508207167737193,0.08959829010579412,0.005483781571577806,True,0.012375001028631427,0.019548392079596803,0.004522177471912192,0.08886579568083186,-0.00073249442496226,False,-0.006216275996540066,-0.006216275996540066
9,60,18351,3,2000-04-01,2009-04-01,0.06706451022815973,0.08953185736028815,0.05181897071448849,-0.00858842984011654,-0.013707834531803798,0.005119404691687257,True,0.015726763260863086,0.03760538609783231,0.00089851994822987,-0.014008787381477705,-0.0003009528496739078,False,-0.005420357541361165,-0.005420357541361165
9,60,24469,4,2016-12-31,2025-12-31,0.06195763715456071,0.07326283417928121,0.04342980197374291,-0.0012226819123053456,-0.005849974068059982,0.0046272921557546365,True,0.020544641123142915,0.03658912831356142,0.003253002702380936,-0.005630279184123399,0.0002196948839365831,True,-0.004407597271818053,-0.004407597271818053
9,90,0,0,1950-01-03,1959-01-03,0.09617513664013422,0.15323212612404513,0.09784308470775671,0.018607669352944667,0.011339080657008394,0.007268588695936273,True,0.023310011010824194,0.013602044118613302,-0.001914975141202535,0.010849469579455207,-0.000489611077553187,False,-0.00775819977348946,-0.00775819977348946
9,90,6117,1,1966-10-03,1975-10-03,0.10527064577666123,0.1510710167509633,0.09729251750996104,-0.02032536089144521,-0.02820673183627742,0.007881370944832211,True,0.035698393121671446,0.05662574771924261,0.033493143727405084,-0.02737737533373219,0.000829356502545231,True,-0.00705201444228698,-0.00705201444228698
9,90,12234,2,1983-07-03,1992-07-02,0.08783332764061647,0.14498318993666318,0.09204992364425901,0.09594636270167256,0.08905022396315743,0.006896138738515134,True,0.02396124860366844,0.05347903221470934,0.011259914646122748,0.08859996979107176,-0.0004502541720856623,False,-0.007346392910600796,-0.007346392910600796
9,90,18351,3,2000-04-01,2009-04-01,0.08610297319524807,0.09777699051632367,0.06282065124679992,-0.007061146070894142,-0.013136356405026195,0.006075210334132053,True,0.014984467678919033,0.031376986357468016,-0.00821816543006515,-0.014509798626292203,-0.001373442221266008,False,-0.007448652555398061,-0.007448652555398061
9,90,24469,4,2016-12-31,2025-12-31,0.08034847771049414,0.10375911489451949,0.05794223749888183,-0.0003278798370034419,-0.0058572511874664945,0.005529371350463053,True,0.026194157897677206,0.04969375172824963,0.0015993837070165107,-0.00602768387469399,-0.00017043268722749527,False,-0.005699804037690548,-0.005699804037690548
9,120,0,0,1950-01-03,1959-01-03,0.12032654169278567,0.19757280585233122,0.1344889375718108,0.01924371240687406,0.010529056022116512,0.008714656384757546,True,0.03995219870309952,0.0588988089509669,0.028141290738739055,0.010844409704283464,0.00031535368216695225,True,-0.008399302702590594,-0.008399302702590594
9,120,6117,1,1966-10-03,1975-10-03,0.13421003579999158,0.18169025607978584,0.11931144015037787,-0.01879557490584549,-0.0285129092233537,0.009717334317508208,True,0.04503606722025011,0.09071036614700169,0.05764798928189441,-0.027683084317641438,0.000829824905712262,True,-0.008887509411795946,-0.008887509411795946
9,120,12234,2,1983-07-03,1992-07-02,0.11120832468960495,0.15823660283335136,0.1170565124766556,0.09645345803444139,0.08806656397895685,0.00838689405548454,True,0.047602706260365446,0.10352193420167544,0.049187414383688344,0.08929321925839462,0.0012266552794377716,True,-0.007160238776046768,-0.007160238776046768
9,120,18351,3,2000-04-01,2009-04-01,0.11479706971619663,0.16358205295466302,0.10942390915513522,-0.005684182343536737,-0.013645802160824339,0.007961619817287602,True,0.035511271932026967,0.09882493408194785,0.03475317135186118,-0.013807262287850897,-0.0001614601270265581,False,-0.00812307994431416,-0.00812307994431416
9,120,24469,4,2016-12-31,2025-12-31,0.10083180673035685,0.13531469245173025,0.07070201307883073,0.00042584052168792574,-0.006192698847421352,0.0066185393691092775,True,0.040260515873766556,0.09142371750960769,0.040260515873766556,-0.005849703344774637,0.00034299550264671463,True,-0.006275543866462563,-0.006275543866462563
10,15,0,0,1950-01-03,1960-01-03,0.024978493835128512,0.029832325699254023,0.024573200773538417,0.03239169245216966,0.030269324922548746,0.0021223675296209166,True,0.002932542592057663,0.00027332930270713437,0.0,0.030147828501321472,-0.000121496421227274,False,-0.0022438639508481906,-0.0022438639508481906
10,15,6026,1,1966-07-04,1976-07-03,0.02442016923317647,0.0317226219884925,0.021869391048764508,-0.009199094898061255,-0.011181505606845055,0.0019824107087837994,True,0.004797401719848882,0.000567291848191135,0.0003732571137129437,-0.011114320233848729,6.718537299632565e-05,True,-0.0019152253357874738,-0.0019152253357874738
10,15,12052,2,1983-01-02,1993-01-01,0.022684567846541714,0.030713299328718434,0.022829274198686966,0.1053992496884002,0.10337470509761526,0.002024544590784938,True,0.001956867257647321,0.001161663789825015,0.0005136816832143065,0.10313720598248821,-0.0002374991151270489,False,-0.002262043705911987,-0.002262043705911987
10,15,18078,3,1999-07-03,2009-07-02,0.022881417689730288,0.030871170059568704,0.018924978901207146,-0.015360697547344038,-0.01718349218379034,0.001822794636446301,True,0.004568601295877661,9.797207750651144e-05,-0.00040028247132128936,-0.017139094985912928,4.439719787741048e-05,True,-0.0017783974385688905,-0.0017783974385688905
10,15,24104,4,2016-01-01,2025-12-31,0.023016927529853515,0.03175566707600785,0.01996557695686718,-0.00182605741113262,-0.0036860968028723518,0.0018600393917397318,True,0.004122798539111461,0.00016622117249631563,5.924036661686394e-05,-0.0036853453654983603,7.514373739914149e-07,True,-0.0018592879543657403,-0.0018592879543657403
10,30,0,0,1950-01-03,1960-01-03,0.04172893365932984,0.053531161106642036,0.042140142923847934,0.03348454865082484,0.03011328964672999,0.003371259004094851,True,0.00630770113921697,0.004190709742354668,0.00040562008452216247,0.029913061385963058,-0.00020022826076693256,False,-0.0035714872648617835,-0.0035714872648617835
10,30,6026,1,1966-07-04,1976-07-03,0.041410437239026265,0.053908342114659516,0.0394979730625058,-0.008227505477709895,-0.011431572888253916,0.0032040674105440203,True,0.008795374672786682,0.0034560499711004445,0.0006367500618786881,-0.011379509765156892,5.2063123097023656e-05,True,-0.0031520042874469967,-0.0031520042874469967
10,30,12052,2,1983-01-02,1993-01-01,0.036962492224742904,0.055803393893507275,0.037323550930605576,0.1064975712066969,0.10339523837671827,0.003102332829978627,True,0.0044984823415654684,0.006195872802035388,0.0016287610229595018,0.10298224399396405,-0.00041299438275421707,False,-0.003515327212732844,-0.003515327212732844
10,30,18078,3,1999-07-03,2009-07-02,0.03960203939717388,0.05349514094853515,0.037710275015089056,-0.014358316443345287,-0.017372565738595136,0.003014249295249849,True,0.008048705488313157,0.009898426661052336,-0.001085296318519835,-0.017393609295466184,-2.1043556871047642e-05,False,-0.0030352928521208966,-0.0030352928521208966
10,30,24104,4,2016-01-01,2025-12-31,0.0384167997951077,0.0541961888612123,0.032503519040569806,-0.0007927468275091831,-0.003733153665258393,0.00294040683774921,True,0.008671712146412158,0.0024562567629302845,0.0006610028390134914,-0.0036929151325573173,4.023853270107569e-05,True,-0.002900168305048134,-0.002900168305048134
10,45,0,0,1950-01-03,1960-01-03,0.053777924098751484,0.07279346515070187,0.05243861441642106,0.034173092489203194,0.030030333544341925,0.004142758944861269,True,0.009638414439258502,0.009460087514098959,-0.0008854867324545879,0.029754356849989172,-0.00027597669435275307,False,-0.004418735639214022,-0.004418735639214022
10,45,6026,1,1966-07-04,1976-07-03,0.05496877018701629,0.059815511744223615,0.04608076695766261,-0.007151017180563324,-0.01123887644797894,0.004087859267415617,True,0.012369233696717163,0.01318586638335326,0.00031792118214002407,-0.011236574933652266,2.301514326674692e-06,True,-0.004085557753088942,-0.004085557753088942
10,45,12052,2,1983-01-02,1993-01-01,0.04750378465195659,0.06839854040307333,0.04921049240835318,0.10687867229613324,0.10310469626152674,0.0037739760346064966,True,0.006395792230219355,0.01216917233611608,0.001468249024471735,0.10245437743340213,-0.0006503188281246075,False,-0.004424294862731104,-0.004424294862731104
10,45,18078,3,1999-07-03,2009-07-02,0.049149878481711706,0.06254452077612861,0.038138198110589494,-0.013332262731967082,-0.016851784607221698,0.0035195218752546165,True,0.0080146650269588,0.011479984050864077,-0.0035031549216575364,-0.01727349529446276,-0.0004217106872410614,False,-0.003941232562495678,-0.003941232562495678
10,45,24104,4,2016-01-01,2025-12-31,0.052018685942425424,0.0677565036942796,0.04661212597697317,-0.00013072640019429205,-0.0039674484278091615,0.0038367220276148695,True,0.013652808864172306,0.010599584863245328,0.0027358507651860098,-0.003838898841417304,0.00012854958639185732,True,-0.003708172441223012,-0.003708172441223012
10,60,0,0,1950-01-03,1960-01-03,0.07025610528502968,0.10324395518761172,0.07556526212684012,0.034998806655143655,0.02969216481833814,0.005306641836805515,True,0.01685030667451759,0.02844487988173198,0.010357344973078053,0.029710775324740757,1.8610506402616522e-05,True,-0.005288031330402898,-0.005288031330402898
10,60,6026,1,1966-07-04,1976-07-03,0.06994018338301133,0.09344884337781069,0.06749612554810835,-0.0067029995307363865,-0.011765249780388731,0.005062250249652345,True,0.0186951614664157,0.03355394777341099,0.013222911099900037,-0.011568169020917063,0.00019708075947166837,True,-0.004865169490180676,-0.004865169490180676
10,60,12052,2,1983-01-02,1993-01-01,0.061717915698195736,0.09503850759339905,0.06288898735752224,0.10807734923399681,0.1032812755544148,0.004796073679582014,True,0.011136550332430328,0.030264090699716008,0.008236671279312935,0.10267942912370986,-0.0006018464307049332,False,-0.005397920110286947,-0.005397920110286947
10,60,18078,3,1999-07-03,2009-07-02,0.06335263397998481,0.07827902947246919,0.048602419882944004,-0.012796965699236607,-0.017222345410104256,0.00442537971086765,True,0.014110531814811589,0.026253629818750908,-0.001206756307967849,-0.017469887835015574,-0.00024754242491131784,False,-0.004672922135778967,-0.004672922135778967
10,60,24104,4,2016-01-01,2025-12-31,0.06212970492315173,0.08591774995057397,0.05375325735757375,0.0005245123031123455,-0.0038434935563732564,0.004368005859485602,True,0.01781081519443295,0.020251820266948148,0.006872368645538529,-0.0037314282921847575,0.00011206526418849894,True,-0.004255940595297103,-0.004255940595297103
10,90,0,0,1950-01-03,1960-01-03,0.09056764426172337,0.14658432114018982,0.09289322588645366,0.03629975290552534,0.029889607730388956,0.006410145175136384,True,0.020283551750081896,0.013024943232990875,-0.001914975141202535,0.02941440367791559,-0.00047520405247336583,False,-0.0068853492276097494,-0.0068853492276097494
10,90,6026,1,1966-07-04,1976-07-03,0.09432760034856247,0.11129482487566375,0.08124951640486278,-0.005017529461630477,-0.011510835767599259,0.006493306305968782,True,0.024204943927243372,0.048718579236497174,0.020187106907901597,-0.011587567645937602,-7.673187833834305e-05,False,-0.006570038184307125,-0.006570038184307125
10,90,12052,2,1983-01-02,1993-01-01,0.07978416975046554,0.13686580846293978,0.08551811211213023,0.10885806612117288,0.10309704670901909,0.005761019412153789,True,0.018940029582239726,0.02591936147618602,0.00846962388267447,0.10244286721274665,-0.0006541794962724445,False,-0.006415198908426234,-0.006415198908426234
10,90,18078,3,1999-07-03,2009-07-02,0.08106770170060762,0.09082320793114644,0.05698999369519453,-0.011689697485050776,-0.01694269270757942,0.005252995222528645,True,0.012658882397888815,0.02315504926641538,-0.009271971407156965,-0.018133581814220978,-0.0011908891066415572,False,-0.006443884329170202,-0.006443884329170202
10,90,24104,4,2016-01-01,2025-12-31,0.0842204026152753,0.1100815054757429,0.08084856799697837,0.001540714893215167,-0.004069794968220353,0.00561050986143552,True,0.024641773679062062,0.046616489012659044,0.0060534965437126775,-0.004104611884038212,-3.481691581785906e-05,False,-0.005645326777253379,-0.005645326777253379
10,120,0,0,1950-01-03,1960-01-03,0.11497548466338281,0.18783080397776952,0.12327587751096347,0.03668418021079156,0.028825503317865486,0.007858676892926075,True,0.038703678662548535,0.055695924299144536,0.0352442334656331,0.029359314168539097,0.0005338108506736106,True,-0.007324866042252465,-0.007324866042252465
10,120,6026,1,1966-07-04,1976-07-03,0.12183163362401173,0.17283679250470405,0.1329916142669123,-0.004253453995115342,-0.01240560123903478,0.008152147243919439,True,0.04828902405211033,0.09921627875979273,0.06490084504201832,-0.010984872369558807,0.0014207288694759734,True,-0.006731418374443465,-0.006731418374443465
10,120,12052,2,1983-01-02,1993-01-01,0.0982891251199498,0.16212403118917565,0.10455259358032243,0.10884308576600898,0.10210095969069144,0.006742126075317545,True,0.02290482318891396,0.03694855772435726,0.0091677933177583,0.10098316507561167,-0.0011177946150797702,False,-0.007859920690397315,-0.007859920690397315
10,120,18078,3,1999-07-03,2009-07-02,0.10932182051689066,0.13023165876263254,0.10285305212085616,-0.01043259298605026,-0.017434388677931234,0.007001795691880974,True,0.030471146828156437,0.08652519426210617,0.02907577787199389,-0.01770707182860387,-0.0002726831506726368,False,-0.007274478842553611,-0.007274478842553611
10,120,24104,4,2016-01-01,2025-12-31,0.10381875209696134,0.15212424198063135,0.10583364246888505,0.0021388944009015365,-0.0044529430902737754,0.006591837491175312,True,0.03791808691245313,0.09039821774384693,0.043745664337969226,-0.004012052041844849,0.00044089104842892635,True,-0.006150946442746386,-0.006150946442746386
12,15,0,0,1950-01-03,1962-01-03,0.024210465499565403,0.028712013870225702,0.024295651493573933,0.040420981648567667,0.038644833429187786,0.0017761482193798805,True,0.002101286416484438,0.0002200271523335567,-1.3019995116492211e-05,0.038530612585345736,-0.00011422084384205,False,-0.0018903690632219305,-0.0018903690632219305
12,15,5843,1,1966-01-02,1978-01-02,0.0239506702282819,0.02839078425279577,0.02277981803126794,0.0016892992363808368,2.679393817928144e-08,0.0016892724424426575,True,0.003206928332627035,0.00023346240712097464,0.0,-1.806130682147078e-05,-1.808810075965006e-05,False,-0.0017073605432023076,-0.0017073605432023076
12,15,11686,2,1982-01-01,1994-01-01,0.021885570676828836,0.030804590725959008,0.02206048879190159,0.0997377792356049,0.09806791672893644,0.0016698625066684514,True,0.0015147176711225452,0.0009422097901246362,0.0005121497503619565,0.09789355099375996,-0.0001743657351764849,False,-0.0018442282418449363,-0.0018442282418449363
12,15,17529,3,1997-12-31,2009-12-31,0.023220365970783696,0.02785914937082031,0.01969010681772032,-0.028138905710742734,-0.029719813909352966,0.0015809081986102314,True,0.005246840710726675,0.0008900725485921366,0.00039631842391418814,-0.029573103145404955,0.0001467107639480103,True,-0.001434197434662221,-0.001434197434662221
12,15,23373,4,2013-12-31,2025-12-31,0.021973255635927336,0.032076823973158114,0.022154891706745783,0.002426246902037743,0.0008973343446099236,0.0015289125574278195,True,0.00320064281994048,0.0001549101631291529,0.0,0.0008787115649111499,-1.8622779698773684e-05,False,-0.0015475353371265932,-0.0015475353371265932
12,30,0,0,1950-01-03,1962-01-03,0.04016502615455808,0.05090781681550848,0.040721839629515255,0.04122087565881416,0.03840009557796842,0.0028207800808457417,True,0.004573019118968791,0.0035833667253334176,0.0003411676476532399,0.03820425704121777,-0.00019583853675064766,False,-0.0030166186175963894,-0.0030166186175963894
12,30,5843,1,1966-01-02,1978-01-02,0.039365066312879726,0.050865514702398286,0.03902301578497336,0.0025706239304610357,-8.194626429758323e-05,0.002652570194758619,True,0.00564492629635116,0.0018658789515804727,9.864111678359322e-05,-0.00018169851349247867,-9.975224919489545e-05,False,-0.0027523224439535143,-0.0027523224439535143
12,30,11686,2,1982-01-01,1994-01-01,0.03706843634054002,0.05098401285720091,0.03801485040306063,0.10040223761303357,0.09769320495278566,0.002709032660247912,True,0.003961614753638543,0.006370399537415471,0.0019527046803418102,0.09743044569899961,-0.00026275925378604903,False,-0.002971791914033961,-0.002971791914033961
12,30,17529,3,1997-12-31,2009-12-31,0.03759623962636516,0.04411206875437829,0.030678338595378607,-0.027155514195757458,-0.02959111906793288,0.002435604872175423,True,0.009996833167220442,0.006124861182770649,0.0004475504113408135,-0.029338680439192744,0.000252438628740137,True,-0.002183166243435286,-0.002183166243435286
12,30,23373,4,2013-12-31,2025-12-31,0.036554172351777714,0.052650409494017426,0.037247900442189286,0.0032606185689665335,0.0008326648233165646,0.002427953745649969,True,0.0073401930007197524,0.006185599580595074,0.0015241044839751083,0.0008733177885686949,4.065296525213036e-05,True,-0.0023873007803978386,-0.0023873007803978386
12,45,0,0,1950-01-03,1962-01-03,0.052192810996350314,0.06884220785667096,0.052311415203977196,0.04198805658632665,0.03846690052921464,0.003521156057112007,True,0.0077363099360321375,0.008234304374234893,-0.0005806165331982971,0.038246253043337175,-0.00022064748587746763,False,-0.0037418035429894747,-0.0037418035429894747
12,45,5843,1,1966-01-02,1978-01-02,0.05177728434325335,0.06765758871935916,0.04645728637384905,0.003471272951889315,0.00011242960933932622,0.0033588433425499886,True,0.006651790222545362,0.007146023386766347,-9.708705116995286e-05,-0.00018985561272222284,-0.00030228522206154906,False,-0.0036611285646115377,-0.0036611285646115377
12,45,11686,2,1982-01-01,1994-01-01,0.04841307879592227,0.07136839704529604,0.04994906621319095,0.10127712625878282,0.0978840417473057,0.003393084511477129,True,0.004829216104009992,0.005098040587601097,0.0009583150530783069,0.0973864335302137,-0.0004976082170919938,False,-0.003890692728569123,-0.003890692728569123
12,45,17529,3,1997-12-31,2009-12-31,0.05015270144464301,0.06103251180939339,0.04181815369414821,-0.026394384572942964,-0.029527513485074652,0.0031331289121316885,True,0.011265793903175725,0.016459481188379248,0.0010167185565319592,-0.029450980034249286,7.653345082536678e-05,True,-0.0030565954613063218,-0.0030565954613063218
12,45,23373,4,2013-12-31,2025-12-31,0.048887526747113386,0.07580463901300806,0.05000311778453703,0.0038589136865432305,0.000728952401831906,0.0031299612847113245,True,0.011558815022123303,0.011582707212609976,0.0065383714574667184,0.0008320346362831188,0.00010308223445121278,True,-0.0030268790502601117,-0.0030268790502601117
12,60,0,0,1950-01-03,1962-01-03,0.06687153986220085,0.09657423014040598,0.0709562054270425,0.04224758795775885,0.037816631523475364,0.004430956434283484,True,0.014132611690199415,0.024746628436953983,0.008075029820040047,0.03785364983347006,3.701830999469635e-05,True,-0.004393938124288788,-0.004393938124288788
12,60,5843,1,1966-01-02,1978-01-02,0.0653014646579928,0.08930234884662845,0.06450355015290521,0.003915311051758463,-0.0002309324442586469,0.00414624349601711,True,0.010170474130549723,0.019381120445673576,0.00903032914994828,-0.0005214351878254364,-0.0002905027435667895,False,-0.0044367462395839,-0.0044367462395839
12,60,11686,2,1982-01-01,1994-01-01,0.061737621217317074,0.09119044005900061,0.06342082072593824,0.1011016726301559,0.0968603671229824,0.004241305507173498,True,0.01485940859772783,0.01921998771193486,0.011223951355611606,0.09696500329810931,0.00010463617512690426,True,-0.004136669332046594,-0.004136669332046594
12,60,17529,3,1997-12-31,2009-12-31,0.06320679108483573,0.07568252257720134,0.04929874039016169,-0.02580885230434149,-0.02967227918826465,0.00386342688392316,True,0.014266536927887596,0.014220940038219072,-0.0007967424954707925,-0.029626990065839243,4.528912242540706e-05,True,-0.003818137761497753,-0.003818137761497753
12,60,23373,4,2013-12-31,2025-12-31,0.05938579444781977,0.08664092679202251,0.06072173163816297,0.0045202172699185805,0.0008367442346943754,0.003683473035224205,True,0.012039731826452904,0.012695432058915039,0.0023551012940032923,0.0007001542477715894,-0.000136589986922786,False,-0.003820063022146991,-0.003820063022146991
12,90,0,0,1950-01-03,1962-01-03,0.0867698008563682,0.13531229572780382,0.0883288566779532,0.04376895306234396,0.03833895601567261,0.005429997046671353,True,0.017945597339829922,0.01236195467721508,0.0018278083309468673,0.0380938667577424,-0.00024508925793020886,False,-0.005675086304601562,-0.005675086304601562
12,90,5843,1,1966-01-02,1978-01-02,0.08856743697322256,0.11443095611430452,0.07772565716252644,0.005164039248728658,-0.00020405513070975712,0.005368094379438415,True,0.01902293170496705,0.04392334737372822,0.01825421445272246,-0.00035196684472427187,-0.00014791171401451475,False,-0.00551600609345293,-0.00551600609345293
12,90,11686,2,1982-01-01,1994-01-01,0.08077655467446698,0.12835723378714764,0.0850953959531422,0.10284901730024165,0.09761617888503071,0.005232838415210939,True,0.024343851905299196,0.04039628902290132,0.021452620835704872,0.0979303029772347,0.0003141240922039934,True,-0.004918714323006945,-0.004918714323006945
12,90,17529,3,1997-12-31,2009-12-31,0.08260329438118985,0.10364062190594944,0.06899375899910365,-0.024904933848222233,-0.02966711401042421,0.004762180162201979,True,0.016865034573130933,0.0449114885306995,0.002494987575641705,-0.029982007755746998,-0.00031489374532278624,False,-0.005077073907524765,-0.005077073907524765
12,90,23373,4,2013-12-31,2025-12-31,0.07967799022859312,0.12554519575257372,0.08315791965943431,0.0054511535367218755,0.0007663472440890828,0.004684806292632793,True,0.022988711105828896,0.05487510539091353,0.023387683892707622,0.0009422611175404771,0.0001759138734513943,True,-0.004508892419181398,-0.004508892419181398
12,120,0,0,1950-01-03,1962-01-03,0.11043530221280906,0.17255025775542618,0.11379127090625563,0.04401096794021009,0.037302818975335716,0.006708148964874372,True,0.036348766463636606,0.0506459521050067,0.028141290738739055,0.038020946702184144,0.0007181277268484276,True,-0.005990021238025944,-0.005990021238025944
12,120,5843,1,1966-01-02,1978-01-02,0.10505507873920483,0.14549903214074275,0.10279635231668793,0.005545683684729186,-0.0005122348191662907,0.006057918503895476,True,0.02669390696153462,0.08158690053084165,0.03597197542401753,-0.0006001337585688216,-8.78989394025309e-05,False,-0.006145817443298007,-0.006145817443298007
12,120,11686,2,1982-01-01,1994-01-01,0.09420571289095081,0.15551514944457004,0.10023131131420215,0.10282679302289166,0.09708466665027893,0.0057421263726127325,True,0.03457161417669852,0.059775587958471654,0.0358387541003411,0.09768731179186729,0.0006026451415883649,True,-0.005139481231024368,-0.005139481231024368
12,120,17529,3,1997-12-31,2009-12-31,0.10532045610928908,0.1289280342151393,0.09796964458987212,-0.024125546780929263,-0.030022782811942594,0.005897236031013331,True,0.03361148866972896,0.0637773637591194,0.03404078163164681,-0.02956516938378073,0.0004576134281618627,True,-0.005439622602851468,-0.005439622602851468
12,120,23373,4,2013-12-31,2025-12-31,0.10379058729878077,0.16048489282199044,0.1097902834516733,0.0058438085123193595,-0.00011913239584593338,0.005962940908165293,True,0.04486093411057923,0.11504764458268743,0.06300804093555379,0.0012553832559283329,0.0013745156517742663,True,-0.004588425256391027,-0.004588425256391027
15,15,0,0,1950-01-03,1965-01-03,0.02341080389661765,0.02759185576537546,0.023691965420476135,0.07109383141130032,0.06963731283515529,0.0014565185761450383,True,0.0008316862357631294,0.00015078977647663675,-8.668502641989706e-05,0.06950145985334699,-0.0001358529818082932,False,-0.0015923715579533315,-0.0015923715579533315
15,15,5569,1,1965-04-03,1980-04-03,0.021822490935224037,0.027303016653291066,0.02086156279491691,0.018835251558148247,0.017555188070394134,0.0012800634877541128,True,0.0019580192147738984,-7.05067600125281e-05,-0.0001365021858142912,0.017502268150779487,-5.2919919614646815e-05,False,-0.0013329834073687596,-0.0013329834073687596
15,15,11138,2,1980-07-02,1995-07-03,0.020678934710617325,0.02505834642399099,0.019966660552234172,0.09197778322623651,0.09068773789316764,0.0012900453330688677,True,0.0013361491533505632,0.0017023977855683925,0.000743255865894632,0.09058589723699528,-0.00010184065617235838,False,-0.001391885989241226,-0.001391885989241226
15,15,16707,3,1995-10-01,2010-10-01,0.023675515668442948,0.027871597465438512,0.021231019998539935,-0.033872194242624,-0.03520237293305273,0.0013301786904287294,True,0.004836817532526849,0.0001608635186916581,9.361101113514181e-05,-0.03506796958304581,0.0001344033500069175,True,-0.0011957753404218119,-0.0011957753404218119
15,15,22277,4,2010-12-31,2025-12-31,0.02135532742296742,0.02858256002840864,0.02077933266580767,0.00815077919387086,0.006915296761864642,0.0012354824320062185,True,0.0022838156087405803,3.793879146467826e-05,-4.455945913783843e-05,0.006884771083524699,-3.052567833994324e-05,False,-0.0012660081103461618,-0.0012660081103461618
15,30,0,0,1950-01-03,1965-01-03,0.038279551619620156,0.04826311387597194,0.03931849246664276,0.07185252760575689,0.0695615115299919,0.0022910160757649844,True,0.0016291094672331585,0.002855051737066319,0.00016367688327179053,0.06928681834657291,-0.00027469318341899474,False,-0.002565709259183979,-0.002565709259183979
15,30,5569,1,1965-04-03,1980-04-03,0.03560858960306135,0.044298440728704896,0.035927532675770424,0.019581727099614366,0.017577215882781605,0.0020045112168327606,True,0.004590320880419885,0.002450212446347876,0.0006474916120542407,0.01751616744111195,-6.104844166965329e-05,False,-0.002065559658502414,-0.002065559658502414
15,30,11138,2,1980-07-02,1995-07-03,0.03429368081415962,0.043875671404944576,0.03463472203048634,0.09270668296953444,0.09065156084218295,0.002055122127351483,True,0.003229839558964054,0.0047412187243724545,0.0019584583213105855,0.09048763165200224,-0.00016392919018071161,False,-0.0022190513175321946,-0.0022190513175321946
15,30,16707,3,1995-10-01,2010-10-01,0.0392216824407734,0.047843827499747714,0.037003670406043465,-0.03322399456802705,-0.03534837752609521,0.0021243829580681606,True,0.01019180423670707,0.004750331985605765,0.0014588663789982803,-0.03504855642458482,0.0002998211015103891,True,-0.0018245618565577715,-0.0018245618565577715
15,30,22277,4,2010-12-31,2025-12-31,0.03455339977103211,0.04655660212130327,0.03218971500746881,0.008819608080774755,0.006905404287256278,0.0019142037935184764,True,0.005042602690749964,0.002746700060232114,0.0007916716876916752,0.00687523020747971,-3.0174079776568163e-05,False,-0.0019443778732950445,-0.0019443778732950445
15,45,0,0,1950-01-03,1965-01-03,0.05007703570916089,0.06491572617382259,0.0509709439772662,0.07246906883174153,0.06956689657474402,0.002902172256997515,True,0.005128105494793589,0.007127801612823884,0.0008112504237325346,0.06934469980455393,-0.0002221967701900862,False,-0.0031243690271876012,-0.0031243690271876012
15,45,5569,1,1965-04-03,1980-04-03,0.04577712622431718,0.061182839885325344,0.040456801956591626,0.02014703150941255,0.017664879791306376,0.0024821517181061736,True,0.005499027103437415,0.007253478525387812,0.001023644837875981,0.01747850040800336,-0.00018637938330301473,False,-0.0026685311014091884,-0.0026685311014091884
15,45,11138,2,1980-07-02,1995-07-03,0.046885699442988704,0.05943638316075274,0.047757154459975304,0.09324031705490743,0.09050426544222145,0.0027360516126859746,True,0.005822988635383997,0.013575709243645893,0.0033373363339366247,0.09032803326055117,-0.0001762321816702883,False,-0.002912283794356263,-0.002912283794356263
15,45,16707,3,1995-10-01,2010-10-01,0.05215383913592153,0.06392662460898048,0.04246193008316346,-0.032824840508754005,-0.03556866463718289,0.0027438241284288845,True,0.01467752148258139,0.006589139513052776,0.002077668662073595,-0.035160867148451236,0.0004077974887316538,True,-0.0023360266396972307,-0.0023360266396972307
15,45,22277,4,2010-12-31,2025-12-31,0.04756024505336787,0.06348260092102585,0.04574535362278498,0.009330101683836522,0.006760820951717594,0.002569280732118928,True,0.010604908876839847,0.011955508070817963,0.006993772332905435,0.00691644238204181,0.00015562143032421538,True,-0.0024136593017947128,-0.0024136593017947128
15,60,0,0,1950-01-03,1965-01-03,0.06276927397668208,0.08965029250538466,0.06696732432293295,0.07268194479983725,0.06911479183767155,0.0035671529621656983,True,0.008083710107455122,0.020810966039412765,0.005357965266407083,0.0689096285744526,-0.00020516326321895484,False,-0.003772316225384653,-0.003772316225384653
15,60,5569,1,1965-04-03,1980-04-03,0.055576127280534404,0.07025691543822224,0.056313155060060405,0.020454723010974396,0.01752197947181333,0.0029327435391610646,True,0.01337238451681122,0.016041767345230783,0.010417816666141277,0.017681773168091164,0.00015979369627783235,True,-0.002772949842883232,-0.002772949842883232
15,60,11138,2,1980-07-02,1995-07-03,0.05478506302535657,0.07528679411518943,0.056323938033545407,0.09332892788775293,0.09024237846930072,0.0030865494184522113,True,0.011701182948780753,0.024208306544802122,0.008623769064425746,0.09029355934260996,5.118087330924226e-05,True,-0.003035368545142969,-0.003035368545142969
15,60,16707,3,1995-10-01,2010-10-01,0.06641101853197484,0.08201715175606884,0.05659967535486954,-0.031927231044277415,-0.035365967560272105,0.003438736515994689,True,0.018115875016473826,0.020787433998057176,0.012960536263532996,-0.03491405101176959,0.00045191654850251783,True,-0.0029868199674921714,-0.0029868199674921714
15,60,22277,4,2010-12-31,2025-12-31,0.05413030866682944,0.0701463379746465,0.05463666749296192,0.009651453758257045,0.006842808577900872,0.002808645180356173,True,0.012175965455480942,0.01605051182848539,0.006944231513396293,0.006921567613292545,7.875903539167339e-05,True,-0.0027298861449644996,-0.0027298861449644996
15,90,0,0,1950-01-03,1965-01-03,0.08219036735176499,0.12430586387219845,0.08640357158884815,0.07396888087829878,0.0695049059969659,0.004463974881332877,True,0.014581274808424638,0.011983702975787129,0.0046216585615017625,0.06935846744877794,-0.00014643854818796598,False,-0.004610413429520843,-0.004610413429520843
15,90,5569,1,1965-04-03,1980-04-03,0.07603211800062515,0.08639936512246585,0.06333048697013055,0.021459074373450848,0.01760055680410666,0.0038585175693441887,True,0.015292579673996443,0.03859123508734102,0.012572174048254503,0.017508779661658203,-9.177714244845703e-05,False,-0.003950294711792646,-0.003950294711792646
15,90,11138,2,1980-07-02,1995-07-03,0.07730449344778534,0.10972357241821974,0.07987726508447879,0.09445208188087562,0.09023344941692879,0.004218632463946825,True,0.022159965621161737,0.057965795020536004,0.01921097888678469,0.09062516461156989,0.0003917151946410957,True,-0.0038269172693057296,-0.0038269172693057296
15,90,16707,3,1995-10-01,2010-10-01,0.0894503289389359,0.09027900850415806,0.07941572037601907,-0.031448435627693394,-0.035903403892645236,0.004454968264951842,True,0.024597430590796332,0.03859652952827589,0.015059594391524156,-0.035403773024637264,0.000499630868007972,True,-0.00395533739694387,-0.00395533739694387
15,90,22277,4,2010-12-31,2025-12-31,0.0742590138937369,0.10274371686093149,0.07358201962397448,0.010600097646767948,0.0068946822430331345,0.003705415403734813,True,0.019055059107984995,0.034203409158253734,0.01552532858679112,0.00705219814722402,0.0001575159041908858,True,-0.0035478994995439272,-0.0035478994995439272
15,120,0,0,1950-01-03,1965-01-03,0.10281994407094674,0.15855482947059527,0.11016221102272516,0.07418271622291295,0.06875995230510634,0.005422763917806606,True,0.028726658674530725,0.045330770267146624,0.027817285597057095,0.06921212652872155,0.0004521742236152093,True,-0.004970589694191396,-0.004970589694191396
15,120,5569,1,1965-04-03,1980-04-03,0.09016797895668294,0.11461789454302941,0.09524846007461552,0.021930623737280275,0.01755434109618248,0.004376282641097795,True,0.0258765271074759,0.05899420222515062,0.03032315116039963,0.017796522679658366,0.0002421815834758867,True,-0.004134101057621908,-0.004134101057621908
15,120,11138,2,1980-07-02,1995-07-03,0.08729072954555606,0.13129162567363786,0.08869088800878577,0.09462497768667344,0.09013113656898408,0.004493841117689357,True,0.029271485219048543,0.05690287084980193,0.02340661582615544,0.09063067900180899,0.0004995424328249065,True,-0.00399429868486445,-0.00399429868486445
15,120,16707,3,1995-10-01,2010-10-01,0.10732409686919442,0.13181711342110014,0.09773776957040758,-0.03055595253547061,-0.0357111705249713,0.005155217989500693,True,0.031512193784237974,0.07751350681342828,0.03307468624392329,-0.035129322738177704,0.0005818477867935989,True,-0.004573370202707094,-0.004573370202707094
15,120,22277,4,2010-12-31,2025-12-31,0.08873484905404405,0.10778766751723454,0.0794622391481945,0.010773166815926993,0.006534503670156289,0.004238663145770705,True,0.02658101777125932,0.06396890169391468,0.028120511079221533,0.006820049672374928,0.00028554600221863957,True,-0.003953117143552065,-0.003953117143552065
20,15,0,0,1950-01-03,1970-01-03,0.0221590630329338,0.026328736980979085,0.023085123445176547,0.07753248363834775,0.07635214855155437,0.0011803350867933826,True,-0.0001685896545129406,7.09824680660059e-05,-0.00013755201570331277,0.07634307349075509,-9.075060799279555e-06,False,-0.0011894101475926622,-0.0011894101475926622
20,15,5112,1,1964-01-02,1984-01-02,0.02051936315460101,0.027676854423388925,0.02171841960236165,0.01173746387927066,0.010710481218555445,0.0010269826607152144,True,-0.00015891013861901726,-5.369969255016825e-05,-0.00011379718136161898,0.010702450005190434,-8.03121336501178e-06,False,-0.0010350138740802262,-0.0010350138740802262
20,15,10225,2,1978-01-01,1998-01-01,0.020346002161889754,0.024960954786532798,0.02072986219525852,0.09262354253131644,0.09152357636429609,0.0010999661670203498,True,-3.0412251244782418e-05,1.689501641023083e-05,-9.667615399999718e-05,0.09152191632861006,-1.6600356860241305e-06,False,-0.001101626202706374,-0.001101626202706374
20,15,15338,3,1992-01-01,2012-01-01,0.02180980095465168,0.026343411628927966,0.02164043841588481,-0.013291366129365434,-0.014254181046340797,0.000962814916975363,True,0.0026299524733224278,0.00025127424318581275,-8.589637118994187e-05,-0.01422602984381005,2.815120253074621e-05,True,-0.0009346637144446168,-0.0009346637144446168
20,15,20451,4,2005-12-31,2025-12-31,0.02050807239998953,0.024609744560767883,0.018638675814064865,0.003985678247374169,0.0030699536141911565,0.0009157246331830127,True,0.0020166792040705595,0.00017961502369158946,5.09389234404356e-05,0.003067904247417541,-2.0493667736154464e-06,False,-0.0009177739999566281,-0.0009177739999566281
20,30,0,0,1950-01-03,1970-01-03,0.03667167386239312,0.04532417338792263,0.037644917168785264,0.07801183815742774,0.07629308804234114,0.001718750115086598,True,0.0005783375434680327,0.002060959465248409,6.0573718160927825e-05,0.07610318778621283,-0.00018990025612830586,False,-0.0019086503712149039,-0.0019086503712149039
20,30,5112,1,1964-01-02,1984-01-02,0.03558303376772365,0.04469507626428753,0.03568782584252128,0.012239988313648142,0.010679417369585442,0.0015605709440627002,True,0.004599542316287897,0.0027049983333476114,0.0004112495589594367,0.010703785891659878,2.4368522074436072e-05,True,-0.0015362024219882642,-0.0015362024219882642
20,30,10225,2,1978-01-01,1998-01-01,0.032549860257611085,0.04205446568072461,0.03277672165872125,0.09311946470812127,0.09159407738487757,0.0015253873232436987,True,0.0006995675887024877,0.0012602627633510714,-0.00040356085684301046,0.09140808966834468,-0.00018598771653288715,False,-0.001711375039776586,-0.001711375039776586
20,30,15338,3,1992-01-01,2012-01-01,0.035782588955231676,0.04414531711077788,0.0361603310172649,-0.012750063621686958,-0.014282022939501648,0.0015319593178146906,True,0.00605301663932023,0.007837116636604555,0.0022243887708024435,-0.01418696967421429,9.505326528735925e-05,True,-0.0014369060525273314,-0.0014369060525273314
20,30,20451,4,2005-12-31,2025-12-31,0.0325508033026396,0.03997901838354664,0.029231211313557992,0.00447619339553218,0.0030742652014492666,0.0014019281940829131,True,0.003150912245914572,0.00178790640882064,-0.000885702314204484,0.0030260642999018206,-4.820090154744605e-05,False,-0.0014501290956303592,-0.0014501290956303592
20,45,0,0,1950-01-03,1970-01-03,0.04789171799054848,0.06057869985906322,0.04942455922135669,0.0783845548536608,0.07619593518634749,0.0021886196673133185,True,0.003642247967027279,0.005937270227856677,0.0015260133671564091,0.07606041947867448,-0.00013551570767300625,False,-0.0023241353749863247,-0.0023241353749863247
20,45,5112,1,1964-01-02,1984-01-02,0.04605269994111638,0.06591599412630715,0.04893088273441837,0.012616626171673806,0.01065052294990032,0.0019661032217734853,True,0.00703087347639153,0.006749084904607327,0.00484676999524325,0.010693598124433157,4.307517453283616e-05,True,-0.0019230280472406491,-0.0019230280472406491
20,45,10225,2,1978-01-01,1998-01-01,0.04114436453855164,0.05024130182128472,0.04153194574749408,0.09332728665745393,0.09146086241640239,0.0018664242410515453,True,0.0043937815019396975,0.006191780532503872,0.003370660273434245,0.09136427508672207,-9.658732968031991e-05,False,-0.001963011570731865,-0.001963011570731865
20,45,15338,3,1992-01-01,2012-01-01,0.04570027941435839,0.05463505880302855,0.045072962952615425,-0.012314143375727338,-0.014215752523698444,0.0019016091479711061,True,0.007805920126094712,0.013102172147786726,0.006470992337035408,-0.01413579280811983,7.99597155786147e-05,True,-0.0018216494323924914,-0.0018216494323924914
20,45,20451,4,2005-12-31,2025-12-31,0.04322481113632537,0.05238514383694929,0.03801959337521077,0.004877344493125602,0.003061529040729871,0.0018158154523957304,True,0.005528864018882196,0.003119924730925486,-0.0017797045630406627,0.0030294112763236125,-3.2117764406258686e-05,False,-0.001847933216801989,-0.001847933216801989
20,60,0,0,1950-01-03,1970-01-03,0.059677650452746756,0.08205072370181628,0.06326009179661951,0.07881488745679266,0.07613515089732092,0.002679736559471735,True,0.006446674717613066,0.016794124485271712,0.004567905147213169,0.0760380468653512,-9.710403196971917e-05,False,-0.002776840591441454,-0.002776840591441454
20,60,5112,1,1964-01-02,1984-01-02,0.0568836157495447,0.07710301448213956,0.05838955652987465,0.012988643738146788,0.010606160760697092,0.002382482977449696,True,0.009265220824767884,0.010246509766920469,0.005424123439060624,0.010656291244051541,5.013048335444914e-05,True,-0.0023323524940952467,-0.0023323524940952467
20,60,10225,2,1978-01-01,1998-01-01,0.05223234788097009,0.06870993667750883,0.052919736651413585,0.09389118239156624,0.09155880015733531,0.002332382234230934,True,0.00571376243779631,0.016027607570645454,0.0038116165272261693,0.0914205441557201,-0.00013825600161521123,False,-0.0024706382358461454,-0.0024706382358461454
20,60,15338,3,1992-01-01,2012-01-01,0.05987717267484616,0.07393047925481519,0.05871582585537505,-0.0120178426116484,-0.014481569295154317,0.002463726683505918,True,0.013996950219081983,0.0250658953793642,0.013087715252783516,-0.014202088338622132,0.0002794809565321854,True,-0.0021842457269737325,-0.0021842457269737325
20,60,20451,4,2005-12-31,2025-12-31,0.05346675154715963,0.06177425587960236,0.047473087324948926,0.005251872791055767,0.0030493744653083965,0.0022024983257473707,True,0.009180556564546638,0.014186946476715203,0.0019174591757813442,0.0030949350552051946,4.556058989679812e-05,True,-0.0021569377358505726,-0.0021569377358505726
20,90,0,0,1950-01-03,1970-01-03,0.07802986726629446,0.11234883676371964,0.0815326342722813,0.0792308638293997,0.07584342965084034,0.0033874341785593565,True,0.01219036076975022,0.011633237988497133,0.008293966531132124,0.0758351749028725,-8.254747967839648e-06,False,-0.003395688926527196,-0.003395688926527196
20,90,5112,1,1964-01-02,1984-01-02,0.07413333095786623,0.10329518153343345,0.07543433874798944,0.013512071830916517,0.010514286555948216,0.002997785274968301,True,0.01795829366756152,0.029651881193291676,0.020361620812396453,0.010793674560526378,0.0002793880045781627,True,-0.0027183972703901382,-0.0027183972703901382
20,90,10225,2,1978-01-01,1998-01-01,0.06660066650076546,0.08485712914067677,0.06786499617829467,0.09396150580069462,0.09110924175529567,0.0028522640453989556,True,0.01898053230178709,0.0365978067519444,0.016919595658369646,0.09146573542634973,0.00035649367105405894,True,-0.0024957703743448967,-0.0024957703743448967
20,90,15338,3,1992-01-01,2012-01-01,0.07748604227172118,0.10148654097677312,0.0774146351275129,-0.011302604263534022,-0.014381427805205904,0.0030788235416718823,True,0.024293832009356198,0.055903755154825055,0.0313891707333005,-0.013802869909390725,0.0005785578958151794,True,-0.002500265645856703,-0.002500265645856703
20,90,20451,4,2005-12-31,2025-12-31,0.06706829811287762,0.08074700778892563,0.06626256651444962,0.005676829057101873,0.0030323998119914375,0.0026444292451104356,True,0.013592059042653037,0.02752117762471657,0.003214951706454361,0.003094126316878887,6.172650488744935e-05,True,-0.0025827027402229863,-0.0025827027402229863
20,120,0,0,1950-01-03,1970-01-03,0.09705757373462487,0.14260450090934232,0.10366508026942522,0.07994928550267222,0.0758471988580105,0.004102086644661718,True,0.02452975815120273,0.03974582133982049,0.025325280014667273,0.07626177508138099,0.0004145762233704886,True,-0.003687510421291229,-0.003687510421291229
20,120,5112,1,1964-01-02,1984-01-02,0.08785446340423309,0.12367503633378675,0.08936620690133168,0.013950582714710613,0.010525270405257636,0.003425312309452977,True,0.022231683328139518,0.04507182224128098,0.02805571065604262,0.01080112385636367,0.000275853451106034,True,-0.003149458858346943,-0.003149458858346943
20,120,10225,2,1978-01-01,1998-01-01,0.08149564269703169,0.11845328243584882,0.08371511091698669,0.09473806590171674,0.09135923121207412,0.003378834689642618,True,0.02897113600805179,0.0650877946513923,0.029531074357167286,0.09201597686539631,0.0006567456533221883,True,-0.0027220890363204298,-0.0027220890363204298
20,120,15338,3,1992-01-01,2012-01-01,0.10023822138443128,0.12259917272078209,0.09539839223804747,-0.010959524617836558,-0.014859467413764427,0.0038999427959278687,True,0.030029870815463156,0.05028149072201851,0.030029870815463156,-0.014215858196926834,0.0006436092168375929,True,-0.003256333579090276,-0.003256333579090276
20,120,20451,4,2005-12-31,2025-12-31,0.08242091717894784,0.10581431861341781,0.08047715901319408,0.006410298598517938,0.0032607455414002118,0.0031495530571177266,True,0.01097913945069151,0.048186421519260315,0.013448732515049189,0.0029792935357919603,-0.00028145200560825145,False,-0.003431005062725978,-0.003431005062725978
