horizon_years,contribution_interval_days,window_stride_days,window_number,start_date,end_date,final_relative_advantage_theoretical,mean_relative_advantage_theoretical,median_relative_advantage_theoretical,annual_return_btd_theoretical,annual_return_dca,annual_alpha_theoretical,theoretical_win,final_relative_advantage_implementable,mean_relative_advantage_implementable,median_relative_advantage_implementable,annual_return_btd_implementable,annual_alpha_implementable,implementable_win,implementable_minus_theoretical_annual_alpha,implementable_minus_theoretical_annual_return
1,15,0,0,1950-01-03,1951-01-03,0.05535385218060629,0.09383690305441965,0.059253319189499054,0.14125412359181655,0.12644280115361073,0.01481132243820582,True,0.0353346349918473,0.0016458949724810193,0.0,0.11959076083425724,-0.006852040319353492,False,-0.021663362757559312,-0.021663362757559312
1,15,6867,1,1968-10-22,1969-10-22,0.05673225197202658,0.09837782234759151,0.01514458237734817,0.04316516023393002,0.028282884389189578,0.014882275844740445,True,0.04052140001387028,0.00017243148942072459,0.0,0.027151558691543176,-0.0011313256976464015,False,-0.016013601542386846,-0.016013601542386846
1,15,13735,2,1987-08-12,1988-08-11,0.06618302558401279,0.09283892705246687,0.07020269123598466,0.057938826260010234,0.03359556968992994,0.024343256570080296,True,0.02733968233754358,-0.012686302898475943,-0.018012322018860605,0.019369924807837613,-0.014225644882092325,False,-0.03856890145217262,-0.03856890145217262
1,15,20602,3,2006-05-31,2007-05-31,0.056751698336080736,0.07573758219338543,0.06154624255256025,0.1321413574601633,0.11596915557321896,0.01617220188694435,True,0.036831485128258734,0.0010347850517982166,-0.0009620588688072917,0.11078553890811982,-0.005183616665099144,False,-0.021355818552043493,-0.021355818552043493
1,15,27470,4,2025-03-20,2026-03-20,0.06904355811351093,0.14352332110657878,0.0781979665005823,0.053862245725587066,0.026855882914607943,0.027006362810979123,True,0.038211256352617795,-0.0075266000894863155,-0.004359058069450028,0.023447273650111455,-0.003408609264496487,False,-0.03041497207547561,-0.03041497207547561
1,30,0,0,1950-01-03,1951-01-03,0.10685561601361071,0.20842354070338784,0.15129596220071284,0.14685450683853318,0.12246567528087726,0.02438883155765592,True,0.0769543525922658,0.014216479361208227,0.0029278678573161354,0.11585175834028028,-0.006613916940596987,False,-0.031002748498252908,-0.031002748498252908
1,30,6867,1,1968-10-22,1969-10-22,0.1072166965944017,0.19889804046691525,0.1264339597085089,0.05050143222101999,0.0278261012150276,0.022675331005992394,True,0.08158408861870048,0.004807921717885875,0.0,0.02616534752458044,-0.0016607536904471587,False,-0.024336084696439553,-0.024336084696439553
1,30,13735,2,1987-08-12,1988-08-11,0.1272361819874146,0.15719854190416646,0.13609512570703708,0.06995479808120186,0.028254928025036152,0.04169987005616571,True,0.05970457198008905,0.015551901647605053,-0.03136370199899824,0.005812298432051666,-0.022442629592984487,False,-0.0641424996491502,-0.0641424996491502
1,30,20602,3,2006-05-31,2007-05-31,0.11204474249689289,0.18934526274855906,0.1441954110361121,0.13611508331945177,0.10676238307894304,0.029352700240508733,True,0.08058728272433147,0.0696721922793361,0.010045654000609527,0.10395502504660459,-0.0028073580323384473,False,-0.03216005827284718,-0.03216005827284718
1,30,27470,4,2025-03-20,2026-03-20,0.13140740808974538,0.2594585921343255,0.1761031692947188,0.06905400488591651,0.023598916110460832,0.045455088775455676,True,0.07230070018959434,-0.022988475215693457,-0.017309258074758138,0.013167512997361408,-0.010431403113099424,False,-0.0558864918885551,-0.0558864918885551
1,45,0,0,1950-01-03,1951-01-03,0.1601076946915232,0.2549108524688777,0.1808526012965146,0.15018391111959373,0.11535305838890686,0.03483085273068687,True,0.1277809443388198,0.04682145106099536,0.008401654087903943,0.11811204672208153,0.0027589883331746723,True,-0.032071864397512195,-0.032071864397512195
1,45,6867,1,1968-10-22,1969-10-22,0.16031937998905232,0.1879324856079939,0.18287520217834086,0.05861661254068018,0.026371268398050818,0.03224534414262936,True,0.12408882025621382,0.08120131453957237,0.0050160952338441644,0.025539402617049234,-0.0008318657810015839,False,-0.033077209923630946,-0.033077209923630946
1,45,13735,2,1987-08-12,1988-08-11,0.18741034411242263,0.2884371062950229,0.24011722220499898,0.08713356931214356,0.02995568813465077,0.057177881177492784,True,0.10288660380372439,0.11862745843812328,-0.024230692634213735,0.00969678712671862,-0.02025890100793215,False,-0.07743678218542493,-0.07743678218542493
1,45,20602,3,2006-05-31,2007-05-31,0.15699464212276237,0.3019439187701452,0.20466804350406687,0.13718897861290325,0.1057207889042755,0.03146818970862775,True,0.10932638276477369,-0.009409753222335338,-0.00705467340387167,0.09030529416097921,-0.015415494743296287,False,-0.046883684451924035,-0.046883684451924035
1,45,27470,4,2025-03-20,2026-03-20,0.19918173247376258,0.3941292601336593,0.2830683659259603,0.07542242399573773,0.008852353115257117,0.06657007088048061,True,0.13159328231465173,0.03197507826096212,0.010830689633832158,0.014768991013048627,0.00591663789779151,True,-0.060653432982689104,-0.060653432982689104
1,60,0,0,1950-01-03,1951-01-03,0.20893895110431804,0.3572119986105588,0.2954209053515926,0.15715083786377448,0.11666217637022913,0.04048866149354535,True,0.17112287005459037,0.08339049255742349,0.012804136531711086,0.12093030941181815,0.004268133041589017,True,-0.036220528451956335,-0.036220528451956335
1,60,6867,1,1968-10-22,1969-10-22,0.20153184995977136,0.30194993191677044,0.20153184995977136,0.05874005787569514,0.02799756986266111,0.03074248801303403,True,0.16259895357934218,0.03710053519987039,0.0,0.024410891340857388,-0.003586678521803721,False,-0.03432916653483775,-0.03432916653483775
1,60,13735,2,1987-08-12,1988-08-11,0.22046374121077594,0.47320862627011495,0.4029846698425912,0.08262263208520237,0.034869530378037084,0.04775310170716529,True,0.12291788717338736,0.17628415889324028,-0.04526525869422715,-0.003963069147645881,-0.038832599525682965,False,-0.08658570123284826,-0.08658570123284826
1,60,20602,3,2006-05-31,2007-05-31,0.20802545315505294,0.3881197937911543,0.3006939518169822,0.14387742902406764,0.10468849935331503,0.039188929670752604,True,0.15681728223062597,0.020721148057773198,3.727820923959957e-05,0.09535599431698283,-0.009332505036332206,False,-0.04852143470708481,-0.04852143470708481
1,60,27470,4,2025-03-20,2026-03-20,0.26834750181577305,0.49019524433021877,0.3679056165516281,0.07951373646978932,-0.007085512263448557,0.08659924873323788,True,0.18731477894963855,0.07542285316832507,0.05689809823631209,0.010499609840058932,0.01758512210350749,True,-0.06901412662973039,-0.06901412662973039
1,90,0,0,1950-01-03,1951-01-03,0.30227691432475545,0.23042214851368686,0.07360285323588589,0.15358376595462908,0.10724472436197341,0.04633904159265567,True,0.2721820524248635,0.20413876197879202,0.038598987502341364,0.12690706963350284,0.019662345271529436,True,-0.026676696321126236,-0.026676696321126236
1,90,6867,1,1968-10-22,1969-10-22,0.2871026231370446,0.3411504231399782,0.38034427770274304,0.0657257800209523,0.03498393405327982,0.030741845967672488,True,0.24593975415272462,0.2822667197851211,0.024783064086912,0.03161980379916551,-0.003364130254114306,False,-0.03410597622178679,-0.03410597622178679
1,90,13735,2,1987-08-12,1988-08-11,0.34389263178671325,0.6125321205950162,0.616658101897499,0.14749742574927893,0.06727322895820631,0.08022419679107262,True,0.19536918383698443,0.13854862452133626,-0.050435640479561616,0.02059718343350836,-0.04667604552469795,False,-0.12690024231577057,-0.12690024231577057
1,90,20602,3,2006-05-31,2007-05-31,0.31317528882696566,0.5825137137540616,0.5656926227526042,0.14161969886034664,0.08666104638039807,0.05495865247994858,True,0.23927625883741754,0.02190871613556671,0.01747830278823348,0.07733223118821186,-0.009328815192186202,False,-0.06428746767213478,-0.06428746767213478
1,90,27470,4,2025-03-20,2026-03-20,0.37822734429280747,0.5704648510322222,0.2182482919082378,0.09822686987933604,-0.004016445375572109,0.10224331525490815,True,0.28815963317277893,0.17091937794356699,0.1268891802165799,0.026409788610995744,0.030426233986567852,True,-0.0718170812683403,-0.0718170812683403
1,120,0,0,1950-01-03,1951-01-03,0.4080486655832267,0.52838460631809,0.5917909094311269,0.15400271275984134,0.09272702124724352,0.06127569151259782,True,0.33341236748045233,0.3065383745518423,0.008515871511852735,0.09279183767410326,6.481642685973732e-05,True,-0.06121087508573808,-0.06121087508573808
1,120,6867,1,1968-10-22,1969-10-22,0.37989849252468133,0.6830539235971914,0.5661198767460833,0.0650799171594918,0.029114224281300505,0.03596569287819129,True,0.341459253004998,0.23593217394631397,0.01320713185119926,0.035390407798171264,0.006276183516870759,True,-0.029689509361320532,-0.029689509361320532
1,120,13735,2,1987-08-12,1988-08-11,0.42381600208817116,0.7058181724664092,0.5969887529032132,0.15113932669690922,0.0779366225297804,0.07320270416712882,True,0.2558208737373462,0.2630837497432547,0.35687660433683055,0.015229835386225021,-0.06270678714355538,False,-0.1359094913106842,-0.1359094913106842
1,120,20602,3,2006-05-31,2007-05-31,0.41345417003211504,0.7564243571256735,0.6057384560551891,0.14471616248957964,0.07978542663090304,0.06493073585867659,True,0.3630674221502206,0.23664879667569721,0.08227339670638689,0.10388192917288741,0.024096502541984366,True,-0.040834233316692226,-0.040834233316692226
1,120,27470,4,2025-03-20,2026-03-20,0.5077019343052789,0.9660600067878967,0.7391827633031645,0.11174504858539303,-0.016913145123495288,0.1286581937088883,True,0.40891836020131245,0.23088830780352976,0.20566080105108897,0.03885607365007426,0.05576921877356955,True,-0.07288897493531876,-0.07288897493531876
2,15,0,0,1950-01-03,1952-01-03,0.034723724559089675,0.061139480101740175,0.035288645067811375,0.09200534718148812,0.0846458844797604,0.007359462701727715,True,0.016944362413640057,0.0003510893993506616,-0.000983228758715815,0.08257646219676462,-0.002069422282995781,False,-0.009428884984723496,-0.009428884984723496
2,15,6776,1,1968-07-23,1970-07-23,0.04063901972161199,0.06940106874349403,0.016601808378253535,-0.04974118474935063,-0.05883359329271154,0.009092408543360908,True,0.02515988197595309,0.0019171793412565872,0.001110668929164671,-0.05683988593356104,0.0019937073591504983,True,-0.00709870118421041,-0.00709870118421041
2,15,13552,2,1987-02-10,1989-02-09,0.03994717934969083,0.08643688288761024,0.04244715665963339,0.03790466518130553,0.028315745253745916,0.009588919927559614,True,0.017602602899702946,0.0005879268517474553,-0.002403397361957771,0.026686135870752414,-0.0016296093829935021,False,-0.011218529310553116,-0.011218529310553116
2,15,20328,3,2005-08-30,2007-08-30,0.03783894419351719,0.06608844409286473,0.03910026035257963,0.05987607080844781,0.05115090730793703,0.00872516350051078,True,0.02004224619035533,0.002577302995024191,0.00090582296605346,0.050743258644501354,-0.00040764866343567796,False,-0.009132812163946458,-0.009132812163946458
2,15,27105,4,2024-03-20,2026-03-20,0.04806862328056449,0.06780573666477002,0.03204723080115568,0.06951355255917391,0.05551628393690988,0.013997268622264025,True,0.02226924995089008,0.003372681508558784,0.00033340919454594165,0.05625888256948497,0.0007425986325750866,True,-0.013254669989688939,-0.013254669989688939
2,30,0,0,1950-01-03,1952-01-03,0.06466199505074699,0.132983941261976,0.08005756722546598,0.09589593915436811,0.08398825789421172,0.0119076812601564,True,0.03636353388843738,0.008376396856919663,0.0012165642978041458,0.0812235509440109,-0.0027647069502008126,False,-0.014672388210357212,-0.014672388210357212
2,30,6776,1,1968-07-23,1970-07-23,0.07556474787171852,0.13403143073524768,0.08181536163649006,-0.04322552242270472,-0.05843366437064368,0.015208141947938958,True,0.05037637531541317,0.01541535036530506,0.004411864139732602,-0.0545027934614386,0.003930870909205075,True,-0.011277271038733883,-0.011277271038733883
2,30,13552,2,1987-02-10,1989-02-09,0.07702605737047774,0.13027483525341024,0.08047692869649525,0.0437309770818175,0.026443116081286133,0.017287861000531368,True,0.02979109924110057,-0.0012578554496493863,-0.011160298855350081,0.020571331341685983,-0.00587178473960015,False,-0.023159645740131518,-0.023159645740131518
2,30,20328,3,2005-08-30,2007-08-30,0.06889900497327184,0.12276149479926396,0.07564318982862694,0.06279947264511443,0.049164383608543805,0.013635089036570625,True,0.04154261265180792,0.039577921649241156,0.005010734312673071,0.04910186549243245,-6.251811611135416e-05,False,-0.013697607152681979,-0.013697607152681979
2,30,27105,4,2024-03-20,2026-03-20,0.09100736311444013,0.15944517935079575,0.10042384071725985,0.0772588861896184,0.05260091864208838,0.024657967547530024,True,0.04992367772495965,0.025610963313868154,0.01231468116048351,0.056767383366534974,0.004166464724446595,True,-0.02049150282308343,-0.02049150282308343
2,45,0,0,1950-01-03,1952-01-03,0.09706890700835635,0.17369077372795552,0.12083469764048771,0.09834267787429907,0.08088779574589577,0.017454882128403293,True,0.06277153321826079,0.03288983013420984,0.011434685336191741,0.08102599773078745,0.00013820198489167268,True,-0.01731668014351162,-0.01731668014351162
2,45,6776,1,1968-07-23,1970-07-23,0.11434180028978824,0.16426282972415251,0.05224076999525207,-0.037124076272158746,-0.059803780514271154,0.02267970424211241,True,0.07343316570804115,0.040203665646687085,0.009580687844871205,-0.05497552017985741,0.004828260334413748,True,-0.01785144390769866,-0.01785144390769866
2,45,13552,2,1987-02-10,1989-02-09,0.11464859704241759,0.18044307965513937,0.1223782439899408,0.04979665618588647,0.024928432938364553,0.024868223247521914,True,0.05146852402354263,0.05175664770534488,-0.009181538722903393,0.01959021251756865,-0.005338220420795903,False,-0.030206443668317817,-0.030206443668317817
2,45,20328,3,2005-08-30,2007-08-30,0.10083532509871973,0.1733792767010472,0.11461179214970652,0.06574832616791815,0.0470144565509687,0.01873386961694945,True,0.06166020791243487,0.027473216100620226,0.005108964833727692,0.04660031513423868,-0.00041414141673001836,False,-0.01914801103367947,-0.01914801103367947
2,45,27105,4,2024-03-20,2026-03-20,0.12473963345556882,0.20888930637549094,0.14410623269631495,0.08104998050873258,0.050692848666015644,0.030357131842716933,True,0.06248906135726373,0.03937564102529928,0.014197923326818351,0.05068743640469742,-5.412261318227252e-06,False,-0.03036254410403516,-0.03036254410403516
2,60,0,0,1950-01-03,1952-01-03,0.12624819033370027,0.23266436719000738,0.1579209465482312,0.10107729419749578,0.07988132047837193,0.02119597371912385,True,0.08259070265509272,0.05250366348782927,0.014274419450409193,0.0795108713569328,-0.00037044912143913145,False,-0.021566422840562982,-0.021566422840562982
2,60,6776,1,1968-07-23,1970-07-23,0.14118060692898604,0.20493393613951152,0.15638284523049806,-0.03251413227170574,-0.05737109139052732,0.024856959118821575,True,0.09672481056562043,0.08031437737280593,0.012416809434075526,-0.05155890576975808,0.005812185620769239,True,-0.019044773498052336,-0.019044773498052336
2,60,13552,2,1987-02-10,1989-02-09,0.1304929301734985,0.22467000467225784,0.16903937386297296,0.049990973473984734,0.027841989957664737,0.022148983516319998,True,0.056650009081991914,0.007568829805727502,-0.024174115719208356,0.015096134410132356,-0.012745855547532381,False,-0.03489483906385238,-0.03489483906385238
2,60,20328,3,2005-08-30,2007-08-30,0.1237337098100526,0.2546242908615339,0.16336889056348225,0.06812289925112491,0.04873347064774336,0.019389428603381553,True,0.0816103408665585,0.04527316349132172,0.007205823491408081,0.047898586083122474,-0.0008348845646208858,False,-0.02022431316800244,-0.02022431316800244
2,60,27105,4,2024-03-20,2026-03-20,0.15615630590170437,0.2759190718404626,0.18360153572432414,0.08277252252588352,0.04809422249222095,0.03467830003366257,True,0.0947244145037085,0.09002524068495697,0.032633568580913375,0.053593861086863814,0.005499638594642864,True,-0.029178661439019704,-0.029178661439019704
2,90,0,0,1950-01-03,1952-01-03,0.1729418785800534,0.20240498007879779,0.19358195451384463,0.10229970995778492,0.07952200951274624,0.022777700445038684,True,0.13626133050547473,0.12872018949527272,0.038598987502341364,0.08491530253728952,0.0053932930245432775,True,-0.017384407420495407,-0.017384407420495407
2,90,6776,1,1968-07-23,1970-07-23,0.20267893867185705,0.1961993999281247,0.10611854684512467,-0.02719060995477829,-0.05915250741607825,0.03196189746129996,True,0.1468542211477315,0.18750878286652042,0.18017919863674492,-0.050051763523169646,0.009100743892908603,True,-0.022861153568391357,-0.022861153568391357
2,90,13552,2,1987-02-10,1989-02-09,0.21310312399459863,0.36829903456114216,0.27520028756275394,0.06984407812997073,0.030235886319389227,0.039608191810581506,True,0.10211426125145184,0.0444160051208203,-0.017794651708966547,0.019695884930609253,-0.010540001388779974,False,-0.05014819319936148,-0.05014819319936148
2,90,20328,3,2005-08-30,2007-08-30,0.18614602367676292,0.25647624470836133,0.18614602367676292,0.07065133182989847,0.042671186679871465,0.027980145150027003,True,0.13513311712060827,0.11260609429318516,0.04389390798286352,0.047359658228307566,0.004688471548436102,True,-0.0232916736015909,-0.0232916736015909
2,90,27105,4,2024-03-20,2026-03-20,0.23239562129877767,0.35091182576337066,0.2822249636780949,0.09136485037885822,0.042695716528219574,0.048669133850638646,True,0.14925911228249067,0.21882496790225311,0.07899870286001609,0.05388562128012442,0.011189904751904844,True,-0.0374792290987338,-0.0374792290987338
2,120,0,0,1950-01-03,1952-01-03,0.23812621445523563,0.3615399479079402,0.33341207071773815,0.10137517009356234,0.06909764989360379,0.032277520199958554,True,0.17723295374489578,0.18937194908713334,0.02876226162014306,0.07393136464612104,0.00483371475251726,True,-0.027443805447441294,-0.027443805447441294
2,120,6776,1,1968-07-23,1970-07-23,0.2599545182347329,0.22884472653517796,0.12583652007648194,-0.01792637214476378,-0.055007050223914056,0.037080678079150275,True,0.17258382803918892,0.2949109043336349,0.2816944435240465,-0.052612007261891414,0.002395042962022642,True,-0.03468563511712763,-0.03468563511712763
2,120,13552,2,1987-02-10,1989-02-09,0.24889481396564572,0.5019755607687518,0.4853259785715083,0.05263300116266367,0.017366224436131672,0.035266776726532,True,0.16066437504758802,0.13556116309238142,0.02057115198451065,0.01474397336716593,-0.002622251068965742,False,-0.03788902779549774,-0.03788902779549774
2,120,20328,3,2005-08-30,2007-08-30,0.22868178978305198,0.39107671216313933,0.3244673031581231,0.0730322072412739,0.04558354197626513,0.027448665265008776,True,0.16861934894523145,0.14667501635731128,0.041160349472686875,0.046458786523897455,0.0008752445476323256,True,-0.02657342071737645,-0.02657342071737645
2,120,27105,4,2024-03-20,2026-03-20,0.3045943310300525,0.4822094144918955,0.3488257803414738,0.09883037833117903,0.03908168352709551,0.05974869480408351,True,0.22848901859056459,0.4359319617346369,0.2595796234039842,0.06627594937026138,0.027194265843165866,True,-0.03255442896091765,-0.03255442896091765
3,15,0,0,1950-01-03,1953-01-03,0.015217761140920105,0.04859415919017263,0.02749424801170175,0.051951222617528936,0.046665002424776114,0.005286220192752822,True,-0.0004943463315754126,3.7726316570736514e-05,-0.000766149880348288,0.046492384187603264,-0.00017261823717285019,False,-0.005458838429925672,-0.005458838429925672
3,15,6684,1,1968-04-22,1971-04-23,0.028606781612176668,0.04193754500810277,0.029630858338605792,0.08026757856512567,0.07502438674775402,0.005243191817371651,True,0.00999103515894606,-0.00016457062544955565,-5.766759768444096e-05,0.07371245360447154,-0.0013119331432824843,False,-0.006555124960654135,-0.006555124960654135
3,15,13369,2,1986-08-11,1989-08-11,0.03147659652345336,0.05323987110079935,0.03394110672623607,0.06592630062054106,0.05976827040880761,0.006158030211733445,True,0.009669232952700835,0.005429796314786327,-0.0020068901702287034,0.05836255245509325,-0.0014057179537143583,False,-0.007563748165447803,-0.007563748165447803
3,15,20054,3,2004-11-29,2007-11-30,0.030317286841560653,0.04866978130859914,0.029835582620800993,0.058179919607568076,0.0524609976013557,0.005718922006212379,True,0.011272135080646395,7.501274130905808e-05,-0.00019523771916041266,0.051620758052893345,-0.0008402395484623515,False,-0.006559161554674731,-0.006559161554674731
3,15,26739,4,2023-03-20,2026-03-20,0.04045875470862659,0.06909090451919976,0.043757351115000676,0.09036391810475308,0.0809368658088232,0.009427052295929883,True,0.009770626356245593,0.0006258900934207139,-9.968631388262983e-05,0.07953919498107775,-0.0013976708277454453,False,-0.010824723123675328,-0.010824723123675328
3,30,0,0,1950-01-03,1953-01-03,0.05005924181763266,0.10307610274592832,0.06059041848004809,0.054828148805811994,0.047308732387094876,0.0075194164187171175,True,0.02457488902415128,0.0058348054390375765,0.0009331023800682736,0.04621893694188883,-0.0010897954452060432,False,-0.00860921186392316,-0.00860921186392316
3,30,6684,1,1968-04-22,1971-04-23,0.05631905401465742,0.10480268219291569,0.06551979741811231,0.08415402682593687,0.0743025211244388,0.009851505701498064,True,0.024030940094472042,0.007426460738331662,0.0017084828500955052,0.0729957471331284,-0.001306773991310406,False,-0.01115827969280847,-0.01115827969280847
3,30,13369,2,1986-08-11,1989-08-11,0.05768296895039371,0.11188654570814309,0.06347210073861764,0.07024726903786238,0.060066180662402546,0.010181088375459835,True,0.01696384809504714,0.027176509609709486,-0.006850153875522458,0.05633602823483752,-0.0037301524275650255,False,-0.01391124080302486,-0.01391124080302486
3,30,20054,3,2004-11-29,2007-11-30,0.054288291245186526,0.06771154569941946,0.053826160265074474,0.06220643347882482,0.05322958154668633,0.008976851932138485,True,0.02427276734579431,0.01564711564584735,0.0021247663180816723,0.052031221802635086,-0.0011983597440512472,False,-0.010175211676189733,-0.010175211676189733
3,30,26739,4,2023-03-20,2026-03-20,0.0707730374849933,0.12762416891002534,0.07496311015741353,0.09542374883178484,0.0805646877686037,0.014859061063181134,True,0.02353579270886086,0.008421677699724026,0.003371392985746624,0.079076359000402,-0.0014883287682017077,False,-0.01634738983138284,-0.01634738983138284
3,45,0,0,1950-01-03,1953-01-03,0.07483577514964224,0.13774467832197554,0.08821043614414847,0.05625602652059425,0.04526957566963197,0.010986450850962282,True,0.044584253768180204,0.027066201624204134,0.009801901561230286,0.0462452268823228,0.0009756512126908312,True,-0.01001079963827145,-0.01001079963827145
3,45,6684,1,1968-04-22,1971-04-23,0.07415457002630754,0.1165209607217424,0.07696674719612306,0.08646137389475861,0.07539818813729982,0.011063185757458793,True,0.030289086311181768,0.01618699803153469,0.001991866256124686,0.07146940329428575,-0.003928784843014066,False,-0.01499197060047286,-0.01499197060047286
3,45,13369,2,1986-08-11,1989-08-11,0.08776033895252788,0.15206254440523748,0.09320383958879619,0.07447193435488342,0.05907899547019313,0.015392938884690288,True,0.028927530266001478,0.004981685955269912,-0.00662424532912631,0.05474490133216925,-0.004334094138023881,False,-0.01972703302271417,-0.01972703302271417
3,45,20054,3,2004-11-29,2007-11-30,0.0755816947509127,0.1164072063448623,0.03889844346894611,0.06278730592810611,0.05149982483739102,0.01128748109071509,True,0.038399637268232034,0.01789762654788387,0.004092502695062228,0.05039963459158292,-0.001100190245808097,False,-0.012387671336523187,-0.012387671336523187
3,45,26739,4,2023-03-20,2026-03-20,0.09669896595163441,0.17570943585106014,0.10565031730576879,0.0997366703091136,0.08102943081137104,0.018707239497742556,True,0.033309306156509066,0.021082411199360107,0.0026745125156628635,0.07813126793494996,-0.0028981628764210843,False,-0.02160540237416364,-0.02160540237416364
3,60,0,0,1950-01-03,1953-01-03,0.09423138230533556,0.17862545660893078,0.10698079054596299,0.05854002800903224,0.04591010862438205,0.01262991938465019,True,0.05591309028572611,0.037960698265204214,0.011991588331119907,0.046028265389818745,0.0001181567654366944,True,-0.012511762619213496,-0.012511762619213496
3,60,6684,1,1968-04-22,1971-04-23,0.1017522680152827,0.1488787983567517,0.1069121802397146,0.08844478356993246,0.07301764658781518,0.015427136982117284,True,0.043993439713578386,0.043673789500723974,0.0061426987332913185,0.06908635345453606,-0.003931293133279112,False,-0.019358430115396397,-0.019358430115396397
3,60,13369,2,1986-08-11,1989-08-11,0.10347944823227562,0.17227175021861346,0.12120684644790969,0.07528020956576897,0.05948643627243588,0.01579377329333309,True,0.0298773931270766,0.005615739944928686,-0.017690080990018453,0.050826518703736,-0.008659917568699882,False,-0.024453690862032973,-0.024453690862032973
3,60,20054,3,2004-11-29,2007-11-30,0.09296931502352179,0.10867484425952031,0.09296931502352179,0.06454708679679322,0.05226163087919966,0.012285455917593557,True,0.05662038887054277,0.056506094850040614,0.019044312693249354,0.052615268079006405,0.00035363719980674446,True,-0.011931818717786813,-0.011931818717786813
3,60,26739,4,2023-03-20,2026-03-20,0.1255680164237154,0.21943599663869778,0.15223339910818035,0.09995136517352576,0.07666035338092714,0.023291011792598626,True,0.05112943648179957,0.048394704372146956,0.013402967452014192,0.07515371691925976,-0.0015066364616673766,False,-0.024797648254266003,-0.024797648254266003
3,90,0,0,1950-01-03,1953-01-03,0.1308089608452725,0.16532969364521258,0.07360285323588611,0.05961165712843952,0.04456009278067974,0.015051564347759783,True,0.09775983741672967,0.10259259223354701,0.03800343112941995,0.049179553687355604,0.004619460906675865,True,-0.010432103441083918,-0.010432103441083918
3,90,6684,1,1968-04-22,1971-04-23,0.14212683223840772,0.20916895863123328,0.15313029908576392,0.09021463944415098,0.07118137246699763,0.01903326697715335,True,0.06787868571530842,0.08226121801515937,0.011525373070802258,0.06606435779734476,-0.005117014669652864,False,-0.024150281646806215,-0.024150281646806215
3,90,13369,2,1986-08-11,1989-08-11,0.15856589430600732,0.27060339995858285,0.2075938613119539,0.08328463488003046,0.05931532645941484,0.02396930842061562,True,0.059915481505501855,0.02358812371306957,-0.010983318867339165,0.051628515938338726,-0.007686810521076115,False,-0.031656118941691735,-0.031656118941691735
3,90,20054,3,2004-11-29,2007-11-30,0.13402673232285012,0.1829110836048999,0.14032804565171975,0.06680831584389413,0.050672843219908614,0.016135472623985514,True,0.08636539363388152,0.12346677772019726,0.027084922717661497,0.05165192310512001,0.000979079885211398,True,-0.015156392738774116,-0.015156392738774116
3,90,26739,4,2023-03-20,2026-03-20,0.17717336834401465,0.25193124997604527,0.19702246197713547,0.10309094834341259,0.07297093233424379,0.030120016009168804,True,0.09284081218896656,0.12650033367256605,0.03709958006631431,0.07609992527746345,0.003128992943219666,True,-0.026991023065949138,-0.026991023065949138
3,120,0,0,1950-01-03,1953-01-03,0.17696879943785593,0.2802432237814917,0.19658989095614565,0.0599666074178431,0.039802014219775916,0.020164593198067182,True,0.1272759904172176,0.14729418684082757,0.02843426142714378,0.04482368427595196,0.005021670056176042,True,-0.01514292314189114,-0.01514292314189114
3,120,6684,1,1968-04-22,1971-04-23,0.18095382055520792,0.29860390548880184,0.2266054341520578,0.09274502173821864,0.07076879942836878,0.021976222309849858,True,0.08268499132708795,0.11826764466919722,0.01803722671254615,0.06156055402863103,-0.009208245399737747,False,-0.031184467709587604,-0.031184467709587604
3,120,13369,2,1986-08-11,1989-08-11,0.19447050763607,0.3517514100923225,0.24504911312491462,0.09005114425113736,0.06408572512635868,0.025965419124778677,True,0.0768851457650801,0.09275628621026404,0.02179450891593504,0.053048277872615124,-0.01103744725374356,False,-0.03700286637852224,-0.03700286637852224
3,120,20054,3,2004-11-29,2007-11-30,0.17779284143277896,0.26117380303901333,0.19110068919670042,0.0695212247042658,0.04894856262654934,0.020572662077716464,True,0.11042468345651724,0.19567649838299409,0.05347935317999042,0.04873255921560404,-0.00021600341094529796,False,-0.02078866548866176,-0.02078866548866176
3,120,26739,4,2023-03-20,2026-03-20,0.2474813670071112,0.34483524390992876,0.2865752566892341,0.10680471125024593,0.06491749732499641,0.04188721392524952,True,0.13618913777445774,0.2200823712063457,0.14550834276841917,0.07286795396526302,0.007950456640266612,True,-0.03393675728498291,-0.03393675728498291
4,15,0,0,1950-01-03,1954-01-03,0.023806170703144724,0.04178012963295774,0.018395549467262073,0.014547703162381076,0.011180432548940189,0.003367270613440887,True,0.00948478467220748,-6.263146877370736e-05,-0.0006075740119361184,0.010973643657413712,-0.00020678889152647706,False,-0.003574059504967364,-0.003574059504967364
4,15,6593,1,1968-01-22,1972-01-22,0.026421487739942684,0.04206447014515722,0.026843143555355553,0.068824948351353,0.06460268564613791,0.004222262705215085,True,0.007137583097626576,-0.00038387132760650826,-0.00019491562737572465,0.06376559241650126,-0.000837093229636654,False,-0.005059355934851739,-0.005059355934851739
4,15,13187,2,1986-02-10,1990-02-10,0.029214713342927245,0.05203024508818674,0.03147179051154669,0.0257863296426748,0.02103967306912402,0.004746656573550778,True,0.008284732545949636,-0.00011558303786240323,-0.0012831763262581841,0.02052742563692367,-0.0005122474322003523,False,-0.0052589040057511305,-0.0052589040057511305
4,15,19780,3,2004-02-29,2008-02-29,0.029188378550637717,0.0457699460280138,0.02833377744455612,0.010640699525620079,0.0059705663291571565,0.004670133196462922,True,0.009625884046157607,0.0004703839753755097,-0.0004431687747097901,0.0058002917471848825,-0.00017027458197227396,False,-0.004840407778435196,-0.004840407778435196
4,15,26374,4,2022-03-20,2026-03-20,0.037165217686896845,0.051506993039021794,0.03727357894186856,0.0978341462387764,0.09065245950361911,0.007181686735157289,True,0.007092087367597921,0.01730628297411238,0.0009730872617323971,0.08978256738467882,-0.0008698921189402853,False,-0.008051578854097574,-0.008051578854097574
4,30,0,0,1950-01-03,1954-01-03,0.04350217619439811,0.08731689867378375,0.04845198386178695,0.017091301495099964,0.011510520978161187,0.005580780516938777,True,0.019869787014080265,0.005010328684907497,0.000622349684911816,0.011271258535558326,-0.00023926244260286111,False,-0.005820042959541638,-0.005820042959541638
4,30,6593,1,1968-01-22,1972-01-22,0.05075547831309457,0.0908330610246163,0.055051804461058396,0.07183163534336723,0.06411292354762921,0.00771871179573802,True,0.01778065827791231,0.0043638989142915224,0.0009546616438820266,0.06331596028603337,-0.00079696326159584,False,-0.00851567505733386,-0.00851567505733386
4,30,13187,2,1986-02-10,1990-02-10,0.05117768166787062,0.08420105212971365,0.05818064136343981,0.028837685817927783,0.021325942210048243,0.00751174360787954,True,0.015314950872279853,0.002687130215959146,-0.004366815640678423,0.019941927330389575,-0.0013840148796586682,False,-0.008895758487538208,-0.008895758487538208
4,30,19780,3,2004-02-29,2008-02-29,0.051083230634340726,0.07118426395287246,0.05114622169216165,0.01329664275637854,0.0059209797089239125,0.007375663047454628,True,0.02005159106140808,0.012526269524295228,0.002373862475986588,0.005728211809580719,-0.0001927678993431936,False,-0.007568430946797822,-0.007568430946797822
4,30,26374,4,2022-03-20,2026-03-20,0.06105899053219477,0.08104158136588464,0.0622813668780533,0.10197967611371861,0.09137635153475987,0.01060332457895874,True,0.014931971322428739,0.0264241520897857,-0.0009965402442601023,0.0897945472337578,-0.0015818043010020766,False,-0.012185128879960816,-0.012185128879960816
4,45,0,0,1950-01-03,1954-01-03,0.0648062745564637,0.1171860225205641,0.07118820127763481,0.018467634646399222,0.010330395236624268,0.008137239409774955,True,0.03540881171444732,0.02336524748342537,0.00966575588549956,0.011349564061251982,0.0010191688246277142,True,-0.00711807058514724,-0.00711807058514724
4,45,6593,1,1968-01-22,1972-01-22,0.06685352161179048,0.12562724964202673,0.0731637559827566,0.07347985638898757,0.06440318864181238,0.009076667747175193,True,0.021809722882282445,0.010669717392443023,0.003032652621887122,0.06195716717180333,-0.002446021470009052,False,-0.011522689217184245,-0.011522689217184245
4,45,13187,2,1986-02-10,1990-02-10,0.07783854324925565,0.13326093797061048,0.08534503509793834,0.03199965090944157,0.020654670905418948,0.01134498000402262,True,0.022874036851420865,0.005380901882952232,-0.007581291804043044,0.01857442948973942,-0.002080241415679529,False,-0.013425221419702149,-0.013425221419702149
4,45,19780,3,2004-02-29,2008-02-29,0.07014264597818087,0.09634761544740422,0.06470186139446876,0.014320633962826568,0.004969958905995497,0.00935067505683107,True,0.03929405212308379,0.05531966289747985,0.015896765056207407,0.006925357046167813,0.0019553981401723153,True,-0.007395276916658755,-0.007395276916658755
4,45,26374,4,2022-03-20,2026-03-20,0.08400440224393457,0.11487513567530998,0.08816918700689413,0.10507224936313886,0.09136542704473305,0.013706822318405809,True,0.014814480183467538,0.047150987505604,-0.008365796599839714,0.08698780202883905,-0.0043776250158940044,False,-0.018084447334299814,-0.018084447334299814
4,60,0,0,1950-01-03,1954-01-03,0.07987952440172696,0.15031727029862085,0.08296166336210642,0.020164980242703745,0.010999003788530581,0.009165976454173164,True,0.04634931487760596,0.03233829166307429,0.009717142253284461,0.012135625324569022,0.0011366215360384402,True,-0.008029354918134723,-0.008029354918134723
4,60,6593,1,1968-01-22,1972-01-22,0.08981746625968623,0.16165065380146,0.10456506712516389,0.07543277445513774,0.06334368942963509,0.012089085025502655,True,0.03976859120540199,0.02510044527871594,0.003463185338865138,0.06285863258483215,-0.00048505684480293354,False,-0.012574141870305588,-0.012574141870305588
4,60,13187,2,1986-02-10,1990-02-10,0.09130917733834454,0.15788121945389255,0.10376110521928816,0.03317935541625383,0.021215733991425623,0.011963621424828208,True,0.02382005032401846,0.012161131518167513,-0.015632781323211775,0.01681027964970272,-0.004405454341722903,False,-0.01636907576655111,-0.01636907576655111
4,60,19780,3,2004-02-29,2008-02-29,0.09263876749972644,0.1527143787701866,0.09763160874244692,0.017305855416637872,0.0052197941967671024,0.01208606121987077,True,0.03754934668074994,0.03218008374742108,-0.0032591711226416242,0.004224322669058811,-0.0009954715277082915,False,-0.013081532747579061,-0.013081532747579061
4,60,26374,4,2022-03-20,2026-03-20,0.10062442049292186,0.13840175761247553,0.11084968028797915,0.10613537252476868,0.09100462575782031,0.015130746766948366,True,0.0247017876572313,0.04090083119773284,-0.007159315164443347,0.08653207782505645,-0.0044725479327638595,False,-0.019603294699712226,-0.019603294699712226
4,90,0,0,1950-01-03,1954-01-03,0.10979353473332876,0.14217905359486915,0.06706162217069633,0.02194771031109788,0.010859118423323322,0.011088591887774557,True,0.0740921715616889,0.08637520972798438,0.03060133221702266,0.013610755674651864,0.0027516372513285425,True,-0.008336954636446015,-0.008336954636446015
4,90,6593,1,1968-01-22,1972-01-22,0.1263212897903927,0.20544946200429082,0.13496894702467466,0.07593103296681969,0.06034393705539798,0.015587095911421711,True,0.06407019386830126,0.07575054138654129,0.03486656388523257,0.06073574025681183,0.00039180320141385394,True,-0.015195292710007857,-0.015195292710007857
4,90,13187,2,1986-02-10,1990-02-10,0.13817482936845016,0.1895916007384551,0.15565855838297815,0.03889413521891716,0.02116558183385875,0.01772855338505841,True,0.049726885825079226,0.04588419316872959,-0.009045155374998393,0.018080489307791714,-0.0030850925260670348,False,-0.020813645911125445,-0.020813645911125445
4,90,19780,3,2004-02-29,2008-02-29,0.12041052538178554,0.16451544636118848,0.08772235168288378,0.01856769601702357,0.005133832419229156,0.013433863597794415,True,0.06380617719376747,0.08369503496090006,0.012714533807606898,0.0054428152514887085,0.00030898283225955225,True,-0.013124880765534863,-0.013124880765534863
4,90,26374,4,2022-03-20,2026-03-20,0.13620616861181656,0.22952983481959308,0.15299078908933894,0.10843441986668823,0.08999113201302755,0.018443287853660673,True,0.036648380392151125,0.032130193180514334,-0.010223714690694718,0.08329506959563737,-0.006696062417390181,False,-0.025139350271050853,-0.025139350271050853
4,120,0,0,1950-01-03,1954-01-03,0.1511106290641937,0.23814209824666127,0.16396542254754976,0.022493942479653306,0.007067190659342915,0.015426751820310391,True,0.10912037116610862,0.12928097415177225,0.02876226162014306,0.013019596377324971,0.005952405717982057,True,-0.009474346102328335,-0.009474346102328335
4,120,6593,1,1968-01-22,1972-01-22,0.16296284656040094,0.27215814998162474,0.1904025976424477,0.077695349988121,0.05874116883641567,0.01895418115170533,True,0.10270950656589273,0.16586661157122137,0.11215325529505615,0.06344705341004131,0.0047058845736256405,True,-0.014248296578079689,-0.014248296578079689
4,120,13187,2,1986-02-10,1990-02-10,0.16749390933407926,0.24218498753966264,0.2001539256038325,0.035808886851566246,0.01660195292882749,0.019206933922738756,True,0.05840154792209806,0.08411278238042158,-0.020939079599989086,0.010697748500361648,-0.005904204428465842,False,-0.025111138351204598,-0.025111138351204598
4,120,19780,3,2004-02-29,2008-02-29,0.15496120737704855,0.24465471914895393,0.16335919835981882,0.021554855099792825,0.005322976050436745,0.01623187904935608,True,0.09445554787401944,0.1760967953843081,0.03906085220871569,0.007895190899713578,0.0025722148492768326,True,-0.013659664200079247,-0.013659664200079247
4,120,26374,4,2022-03-20,2026-03-20,0.1897101556646017,0.2520396440228777,0.2064892846036248,0.11097282203944925,0.08524227619577318,0.025730545843676067,True,0.06288965916504652,0.09449421367177815,0.06384811303654336,0.08008219217606038,-0.005160084019712796,False,-0.030890629863388863,-0.030890629863388863
5,15,0,0,1950-01-03,1955-01-03,0.020684989780266116,0.03749677371021529,0.020986376135702534,0.08755269518475362,0.08489250746191312,0.00266018772284049,True,0.0051848099255131785,-0.00011916064462982529,-0.0005065490393477701,0.08422886417399456,-0.0006636432879185694,False,-0.0033238310107590596,-0.0033238310107590596
5,15,6502,1,1967-10-23,1972-10-22,0.023467346486399254,0.04024541343108465,0.023467346486399032,0.0661900216257496,0.06299960715936415,0.0031904144663854606,True,0.005598177305408125,-0.00016419332090918264,-1.0705240724995235e-05,0.06243611170710883,-0.0005634954522553137,False,-0.0037539099186407743,-0.0037539099186407743
5,15,13004,2,1985-08-11,1990-08-11,0.0267442639229869,0.0392019075722946,0.027063093071570954,0.013923298826640673,0.010242399597426788,0.0036808992292138853,True,0.0071335710285853615,-0.00025574269804318027,-0.0008957190251202007,0.010015396155087286,-0.00022700344233950176,False,-0.003907902671553387,-0.003907902671553387
5,15,19506,3,2003-05-31,2008-05-30,0.03087722363550416,0.05054956169152399,0.032590676429543164,0.03522741259955664,0.030639754337743463,0.004587658261813177,True,0.008086071046353949,0.0018499875741521698,0.0011477877448722307,0.030603236643507392,-3.651769423607121e-05,False,-0.004624175956049248,-0.004624175956049248
5,15,26009,4,2021-03-20,2026-03-20,0.03279086899608297,0.04982512357609437,0.02865844284166763,0.08032834144628409,0.07514145742259659,0.005186884023687499,True,0.007132379527535981,0.00544974714332073,0.0006078180142994327,0.07489961638667109,-0.0002418410359255052,False,-0.005428725059613004,-0.005428725059613004
5,30,0,0,1950-01-03,1955-01-03,0.03719959484256896,0.07722744821420549,0.04200826877623687,0.08970527810924378,0.0853556363164758,0.004349641792767978,True,0.011038957792395498,0.004033141971342679,0.00047594761656410967,0.08415121546638127,-0.0012044208500945341,False,-0.005554062642862512,-0.005554062642862512
5,30,6502,1,1967-10-23,1972-10-22,0.045754074093390384,0.07573705013293978,0.04833707386951058,0.06863536038285223,0.06261592940225369,0.006019430980598539,True,0.01492746069486528,0.003829029955491426,0.0006549941844491425,0.0622516694420141,-0.00036425996023958795,False,-0.006383690940838127,-0.006383690940838127
5,30,13004,2,1985-08-11,1990-08-11,0.048628895505097525,0.07961017576063377,0.053173140653188566,0.01663692247157167,0.010354813031522303,0.006282109440049366,True,0.011122838844914273,-0.0006667134224658626,-0.0036789760753637157,0.009249158353330289,-0.001105654678192014,False,-0.00738776411824138,-0.00738776411824138
5,30,19506,3,2003-05-31,2008-05-30,0.04917162659891594,0.08570548186637372,0.05046751662149185,0.0374222769579613,0.030904907383750402,0.006517369574210896,True,0.016493294733728625,0.007901939105797224,0.002647294204378703,0.030869701615880762,-3.520576786963936e-05,False,-0.0065525753420805355,-0.0065525753420805355
5,30,26009,4,2021-03-20,2026-03-20,0.053666338221026066,0.0843802840639277,0.05578006370549948,0.08335803863696878,0.075630914986345,0.0077271236506237795,True,0.011387035931354594,0.017693429057361834,-0.0004318008493413572,0.07451003952539526,-0.001120875460949744,False,-0.008847999111573523,-0.008847999111573523
5,45,0,0,1950-01-03,1955-01-03,0.0550828447688545,0.10481995618953857,0.06188801611317252,0.09056948964053135,0.08427753610480893,0.006291953535722428,True,0.021188142772337493,0.019768156325805242,0.008762849002590611,0.0834697625154266,-0.0008077735893823323,False,-0.00709972712510476,-0.00709972712510476
5,45,6502,1,1967-10-23,1972-10-22,0.059858858121459635,0.0979512550127976,0.06361766781677525,0.06992148959380318,0.06278029491757597,0.007141194676227203,True,0.01714196569085824,0.00491800443001367,-0.0005041153816168764,0.0611437255602334,-0.0016365693573425766,False,-0.00877776403356978,-0.00877776403356978
5,45,13004,2,1985-08-11,1990-08-11,0.07118848759834195,0.12119785899224841,0.07493351561032657,0.01895985463020633,0.010005979844546431,0.008953874785659899,True,0.017012006611986985,8.328241811355141e-05,-0.005296207922995344,0.008424874528899728,-0.0015811053156467025,False,-0.010534980101306601,-0.010534980101306601
5,45,19506,3,2003-05-31,2008-05-30,0.07016940568840346,0.11381857526904475,0.075318158255967,0.038201709104409565,0.029274908609844053,0.008926800494565512,True,0.0352283833356255,0.05623922679457662,0.022889167098866015,0.031323492740960246,0.0020485841311161934,True,-0.006878216363449319,-0.006878216363449319
5,45,26009,4,2021-03-20,2026-03-20,0.07682445651158254,0.12401884414348378,0.07780493221421558,0.08620409048634703,0.0755285422172216,0.010675548269125423,True,0.019349837055784525,0.051423842461083925,0.0018300655197758253,0.07433871512355594,-0.001189827093665663,False,-0.011865375362791086,-0.011865375362791086
5,60,0,0,1950-01-03,1955-01-03,0.06809563083432368,0.1342727218389954,0.07475141215028436,0.09157854277037147,0.08437789710841836,0.007200645661953109,True,0.027622440695317385,0.02713624599594613,0.008070122789292755,0.08317647438429066,-0.0012014227241277098,False,-0.008402068386080819,-0.008402068386080819
5,60,6502,1,1967-10-23,1972-10-22,0.08239326618603937,0.11589729435163998,0.08657991680592259,0.07133926247366928,0.06143431264538779,0.009904949828281495,True,0.030074048928475205,0.024610464403578287,0.0037327252842822567,0.06076305570727292,-0.0006712569381148725,False,-0.010576206766396368,-0.010576206766396368
5,60,13004,2,1985-08-11,1990-08-11,0.08637440913030114,0.15535024802857914,0.09703752988718595,0.020272242676783847,0.010096556814134905,0.010175685862648942,True,0.020277784864230597,0.0005956082055964516,-0.00810378507750742,0.0075280053149933135,-0.0025685514991415914,False,-0.012744237361790534,-0.012744237361790534
5,60,19506,3,2003-05-31,2008-05-30,0.0853431793560886,0.1490729830882205,0.08761172188179667,0.04031294960430798,0.03013327204051408,0.010179677563793899,True,0.033239390807352054,0.027038062051224457,0.008817530250867511,0.030114517933562013,-1.8754106952068028e-05,False,-0.010198431670745967,-0.010198431670745967
5,60,26009,4,2021-03-20,2026-03-20,0.0911800159827576,0.15068591205974055,0.09819784769516637,0.08711224229435932,0.07531909386325464,0.011793148431104683,True,0.02062575150706092,0.04062460176827985,-0.003724631112900445,0.07265793091416572,-0.0026611629490889133,False,-0.014454311380193596,-0.014454311380193596
5,90,0,0,1950-01-03,1955-01-03,0.09223694849897779,0.13334043866416073,0.09499211297514232,0.09261971502288069,0.08403436655183105,0.008585348471049636,True,0.04528059325982414,0.07167966625321325,0.02773186972974817,0.08305800021634568,-0.000976366335485368,False,-0.009561714806535004,-0.009561714806535004
5,90,6502,1,1967-10-23,1972-10-22,0.11308174242173608,0.17258958801890104,0.12156159889274809,0.07246732292792557,0.06001073963228731,0.012456583295638257,True,0.05319365212569904,0.08093824612788984,0.026324722895586072,0.06065557135412769,0.0006448317218403776,True,-0.01181175157379788,-0.01181175157379788
5,90,13004,2,1985-08-11,1990-08-11,0.12986142823916969,0.21854361194187627,0.14524242534681986,0.024245911895293126,0.00932076510140556,0.014925146793887567,True,0.04559828695506618,0.03289065097688966,0.009481560180177873,0.008472061061728375,-0.0008487040396771839,False,-0.01577385083356475,-0.01577385083356475
5,90,19506,3,2003-05-31,2008-05-30,0.11359547912997692,0.18422582501373766,0.11760964319103961,0.041340999389227084,0.02915084531266965,0.012190154076557436,True,0.062410009582788195,0.12261385987955915,0.03093344273443499,0.031575133989546034,0.002424288676876385,True,-0.00976586539968105,-0.00976586539968105
5,90,26009,4,2021-03-20,2026-03-20,0.1256565902912834,0.20900905800367986,0.13679824921392836,0.08921430317097645,0.0741441241796561,0.015070178991320349,True,0.03585208281178631,0.07361354186358715,0.00254299200328445,0.07123016236372615,-0.002913961815929955,False,-0.017984140807250304,-0.017984140807250304
5,120,0,0,1950-01-03,1955-01-03,0.12746576775576712,0.21711176027261206,0.14066079504042905,0.0924992713759869,0.08045222595293278,0.012047045423054126,True,0.06877006604036873,0.10818112772327168,0.028346638009626668,0.08087806527103236,0.00042583931809958564,True,-0.01162120610495454,-0.01162120610495454
5,120,6502,1,1967-10-23,1972-10-22,0.14865087695213575,0.22282243674749186,0.16171684389937302,0.07507316933662822,0.05924939412011865,0.015823775216509572,True,0.08313097959500815,0.1003325303572334,0.03488020725364671,0.06250337013009188,0.003253976009973236,True,-0.012569799206536336,-0.012569799206536336
5,120,13004,2,1985-08-11,1990-08-11,0.16547199850143102,0.26445158875722163,0.17623496781643544,0.02738723254618214,0.009322718289467957,0.01806451425671418,True,0.06536715151577188,0.07788036375846949,0.030254747783748037,0.00907636422014435,-0.0002463540693236066,False,-0.018310868326037788,-0.018310868326037788
5,120,19506,3,2003-05-31,2008-05-30,0.14848929598951943,0.24443365124642358,0.1641998936233391,0.043222221608063105,0.027896209950319495,0.01532601165774361,True,0.08299844580597915,0.10471208008560746,0.03936096233964692,0.03102860543683028,0.003132395486510786,True,-0.012193616171232824,-0.012193616171232824
5,120,26009,4,2021-03-20,2026-03-20,0.16564183027237456,0.1994047175752119,0.17606794507481638,0.09161232133695885,0.0723872493255211,0.01922507201143775,True,0.046521354202561316,0.12080958939432997,0.05757945203968218,0.06830060132368643,-0.00408664800183467,False,-0.02331172001327242,-0.02331172001327242
6,15,0,0,1950-01-03,1956-01-04,0.019493263364842806,0.03436066447662573,0.019740679350413126,0.0892095358371241,0.08694689767659924,0.0022626381605248547,True,0.003948862830758237,-0.00011689348001449424,-0.0004393419846471236,0.08642452415504076,-0.0005223735215584835,False,-0.002785011682083338,-0.002785011682083338
6,15,6410,1,1967-07-23,1973-07-23,0.01721396230955241,0.03145015226772551,0.02292667495850953,0.022666178639835666,0.019760594385698882,0.002905584254136784,True,-0.00038083814604528143,-0.0001801280581512668,-0.0003883049324880927,0.01969584205013608,-6.475233556280102e-05,False,-0.002970336589699585,-0.002970336589699585
6,15,12821,2,1985-02-09,1991-02-10,0.024823744994766805,0.03266466319219833,0.024354203876367553,0.0290824197043289,0.026055205476671395,0.0030272142276575043,True,0.002952681548954006,-0.0017184516388678173,-0.002919297253292985,0.02538321817824052,-0.0006719872984308761,False,-0.0036992015260883804,-0.0036992015260883804
6,15,19232,3,2002-08-30,2008-08-30,0.03035719057688646,0.04500077807589515,0.032782863255259365,0.03060972096643355,0.026652097411503428,0.003957623554930123,True,0.007815075693602846,0.010343280941850906,0.002610651651397067,0.02681619517620959,0.00016409776470616144,True,-0.0037935257902239616,-0.0037935257902239616
6,15,25643,4,2020-03-19,2026-03-20,0.039150731636318215,0.06538985069277262,0.04246767791113393,0.07815277984385172,0.07249468900515632,0.005658090838695395,True,0.00497174786636978,0.0038953219531950903,0.0014133254907469084,0.07216117540279554,-0.00033351360236077987,False,-0.005991604441056175,-0.005991604441056175
6,30,0,0,1950-01-03,1956-01-04,0.03480705994770794,0.07011925366849243,0.037441846597958905,0.09049713327117592,0.08675867247239877,0.0037384607987771545,True,0.008571385549345,0.003507123976407645,0.00041235587749532954,0.0858408152174126,-0.0009178572549861652,False,-0.00465631805376332,-0.00465631805376332
6,30,6410,1,1967-07-23,1973-07-23,0.030646498299727654,0.06802352237881774,0.04419674624208303,0.024626604910672034,0.019483436911389873,0.005143167999282161,True,0.001183153720823782,0.002621062793758004,0.0,0.01968441800645815,0.00020098109506827555,True,-0.0049421869042138855,-0.0049421869042138855
6,30,12821,2,1985-02-09,1991-02-10,0.044497101905533576,0.06431211898855874,0.04491058182723817,0.03143336097461913,0.026325023676791792,0.005108337297827337,True,0.004321923292170959,-0.00267496929032619,-0.005828725456894057,0.024701998953869042,-0.0016230247229227501,False,-0.006731362020750087,-0.006731362020750087
6,30,19232,3,2002-08-30,2008-08-30,0.05127691280143987,0.08604377002677205,0.057094707699127056,0.03256020714866348,0.026313571125746726,0.006246636022916752,True,0.016430630799912915,0.03406823082196912,0.009580708787932712,0.02677415923200921,0.0004605881062624828,True,-0.005786047916654269,-0.005786047916654269
6,30,25643,4,2020-03-19,2026-03-20,0.06831191060007091,0.12116316078072689,0.0773052550560871,0.08093894501461807,0.0715287520680008,0.009410192946617268,True,0.014023726865726172,0.02550244399329804,0.009983542777002308,0.07158600519546754,5.725312746673872e-05,True,-0.00935293981915053,-0.00935293981915053
6,45,0,0,1950-01-03,1956-01-04,0.052014503307849846,0.09571171133894449,0.05576995936191387,0.09228174611808027,0.08681934123735591,0.005462404880724359,True,0.016682590890548576,0.01747134339673769,0.007811111227615575,0.08608175128608297,-0.0007375899512729323,False,-0.006199994831997291,-0.006199994831997291
6,45,6410,1,1967-07-23,1973-07-23,0.056067383895844536,0.09677190024153749,0.057487887920387726,0.025865191941010668,0.020078519814684226,0.005786672126326442,True,0.014289051086358251,0.0027534772336266448,-0.0002522974959050517,0.018985440586039903,-0.0010930792286443225,False,-0.0068797513549707645,-0.0068797513549707645
6,45,12821,2,1985-02-09,1991-02-10,0.06185720606260481,0.09447970285570097,0.06283814334993032,0.033521143542742715,0.0267457750593878,0.0067753684833549155,True,0.005813082360328625,-0.002100622210757312,-0.0025964287379192097,0.024208276686248587,-0.002537498373139213,False,-0.009312866856494129,-0.009312866856494129
6,45,19232,3,2002-08-30,2008-08-30,0.07253003690552262,0.1300380102103078,0.08572293220332527,0.03417795274940261,0.025696063577798967,0.00848188917160364,True,0.027177833969879384,0.04778175503841169,0.01755751551266327,0.02675601838578312,0.0010599548079841536,True,-0.007421934363619487,-0.007421934363619487
6,45,25643,4,2020-03-19,2026-03-20,0.0898039764632248,0.15702505098728253,0.10040811001817973,0.08349820862249646,0.07175870465767353,0.011739503964822928,True,0.030696548476208285,0.04634530146592912,0.03476058936812665,0.07347728033358392,0.0017185756759103832,True,-0.010020928288912545,-0.010020928288912545
6,60,0,0,1950-01-03,1956-01-04,0.06359894932063392,0.12202958710801497,0.0680956308343239,0.0930232240084079,0.0868013669033989,0.006221857105008999,True,0.025875259670711914,0.024873883823171114,0.008070122789292533,0.08646588842922931,-0.00033547847416959264,False,-0.0065573355791785914,-0.0065573355791785914
6,60,6410,1,1967-07-23,1973-07-23,0.07590400162140298,0.10750513909558336,0.07797911034444138,0.02728983553856712,0.019482679843473072,0.007807155695094048,True,0.02824302263125289,0.023854670672314525,0.0038961736130374014,0.019559597874497348,7.691803102427563e-05,True,-0.007730237664069772,-0.007730237664069772
6,60,12821,2,1985-02-09,1991-02-10,0.08288187360400157,0.12274028989572401,0.08489867834168674,0.034672678507342125,0.025691187183881192,0.008981491323460933,True,0.012799758137716388,0.0026296664736519143,-0.005502000178303046,0.023180650471227304,-0.002510536712653888,False,-0.01149202803611482,-0.01149202803611482
6,60,19232,3,2002-08-30,2008-08-30,0.08605625397163186,0.1551744324816829,0.09517491838889369,0.03597219413429853,0.02649066683915202,0.009481527295146508,True,0.02960377668014824,0.06638274629020824,0.02026024402583726,0.026794463425997117,0.00030379658684509536,True,-0.009177730708301413,-0.009177730708301413
6,60,25643,4,2020-03-19,2026-03-20,0.10176591772509624,0.1932622653962274,0.115572987083006,0.08593432025894243,0.07342825235031358,0.012506067908628848,True,0.022910474698432992,0.0769574405825754,0.03168522930866613,0.07257952049122673,-0.0008487318590868487,False,-0.013354799767715697,-0.013354799767715697
6,90,0,0,1950-01-03,1956-01-04,0.0870986597767558,0.12528026391904626,0.09143894904032468,0.09392190256375432,0.08616796691040718,0.007753935653347144,True,0.03954732621358281,0.0635648655962249,0.026837683387202826,0.08579942480530023,-0.0003685421051069504,False,-0.008122477758454094,-0.008122477758454094
6,90,6410,1,1967-07-23,1973-07-23,0.10630593105322994,0.16392222981737856,0.10788350609043951,0.028956461495511343,0.018681123578808467,0.010275337916702876,True,0.04012997202210178,0.050867887857095846,0.020587325895313757,0.018430448007017652,-0.0002506755717908149,False,-0.01052601348849369,-0.01052601348849369
6,90,12821,2,1985-02-09,1991-02-10,0.11172308203002945,0.16406164820196892,0.11690675103127357,0.03827055647277877,0.027050250126681163,0.011220306346097608,True,0.017517027102033733,0.023755413918884194,0.0036783220089475765,0.02303650245794686,-0.004013747668734302,False,-0.01523405401483191,-0.01523405401483191
6,90,19232,3,2002-08-30,2008-08-30,0.12709074224263595,0.21050185217850398,0.15349173957883,0.03774634694436485,0.02420028434202992,0.01354606260233493,True,0.06259568651571046,0.13946719252321443,0.06879025512402115,0.027602378771868663,0.0034020944298387423,True,-0.010143968172496187,-0.010143968172496187
6,90,25643,4,2020-03-19,2026-03-20,0.15389924756095374,0.2879332766075561,0.1807625231337926,0.08739505978166173,0.06901186259592973,0.018383197185732003,True,0.07223151993008936,0.136785388352109,0.09645810012367195,0.07417575926462261,0.00516389666869288,True,-0.013219300517039123,-0.013219300517039123
6,120,0,0,1950-01-03,1956-01-04,0.11596839806385373,0.1987114021036505,0.12746576775576735,0.09360298594483663,0.08350804299938175,0.010094942945454877,True,0.0598200798302877,0.09697589757766509,0.028346638009626668,0.08423622742626491,0.0007281844268831605,True,-0.009366758518571716,-0.009366758518571716
6,120,6410,1,1967-07-23,1973-07-23,0.12683028624729187,0.15491107684311986,0.13277500079410487,0.031772767276631475,0.020594943569357094,0.011177823707274381,True,0.04607561732765775,0.05609133181967172,0.006456037061486342,0.019061186167999455,-0.0015337574013576383,False,-0.01271158110863202,-0.01271158110863202
6,120,12821,2,1985-02-09,1991-02-10,0.14371976354875948,0.18532445964921668,0.15564500309639562,0.03855348038769946,0.024738741762563077,0.01381473862513638,True,0.025948680805519153,0.021637788785970925,-0.017838497518224083,0.01988362413782041,-0.004855117624742666,False,-0.018669856249879047,-0.018669856249879047
6,120,19232,3,2002-08-30,2008-08-30,0.14832613479615775,0.24209070838979777,0.17099209929946335,0.03983471569453556,0.025334480423883532,0.014500235270652029,True,0.05704666567256611,0.13421853782629475,0.06843223105183793,0.025575796671335693,0.0002413162474521613,True,-0.014258919023199867,-0.014258919023199867
6,120,25643,4,2020-03-19,2026-03-20,0.18588239770187864,0.34060203505951064,0.21199625978420755,0.09078347335838544,0.06982740059519066,0.020956072763194777,True,0.06842170204984566,0.1869907540023201,0.08923634263140978,0.0719893014340991,0.002161900838908437,True,-0.01879417192428634,-0.01879417192428634
7,15,0,0,1950-01-03,1957-01-03,0.019197199951956456,0.03199543533729392,0.019204565579878263,0.07344166980587086,0.07142720137633884,0.0020144684295320125,True,0.0035369814256653864,-0.00011555387981028833,-0.00038456758161720117,0.07106999350407928,-0.0003572078722595684,False,-0.002371676301791581,-0.002371676301791581
7,15,6319,1,1967-04-23,1974-04-23,0.0234428227500465,0.029942590202748202,0.01844000768582199,-0.00761290164631423,-0.010064215253545616,0.002451313607231387,True,0.006707645592831657,0.00030253514483146924,2.3500654723562775e-05,-0.009948192134658251,0.00011602311888736505,True,-0.0023352904883440218,-0.0023352904883440218
7,15,12639,2,1984-08-11,1991-08-12,0.023436515024495508,0.031644282372002806,0.023822996224711845,0.050444711499992634,0.04784989765193037,0.0025948138480622607,True,0.0028191949457416765,0.00025450457958303116,-0.0014613381366381795,0.047393137678142905,-0.00045675997378746835,False,-0.003051573821849729,-0.003051573821849729
7,15,18958,3,2001-11-29,2008-11-29,0.034430187001575296,0.045661385075209615,0.033554252905033,-0.030490171673604904,-0.034359613191885297,0.003869441518280392,True,0.0064154420505473375,0.004821337647972606,-0.00020773906992577196,-0.03428649948520368,7.311370668161565e-05,True,-0.0037963278115987764,-0.0037963278115987764
7,15,25278,4,2019-03-20,2026-03-20,0.03375505129024603,0.049620623915653084,0.03410450109300922,0.08122167392719781,0.07700849612269978,0.004213177804498036,True,0.003700876674305409,0.002613822559890972,0.000573782455531413,0.07667454266365548,-0.0003339534590443005,False,-0.004547131263542337,-0.004547131263542337
7,30,0,0,1950-01-03,1957-01-03,0.03410037745636463,0.06465506347496656,0.035879845549275924,0.07466565785514723,0.07131889441434525,0.003346763440801981,True,0.0073588375535618145,0.0031005972462393432,0.0002613330524270374,0.07065125463171218,-0.0006676397826330671,False,-0.004014403223435048,-0.004014403223435048
7,30,6319,1,1967-04-23,1974-04-23,0.042874868463158355,0.06467681057546312,0.04286969880117808,-0.00581265312178858,-0.01010592125677312,0.00429326813498454,True,0.01283437101359608,0.00295305973684707,0.0005728802957447598,-0.009956438970670112,0.00014948228610300873,True,-0.0041437858488815316,-0.0041437858488815316
7,30,12639,2,1984-08-11,1991-08-12,0.04272025286679093,0.0607472879357597,0.04464608059731945,0.05222284514777509,0.04769939045005267,0.004523454697722418,True,0.004419412677994838,0.0017111992628805225,0.0,0.046608651782277466,-0.001090738667775204,False,-0.005614193365497622,-0.005614193365497622
7,30,18958,3,2001-11-29,2008-11-29,0.05714114096881562,0.07285261078931442,0.05479412816506357,-0.028282359587797012,-0.03435528723869308,0.006072927650896065,True,0.01620757074844814,0.03161037364721986,0.008680538547953698,-0.03375048346646348,0.0006048037722296007,True,-0.005468123878666464,-0.005468123878666464
7,30,25278,4,2019-03-20,2026-03-20,0.061105837304709754,0.08323294507662499,0.06284666631235591,0.08355362660733645,0.07620877937879844,0.0073448472285380095,True,0.009226334257369961,0.01736601609235042,0.005434057159458661,0.07582267995605707,-0.00038609942274137055,False,-0.00773094665127938,-0.00773094665127938
7,45,0,0,1950-01-03,1957-01-03,0.05050114591629029,0.08860047898535071,0.05347134107070606,0.07613465931106389,0.07129303582936242,0.004841623481701474,True,0.014839291091816476,0.0157247012332583,0.006937512383617284,0.07083874771684218,-0.00045428811252024026,False,-0.005295911594221714,-0.005295911594221714
7,45,6319,1,1967-04-23,1974-04-23,0.05739510360094169,0.08637182855124392,0.057022492104739086,-0.004742445451674349,-0.010147608459921797,0.005405163008247449,True,0.01512151924263927,0.005667702846750566,0.0004160615700430359,-0.01052820960110068,-0.00038060114117888233,False,-0.005785764149426331,-0.005785764149426331
7,45,12639,2,1984-08-11,1991-08-12,0.0575295659432995,0.08775292693763127,0.060335902885658266,0.05425650500730339,0.048509629155748524,0.005746875851554867,True,0.0032134831434198485,0.0031379310835789034,-0.00018675617829710944,0.04633978914345027,-0.002169840012298252,False,-0.007916715863853119,-0.007916715863853119
7,45,18958,3,2001-11-29,2008-11-29,0.07920279235425776,0.08966464717961854,0.07379022788874434,-0.026604509332623816,-0.03471096183812916,0.008106452505505346,True,0.01679022571871891,0.03783150350050486,-0.0014184019480349974,-0.03485561428452277,-0.00014465244639361163,False,-0.008251104951898958,-0.008251104951898958
7,45,25278,4,2019-03-20,2026-03-20,0.07996425635110627,0.12025681322362158,0.0840809281042103,0.0858997201295888,0.07675136258025339,0.009148357549335406,True,0.01723554851007414,0.029894876443767395,0.006763597993534098,0.07665740997023374,-9.395261001965416e-05,False,-0.00924231015935506,-0.00924231015935506
7,60,0,0,1950-01-03,1957-01-03,0.06167391618652296,0.11264994860232153,0.06465707176128832,0.07692306998555276,0.07135095366293176,0.005572116322621001,True,0.02242661869943019,0.022927864151418727,0.008532934459462682,0.07114412247611779,-0.0002068311868139716,False,-0.005778947509434973,-0.005778947509434973
7,60,6319,1,1967-04-23,1974-04-23,0.07665733930658813,0.11547608498271113,0.07524789567786128,-0.003516207004049754,-0.010657414450846336,0.0071412074467965825,True,0.028763664726048077,0.017548870060754847,0.0061251796231787115,-0.009974719925010644,0.000682694525835692,True,-0.0064585129209608905,-0.0064585129209608905
7,60,12639,2,1984-08-11,1991-08-12,0.07781873891676128,0.10824547245370647,0.08221339680995032,0.055322898093030703,0.04759560460923562,0.0077272934837950835,True,0.011996732168801927,0.009050392987714715,0.0004823469943067149,0.045859068749410925,-0.001736535859824695,False,-0.009463829343619778,-0.009463829343619778
7,60,18958,3,2001-11-29,2008-11-29,0.09803975285728406,0.12198502599885588,0.08850107675531005,-0.02519822480836198,-0.034899951623977854,0.009701726815615874,True,0.032616730912087055,0.07397283258910817,0.011565526912560298,-0.03371793046353888,0.001182021160438973,True,-0.008519705655176901,-0.008519705655176901
7,60,25278,4,2019-03-20,2026-03-20,0.1003874268841558,0.15143398585850368,0.10547723642668716,0.08804017479447812,0.0768870671362023,0.011153107658275818,True,0.023795285104174946,0.06755027316335942,0.032734024015703245,0.07688492777761669,-2.1393585856177566e-06,False,-0.011155247016861436,-0.011155247016861436
7,90,0,0,1950-01-03,1957-01-03,0.08256848613085843,0.11800565467867559,0.08820136191056926,0.07775343902160214,0.07096339367377213,0.006790045347830009,True,0.03547795661655595,0.05765502915158609,0.026613967656648807,0.07092848335388191,-3.491031989022453e-05,False,-0.006824955667720234,-0.006824955667720234
7,90,6319,1,1967-04-23,1974-04-23,0.10411403086876203,0.16561631011256,0.10623254988396802,-0.0016946334432951238,-0.01077625469535859,0.009081621252063465,True,0.03914912791976266,0.04908208772296,0.028120863955618525,-0.010308116237561005,0.00046813845779758445,True,-0.008613482794265881,-0.008613482794265881
7,90,12639,2,1984-08-11,1991-08-12,0.10502788265452478,0.15880045322863606,0.11397938124922602,0.05762742426531697,0.047878457675587294,0.00974896658972968,True,0.02012468994080341,0.061446988026713945,0.02455928503304694,0.04560899212175129,-0.002269465553836003,False,-0.012018432143565683,-0.012018432143565683
7,90,18958,3,2001-11-29,2008-11-29,0.13907671155322054,0.16601379981857736,0.13068521509165554,-0.02138766081982013,-0.03460043762030185,0.013212776800481718,True,0.03664940005038542,0.08014547289161525,0.010017900635196586,-0.03447593077097599,0.0001245068493258561,True,-0.013088269951155862,-0.013088269951155862
7,90,25278,4,2019-03-20,2026-03-20,0.13560311637746603,0.19498220001827138,0.14401800887462812,0.08982822515150635,0.07558871541588141,0.014239509735624933,True,0.04915706627089156,0.08127069835156495,0.04560454696890259,0.0775718475711824,0.001983132155300993,True,-0.01225637758032394,-0.01225637758032394
7,120,0,0,1950-01-03,1957-01-03,0.11306047700201671,0.18478973902672385,0.12239155034818205,0.07770568069769568,0.06841801010069637,0.009287670596999309,True,0.05747141581855031,0.09005917657933428,0.02843426142714378,0.06984754286136141,0.001429532760665042,True,-0.007858137836334267,-0.007858137836334267
7,120,6319,1,1967-04-23,1974-04-23,0.13062441615267661,0.1980826078591381,0.13327110943278075,-0.0005422978466717021,-0.011373333824244436,0.010831035977572734,True,0.05665673314977204,0.09319326439226946,0.056207039013123294,-0.010159063158989623,0.001214270665254813,True,-0.00961676531231792,-0.00961676531231792
7,120,12639,2,1984-08-11,1991-08-12,0.13955341604286509,0.22886983837031527,0.15349263174357008,0.05927106775792179,0.046609755718968415,0.012661312038953376,True,0.035739911503340105,0.052494056231512744,0.032178217821781985,0.04490490797795643,-0.0017048477410119833,False,-0.01436615977996536,-0.01436615977996536
7,120,18958,3,2001-11-29,2008-11-29,0.1686999623969916,0.18705542149071452,0.1524763517988239,-0.018593533190262246,-0.0338128419081124,0.015219308717850155,True,0.05650345899088349,0.11256730387343612,0.056002315585900186,-0.03264618563581123,0.0011666562723011697,True,-0.014052652445548985,-0.014052652445548985
7,120,25278,4,2019-03-20,2026-03-20,0.16595037914923938,0.2466237260581357,0.17351602269241484,0.0921096543364619,0.075541988106689,0.016567666229772904,True,0.06353138219999854,0.15323259830341768,0.08191669153910341,0.0778604901531339,0.0023185020464449035,True,-0.014249164183328,-0.014249164183328
8,15,0,0,1950-01-03,1958-01-03,0.018995890928430237,0.030185541967746272,0.018788473058036104,0.04264808899101835,0.04086716279645697,0.001780926194561383,True,0.0036402782086730756,-0.0001106673308765444,-0.00034555575975114827,0.04067101281095242,-0.00019614998550454565,False,-0.0019770761800659287,-0.0019770761800659287
8,15,6228,1,1967-01-22,1975-01-22,0.025604987756173703,0.035152862997857186,0.019796929200450508,-0.039665532895922784,-0.04208111208980203,0.002415579193879247,True,0.007352985800440193,0.0002476334941726454,0.0,-0.04181939292203507,0.0002617191677669606,True,-0.0021538600261122864,-0.0021538600261122864
8,15,12456,2,1984-02-10,1992-02-10,0.02388638816491029,0.029397577514267963,0.02417117900328347,0.07441267294632481,0.07193576488824371,0.0024769080580810954,True,0.002718198277780637,-0.0002373957712273265,-0.000366919294860657,0.07161063058880912,-0.00032513429943459293,False,-0.0028020423575156883,-0.0028020423575156883
8,15,18684,3,2001-02-28,2009-02-28,0.037944758748033935,0.04931974932400071,0.03842390553484343,-0.03826133691687117,-0.04211403692660309,0.003852700009731924,True,0.008406714624464184,0.01394223549771272,0.002735656533672026,-0.04172705889914263,0.0003869780274604606,True,-0.0034657219822714636,-0.0034657219822714636
8,15,24913,4,2018-03-20,2026-03-20,0.030386885478005166,0.04277287349414237,0.030779954121446185,0.082548284414242,0.07919853215960493,0.003349752254637073,True,0.003939125469174298,0.0021824886971700606,0.0011376456243157307,0.07903531409692044,-0.00016321806268448924,False,-0.003512970317321562,-0.003512970317321562
8,30,0,0,1950-01-03,1958-01-03,0.03347532120348129,0.06042647535752203,0.034561754533162015,0.04384327651519104,0.040889378989290126,0.002953897525900917,True,0.007163122431421254,0.0028347647713272595,0.0002508988023164349,0.040483652911762924,-0.000405726077527202,False,-0.003359623603428119,-0.003359623603428119
8,30,6228,1,1967-01-22,1975-01-22,0.047164542315631275,0.061457805763533734,0.042113700889539585,-0.037848066895333154,-0.04214908706361242,0.004301020168279268,True,0.012006147148041713,0.002138246797994962,0.00013203300285979935,-0.04194807060434913,0.00020101645926329237,True,-0.004100003709015976,-0.004100003709015976
8,30,12456,2,1984-02-10,1992-02-10,0.042698185388145626,0.057546982202303594,0.0446787287851822,0.07584521528545962,0.07161000123100414,0.004235214054455483,True,0.004824963226497614,0.0029684354745902444,-0.00025634170401406253,0.07088113384030081,-0.000728867390703325,False,-0.004964081445158808,-0.004964081445158808
8,30,18684,3,2001-02-28,2009-02-28,0.06328092450918033,0.08908540304500934,0.06374998765052076,-0.03599168711223222,-0.04213210088658148,0.006140413774349263,True,0.019731563485456016,0.03557203023167297,0.009766116678851633,-0.04101959850625492,0.0011125023803265632,True,-0.005027911394022699,-0.005027911394022699
8,30,24913,4,2018-03-20,2026-03-20,0.05437104565417239,0.07947943464122216,0.05578839736108088,0.08428968985259755,0.07851933936439082,0.0057703504882067325,True,0.011059130762161695,0.012957614255992358,0.007527818499534211,0.07861936663593472,0.00010002727154390101,True,-0.0056703232166628315,-0.0056703232166628315
8,45,0,0,1950-01-03,1958-01-03,0.04992647449807963,0.08320091737973877,0.05098870223427632,0.04492017035102891,0.040590662482462125,0.004329507868566784,True,0.015065702414706061,0.014576536162148775,0.005583150536639714,0.040519014468522796,-7.16480139393294e-05,False,-0.004401155882506114,-0.004401155882506114
8,45,6228,1,1967-01-22,1975-01-22,0.06370990345252414,0.08488303404928864,0.05695218765760601,-0.03681676029257008,-0.042372013781981965,0.005555253489411882,True,0.015808062968570402,0.005059312812749701,-0.0003730428612994663,-0.04235043194678334,2.158183519862522e-05,True,-0.005533671654213257,-0.005533671654213257
8,45,12456,2,1984-02-10,1992-02-10,0.057646524010357636,0.08616187706934747,0.06059884017747641,0.07745617019626505,0.0720097049770585,0.005446465219206553,True,0.00771537993591509,0.014696901766385868,0.004766830016241563,0.0709625392713975,-0.0010471657056609907,False,-0.006493630924867544,-0.006493630924867544
8,45,18684,3,2001-02-28,2009-02-28,0.08499380853410066,0.12270798051328903,0.0887149847007882,-0.034151266617666765,-0.04209784114647397,0.007946574528807204,True,0.01156175580444918,0.032171942052219536,-0.00448582554249477,-0.04257788478225033,-0.00048004363577636155,False,-0.008426618164583566,-0.008426618164583566
8,45,24913,4,2018-03-20,2026-03-20,0.07641970694912326,0.11172840544214248,0.08009369657142851,0.0864771994619522,0.07861035309224884,0.007866846369703362,True,0.020608191674633902,0.024952195932658787,0.012178848360394845,0.07927046626774548,0.000660113175496635,True,-0.007206733194206727,-0.007206733194206727
8,60,0,0,1950-01-03,1958-01-03,0.060763309854639624,0.10555242353910523,0.06246529268817258,0.04567487382038582,0.040671633402776575,0.005003240417609245,True,0.022294580188941815,0.02179132229703806,0.00840951651691646,0.040857722384062045,0.00018608898128547047,True,-0.004817151436323774,-0.004817151436323774
8,60,6228,1,1967-01-22,1975-01-22,0.08164044200137366,0.1117140851646993,0.07573627144016437,-0.035588079584193966,-0.042540340114537556,0.00695226053034359,True,0.020721177421554327,0.0119461936377796,0.0016604377545876847,-0.042553494402823966,-1.3154288286409965e-05,False,-0.00696541481863,-0.00696541481863
8,60,12456,2,1984-02-10,1992-02-10,0.07378660994084751,0.08482181704733344,0.07632632035328224,0.07863723968900271,0.07184014068373146,0.0067970990052712565,True,0.009530477144065408,0.0161354871537701,0.004069005309901064,0.07034945296796691,-0.0014906877157645493,False,-0.008287786721035806,-0.008287786721035806
8,60,18684,3,2001-02-28,2009-02-28,0.10547983932339866,0.13980347602577803,0.10601409098240877,-0.03295139860395291,-0.042536289029817764,0.009584890425864856,True,0.02569419978205656,0.06684272102913395,0.009462285503454071,-0.041967387775249665,0.0005689012545680994,True,-0.009015989171296757,-0.009015989171296757
8,60,24913,4,2018-03-20,2026-03-20,0.092179590992709,0.13542210834227647,0.09614832354223257,0.08767943241931442,0.07853319048515495,0.009146241934159471,True,0.02361238673404875,0.034007150903322854,0.01803598062472167,0.07889977059190167,0.0003665801067467278,True,-0.008779661827412744,-0.008779661827412744
8,90,0,0,1950-01-03,1958-01-03,0.0809979422037328,0.11149335699603186,0.08226560893002022,0.04669146589873141,0.040545487081876885,0.006145978816854525,True,0.033400099727033394,0.05291838494365211,0.024636274748691456,0.04081642507714833,0.00027093799527144746,True,-0.005875040821583077,-0.005875040821583077
8,90,6228,1,1967-01-22,1975-01-22,0.11229805774086388,0.150590400162384,0.10588521070513424,-0.03312049425944297,-0.04222433877394138,0.009103844514498416,True,0.03338112497925483,0.05703352413691235,0.023781384729309796,-0.04197706667281864,0.0002472721011227419,True,-0.008856572413375674,-0.008856572413375674
8,90,12456,2,1984-02-10,1992-02-10,0.10503361394517796,0.13246278076075918,0.11345818853972567,0.07987424186269965,0.07058644703573691,0.009287794826962736,True,0.028599485136814984,0.07106534695258873,0.02876628356623545,0.07024210749618365,-0.00034433953955326224,False,-0.009632134366515999,-0.009632134366515999
8,90,18684,3,2001-02-28,2009-02-28,0.1490839730912732,0.1941410218265173,0.15214095150047102,-0.029656122932596896,-0.042695317323037996,0.0130391943904411,True,0.032114548018901345,0.08806504895020834,0.017027833663409764,-0.04259500026629304,0.0001003170567449585,True,-0.012938877333696142,-0.012938877333696142
8,90,24913,4,2018-03-20,2026-03-20,0.13039766873505432,0.1867437167062192,0.1356120558686933,0.08956236143845597,0.07713138613029491,0.012430975308161063,True,0.05937883682027678,0.09795143158018553,0.06272543085788174,0.08076083262488942,0.0036294464945945126,True,-0.00880152881356655,-0.00880152881356655
8,120,0,0,1950-01-03,1958-01-03,0.11165966966747876,0.17354936167124163,0.11701092031927884,0.046929710078889686,0.0384537025779812,0.008476007500908489,True,0.05338504433080016,0.0838247059453907,0.02843426142714367,0.03990684474337769,0.0014531421653964927,True,-0.007022865335511996,-0.007022865335511996
8,120,6228,1,1967-01-22,1975-01-22,0.13844195231888046,0.19548500373951763,0.13623277871818784,-0.03191940431152607,-0.04261394245231409,0.010694538140788024,True,0.05178258825988036,0.08121489399488731,0.04371384468813644,-0.04145627292847953,0.0011576695238345591,True,-0.009536868616953464,-0.009536868616953464
8,120,12456,2,1984-02-10,1992-02-10,0.1265508685297405,0.17744829285219596,0.13773313057710346,0.08094983746166129,0.07041647696387487,0.010533360497786415,True,0.02726554653699087,0.07200540545882352,0.03143330430890923,0.06855536715982646,-0.0018611098040484109,False,-0.012394470301834826,-0.012394470301834826
8,120,18684,3,2001-02-28,2009-02-28,0.17410886892153865,0.22383380393159763,0.16606372887774157,-0.027924585359771714,-0.0423643953450189,0.014439809985247187,True,0.05130562238125003,0.12635929632736906,0.05458924698598078,-0.04126080307877178,0.001103592266247122,True,-0.013336217719000065,-0.013336217719000065
8,120,24913,4,2018-03-20,2026-03-20,0.15484467558456627,0.19692022645438625,0.15997554715453344,0.09117288474022356,0.07719471555523372,0.013978169184989842,True,0.05827068389630563,0.1258977841553365,0.0690571149769319,0.07932618657150514,0.0021314710162714245,True,-0.011846698168718417,-0.011846698168718417
9,15,0,0,1950-01-03,1959-01-03,0.01815561836115731,0.02879770975819373,0.018395549467262073,0.06606998432299971,0.06447892997331373,0.001591054349685983,True,0.002509329469828181,-0.0001096784990161464,-0.0003171988523742453,0.06423644447486665,-0.0002424854984470759,False,-0.001833539848133059,-0.001833539848133059
9,15,6137,1,1966-10-23,1975-10-23,0.02444688516822402,0.029264513508623642,0.023192204956532292,-0.009639656061147361,-0.011794586023072151,0.0021549299619247897,True,0.004918674878977791,0.00014767810319244758,0.0,-0.011756052438565812,3.853358450633948e-05,True,-0.00211639637741845,-0.00211639637741845
9,15,12274,2,1983-08-12,1992-08-11,0.021706177198604903,0.030931087445110198,0.0190832320798604,0.05277919225085692,0.05080189406601954,0.001977298184837384,True,0.002442182878347632,-6.415206828214665e-05,-0.0006398066966653015,0.050554777800288164,-0.000247116265731373,False,-0.002224414450568757,-0.002224414450568757
9,15,18411,3,2000-05-31,2009-05-31,0.035544452257228354,0.0502925391932779,0.03878863875598659,-0.009286219407776963,-0.012626141945980551,0.003339922538203588,True,0.004474829528974267,0.004582310773992064,-0.0006511254376935227,-0.012636128808602876,-9.986862622324288e-06,False,-0.0033499094008259123,-0.0033499094008259123
9,15,24548,4,2017-03-20,2026-03-20,0.030628352780095014,0.037126299535037016,0.03085767435765685,0.08306827507444758,0.07999014900088497,0.003078126073562615,True,0.0012275535702968021,-0.0003061780037143583,-0.0010622803190709629,0.07959071425003383,-0.00039943475085113533,False,-0.00347756082441375,-0.00347756082441375
9,30,0,0,1950-01-03,1959-01-03,0.03176038407554849,0.0572402735765289,0.033791629092925435,0.0673094857071983,0.06468684841431105,0.0026226372928872532,True,0.0049253008814453825,0.0024941657454024984,0.0002362927189134556,0.0641876418656413,-0.0004992065486697506,False,-0.003121843841557004,-0.003121843841557004
9,30,6137,1,1966-10-23,1975-10-23,0.04524538320611349,0.061700839713202046,0.043332915992147614,-0.008180122823847058,-0.012044260480658653,0.003864137656811595,True,0.0074045369975490605,0.0016058085466728756,0.0,-0.012236991104642603,-0.0001927306239839499,False,-0.004056868280795545,-0.004056868280795545
9,30,12274,2,1983-08-12,1992-08-11,0.03950237322941641,0.05090898807525729,0.04083976959540503,0.054277600071846566,0.050814506835495044,0.003463093236351522,True,0.002818419765648672,0.0018817137152890657,-0.0030693951145158715,0.0500770345697259,-0.0007374722657691457,False,-0.004200565502120668,-0.004200565502120668
9,30,18411,3,2000-05-31,2009-05-31,0.06185103368097988,0.08416395943899499,0.06601318651907673,-0.007225887713915524,-0.012826485721041503,0.005600598007125979,True,0.010325759503022613,0.018009008699807174,0.0013705433653885546,-0.012701314001674846,0.00012517171936665683,True,-0.005475426287759322,-0.005475426287759322
9,30,24548,4,2017-03-20,2026-03-20,0.05003914289540745,0.07101761335908854,0.05134229627772702,0.0846182985620072,0.07984470604472382,0.004773592517283376,True,0.006743840756514574,0.004991924875821171,0.0022716855372759692,0.0795554107119334,-0.00028929533279042907,False,-0.005062887850073805,-0.005062887850073805
9,45,0,0,1950-01-03,1959-01-03,0.04633638367414461,0.07919854169950137,0.05012922591687108,0.06764617585251131,0.0638921491274167,0.003754026725094617,True,0.011184263013994222,0.013373357993778737,0.005000107393422937,0.06359850634863662,-0.00029364277878007883,False,-0.004047669503874696,-0.004047669503874696
9,45,6137,1,1966-10-23,1975-10-23,0.05902975628424589,0.08256627790908522,0.058324139238672745,-0.007079866863887618,-0.011896403379933695,0.004816536516046077,True,0.009673731557127585,0.0027798546676401294,-0.001017984947011552,-0.012333259898140159,-0.0004368565182064632,False,-0.00525339303425254,-0.00525339303425254
9,45,12274,2,1983-08-12,1992-08-11,0.05317594800983172,0.0692101567865607,0.05483112923191458,0.05493728595957914,0.05046826935953175,0.004469016600047393,True,0.0064815352721652175,0.010717539553235665,0.0,0.04963457815400263,-0.000833691205529119,False,-0.005302707805576512,-0.005302707805576512
9,45,18411,3,2000-05-31,2009-05-31,0.07854905119960609,0.11183018302189636,0.08240198864464832,-0.004992775212885325,-0.0118295864497443,0.006836811236858975,True,0.0015160774952589495,0.02396199290478159,-0.014513964041549476,-0.01315712478353892,-0.00132753833379462,False,-0.008164349570653595,-0.008164349570653595
9,45,24548,4,2017-03-20,2026-03-20,0.07309389174117165,0.10116360880301067,0.07621901528227992,0.08538672734521802,0.07854096746992112,0.006845759875296897,True,0.016568359587892045,0.018045467645960746,0.01028294557524334,0.07887982213332734,0.0003388546634062184,True,-0.006506905211890679,-0.006506905211890679
9,60,0,0,1950-01-03,1959-01-03,0.05732830958391655,0.10014354658800473,0.060763309854639624,0.06895583580937403,0.06452172310761384,0.0044341127017601956,True,0.01730605574119415,0.020243854325431267,0.008034352485819518,0.06438079210113545,-0.0001409310064783842,False,-0.00457504370823858,-0.00457504370823858
9,60,6137,1,1966-10-23,1975-10-23,0.08123358777885747,0.11141644985500401,0.0775575219044411,-0.005878140870308246,-0.01245901990551701,0.006580879035208764,True,0.01870953410429621,0.013773510087276163,0.005120978956566713,-0.012438435351020405,2.0584554496605456e-05,True,-0.006560294480712159,-0.006560294480712159
9,60,12274,2,1983-08-12,1992-08-11,0.06828937444443728,0.07857573867991177,0.06920543181056082,0.0567011844056875,0.0511139482546481,0.005587236151039399,True,0.0069654186355048164,0.02244162926440607,-7.185467829518011e-06,0.049782361351193405,-0.0013315869034546957,False,-0.006918823054494094,-0.006918823054494094
9,60,18411,3,2000-05-31,2009-05-31,0.10437682712742946,0.12435701192270111,0.10437682712742968,-0.003967342053670109,-0.012890047817330386,0.008922705763660277,True,0.019075645147141884,0.03948878131053807,0.0005152058859096975,-0.012830027288230128,6.002052910025757e-05,True,-0.00886268523456002,-0.00886268523456002
9,60,24548,4,2017-03-20,2026-03-20,0.08803955133438657,0.12749442875259728,0.09344881935553173,0.08709962589092712,0.07915271867769391,0.007946907213233212,True,0.0232511062359555,0.02719755615477101,0.01522151743181599,0.07970876119365844,0.0005560425159645277,True,-0.007390864697268684,-0.007390864697268684
9,90,0,0,1950-01-03,1959-01-03,0.07588809598926316,0.10769842508356471,0.07951450044803643,0.0698121065444981,0.06438593340812182,0.005426173136376278,True,0.025785087608583668,0.048536184728062856,0.01826460993853951,0.06415635192442726,-0.0002295814836945631,False,-0.005655754620070841,-0.005655754620070841
9,90,6137,1,1966-10-23,1975-10-23,0.10779357558703473,0.15705571377951977,0.10930457117874814,-0.004192097288210683,-0.012455995072193193,0.00826389778398251,True,0.020473455416814,0.03696096112083134,0.019802503051395748,-0.013238587294952642,-0.0007825922227594484,False,-0.009046490006741958,-0.009046490006741958
9,90,12274,2,1983-08-12,1992-08-11,0.0932717590447214,0.0989144940627043,0.0981348128516013,0.05777571097020795,0.050539470095200656,0.007236240875007294,True,0.02028143314406128,0.03283955026929759,0.011480986603636278,0.04968525893738973,-0.0008542111578109246,False,-0.008090452032818218,-0.008090452032818218
9,90,18411,3,2000-05-31,2009-05-31,0.14028182121943944,0.16458507805520917,0.13643382007857796,-0.0011749407881793683,-0.0126447417296075,0.011469800941428132,True,0.014935324395202398,0.06872257147484337,0.01346616021892455,-0.014024176224438079,-0.0013794344948305781,False,-0.01284923543625871,-0.01284923543625871
9,90,24548,4,2017-03-20,2026-03-20,0.11745046192782427,0.16773964747961545,0.12000339810489202,0.08833396210444366,0.07826451478786223,0.010069447316581437,True,0.04740137590417426,0.06283231813208424,0.04397656716308673,0.08053301207138008,0.0022684972835178563,True,-0.007800950033063581,-0.007800950033063581
9,120,0,0,1950-01-03,1959-01-03,0.10494220421170031,0.16603837860282453,0.11165966966747876,0.06995334731558733,0.06243676104737883,0.007516586268208503,True,0.04325286630583336,0.07772134473074853,0.028346638009626668,0.06314271521416259,0.0007059541667837621,True,-0.006810632101424741,-0.006810632101424741
9,120,6137,1,1966-10-23,1975-10-23,0.13324369084868892,0.19818930459356118,0.13756922250385073,-0.0021327682710524654,-0.011924506104992627,0.009791737833940162,True,0.03481368241179883,0.05263531319119982,0.025354998721945687,-0.012160196254262234,-0.0002356901492696073,False,-0.010027427983209769,-0.010027427983209769
9,120,12274,2,1983-08-12,1992-08-11,0.12021854595930637,0.13016395662579078,0.12938408282536717,0.059610984670070755,0.0505651813573289,0.009045803312741851,True,0.018654987528542444,0.047580834796609954,0.0014031715858040528,0.048479444548027883,-0.00208573680930102,False,-0.011131540122042871,-0.011131540122042871
9,120,18411,3,2000-05-31,2009-05-31,0.17986435003927603,0.23414128907194745,0.18207605320100395,0.0014987374969221978,-0.012766877348086125,0.014265614845008323,True,0.02343480218984051,0.07917841601650705,0.025485590723019147,-0.014215101277732622,-0.0014482239296464972,False,-0.01571383877465482,-0.01571383877465482
9,120,24548,4,2017-03-20,2026-03-20,0.14556974502596054,0.20982867917163533,0.14905532820334488,0.08966831603229553,0.07768274203635461,0.011985573995940912,True,0.06241205253076987,0.09098908672457036,0.06827118206055238,0.08058153366926901,0.0028987916329143992,True,-0.009086782363026513,-0.009086782363026513
10,15,0,0,1950-01-03,1960-01-03,0.017803488042356097,0.02763354298691563,0.017952245695040725,0.06371181624584299,0.06227113694806552,0.0014406792977774696,True,0.0021625237608897674,-0.00010796009014374824,-0.000297972368885846,0.0620641778093447,-0.00020695913872081917,False,-0.0016476384364982888,-0.0016476384364982888
10,15,6045,1,1966-07-23,1976-07-22,0.023278930253403107,0.029314566889763746,0.0233529322527799,0.007586170128497383,0.00568179276737002,0.0019043773611273629,True,0.00546485814183062,0.003191842184663146,0.0012432707484750782,0.005816977355443065,0.00013518458807304512,True,-0.0017691927730543178,-0.0017691927730543178
10,15,12091,2,1983-02-10,1993-02-09,0.02125763204451614,0.03237689149103344,0.02193077561418688,0.0668089909794447,0.06500437131144077,0.0018046196680039372,True,0.0021063143963264697,-0.00024279818817530164,-0.0005639070596282769,0.06479107688598651,-0.00021329442545425792,False,-0.002017914093458195,-0.002017914093458195
10,15,18137,3,1999-08-31,2009-08-30,0.037975149009606524,0.05431719494027343,0.0427851080451902,0.001769983351149973,-0.0015491577454977978,0.003319141096647771,True,0.006934505955958903,0.006277763071388358,0.002577811521938367,-0.001268981961581983,0.00028017578391581477,True,-0.003038965312731956,-0.003038965312731956
10,15,24183,4,2016-03-20,2026-03-20,0.02704280598036113,0.03301172296711589,0.02699817059247378,0.08526490770620376,0.08281648312186451,0.0024484245843392483,True,0.0021356049254068754,0.0014177983206978188,0.00030687323641087616,0.08260272755721765,-0.00021375556464686696,False,-0.002662180148986115,-0.002662180148986115
10,30,0,0,1950-01-03,1960-01-03,0.03102980709289649,0.054475466932265425,0.03291925276698637,0.06482544039187021,0.06244831589241806,0.0023771244994521545,True,0.004234278047513085,0.0022216145820961324,9.994583257522116e-05,0.06202246551371182,-0.00042585037870623843,False,-0.002802974878158393,-0.002802974878158393
10,30,6045,1,1966-07-23,1976-07-22,0.042121424500230376,0.06241910949217026,0.043441585134119665,0.008887238994101931,0.005558311373412117,0.0033289276206898144,True,0.007191989887879613,0.01456613614728298,0.003566163687704904,0.005451227407229364,-0.00010708396618275273,False,-0.003436011586872567,-0.003436011586872567
10,30,12091,2,1983-02-10,1993-02-09,0.0383054026115901,0.057897548685953745,0.039442271973051835,0.06809204040260086,0.06496035015040502,0.00313169025219584,True,0.0029138923282623352,0.0006231228453097863,-0.0015043270037889966,0.06439377455178086,-0.0005665755986241638,False,-0.003698265850820004,-0.003698265850820004
10,30,18137,3,1999-08-31,2009-08-30,0.06480391982116274,0.09261126421897983,0.06897743677905122,0.0037985857456188654,-0.001666973737104449,0.0054655594827233145,True,0.008729499464792845,0.016126682331562538,-0.0004497423672489287,-0.0016209061559402382,4.6067581164210836e-05,True,-0.005419491901559104,-0.005419491901559104
10,30,24183,4,2016-03-20,2026-03-20,0.045511408712703316,0.056861378215674704,0.04610105050505986,0.0866135206469989,0.08267728642437855,0.0039362342226203495,True,0.005462408576149214,0.006396312628101677,0.001692356131397288,0.08237590033020203,-0.0003013860941765145,False,-0.004237620316796864,-0.004237620316796864
10,45,0,0,1950-01-03,1960-01-03,0.044906931919027615,0.07562403441489245,0.04905909569565203,0.06515394072607261,0.06178401310428128,0.0033699276217913354,True,0.010024385605109432,0.012399337514422803,0.004762734775480393,0.061540062305835086,-0.00024395079844619083,False,-0.0036138784202375263,-0.0036138784202375263
10,45,6045,1,1966-07-23,1976-07-22,0.0569574094179508,0.07647689097585933,0.05751021308184323,0.009876401175523464,0.0055277847367407595,0.004348616438782704,True,0.01063230041859109,0.009993278238096473,0.0007386283471795263,0.005357354397345748,-0.0001704303393950113,False,-0.0045190467781777155,-0.0045190467781777155
10,45,12091,2,1983-02-10,1993-02-09,0.05339950282703443,0.07968299380037153,0.05599850922261851,0.06867571432313446,0.06443531850516826,0.004240395817966203,True,0.004402588349171621,0.0012708254047605785,-0.0033073785900054053,0.0635970604455578,-0.0008382580596104638,False,-0.0050786538775766665,-0.0050786538775766665
10,45,18137,3,1999-08-31,2009-08-30,0.07812782618898728,0.1141355201210863,0.08141165087190849,0.005735504371322309,-0.0005806194415708399,0.0063161238128931485,True,0.002648557077369995,0.00748241026765873,-0.012645469983450508,-0.0015427597123389702,-0.0009621402707681304,False,-0.007278264083661279,-0.007278264083661279
10,45,24183,4,2016-03-20,2026-03-20,0.06590743217738537,0.0864237334358755,0.06799464552164314,0.08740179996972897,0.08180768417914641,0.0055941157905825545,True,0.013085587685927491,0.0203007397268862,0.01119984684093378,0.08188675840500292,7.907422585651247e-05,True,-0.005515041564726042,-0.005515041564726042
10,60,0,0,1950-01-03,1960-01-03,0.05577941892210725,0.09545713322310925,0.05970063195166686,0.06628758147671099,0.06226608996709837,0.004021491509612618,True,0.015433562398424305,0.018897985213322695,0.0077341147227316664,0.062137054818626414,-0.00012903514847195652,False,-0.0041505266580845745,-0.0041505266580845745
10,60,6045,1,1966-07-23,1976-07-22,0.07242518289098832,0.11031693420879755,0.07627151462876336,0.010850555260673689,0.0054639959851954245,0.005386559275478264,True,0.012239252511291765,0.025137197225489624,0.007805486958911256,0.005024972273522721,-0.0004390237116727036,False,-0.005825582987150968,-0.005825582987150968
10,60,12091,2,1983-02-10,1993-02-09,0.06492017963371888,0.0928218905582035,0.06817597900382277,0.07049017706475924,0.06553707044296342,0.004953106621795822,True,0.0015079123123000748,0.004258662496526823,-0.004642652965087979,0.06393734757737235,-0.001599722865591069,False,-0.006552829487386891,-0.006552829487386891
10,60,18137,3,1999-08-31,2009-08-30,0.09931220266626473,0.15413346115635898,0.10652019935584534,0.006849727500970015,-0.0009940252412234951,0.00784375274219351,True,0.007164752261578089,0.03202139333264357,-0.005488502189705202,-0.001932302921839324,-0.0009382776806158288,False,-0.00878203042280934,-0.00878203042280934
10,60,24183,4,2016-03-20,2026-03-20,0.08141805568370541,0.10500236146187138,0.08469744386778211,0.08875769547951773,0.0820532475505098,0.006704447929007928,True,0.02130362466232394,0.0288696456371986,0.014576898222273149,0.08254595819109611,0.0004927106405863135,True,-0.006211737288421615,-0.006211737288421615
10,90,0,0,1950-01-03,1960-01-03,0.07334005545119981,0.10408195020477093,0.07642119313444007,0.06706454740110424,0.062153841565658174,0.004910705835446061,True,0.023350804672232606,0.04487699605251484,0.0151400745061403,0.06198265620021037,-0.00017118536544780127,False,-0.005081891200893862,-0.005081891200893862
10,90,6045,1,1966-07-23,1976-07-22,0.09962628571821153,0.14891793159762903,0.10484621364225077,0.012399154244343569,0.005304342295535225,0.007094811948808344,True,0.019804084470623762,0.02642733987198928,0.01251661464745335,0.00479321885293249,-0.0005111234426027345,False,-0.007605935391411078,-0.007605935391411078
10,90,12091,2,1983-02-10,1993-02-09,0.09022186590835335,0.0960266557335298,0.09529344745090507,0.07106009426425097,0.0644723120905315,0.00658778217371947,True,0.013358643443696527,0.024379499347840082,0.0032530718579879547,0.0632569561449634,-0.0012153559455680973,False,-0.007803138119287567,-0.007803138119287567
10,90,18137,3,1999-08-31,2009-08-30,0.13700088136004185,0.20554570691154278,0.14500513745923804,0.009144390669403979,-0.0012735949788066359,0.010417985648210615,True,0.01146406949474743,0.06291478714992477,0.011794762562097771,-0.0026013037118312043,-0.0013277087330245685,False,-0.011745694381235183,-0.011745694381235183
10,90,24183,4,2016-03-20,2026-03-20,0.11097325397422853,0.1600550142403247,0.11879549139807,0.09010695092302567,0.08135849889903479,0.008748452023990883,True,0.04416520256356171,0.08497186936230235,0.04433534138955064,0.08336440799459077,0.00200590909555598,True,-0.0067425429284349025,-0.0067425429284349025
10,120,0,0,1950-01-03,1960-01-03,0.1009628088980068,0.15917109675456445,0.10921248095446434,0.06720907078868432,0.060458423462671274,0.006750647326013048,True,0.039157012640229416,0.07236721941185094,0.028097041695121172,0.061055140229485216,0.0005967167668139428,True,-0.006153930559199106,-0.006153930559199106
10,120,6045,1,1966-07-23,1976-07-22,0.12532908126956177,0.1866740956690868,0.13387388112401033,0.013681774108454281,0.005067409623090713,0.008614364485363568,True,0.025045365463878477,0.03784831590436508,0.01713586648176757,0.004257805525178959,-0.0008096040979117536,False,-0.009423968583275322,-0.009423968583275322
10,120,12091,2,1983-02-10,1993-02-09,0.1136076473236356,0.14486854188682766,0.12493753400487795,0.07241109067527973,0.06441668920598964,0.007994401469290091,True,0.011149714822690004,0.05992972958169508,0.0011181520157697022,0.06210890170271366,-0.002307787503275982,False,-0.010302188972566073,-0.010302188972566073
10,120,18137,3,1999-08-31,2009-08-30,0.1642520568469905,0.23935305177614857,0.1843236427304782,0.011851150253731069,-0.00015558773259005676,0.012006737986321125,True,0.012310364481820768,0.1287462897215896,0.02811978020012229,-0.0022100234525812557,-0.002054435719991199,False,-0.014061173706312324,-0.014061173706312324
10,120,24183,4,2016-03-20,2026-03-20,0.13287745238170134,0.2010522216839312,0.13753131872125524,0.09069622536902733,0.08070688856848252,0.009989336800544812,True,0.05298713528214072,0.06965270736512799,0.057470150137507,0.08274582682444742,0.002038938255964906,True,-0.007950398544579906,-0.007950398544579906
12,15,0,0,1950-01-03,1962-01-03,0.017198200968638666,0.02583745787970311,0.017527985666380808,0.06410052654681708,0.06289229025021226,0.0012082362966048255,True,0.0015677746617193122,-0.00010414750766959525,-0.00010229802357158979,0.06272824019305956,-0.00016405005715269816,False,-0.0013722863537575236,-0.0013722863537575236
12,15,5863,1,1966-01-22,1978-01-22,0.019156303589829005,0.026940121918998135,0.02223084250037677,0.014280746516698084,0.012676708620491972,0.001604037896206112,True,0.0008820282997092921,0.0013605071460460803,0.0009879791564326723,0.012751180639687165,7.447201919519308e-05,True,-0.0015295658770109188,-0.0015295658770109188
12,15,11726,2,1982-02-10,1994-02-10,0.0219109448923962,0.03060938713440547,0.022664256415129147,0.06953354973297055,0.06790771041364785,0.0016258393193226972,True,0.0007594343322139263,0.0007179385282006594,-0.0008296894790953413,0.06767104729930629,-0.00023666311434156206,False,-0.0018625024336642593,-0.0018625024336642593
12,15,17589,3,1998-03-01,2010-03-01,0.03910821275112286,0.05342985251422718,0.045456158951727055,0.010979142814478982,0.008038779666702744,0.002940363147776237,True,0.004180152538429738,0.0021297463769562033,-0.0003742254307115833,0.008102019701364815,6.324003466207095e-05,True,-0.002877123113114166,-0.002877123113114166
12,15,23452,4,2014-03-20,2026-03-20,0.025890847923450533,0.03238976776993594,0.02565619379967532,0.08547191260204956,0.08347083319021831,0.0020010794118312525,True,0.0006125123389142395,-0.00021818709984729181,-0.0005800724508510102,0.08321746771051619,-0.00025336547970211676,False,-0.0022544448915333692,-0.0022544448915333692
12,30,0,0,1950-01-03,1962-01-03,0.029755884220556306,0.05022203209920122,0.031212558546567903,0.06484682397796226,0.06285247850571563,0.001994345472246639,True,0.003261526614219301,0.0018576128182648066,-2.5422327932123068e-05,0.062536349440383,-0.0003161290653326265,False,-0.0023104745375792657,-0.0023104745375792657
12,30,5863,1,1966-01-22,1978-01-22,0.032176450574617155,0.05163057886002914,0.03988958939078602,0.015267108099250803,0.012588771659292286,0.0026783364399585174,True,-0.0008641622188689801,0.005410474979947942,0.001992946448703181,0.012515756048704585,-7.301561058770112e-05,False,-0.0027513520505462186,-0.0027513520505462186
12,30,11726,2,1982-02-10,1994-02-10,0.0390226149997539,0.05722225450569541,0.04067584787100875,0.0705336011933746,0.06773118291038283,0.00280241828299177,True,7.539872130535308e-05,-0.0012129874554308465,-0.003586346475300206,0.0671307023899319,-0.0006004805204509189,False,-0.003402898803442689,-0.003402898803442689
12,30,17589,3,1998-03-01,2010-03-01,0.06274318272732438,0.0849031287316911,0.07081334714147669,0.012557523741812737,0.008007905258928805,0.0045496184828839326,True,0.0057492103323733,0.009381413229556799,-0.001362222765859289,0.007916057423498657,-9.184783543014774e-05,False,-0.00464146631831408,-0.00464146631831408
12,30,23452,4,2014-03-20,2026-03-20,0.04394156493430468,0.05313900038404382,0.044175474923732194,0.08663569551475114,0.08336464395273935,0.0032710515620117953,True,0.0016310991203691838,0.0014927496308179537,-0.00054113003509626,0.08289563103246289,-0.000469012920276457,False,-0.0037400644822882523,-0.0037400644822882523
12,45,0,0,1950-01-03,1962-01-03,0.04290029496803682,0.06998855864092367,0.04560651730018628,0.06546134318893726,0.06264611786259056,0.002815225326346704,True,0.007942526435155361,0.010935283433206778,0.004093147733458258,0.06243844843943136,-0.0002076694231591958,False,-0.0030228947495059,-0.0030228947495059
12,45,5863,1,1966-01-22,1978-01-22,0.05300294366366032,0.0745900857754451,0.054886671899829764,0.016032301440112473,0.012530723186439552,0.003501578253672921,True,0.010540967932187284,0.010446541579826869,0.001873077026436576,0.012550088744371468,1.93655579319163e-05,True,-0.003482212695741005,-0.003482212695741005
12,45,11726,2,1982-02-10,1994-02-10,0.056533960216279544,0.0817060189626467,0.059756024327900725,0.07139125958302683,0.06740444194257988,0.003986817640446949,True,0.0021693506396245343,0.0038072239316673828,-0.002520450795646112,0.06668512048038888,-0.0007193214621910027,False,-0.004706139102637952,-0.004706139102637952
12,45,17589,3,1998-03-01,2010-03-01,0.081159536830407,0.10588408320481545,0.08787625256351461,0.014012958323101232,0.008300521246258574,0.005712437076842658,True,0.007912655473395036,0.014983722118335248,-0.0037235478135179134,0.008100937194110536,-0.00019958405214803854,False,-0.0059120211289906965,-0.0059120211289906965
12,45,23452,4,2014-03-20,2026-03-20,0.058627383673091504,0.08220910819868112,0.060601410300846315,0.08732423916221,0.08309945619541392,0.00422478296679607,True,0.005849998127545275,0.011125756646540716,0.007457799769009954,0.08270026801168018,-0.0003991881837337452,False,-0.004623971150529815,-0.004623971150529815
12,60,0,0,1950-01-03,1962-01-03,0.0525787561662765,0.08807341062453977,0.05698468924576461,0.06572785750300847,0.06239048657896151,0.0033373709240469562,True,0.012611769327375066,0.016955965983770773,0.007233763263805759,0.06229551765698793,-9.496892197358164e-05,False,-0.003432339846020538,-0.003432339846020538
12,60,5863,1,1966-01-22,1978-01-22,0.0524541448363518,0.0866385896156143,0.06830611382735974,0.016761029532598393,0.012434502251148283,0.00432652728145011,True,-0.001024196511001274,0.01965400412374421,0.008945273050186442,0.012347971704973482,-8.653054617480116e-05,False,-0.004413057827624911,-0.004413057827624911
12,60,11726,2,1982-02-10,1994-02-10,0.06927651589182404,0.09116941527230298,0.07500775508505564,0.072261020209476,0.06750214001382449,0.004758880195651516,True,0.004807249605101704,0.0130866728044875,0.003983865589969771,0.06671871022580178,-0.0007834297880227048,False,-0.005542309983674221,-0.005542309983674221
12,60,17589,3,1998-03-01,2010-03-01,0.0985851606834014,0.12795342748710095,0.10405253075909981,0.01514986568819654,0.008368084659294839,0.006781781028901701,True,0.004931388127554559,0.025768235834503574,0.0011684172095889345,0.0076382596770985245,-0.0007298249821963143,False,-0.007511606011098015,-0.007511606011098015
12,60,23452,4,2014-03-20,2026-03-20,0.07412685335749947,0.100371724312228,0.07525339584705715,0.08787838128987158,0.08264178995822236,0.005236591331649221,True,0.016249218630977946,0.022001004710460445,0.014004989427957693,0.08286853341061406,0.0002267434523917089,True,-0.005009847879257512,-0.005009847879257512
12,90,0,0,1950-01-03,1962-01-03,0.06854267427895255,0.09731395652172481,0.07360285323588611,0.06698257409575348,0.06292896274536908,0.004053611350384401,True,0.018837011955153526,0.039228808837282136,0.014175152571018756,0.06275558706297546,-0.00017337568239361723,False,-0.004226987032778018,-0.004226987032778018
12,90,5863,1,1966-01-22,1978-01-22,0.08867427376297154,0.12788924776704869,0.09863706868345079,0.017871883991468218,0.012423921523097237,0.0054479624683709815,True,0.02039435196328876,0.052296724739788296,0.014266810524923512,0.012387600796406772,-3.6320726690464156e-05,False,-0.005484283195061446,-0.005484283195061446
12,90,11726,2,1982-02-10,1994-02-10,0.09583238789963633,0.13483387591800097,0.10777324577999825,0.07340015577628556,0.06707729662662865,0.006322859149656912,True,0.009700573895598419,0.03600019576993953,0.004691114472306301,0.06610265905692692,-0.0009746375697017307,False,-0.007297496719358643,-0.007297496719358643
12,90,17589,3,1998-03-01,2010-03-01,0.133436557246426,0.1633216488872751,0.13791502034125136,0.016698323141731253,0.007869675884205396,0.008828647257525857,True,0.01149793335022875,0.03566397291856794,0.011076146272049892,0.0070981909647382935,-0.0007714849194671025,False,-0.00960013217699296,-0.00960013217699296
12,90,23452,4,2014-03-20,2026-03-20,0.10296684969115533,0.13809870390402654,0.10894660723221627,0.08954465461870043,0.08254111432664435,0.007003540292056076,True,0.02592586415103315,0.04794087681983831,0.02921349168272891,0.08299011915484522,0.00044900482820087184,True,-0.0065545354638552045,-0.0065545354638552045
12,120,0,0,1950-01-03,1962-01-03,0.09379564397263818,0.14741185933553286,0.10298676037685728,0.06716793146755906,0.06164589699850298,0.005522034469056081,True,0.03127579223352228,0.06404525001124181,0.027016931824791923,0.061946535288147864,0.00030063828964488337,True,-0.005221396179411197,-0.005221396179411197
12,120,5863,1,1966-01-22,1978-01-22,0.11243858179429478,0.15324511158715723,0.12443417698169679,0.01888369268397727,0.012178853196348483,0.006704839487628789,True,0.034133873467998344,0.07102202736602976,0.038373828226454965,0.01269949130714454,0.0005206381107960567,True,-0.006184201376832732,-0.006184201376832732
12,120,11726,2,1982-02-10,1994-02-10,0.11574092335431341,0.16779566296799558,0.13177458616972793,0.07436365539280265,0.06703655168217759,0.00732710371062506,True,0.01973324367172813,0.06603344569127671,0.02564522847378714,0.06633805757884326,-0.000698494103334335,False,-0.008025597813959395,-0.008025597813959395
12,120,17589,3,1998-03-01,2010-03-01,0.16356626462721935,0.2218673460181026,0.17923623738078875,0.018578070375344202,0.008096960638551698,0.010481109736792504,True,0.017707886292257946,0.049215150601378495,0.016932650796415816,0.007269963869514617,-0.0008269967690370805,False,-0.011308106505829585,-0.011308106505829585
12,120,23452,4,2014-03-20,2026-03-20,0.11965228693056562,0.15532227475248847,0.12242847916766997,0.0898416368765258,0.08209336359432973,0.007748273282196072,True,0.043386975714854836,0.07537417224439519,0.046376446966834406,0.08345343100116587,0.0013600674068361407,True,-0.006388205875359931,-0.006388205875359931
15,15,0,0,1950-01-03,1965-01-03,0.01673364632679064,0.02399964073120892,0.017107590352939073,0.05920703580670139,0.05822834583942815,0.0009786899672732385,True,0.0011117426971454236,-9.177241544267875e-05,-9.514173472591203e-05,0.05811366333739776,-0.00011468250203039432,False,-0.0010933724693036329,-0.0010933724693036329
15,15,5589,1,1965-04-23,1980-04-23,0.02041215777386851,0.02336399913607025,0.020078070243049417,0.030238448997617073,0.029039273715977698,0.0011991752816393753,True,0.001564993663747849,-9.308677304180651e-05,-0.00018601396632078604,0.028958863887523778,-8.040982845392008e-05,False,-0.0012795851100932953,-0.0012795851100932953
15,15,11178,2,1980-08-11,1995-08-12,0.02066913424500494,0.029559233735397,0.02128154581967734,0.07452308645444572,0.07325411734676646,0.001268969107679263,True,0.000517826236359209,-0.0004257948929181506,-0.0005044283074207012,0.07309538826785267,-0.0001587290789137885,False,-0.0014276981865930516,-0.0014276981865930516
15,15,16767,3,1995-11-30,2010-11-30,0.03385331228751132,0.04027457604911851,0.03491998267390295,0.02027925484814408,0.0182030255131842,0.002076229334959878,True,0.0019022903796053203,0.0014236336683612176,-0.00032140736459812524,0.01814631600916017,-5.670950402403285e-05,False,-0.002132938838983911,-0.002132938838983911
15,15,22356,4,2011-03-20,2026-03-20,0.025412285471350327,0.03111532450923579,0.025412890487755302,0.08851303954525935,0.08689150469767726,0.0016215348475820957,True,0.00031608553978434983,0.00024338528005987434,-0.0003468298002751169,0.08671614705019648,-0.0001753576474807783,False,-0.001796892495062874,-0.001796892495062874
15,30,0,0,1950-01-03,1965-01-03,0.02885465988020397,0.04591044550320638,0.030060669626247094,0.059943167621108406,0.05832069991497191,0.001622467706136499,True,0.002008345312145332,0.0014561583543269859,-3.138947001346537e-05,0.05807555924283325,-0.0002451406721386551,False,-0.001867608378275154,-0.001867608378275154
15,30,5589,1,1965-04-23,1980-04-23,0.03650480692022473,0.047131910518502663,0.03648865324164241,0.031042651885205608,0.028957010142501183,0.002085641742704425,True,0.001957989996306919,0.0028558895139880647,0.0,0.02871535508696743,-0.00024165505553375155,False,-0.0023272967982381765,-0.0023272967982381765
15,30,11178,2,1980-08-11,1995-08-12,0.03645824171197942,0.048877652533346895,0.037600807704236905,0.0754083472629774,0.07323577865072362,0.002172568612253789,True,0.0007554650513392769,0.003653377705780369,5.6431974536197416e-05,0.0728977674315412,-0.0003380112191824214,False,-0.0025105798314362104,-0.0025105798314362104
15,30,16767,3,1995-11-30,2010-11-30,0.05557717001508977,0.07035630304319744,0.0591766251580772,0.02149418597828201,0.01818949240749168,0.003304693570790329,True,0.0054220354301679485,0.00978764412426994,0.0012397736559597305,0.0181846001299375,-4.892277554180424e-06,False,-0.0033095858483445095,-0.0033095858483445095
15,30,22356,4,2011-03-20,2026-03-20,0.042523208499847476,0.052588949116338886,0.04294132924096772,0.08941232163912116,0.08678859191152721,0.0026237297275939486,True,0.003808983085332951,0.005714002453919762,0.002198271642830818,0.08666702704790108,-0.0001215648636261335,False,-0.002745294591220082,-0.002745294591220082
15,45,0,0,1950-01-03,1965-01-03,0.04129683888996616,0.06419585341169856,0.043649167608365014,0.06043912186924927,0.05816144447789595,0.0022776773913533166,True,0.0061385659646464585,0.009404487338599643,0.003603337314100008,0.05801248294709671,-0.0001489615307992409,False,-0.0024266389221525575,-0.0024266389221525575
15,45,5589,1,1965-04-23,1980-04-23,0.049800299097354284,0.06712331798592856,0.050017943134917364,0.03175945542284464,0.028986543822216326,0.002772911600628314,True,0.004385367719201172,0.0026760847774987156,-0.0003130040330824313,0.02872215958485369,-0.00026438423736263594,False,-0.00303729583799095,-0.00303729583799095
15,45,11178,2,1980-08-11,1995-08-12,0.051983266580931664,0.07447226634792634,0.05379188571501192,0.07620156289058588,0.07316003769567003,0.0030415251949158506,True,-0.000931463478860417,0.0020783071089567977,-0.003963497444789299,0.07250463363287207,-0.0006554040627979596,False,-0.00369692925771381,-0.00369692925771381
15,45,16767,3,1995-11-30,2010-11-30,0.07959369949618655,0.10200933647215638,0.08384149165047416,0.022378827283479508,0.017730707692282355,0.004648119591197153,True,0.01549640222835813,0.016536281059091478,0.00916171447843972,0.018215719930011032,0.00048501223772867696,True,-0.004163107353468476,-0.004163107353468476
15,45,22356,4,2011-03-20,2026-03-20,0.057687813381267716,0.07359987121102832,0.058239549950140246,0.09029722796185702,0.086823904816278,0.0034733231455790214,True,0.00704125655138399,0.016144998969672968,0.006039776933124408,0.0867359421045415,-8.796271173650005e-05,False,-0.0035612858573155215,-0.0035612858573155215
15,60,0,0,1950-01-03,1965-01-03,0.05070034311360794,0.08057292357674166,0.05381417388048715,0.060700085789526126,0.0579777830444117,0.0027223027451144244,True,0.009125866344056321,0.014656153304475032,0.006829543027726093,0.05784762313400993,-0.00013015991040177255,False,-0.002852462655516197,-0.002852462655516197
15,60,5589,1,1965-04-23,1980-04-23,0.06173410408894586,0.08482473356366381,0.0615762900385779,0.03207073015532469,0.028706705391913667,0.003364024763411022,True,0.0054110704864389625,0.010476612954072007,0.0028780177322325073,0.028327365354019474,-0.00037934003789419357,False,-0.0037433648013052157,-0.0037433648013052157
15,60,11178,2,1980-08-11,1995-08-12,0.0662941592100994,0.09478915453033353,0.07023036671238003,0.07662041695397592,0.07280394206419705,0.003816474889778876,True,0.005185273574275673,0.013357742620568163,0.004226660626725942,0.07239220867836504,-0.0004117333858320027,False,-0.0042282082756108785,-0.0042282082756108785
15,60,16767,3,1995-11-30,2010-11-30,0.09404786844352664,0.12487647306458254,0.1036992854504144,0.023204572534011092,0.01783313257829522,0.005371439955715873,True,0.010628541000259784,0.018999079106982994,0.007824366301201313,0.01780893563762853,-2.419694066668754e-05,False,-0.005395636896382561,-0.005395636896382561
15,60,22356,4,2011-03-20,2026-03-20,0.0718790096767985,0.09886372451149034,0.07346420070918813,0.09043999825895566,0.08619613427123562,0.004243863987720031,True,0.01509876182138048,0.03942646558363911,0.01730332505305432,0.08648998245814221,0.00029384818690658676,True,-0.0039500158008134445,-0.0039500158008134445
15,90,0,0,1950-01-03,1965-01-03,0.0657634704783383,0.0903409803185854,0.06859070953382251,0.061669773671421346,0.05833530534033371,0.0033344683310876366,True,0.014311746193045316,0.03321039316654942,0.013377604000837762,0.058171617050906343,-0.00016368828942736613,False,-0.0034981566205150028,-0.0034981566205150028
15,90,5589,1,1965-04-23,1980-04-23,0.08619450936774897,0.11853117882592572,0.08742911229214068,0.03342198663196494,0.02887476773767994,0.004547218894284999,True,0.010852670788520147,0.024575537937077046,0.008240318002125324,0.028481480979791307,-0.00039328675788863343,False,-0.004940505652173632,-0.004940505652173632
15,90,11178,2,1980-08-11,1995-08-12,0.09135807705570076,0.12637358521904518,0.097562614677142,0.0779023561987433,0.07281925935562561,0.005083096843117696,True,0.005629334948991316,0.030746724362130943,0.00023571795115251426,0.0720387279103023,-0.000780531445323307,False,-0.005863628288441003,-0.005863628288441003
15,90,16767,3,1995-11-30,2010-11-30,0.12947926978030866,0.17530168165308388,0.13979608540363375,0.02455399476325759,0.01739206169716967,0.007161933066087922,True,0.02139558088563165,0.04062362580245442,0.02430684396164451,0.017706850455138978,0.0003147887579693087,True,-0.006847144308118613,-0.006847144308118613
15,90,22356,4,2011-03-20,2026-03-20,0.09668457082794224,0.12625223644873526,0.09899250958824646,0.09207150154589194,0.08656879996249534,0.0055027015833966075,True,0.01598240549334995,0.03171981831648865,0.010378219898230734,0.08652002407470127,-4.877588779406139e-05,False,-0.005551477471190669,-0.005551477471190669
15,120,0,0,1950-01-03,1965-01-03,0.0886405563405046,0.13513418116943723,0.09582269776713148,0.06196716183482187,0.05751749201905887,0.004449669815763002,True,0.02356652947298854,0.05465305014536502,0.025696777286601025,0.0576101965994662,9.270458040733232e-05,True,-0.00435696523535567,-0.00435696523535567
15,120,5589,1,1965-04-23,1980-04-23,0.11167227164618532,0.1460250323426453,0.11379865454250626,0.03387592823735375,0.028110443904673765,0.005765484332679982,True,0.022779166972241693,0.04785108189010214,0.025390832326870116,0.02814777623443976,3.733232976599332e-05,True,-0.005728152002913989,-0.005728152002913989
15,120,11178,2,1980-08-11,1995-08-12,0.1191919044318932,0.16433682707567138,0.12484146843603217,0.0791831123421638,0.07268160196359852,0.006501510378565278,True,0.016478773456747753,0.05545207332945113,0.014457170947004716,0.07227869217920047,-0.00040290978439805336,False,-0.006904420162963332,-0.006904420162963332
15,120,16767,3,1995-11-30,2010-11-30,0.1534790833517321,0.17822757635456274,0.15962710654487533,0.025737073291692836,0.01750976326101994,0.008227310030672896,True,0.030176436993666345,0.05854949633032013,0.03475451834219778,0.018035668478842526,0.0005259052178225865,True,-0.00770140481285031,-0.00770140481285031
15,120,22356,4,2011-03-20,2026-03-20,0.11418679325541814,0.16077990304408168,0.12100988617834507,0.0922522827077914,0.0859965368014115,0.006255745906379895,True,0.03841381975644387,0.083148420192896,0.03861438723286392,0.08713508530076464,0.0011385484993531314,True,-0.005117197407026763,-0.005117197407026763
20,15,0,0,1950-01-03,1970-01-03,0.015625106605512196,0.022069038474330234,0.016454704251011365,0.061863572549745394,0.06104060680243939,0.0008229657473060037,True,-2.041650695305819e-05,-7.694080482397699e-05,-8.699477718959736e-05,0.061039523506493776,-1.0832959456141822e-06,False,-0.0008240490432516179,-0.0008240490432516179
20,15,5132,1,1964-01-22,1984-01-22,0.01863545245034648,0.024479684661629232,0.018747353783120646,0.05716231668466398,0.0562951157798508,0.0008672009048131812,True,0.0014261739796650463,0.0007920461882954809,0.000791113198513882,0.056261815869855125,-3.329990999567656e-05,False,-0.0009005008148088578,-0.0009005008148088578
20,15,10265,2,1978-02-10,1998-02-10,0.02176885014018315,0.02960777610558989,0.022264256179660658,0.08964264971698777,0.08858163623940518,0.0010610134775825841,True,-0.00039984751140498265,-0.0007125543779903831,-0.0008903659823434884,0.08844822729209056,-0.00013340894731461717,False,-0.0011944224248972013,-0.0011944224248972013
20,15,15397,3,1992-02-29,2012-02-29,0.02905513593982989,0.029333446738112365,0.02774894135881567,0.03659611937781837,0.03521873464478853,0.0013773847330298405,True,0.0030164703942234805,0.0022398012508751007,0.0019985149922816525,0.03526825514062715,4.9520495838617506e-05,True,-0.001327864237191223,-0.001327864237191223
20,15,20530,4,2006-03-20,2026-03-20,0.028450519170909683,0.033109075321552994,0.028835956152644004,0.08600543046878673,0.08459443024846358,0.0014110002203231442,True,0.0019603234293905647,0.0024641482547253786,0.0019420019336584549,0.08458939349756456,-5.0367508990234455e-06,False,-0.0014160369712221677,-0.0014160369712221677
20,30,0,0,1950-01-03,1970-01-03,0.027833324561788997,0.041431213613596245,0.028609682382330748,0.062339735016221365,0.06110020720866549,0.0012395278075558736,True,0.0009361987532108262,0.0010377700790273514,-0.0002259340520880393,0.060931958954550725,-0.00016824825411476674,False,-0.0014077760616706403,-0.0014077760616706403
20,30,5132,1,1964-01-22,1984-01-22,0.03304887046049654,0.04255875855871794,0.03331942145819644,0.0577199495024725,0.05621823470149345,0.0015017148009790482,True,0.0020679791859496977,0.0016164858818041466,0.0009759685339152391,0.056110426884693476,-0.00010780781679997631,False,-0.0016095226177790245,-0.0016095226177790245
20,30,10265,2,1978-02-10,1998-02-10,0.039353719088463635,0.054864925672271525,0.04155163531890982,0.09038064313569172,0.08850177618244004,0.0018788669532516789,True,-0.0030412621816702234,-0.0031060735866197103,-0.00424217865199128,0.08811256064029638,-0.0003892155421436616,False,-0.0022680824953953405,-0.0022680824953953405
20,30,15397,3,1992-02-29,2012-02-29,0.046852783243462426,0.048776850811928354,0.04464837716990089,0.03730153792661128,0.03514138239916442,0.002160155527446861,True,0.004223131569566885,0.004705277935478201,0.0022001353201626106,0.03514694560819431,5.563209029890714e-06,True,-0.00215459231841697,-0.00215459231841697
20,30,20530,4,2006-03-20,2026-03-20,0.0465979872425033,0.05393922334304859,0.04752840971353878,0.08685049401788314,0.0846009737106026,0.002249520307280539,True,0.0016664307250577881,0.003138777811701774,0.0007225185600359119,0.08446856621285592,-0.00013240749774667826,False,-0.0023819278050272175,-0.0023819278050272175
20,45,0,0,1950-01-03,1970-01-03,0.03960814572041915,0.05813599724441422,0.04093686200573399,0.06264634814692438,0.06091063432206201,0.0017357138248623727,True,0.004132199099178502,0.007778643454296281,0.0032855859878788696,0.060802933037515716,-0.00010770128454629102,False,-0.0018434151094086637,-0.0018434151094086637
20,45,5132,1,1964-01-22,1984-01-22,0.044783669506014645,0.059492219055839415,0.04529597054383072,0.05816695793711757,0.056175971856717855,0.001990986080399715,True,0.0008914342285226695,0.0017291144964930877,0.00016104811259309848,0.05589800868098682,-0.000277963175731033,False,-0.002268949256130748,-0.002268949256130748
20,45,10265,2,1978-02-10,1998-02-10,0.05308848375257047,0.07518107860049007,0.05520586763123281,0.09091752126170571,0.08843451060478791,0.0024830106569178056,True,-0.001811137021733189,-0.0021043886803213995,-0.0036615043381554857,0.08800103839290219,-0.0004334722118857215,False,-0.002916482868803527,-0.002916482868803527
20,45,15397,3,1992-02-29,2012-02-29,0.06318008074062287,0.0712882802396979,0.06097675774638622,0.03796418878549934,0.035107201765139706,0.002856987020359636,True,0.0070093173926573105,0.01694320078563459,0.008604261585798412,0.03515022318024075,4.302141510104107e-05,True,-0.002813965605258595,-0.002813965605258595
20,45,20530,4,2006-03-20,2026-03-20,0.0569531998958166,0.06676420727331465,0.0576103811049089,0.08747792712605618,0.08480403597995267,0.002673891146103502,True,0.0011428194589224727,0.008779955144443529,-2.3743782192053864e-05,0.08453223449065317,-0.00027180148929950576,False,-0.0029456926354030077,-0.0029456926354030077
20,60,0,0,1950-01-03,1970-01-03,0.04839974923893764,0.07264206263987799,0.05116748087308731,0.063074364775342,0.06100127831111268,0.0020730864642293234,True,0.006693976838012983,0.012221451451842108,0.006318346704952571,0.06091857431536152,-8.27039957511655e-05,False,-0.002155790459980489,-0.002155790459980489
20,60,5132,1,1964-01-22,1984-01-22,0.0582563438350161,0.07811943479255767,0.059291244100906804,0.05872636416482768,0.05616706157741125,0.0025593025874164343,True,0.0034592778259696644,0.006004342365229891,0.002681111092697197,0.055914747051436064,-0.00025231452597518356,False,-0.002811617113391618,-0.002811617113391618
20,60,10265,2,1978-02-10,1998-02-10,0.07059699565442523,0.10065757311836969,0.07590288249069244,0.09146548505004604,0.08819676063136117,0.003268724418684865,True,-0.0027662146437065216,-0.000880266653290076,-0.005828456152476069,0.08759838723645252,-0.0005983733949086467,False,-0.003867097813593512,-0.003867097813593512
20,60,15397,3,1992-02-29,2012-02-29,0.07780769131285403,0.07893197929376901,0.07346623203095048,0.038506241760128956,0.0350477213093503,0.003458520450778657,True,0.008284760701369631,0.006886514356884619,0.004208526881691377,0.0350487634386587,1.0421293084039718e-06,True,-0.003457478321470253,-0.003457478321470253
20,60,20530,4,2006-03-20,2026-03-20,0.07424181139381614,0.08998943047125496,0.0760318976365153,0.08823431319480202,0.08479090652967614,0.003443406665125881,True,0.0020559306565290925,0.007387931101010272,-0.0011446781086250635,0.08445593799586404,-0.0003349685338120967,False,-0.0037783751989379777,-0.0037783751989379777
20,90,0,0,1950-01-03,1970-01-03,0.06260448734947177,0.08341735997260902,0.06469570378794809,0.06334499382779502,0.060771654363108274,0.0025733394646867414,True,0.010922260150088459,0.027133654661513656,0.011106490378715694,0.060697018858833385,-7.463550427488919e-05,False,-0.0026479749689616305,-0.0026479749689616305
20,90,5132,1,1964-01-22,1984-01-22,0.07810566712142841,0.10304288792593716,0.07932884506686255,0.05916899362487138,0.05584036123163827,0.0033286323932331108,True,0.007511408834333988,0.01320957202043017,0.00523050708970918,0.055587619882312644,-0.00025274134932562475,False,-0.0035813737425587355,-0.0035813737425587355
20,90,10265,2,1978-02-10,1998-02-10,0.09559844150461294,0.1329196977212256,0.1036032216416154,0.09217396573311909,0.08786672089013581,0.004307244842983282,True,-0.0021359109178246127,0.00015170110079310646,-0.005571859752597552,0.08708328828082679,-0.0007834326093090205,False,-0.005090677452292303,-0.005090677452292303
20,90,15397,3,1992-02-29,2012-02-29,0.100861966731987,0.1217048181233546,0.10154215297571256,0.0392192747488167,0.034871657656814214,0.004347617092002487,True,0.010176121085638146,0.029113005642733805,0.013801167658114455,0.034760622549059095,-0.00011103510775511971,False,-0.004458652199757607,-0.004458652199757607
20,90,20530,4,2006-03-20,2026-03-20,0.08957798208842749,0.11433704647642795,0.09134491275245593,0.08888322883448563,0.08488782277888873,0.003995406055596895,True,0.003915518072580282,0.01992593535445168,0.001324607090953167,0.08443431405019952,-0.00045350872868921144,False,-0.0044489147842861065,-0.0044489147842861065
20,120,0,0,1950-01-03,1970-01-03,0.08364631590513438,0.12240689897910963,0.08946834081102728,0.06404290318410988,0.06065343078394969,0.0033894724001601872,True,0.01794475383443661,0.0447761370899066,0.021487082375669653,0.060720069351506645,6.663856755695363e-05,True,-0.0033228338326032336,-0.0033228338326032336
20,120,5132,1,1964-01-22,1984-01-22,0.0971751686905662,0.13282242739043235,0.09886363562708733,0.060109244973808096,0.05607630717373957,0.004032937800068526,True,0.016906237900054855,0.02989072955409562,0.01610716774698906,0.05608875208207276,1.2444908333186788e-05,True,-0.004020492891735339,-0.004020492891735339
20,120,10265,2,1978-02-10,1998-02-10,0.1258824831383094,0.1856474718029188,0.14025600092791324,0.09320100399859199,0.08763781315483277,0.005563190843759225,True,0.0083918705761441,0.028206510620290105,0.00871661963538184,0.08719347080651918,-0.00044434234831358665,False,-0.0060075331920728114,-0.0060075331920728114
20,120,15397,3,1992-02-29,2012-02-29,0.1316210799020625,0.15013483233080344,0.1318859335803777,0.040291413628529726,0.03473289211459951,0.005558521513930215,True,0.019662977315710872,0.027519298039691185,0.019797865135548154,0.03488519853203931,0.0001523064174397959,True,-0.005406215096490419,-0.005406215096490419
20,120,20530,4,2006-03-20,2026-03-20,0.11281168260654661,0.14935120902082302,0.11511101366062593,0.0902925913202759,0.08537773007356231,0.004914861246713587,True,0.006447453631936995,0.007955735513000283,0.002608215249969792,0.0848296146925227,-0.0005481153810396044,False,-0.005462976627753191,-0.005462976627753191
