date,price
1989-07-12,0.001
1989-07-14,0.001
1989-07-25,0.001
1989-08-01,0.001
1989-08-04,0.001
1989-08-07,0.001
1989-08-17,0.002
1989-08-21,0.002
1989-08-22,0.002
1989-08-23,0.002
1989-08-30,0.002
1989-09-01,0.002
1989-09-08,0.002
1989-09-19,0.002
1989-09-20,0.002
1989-09-25,0.002
1989-09-27,0.002
1989-09-29,0.002
1989-10-02,0.002
1989-10-04,0.002
1989-10-05,0.003
1989-10-06,0.003
1989-10-10,0.003
1989-10-12,0.003
1989-10-13,0.003
1989-10-16,0.003
1989-10-17,0.003
1989-10-18,0.003
1989-10-19,0.003
1989-10-20,0.003
1989-10-23,0.003
1989-10-25,0.004
1989-10-26,0.004
1989-10-27,0.004
1989-10-30,0.003
1989-11-01,0.003
1989-11-06,0.003
1989-11-07,0.003
1989-11-08,0.003
1989-11-09,0.003
1989-11-10,0.003
1989-11-13,0.003
1989-11-14,0.003
1989-11-16,0.003
1989-11-20,0.003
1989-11-21,0.003
1989-11-24,0.003
1989-11-27,0.003
1989-11-29,0.003
1989-12-01,0.003
1989-12-05,0.003
1989-12-06,0.003
1989-12-07,0.003
1989-12-08,0.003
1989-12-11,0.003
1989-12-12,0.004
1989-12-13,0.004
1989-12-14,0.005
1989-12-18,0.005
1989-12-19,0.005
1989-12-21,0.005
1989-12-22,0.005
1989-12-26,0.006
1989-12-27,0.006
1989-12-28,0.006
1990-01-02,0.006
1990-01-03,0.007
1990-01-04,0.007
1990-01-05,0.008
1990-01-08,0.008
1990-01-09,0.009
1990-01-10,0.009
1990-01-11,0.009
1990-01-12,0.009
1990-01-15,0.009
1990-01-16,0.009
1990-01-17,0.009
1990-01-18,0.01
1990-01-19,0.01
1990-01-22,0.011
1990-01-24,0.01
1990-01-26,0.011
1990-01-29,0.01
1990-01-30,0.01
1990-01-31,0.01
1990-02-01,0.01
1990-02-02,0.011
1990-02-05,0.012
1990-02-06,0.012
1990-02-07,0.013
1990-02-08,0.014
1990-02-09,0.015
1990-02-12,0.016
1990-02-13,0.015
1990-02-14,0.015
1990-02-15,0.017
1990-02-16,0.017
1990-02-19,0.018
1990-02-20,0.018
1990-02-21,0.018
1990-02-22,0.017
1990-02-23,0.017
1990-03-01,0.017
1990-03-02,0.018
1990-03-05,0.02
1990-03-06,0.022
1990-03-07,0.02
1990-03-08,0.02
1990-03-09,0.019
1990-03-12,0.019
1990-03-13,0.019
1990-03-19,0.016
1990-03-20,0.013
1990-03-21,0.01
1990-03-22,0.009
1990-03-23,0.009
1990-03-26,0.009
1990-03-27,0.008
1990-03-28,0.007
1990-03-29,0.007
1990-03-30,0.007
1990-04-02,0.008
1990-04-03,0.009
1990-04-04,0.01
1990-04-05,0.011
1990-04-06,0.01
1990-04-09,0.009
1990-04-10,0.01
1990-04-11,0.011
1990-04-16,0.011
1990-04-17,0.014
1990-04-18,0.014
1990-04-19,0.015
1990-04-23,0.015
1990-04-24,0.015
1990-04-25,0.016
1990-04-26,0.017
1990-04-27,0.016
1990-04-30,0.016
1990-05-02,0.015
1990-05-03,0.017
1990-05-04,0.016
1990-05-07,0.015
1990-05-08,0.015
1990-05-10,0.015
1990-05-11,0.014
1990-05-14,0.014
1990-05-15,0.012
1990-05-16,0.013
1990-05-17,0.013
1990-05-21,0.014
1990-05-22,0.014
1990-05-23,0.015
1990-05-24,0.015
1990-05-25,0.015
1990-05-28,0.015
1990-05-30,0.015
1990-05-31,0.015
1990-06-01,0.015
1990-06-04,0.014
1990-06-05,0.014
1990-06-06,0.015
1990-06-07,0.015
1990-06-08,0.015
1990-06-11,0.015
1990-06-12,0.014
1990-06-13,0.014
1990-06-15,0.014
1990-06-18,0.014
1990-06-19,0.014
1990-06-20,0.015
1990-06-21,0.016
1990-06-22,0.016
1990-06-25,0.017
1990-06-26,0.018
1990-06-27,0.017
1990-06-28,0.017
1990-06-29,0.018
1990-07-02,0.019
1990-07-03,0.02
1990-07-04,0.02
1990-07-05,0.021
1990-07-06,0.02
1990-07-09,0.02
1990-07-10,0.021
1990-07-11,0.022
1990-07-12,0.023
1990-07-13,0.023
1990-07-16,0.024
1990-07-17,0.025
1990-07-18,0.025
1990-07-19,0.026
1990-07-20,0.027
1990-07-23,0.027
1990-07-24,0.028
1990-07-25,0.028
1990-07-26,0.027
1990-07-27,0.027
1990-07-30,0.027
1990-07-31,0.03
1990-08-01,0.03
1990-08-02,0.032
1990-08-03,0.03
1990-08-06,0.03
1990-08-07,0.029
1990-08-08,0.031
1990-08-09,0.029
1990-08-10,0.029
1990-08-13,0.028
1990-08-14,0.03
1990-08-15,0.029
1990-08-16,0.029
1990-08-17,0.028
1990-08-20,0.027
1990-08-21,0.027
1990-08-22,0.025
1990-08-23,0.025
1990-08-24,0.025
1990-08-27,0.028
1990-08-28,0.027
1990-08-29,0.027
1990-08-30,0.026
1990-08-31,0.025
1990-09-03,0.023
1990-09-04,0.023
1990-09-05,0.023
1990-09-06,0.022
1990-09-10,0.022
1990-09-11,0.022
1990-09-12,0.025
1990-09-13,0.025
1990-09-14,0.025
1990-09-17,0.023
1990-09-18,0.024
1990-09-20,0.025
1990-09-21,0.025
1990-09-24,0.024
1990-09-26,0.023
1990-09-27,0.022
1990-09-28,0.023
1990-10-01,0.024
1990-10-02,0.023
1990-10-04,0.023
1990-10-05,0.023
1990-10-09,0.022
1990-10-10,0.021
1990-10-11,0.021
1990-10-12,0.021
1990-10-16,0.021
1990-10-17,0.021
1990-10-18,0.02
1990-10-19,0.019
1990-10-22,0.019
1990-10-23,0.018
1990-10-24,0.019
1990-10-25,0.019
1990-10-26,0.019
1990-10-29,0.018
1990-10-31,0.018
1990-11-01,0.019
1990-11-05,0.018
1990-11-06,0.018
1990-11-07,0.02
1990-11-08,0.022
1990-11-09,0.022
1990-11-12,0.023
1990-11-13,0.024
1990-11-16,0.024
1990-11-19,0.024
1990-11-20,0.026
1990-11-21,0.026
1990-11-22,0.027
1990-11-23,0.026
1990-11-26,0.025
1990-11-27,0.026
1990-11-28,0.026
1990-11-29,0.026
1990-12-03,0.027
1990-12-04,0.026
1990-12-05,0.026
1990-12-06,0.026
1990-12-07,0.025
1990-12-10,0.025
1990-12-11,0.025
1990-12-12,0.024
1990-12-13,0.024
1990-12-14,0.024
1990-12-17,0.024
1990-12-18,0.023
1990-12-19,0.024
1990-12-20,0.025
1990-12-21,0.025
1990-12-26,0.024
1990-12-27,0.025
1990-12-28,0.025
1991-01-02,0.025
1991-01-03,0.028
1991-01-04,0.03
1991-01-07,0.03
1991-01-08,0.028
1991-01-09,0.03
1991-01-10,0.028
1991-01-11,0.028
1991-01-14,0.026
1991-01-15,0.028
1991-01-16,0.028
1991-01-17,0.032
1991-01-18,0.033
1991-01-21,0.035
1991-01-22,0.034
1991-01-23,0.034
1991-01-24,0.038
1991-01-28,0.04
1991-01-29,0.043
1991-01-30,0.046
1991-01-31,0.048
1991-02-04,0.064
1991-02-05,0.062
1991-02-06,0.062
1991-02-07,0.06
1991-02-08,0.054
1991-02-14,0.059
1991-02-15,0.062
1991-02-18,0.063
1991-02-19,0.062
1991-02-20,0.059
1991-02-21,0.058
1991-02-22,0.063
1991-02-25,0.06
1991-02-26,0.062
1991-02-27,0.067
1991-02-28,0.073
1991-03-01,0.07
1991-03-04,0.07
1991-03-05,0.073
1991-03-06,0.069
1991-03-07,0.07
1991-03-08,0.065
1991-03-11,0.062
1991-03-12,0.064
1991-03-13,0.064
1991-03-14,0.06
1991-03-15,0.06
1991-03-18,0.059
1991-03-19,0.063
1991-03-20,0.06
1991-03-21,0.061
1991-03-22,0.06
1991-03-25,0.06
1991-03-26,0.063
1991-03-27,0.064
1991-04-01,0.067
1991-04-02,0.068
1991-04-03,0.071
1991-04-04,0.069
1991-04-05,0.071
1991-04-08,0.07
1991-04-09,0.068
1991-04-10,0.067
1991-04-11,0.064
1991-04-12,0.067
1991-04-15,0.065
1991-04-16,0.069
1991-04-17,0.07
1991-04-18,0.069
1991-04-19,0.069
1991-04-22,0.07
1991-04-23,0.069
1991-04-24,0.072
1991-04-25,0.071
1991-04-26,0.07
1991-04-29,0.068
1991-04-30,0.067
1991-05-02,0.067
1991-05-03,0.068
1991-05-06,0.066
1991-05-07,0.068
1991-05-08,0.07
1991-05-09,0.074
1991-05-10,0.073
1991-05-13,0.071
1991-05-14,0.074
1991-05-15,0.074
1991-05-16,0.08
1991-05-17,0.081
1991-05-20,0.081
1991-05-21,0.084
1991-05-22,0.086
1991-05-23,0.088
1991-05-24,0.091
1991-05-27,0.097
1991-05-28,0.095
1991-05-29,0.104
1991-05-31,0.112
1991-06-03,0.113
1991-06-04,0.115
1991-06-05,0.112
1991-06-06,0.107
1991-06-07,0.115
1991-06-11,0.123
1991-06-12,0.123
1991-06-13,0.122
1991-06-14,0.126
1991-06-17,0.122
1991-06-18,0.12
1991-06-19,0.129
1991-06-20,0.135
1991-06-21,0.14
1991-06-24,0.136
1991-06-25,0.142
1991-06-26,0.141
1991-06-27,0.141
1991-06-28,0.135
1991-07-01,0.129
1991-07-02,0.131
1991-07-03,0.133
1991-07-04,0.133
1991-07-05,0.13
1991-07-08,0.136
1991-07-09,0.134
1991-07-10,0.139
1991-07-11,0.143
1991-07-12,0.144
1991-07-15,0.137
1991-07-16,0.142
1991-07-17,0.142
1991-07-18,0.142
1991-07-19,0.152
1991-07-22,0.158
1991-07-24,0.157
1991-07-25,0.168
1991-07-26,0.166
1991-07-29,0.165
1991-07-30,0.173
1991-07-31,0.18
1991-08-01,0.193
1991-08-02,0.191
1991-08-05,0.191
1991-08-06,0.194
1991-08-07,0.174
1991-08-08,0.168
1991-08-09,0.173
1991-08-12,0.168
1991-08-13,0.162
1991-08-14,0.17
1991-08-15,0.184
1991-08-16,0.189
1991-08-19,0.176
1991-08-20,0.189
1991-08-21,0.203
1991-08-22,0.2
1991-08-23,0.205
1991-08-26,0.205
1991-08-27,0.219
1991-08-28,0.21
1991-08-29,0.205
1991-08-30,0.209
1991-09-02,0.213
1991-09-03,0.212
1991-09-04,0.214
1991-09-05,0.219
1991-09-06,0.235
1991-09-09,0.247
1991-09-10,0.248
1991-09-11,0.259
1991-09-12,0.274
1991-09-13,0.27
1991-09-16,0.261
1991-09-17,0.266
1991-09-18,0.266
1991-09-19,0.273
1991-09-20,0.272
1991-09-23,0.267
1991-09-24,0.252
1991-09-25,0.258
1991-09-26,0.239
1991-09-27,0.241
1991-09-30,0.245
1991-10-01,0.27
1991-10-02,0.25
1991-10-03,0.253
1991-10-04,0.269
1991-10-07,0.271
1991-10-08,0.267
1991-10-09,0.258
1991-10-10,0.241
1991-10-11,0.263
1991-10-14,0.254
1991-10-15,0.279
1991-10-16,0.275
1991-10-17,0.291
1991-10-18,0.284
1991-10-21,0.285
1991-10-22,0.3
1991-10-23,0.326
1991-10-24,0.334
1991-10-25,0.315
1991-10-28,0.291
1991-10-29,0.312
1991-10-30,0.309
1991-10-31,0.321
1991-11-01,0.312
1991-11-04,0.301
1991-11-05,0.3
1991-11-06,0.301
1991-11-07,0.311
1991-11-08,0.313
1991-11-11,0.32
1991-11-12,0.338
1991-11-13,0.338
1991-11-14,0.35
1991-11-18,0.338
1991-11-19,0.33
1991-11-20,0.323
1991-11-21,0.309
1991-11-22,0.306
1991-11-25,0.313
1991-11-26,0.302
1991-11-27,0.31
1991-11-28,0.324
1991-11-29,0.323
1991-12-02,0.312
1991-12-03,0.331
1991-12-04,0.358
1991-12-05,0.367
1991-12-06,0.376
1991-12-09,0.406
1991-12-10,0.402
1991-12-11,0.392
1991-12-12,0.436
1991-12-13,0.435
1991-12-16,0.434
1991-12-17,0.469
1991-12-18,0.47
1991-12-19,0.487
1991-12-20,0.513
1991-12-23,0.536
1991-12-26,0.527
1991-12-27,0.575
1991-12-30,0.608
1992-01-02,0.676
1992-01-03,0.709
1992-01-06,0.794
1992-01-07,0.753
1992-01-08,0.708
1992-01-09,0.73
1992-01-10,0.79
1992-01-13,0.825
1992-01-14,0.813
1992-01-15,0.761
1992-01-16,0.832
1992-01-17,0.818
1992-01-20,0.899
1992-01-21,0.904
1992-01-22,0.92
1992-01-23,1.008
1992-01-24,1.074
1992-01-27,1.143
1992-01-28,1.213
1992-01-29,1.184
1992-01-30,1.099
1992-01-31,1.121
1992-02-03,1.05
1992-02-04,1.074
1992-02-05,1.013
1992-02-06,0.979
1992-02-07,1.074
1992-02-10,1.054
1992-02-11,1.12
1992-02-12,1.116
1992-02-13,1.043
1992-02-14,1.091
1992-02-17,1.077
1992-02-18,1.154
1992-02-19,1.258
1992-02-20,1.315
1992-02-21,1.382
1992-02-24,1.364
1992-02-25,1.377
1992-02-26,1.366
1992-02-27,1.417
1992-02-28,1.45
1992-03-05,1.518
1992-03-06,1.534
1992-03-09,1.474
1992-03-10,1.461
1992-03-11,1.513
1992-03-12,1.542
1992-03-13,1.551
1992-03-16,1.587
1992-03-17,1.567
1992-03-18,1.587
1992-03-19,1.581
1992-03-20,1.657
1992-03-23,1.637
1992-03-24,1.637
1992-03-25,1.536
1992-03-26,1.543
1992-03-27,1.597
1992-03-30,1.64
1992-03-31,1.731
1992-04-01,1.8
1992-04-02,1.801
1992-04-03,1.875
1992-04-06,2.023
1992-04-07,2.102
1992-04-08,2.068
1992-04-09,2.016
1992-04-10,2.126
1992-04-13,2.203
1992-04-14,2.24
1992-04-15,2.368
1992-04-20,2.382
1992-04-22,2.472
1992-04-23,2.365
1992-04-24,2.281
1992-04-27,2.213
1992-04-28,2.347
1992-04-29,2.224
1992-04-30,2.257
1992-05-01,2.208
1992-05-04,2.23
1992-05-05,2.298
1992-05-06,2.374
1992-05-07,2.414
1992-05-08,2.513
1992-05-11,2.62
1992-05-12,2.684
1992-05-13,2.673
1992-05-14,2.678
1992-05-15,2.729
1992-05-18,2.604
1992-05-19,2.696
1992-05-20,2.718
1992-05-21,2.591
1992-05-22,2.552
1992-05-25,2.363
1992-05-26,2.362
1992-05-27,2.539
1992-05-28,2.495
1992-05-29,2.591
1992-06-01,2.749
1992-06-02,2.732
1992-06-03,2.71
1992-06-04,2.625
1992-06-05,2.567
1992-06-08,2.472
1992-06-09,2.533
1992-06-10,2.543
1992-06-11,2.65
1992-06-12,2.509
1992-06-15,2.362
1992-06-16,2.187
1992-06-17,1.993
1992-06-19,2.205
1992-06-22,2.057
1992-06-23,2.056
1992-06-24,1.978
1992-06-25,2.1
1992-06-26,2.216
1992-06-29,1.888
1992-06-30,2.007
1992-07-01,2.022
1992-07-02,2.163
1992-07-03,2.028
1992-07-06,2.138
1992-07-07,2.261
1992-07-08,2.408
1992-07-09,2.379
1992-07-10,2.597
1992-07-13,2.78
1992-07-14,2.964
1992-07-15,2.928
1992-07-16,3.046
1992-07-17,2.91
1992-07-20,2.711
1992-07-21,2.603
1992-07-22,2.465
1992-07-23,2.523
1992-07-24,2.675
1992-07-27,3.765
1992-07-28,3.84
1992-07-29,3.577
1992-07-30,2.677
1992-07-31,3.68
1992-08-03,2.484
1992-08-04,2.52
1992-08-05,2.503
1992-08-06,2.666
1992-08-07,2.869
1992-08-10,2.908
1992-08-11,3.028
1992-08-12,3.957
1992-08-13,2.761
1992-08-14,2.764
1992-08-17,2.744
1992-08-18,2.739
1992-08-19,2.921
1992-08-20,2.805
1992-08-21,2.747
1992-08-24,2.821
1992-08-25,2.967
1992-08-26,3.137
1992-08-27,3.324
1992-08-28,3.502
1992-08-31,3.267
1992-09-01,3.427
1992-09-02,3.282
1992-09-03,3.078
1992-09-04,3.143
1992-09-08,3.379
1992-09-09,3.407
1992-09-10,3.406
1992-09-11,3.438
1992-09-14,3.576
1992-09-15,3.501
1992-09-16,3.577
1992-09-17,3.606
1992-09-18,3.601
1992-09-21,3.788
1992-09-22,3.773
1992-09-23,3.751
1992-09-24,4.201
1992-09-25,4.377
1992-09-28,4.207
1992-09-29,4.531
1992-09-30,4.449
1992-10-01,4.663
1992-10-02,4.292
1992-10-05,4.072
1992-10-06,3.6
1992-10-07,3.829
1992-10-08,3.876
1992-10-09,3.976
1992-10-13,3.822
1992-10-14,3.844
1992-10-15,3.688
1992-10-16,3.691
1992-10-19,3.964
1992-10-20,3.838
1992-10-21,3.794
1992-10-22,3.919
1992-10-23,4.226
1992-10-26,4.454
1992-10-27,4.326
1992-10-28,4.345
1992-10-29,4.507
1992-10-30,4.617
1992-11-03,4.451
1992-11-04,4.463
1992-11-05,4.313
1992-11-06,4.304
1992-11-09,4.02
1992-11-10,4.096
1992-11-11,4.133
1992-11-12,4.141
1992-11-13,3.896
1992-11-16,3.818
1992-11-17,4.075
1992-11-18,4.017
1992-11-19,3.868
1992-11-20,4.061
1992-11-23,4.028
1992-11-24,4.182
1992-11-25,4.46
1992-11-26,4.523
1992-11-27,4.503
1992-11-30,4.564
1992-12-01,4.77
1992-12-02,4.632
1992-12-03,4.461
1992-12-04,4.579
1992-12-07,4.772
1992-12-08,4.662
1992-12-09,4.675
1992-12-10,4.801
1992-12-11,4.938
1992-12-14,5.217
1992-12-15,4.991
1992-12-16,5.009
1992-12-17,5.086
1992-12-21,5.171
1992-12-22,5.253
1992-12-23,5.956
1992-12-28,6.735
1992-12-29,6.635
1992-12-30,6.78
1993-01-04,7.147
1993-01-05,7.724
1993-01-06,7.558
1993-01-07,7.978
1993-01-08,8.438
1993-01-11,8.607
1993-01-12,8.788
1993-01-13,8.325
1993-01-14,8.868
1993-01-15,8.9
1993-01-18,8.783
1993-01-19,8.607
1993-01-20,8.595
1993-01-21,8.586
1993-01-22,9.387
1993-01-25,9.387
1993-01-26,9.417
1993-01-27,9.445
1993-01-28,9.336
1993-01-29,9.286
1993-02-01,8.831
1993-02-02,9.028
1993-02-03,9.135
1993-02-04,9.616
1993-02-05,9.573
1993-02-08,9.872
1993-02-09,10.299
1993-02-10,10.465
1993-02-11,11.075
1993-02-12,10.611
1993-02-15,11.357
1993-02-16,11.406
1993-02-17,12.084
1993-02-18,12.328
1993-02-19,13.463
1993-02-25,14.289
1993-02-26,14.044
1993-03-01,13.268
1993-03-02,13.119
1993-03-03,13.814
1993-03-04,14.392
1993-03-05,13.851
1993-03-08,14.974
1993-03-09,15.449
1993-03-10,15.019
1993-03-11,15.118
1993-03-12,15.642
1993-03-15,16.688
1993-03-16,17.405
1993-03-17,17.108
1993-03-18,18.224
1993-03-19,18.324
1993-03-22,18.666
1993-03-23,18.309
1993-03-24,18.848
1993-03-25,18.074
1993-03-26,18.112
1993-03-29,18.789
1993-03-30,18.787
1993-03-31,19.176
1993-04-01,18.948
1993-04-02,19.131
1993-04-05,18.284
1993-04-06,18.029
1993-04-07,18.723
1993-04-12,19.155
1993-04-13,19.747
1993-04-14,21.555
1993-04-15,21.241
1993-04-16,21.582
1993-04-19,21.847
1993-04-20,23.291
1993-04-22,23.591
1993-04-23,23.339
1993-04-26,24.821
1993-04-27,24.548
1993-04-28,24.311
1993-04-29,23.67
1993-04-30,24.084
1993-05-03,24.055
1993-05-04,24.922
1993-05-05,24.615
1993-05-06,25.553
1993-05-07,25.848
1993-05-10,25.242
1993-05-11,26.284
1993-05-12,26.689
1993-05-13,27.414
1993-05-14,27.849
1993-05-17,29.269
1993-05-18,29.482
1993-05-19,29.876
1993-05-20,32.011
1993-05-21,33.169
1993-05-24,33.751
1993-05-25,34.436
1993-05-26,35.004
1993-05-27,34.574
1993-05-28,34.893
1993-05-31,35.406
1993-06-01,37.174
1993-06-02,39.252
1993-06-03,40.765
1993-06-04,41.171
1993-06-07,42.195
1993-06-08,42.202
1993-06-09,41.462
1993-06-11,44.852
1993-06-14,45.163
1993-06-15,45.894
1993-06-16,49.373
1993-06-17,47.068
1993-06-18,47.379
1993-06-21,47.931
1993-06-22,49.475
1993-06-23,48.133
1993-06-24,48.73
1993-06-25,52.232
1993-06-28,53.572
1993-06-29,52.863
1993-06-30,53.745
1993-07-01,52.265
1993-07-02,52.329
1993-07-05,54.86
1993-07-06,56.103
1993-07-07,57.546
1993-07-08,57.102
1993-07-09,58.767
1993-07-12,59.716
1993-07-13,60.421
1993-07-14,58.024
1993-07-15,57.104
1993-07-16,58.27
1993-07-19,59.18
1993-07-20,62.337
1993-07-21,62.273
1993-07-22,61.742
1993-07-23,63.49
1993-07-26,62.496
1993-07-27,62.04
1993-07-28,63.789
1993-07-29,65.494
1993-07-30,65.575
1993-08-02,62.677
1993-08-03,62.564
1993-08-04,61.821
1993-08-05,62.709
1993-08-06,64.214
1993-08-09,64.295
1993-08-10,67.5
1993-08-11,69.944
1993-08-12,73.744
1993-08-13,72.741
1993-08-16,77.278
1993-08-17,80.236
1993-08-18,79.534
1993-08-19,85.132
1993-08-20,88.266
1993-08-23,89.938
1993-08-24,90.561
1993-08-25,91.529
1993-08-26,97.3
1993-08-27,97.3
1993-08-30,99.84
1993-08-31,96.43
1993-09-01,102.61
1993-09-02,109.94
1993-09-03,111.78
1993-09-06,116.18
1993-09-08,117.54
1993-09-09,118.24
1993-09-10,123.06
1993-09-13,123.22
1993-09-14,120.27
1993-09-15,124.01
1993-09-16,127.76
1993-09-17,138.91
1993-09-20,138.05
1993-09-21,134.74
1993-09-22,136.15
1993-09-23,143.04
1993-09-24,142.69
1993-09-27,139.06
1993-09-28,143.79
1993-09-29,147.42
1993-09-30,146.61
1993-10-01,148.3
1993-10-04,147.23
1993-10-05,153.45
1993-10-06,159.06
1993-10-07,169.77
1993-10-08,172.91
1993-10-11,180.65
1993-10-13,184.64
1993-10-14,186.96
1993-10-15,189.37
1993-10-18,171.36
1993-10-19,176.65
1993-10-20,166.03
1993-10-21,152.92
1993-10-22,166.85
1993-10-25,156.07
1993-10-26,164.39
1993-10-27,179.82
1993-10-28,177.5
1993-10-29,184.36
1993-11-01,203.56
1993-11-03,201.45
1993-11-04,198.09
1993-11-05,201.3
1993-11-08,212.9
1993-11-09,213.44
1993-11-10,228.29
1993-11-11,232.77
1993-11-12,235.89
1993-11-16,239.33
1993-11-17,250.49
1993-11-18,251.3
1993-11-19,249.8
1993-11-22,247.39
1993-11-23,258.39
1993-11-24,270.13
1993-11-25,276.37
1993-11-26,282.19
1993-11-29,276.45
1993-11-30,274.03
1993-12-01,266.98
1993-12-02,271.44
1993-12-03,288.86
1993-12-06,296.15
1993-12-07,292.96
1993-12-08,291.16
1993-12-09,284.69
1993-12-10,290.56
1993-12-13,294.32
1993-12-14,304.85
1993-12-15,301.17
1993-12-16,304.3
1993-12-17,309.42
1993-12-20,309.99
1993-12-21,329.73
1993-12-22,343.37
1993-12-23,349.18
1993-12-27,359.29
1993-12-28,360.44
1993-12-29,373.6
1993-12-30,375.45
1994-01-03,380.09
1994-01-04,400.54
1994-01-05,421.04
1994-01-06,444.17
1994-01-07,476.39
1994-01-10,495.39
1994-01-11,501.41
1994-01-12,536.43
1994-01-13,561.65
1994-01-14,551.06
1994-01-17,598.05
1994-01-18,605.71
1994-01-19,642.02
1994-01-20,689.67
1994-01-21,689.17
1994-01-24,689.56
1994-01-26,704.93
1994-01-27,684.49
1994-01-28,689.21
1994-01-31,740.55
1994-02-01,826.86
1994-02-02,823.05
1994-02-03,798.35
1994-02-04,821.28
1994-02-07,848.72
1994-02-08,887.98
1994-02-09,904.66
1994-02-10,1000.9
1994-02-11,1035.4
1994-02-17,1040.9
1994-02-18,944.9
1994-02-21,928.6
1994-02-22,1053.7
1994-02-23,1063.0
1994-02-24,998.0
1994-02-25,1008.3
1994-02-28,1053.9
1994-03-01,1073.3
1994-03-02,1021.5
1994-03-03,1045.8
1994-03-04,1114.0
1994-03-07,1193.9
1994-03-08,1204.5
1994-03-09,1260.2
1994-03-10,1266.9
1994-03-11,1268.7
1994-03-14,1329.7
1994-03-15,1350.9
1994-03-16,1408.4
1994-03-17,1393.8
1994-03-18,1331.8
1994-03-21,1270.8
1994-03-22,1353.5
1994-03-23,1415.7
1994-03-24,1376.6
1994-03-25,1459.1
1994-03-28,1469.3
1994-03-29,1440.8
1994-03-30,1515.6
1994-04-04,1355.0
1994-04-05,1428.0
1994-04-06,1435.5
1994-04-07,1474.9
1994-04-08,1537.4
1994-04-11,1659.6
1994-04-12,1648.9
1994-04-13,1552.7
1994-04-14,1506.2
1994-04-15,1443.4
1994-04-18,1401.1
1994-04-19,1345.6
1994-04-20,1283.8
1994-04-22,1420.3
1994-04-25,1551.6
1994-04-26,1583.9
1994-04-27,1605.2
1994-04-28,1672.7
1994-04-29,1708.4
1994-05-02,1725.7
1994-05-03,1648.4
1994-05-04,1573.8
1994-05-05,1447.9
1994-05-06,1510.3
1994-05-09,1421.8
1994-05-10,1548.0
1994-05-11,1546.1
1994-05-12,1637.8
1994-05-13,1585.9
1994-05-16,1562.6
1994-05-17,1648.4
1994-05-18,1790.9
1994-05-19,2008.5
1994-05-20,2031.7
1994-05-23,2096.3
1994-05-24,2127.8
1994-05-25,2301.8
1994-05-26,2342.1
1994-05-27,2349.5
1994-05-30,2428.4
1994-05-31,2467.2
1994-06-01,2526.5
1994-06-03,2696.0
1994-06-06,2908.7
1994-06-07,2920.5
1994-06-08,2821.8
1994-06-09,2932.4
1994-06-10,3020.4
1994-06-13,2946.9
1994-06-14,3017.3
1994-06-15,3069.8
1994-06-16,3033.9
1994-06-17,3237.6
1994-06-20,3237.9
1994-06-21,3127.6
1994-06-22,3198.6
1994-06-23,3140.0
1994-06-24,3109.6
1994-06-27,3372.1
1994-06-28,3563.6
1994-06-29,3828.4
1994-06-30,3623.2
1994-07-04,3580.9
1994-07-05,3564.3
1994-07-06,3753.5
1994-07-07,3905.0
1994-07-08,4051.9
1994-07-11,4010.9
1994-07-12,3919.8
1994-07-13,3840.9
1994-07-14,4016.5
1994-07-15,4079.9
1994-07-18,4045.3
1994-07-19,3874.7
1994-07-20,4038.6
1994-07-21,4018.5
1994-07-22,3986.6
1994-07-25,3993.9
1994-07-26,4077.2
1994-07-27,4150.1
1994-07-28,4255.4
1994-07-29,4201.3
1994-08-01,4152.0
1994-08-02,4310.8
1994-08-03,4392.2
1994-08-04,4355.0
1994-08-05,4469.5
1994-08-08,4580.9
1994-08-09,4558.3
1994-08-10,4513.2
1994-08-11,4463.8
1994-08-12,4547.1
1994-08-15,4651.0
1994-08-16,4744.1
1994-08-17,4968.9
1994-08-18,5026.6
1994-08-19,5138.3
1994-08-22,5385.8
1994-08-23,5304.0
1994-08-24,5207.7
1994-08-25,5354.6
1994-08-26,5214.3
1994-08-29,5323.1
1994-08-30,5379.7
1994-08-31,5329.5
1994-09-01,5436.9
1994-09-02,5367.5
1994-09-05,4804.0
1994-09-06,4988.7
1994-09-08,5272.1
1994-09-09,5351.1
1994-09-12,5510.9
1994-09-13,5511.0
1994-09-14,5476.4
1994-09-15,5287.5
1994-09-16,5293.7
1994-09-19,5291.8
1994-09-20,5177.4
1994-09-21,5305.9
1994-09-22,5395.2
1994-09-23,5453.2
1994-09-26,5265.1
1994-09-27,5217.5
1994-09-28,5277.1
1994-09-29,5442.6
1994-09-30,5484.0
1994-10-04,5335.1
1994-10-05,5166.9
1994-10-06,4979.4
1994-10-07,4876.7
1994-10-10,5032.1
1994-10-11,4926.0
1994-10-13,4944.6
1994-10-14,4833.8
1994-10-17,4784.4
1994-10-18,4909.6
1994-10-19,4758.7
1994-10-20,4724.5
1994-10-21,4561.9
1994-10-24,4344.1
1994-10-25,4543.4
1994-10-26,4663.7
1994-10-27,4706.7
1994-10-28,4927.6
1994-10-31,4797.9
1994-11-01,4700.9
1994-11-03,4508.0
1994-11-04,4666.7
1994-11-07,4808.8
1994-11-08,4782.1
1994-11-09,4885.0
1994-11-10,4992.6
1994-11-11,4952.0
1994-11-14,4948.7
1994-11-16,4989.6
1994-11-17,4873.7
1994-11-18,4712.5
1994-11-21,4483.5
1994-11-22,4494.8
1994-11-23,4393.0
1994-11-24,4573.4
1994-11-25,4398.7
1994-11-28,4398.8
1994-11-29,4672.0
1994-11-30,4656.0
1994-12-01,4652.3
1994-12-02,4525.4
1994-12-05,4631.4
1994-12-06,4573.0
1994-12-07,4597.2
1994-12-08,4768.7
1994-12-09,4731.3
1994-12-12,4813.2
1994-12-13,4835.2
1994-12-14,4976.9
1994-12-15,4842.7
1994-12-16,4917.7
1994-12-19,4922.9
1994-12-20,4799.1
1994-12-21,4495.2
1994-12-22,4221.2
1994-12-23,4351.4
1994-12-26,4278.3
1994-12-27,4113.7
1994-12-28,4195.3
1994-12-29,4353.9
1995-01-02,4301.0
1995-01-03,4098.0
1995-01-04,3967.9
1995-01-05,4036.7
1995-01-06,3827.4
1995-01-09,3627.8
1995-01-10,3270.0
1995-01-11,3499.1
1995-01-12,3840.6
1995-01-13,4103.8
1995-01-16,4056.4
1995-01-17,4209.8
1995-01-18,4078.5
1995-01-19,3809.4
1995-01-20,3862.3
1995-01-23,3758.5
1995-01-24,3840.3
1995-01-26,3926.9
1995-01-27,3784.3
1995-01-30,3580.7
1995-01-31,3885.0
1995-02-01,3989.8
1995-02-02,3897.9
1995-02-03,3944.4
1995-02-06,3829.8
1995-02-07,3637.4
1995-02-08,3556.3
1995-02-09,3401.6
1995-02-10,3307.7
1995-02-13,3294.9
1995-02-14,3192.2
1995-02-15,3069.4
1995-02-16,2863.8
1995-02-17,3023.3
1995-02-20,2961.6
1995-02-21,2793.1
1995-02-22,2872.4
1995-02-23,3217.4
1995-02-24,3270.9
1995-03-02,2989.1
1995-03-03,2988.0
1995-03-06,2867.2
1995-03-07,2615.7
1995-03-08,2363.3
1995-03-09,2138.3
1995-03-10,2686.2
1995-03-13,2670.9
1995-03-14,3016.9
1995-03-15,2939.4
1995-03-16,3141.7
1995-03-17,2981.1
1995-03-20,2870.1
1995-03-21,3006.1
1995-03-22,3003.9
1995-03-23,3145.6
1995-03-24,3361.2
1995-03-27,3372.3
1995-03-28,3255.8
1995-03-29,3198.2
1995-03-30,3125.5
1995-03-31,2979.0
1995-04-03,2893.5
1995-04-04,3125.1
1995-04-05,3180.3
1995-04-06,3254.6
1995-04-07,3203.0
1995-04-10,3114.1
1995-04-11,3017.8
1995-04-12,3020.8
1995-04-17,3113.1
1995-04-18,3193.9
1995-04-19,3330.7
1995-04-20,3384.3
1995-04-24,3512.9
1995-04-25,3699.1
1995-04-26,3825.9
1995-04-27,3851.1
1995-04-28,3813.7
1995-05-02,3861.5
1995-05-03,3976.0
1995-05-04,4043.9
1995-05-05,4008.2
1995-05-08,3914.2
1995-05-09,4065.4
1995-05-10,4050.4
1995-05-11,3951.1
1995-05-12,3998.3
1995-05-15,3894.0
1995-05-16,3835.1
1995-05-17,3964.4
1995-05-18,4008.1
1995-05-19,3950.0
1995-05-22,4033.7
1995-05-23,4048.7
1995-05-24,4099.6
1995-05-25,4019.0
1995-05-26,3905.0
1995-05-29,3896.3
1995-05-30,3706.8
1995-05-31,3720.6
1995-06-01,3773.6
1995-06-02,3966.5
1995-06-05,4062.8
1995-06-06,3933.3
1995-06-07,3808.2
1995-06-08,3818.5
1995-06-09,3670.7
1995-06-12,3704.8
1995-06-13,3789.3
1995-06-14,3665.0
1995-06-16,3717.9
1995-06-19,3696.1
1995-06-20,3576.9
1995-06-21,3631.6
1995-06-22,3598.8
1995-06-23,3585.6
1995-06-26,3537.0
1995-06-27,3661.3
1995-06-28,3661.3
1995-06-29,3678.0
1995-06-30,3603.4
1995-07-03,3594.4
1995-07-04,3633.6
1995-07-05,3700.3
1995-07-06,3821.0
1995-07-07,3961.7
1995-07-10,3958.4
1995-07-11,3889.2
1995-07-12,4026.5
1995-07-13,4007.5
1995-07-14,4026.8
1995-07-17,4016.1
1995-07-18,3919.2
1995-07-19,3829.4
1995-07-20,3939.0
1995-07-21,3862.4
1995-07-24,3899.7
1995-07-25,3917.9
1995-07-26,3878.8
1995-07-27,3912.9
1995-07-28,3888.4
1995-07-31,3877.5
1995-08-01,3870.8
1995-08-02,3918.5
1995-08-03,4025.5
1995-08-04,4200.4
1995-08-07,4393.9
1995-08-08,4310.8
1995-08-09,4279.8
1995-08-10,4337.0
1995-08-11,4193.0
1995-08-14,4081.2
1995-08-15,4156.4
1995-08-16,4223.3
1995-08-17,4229.2
1995-08-18,4235.4
1995-08-21,4299.0
1995-08-22,4305.6
1995-08-23,4471.2
1995-08-24,4445.0
1995-08-25,4459.2
1995-08-28,4515.0
1995-08-29,4367.8
1995-08-30,4236.1
1995-08-31,4310.5
1995-09-01,4450.0
1995-09-04,4520.2
1995-09-05,4563.1
1995-09-06,4550.0
1995-09-08,4531.6
1995-09-11,4638.6
1995-09-12,4703.7
1995-09-13,4737.4
1995-09-14,4810.5
1995-09-15,4801.8
1995-09-18,4851.4
1995-09-19,4861.2
1995-09-20,4776.6
1995-09-21,4693.6
1995-09-22,4673.8
1995-09-25,4579.1
1995-09-26,4544.0
1995-09-27,4548.0
1995-09-28,4566.7
1995-09-29,4670.1
1995-10-02,4538.0
1995-10-03,4504.2
1995-10-04,4426.3
1995-10-05,4498.7
1995-10-06,4514.6
1995-10-09,4456.7
1995-10-10,4409.5
1995-10-11,4500.7
1995-10-13,4513.6
1995-10-16,4549.6
1995-10-17,4621.0
1995-10-18,4601.7
1995-10-19,4585.0
1995-10-20,4668.8
1995-10-23,4563.9
1995-10-24,4528.2
1995-10-25,4343.8
1995-10-26,4060.3
1995-10-27,4140.6
1995-10-30,4069.1
1995-10-31,4128.4
1995-11-01,4099.8
1995-11-03,4158.8
1995-11-06,4094.3
1995-11-07,4111.2
1995-11-08,4117.1
1995-11-09,4112.9
1995-11-10,3958.0
1995-11-13,3787.0
1995-11-14,3797.3
1995-11-15,3797.3
1995-11-16,4003.6
1995-11-17,4063.6
1995-11-20,3966.1
1995-11-21,4059.5
1995-11-22,4105.8
1995-11-23,4191.0
1995-11-24,4081.6
1995-11-27,4105.2
1995-11-28,4049.8
1995-11-29,4182.5
1995-11-30,4378.6
1995-12-01,4346.0
1995-12-04,4334.2
1995-12-05,4281.1
1995-12-06,4303.6
1995-12-07,4318.8
1995-12-08,4299.3
1995-12-11,4306.3
1995-12-12,4365.6
1995-12-13,4369.8
1995-12-14,4183.3
1995-12-15,4158.7
1995-12-18,4056.0
1995-12-19,4035.0
1995-12-20,4205.7
1995-12-21,4252.0
1995-12-22,4343.2
1995-12-26,4364.0
1995-12-27,4346.3
1995-12-28,4299.0
1996-01-02,4390.1
1996-01-03,4681.5
1996-01-04,4684.1
1996-01-05,4694.3
1996-01-08,4741.0
1996-01-09,4653.9
1996-01-10,4622.2
1996-01-11,4748.7
1996-01-12,4846.6
1996-01-15,4895.4
1996-01-16,4846.8
1996-01-17,4836.2
1996-01-18,4833.9
1996-01-19,4909.0
1996-01-22,4893.8
1996-01-23,4985.2
1996-01-24,4945.2
1996-01-26,4907.7
1996-01-29,4934.8
1996-01-30,5133.5
1996-01-31,5151.5
1996-02-01,5269.4
1996-02-02,5410.9
1996-02-05,5332.9
1996-02-06,5354.1
1996-02-07,5283.0
1996-02-08,5322.6
1996-02-09,5305.4
1996-02-12,5339.0
1996-02-13,5385.6
1996-02-14,5330.8
1996-02-15,5273.7
1996-02-16,5173.0
1996-02-22,5237.7
1996-02-23,5267.4
1996-02-26,5245.2
1996-02-27,5193.0
1996-02-28,5199.3
1996-02-29,4957.7
1996-03-01,5083.4
1996-03-04,5152.7
1996-03-05,5198.0
1996-03-06,4975.3
1996-03-07,4756.0
1996-03-08,4721.9
1996-03-11,4771.8
1996-03-12,4739.4
1996-03-13,4805.6
1996-03-14,4841.3
1996-03-15,4852.5
1996-03-18,4887.0
1996-03-19,4851.5
1996-03-20,4868.4
1996-03-21,4979.7
1996-03-22,5051.2
1996-03-25,5031.6
1996-03-26,4981.7
1996-03-27,5039.6
1996-03-28,4980.5
1996-03-29,4954.9
1996-04-01,5009.3
1996-04-02,4985.6
1996-04-03,4977.6
1996-04-08,4853.7
1996-04-09,4866.5
1996-04-10,4889.6
1996-04-11,4885.2
1996-04-12,5015.6
1996-04-15,5022.4
1996-04-16,4989.3
1996-04-17,5003.9
1996-04-18,5002.0
1996-04-19,5075.6
1996-04-22,5079.7
1996-04-23,5061.9
1996-04-24,5047.0
1996-04-25,5121.9
1996-04-26,5142.6
1996-04-29,5149.3
1996-04-30,5164.1
1996-05-02,5146.0
1996-05-03,5101.5
1996-05-06,5153.0
1996-05-07,5284.2
1996-05-08,5360.5
1996-05-09,5388.5
1996-05-10,5345.5
1996-05-13,5480.2
1996-05-14,5428.1
1996-05-15,5442.5
1996-05-16,5475.6
1996-05-17,5560.4
1996-05-20,5655.7
1996-05-21,5602.0
1996-05-22,5681.5
1996-05-23,5530.9
1996-05-24,5600.7
1996-05-27,5628.0
1996-05-28,5710.8
1996-05-29,5625.7
1996-05-30,5687.8
1996-05-31,5728.0
1996-06-03,5635.1
1996-06-04,5599.4
1996-06-05,5567.9
1996-06-07,5530.2
1996-06-10,5457.2
1996-06-11,5413.4
1996-06-12,5532.5
1996-06-13,5503.8
1996-06-14,5634.9
1996-06-17,5804.9
1996-06-18,5834.6
1996-06-19,5817.1
1996-06-20,5823.0
1996-06-21,6053.1
1996-06-24,6201.8
1996-06-25,6082.4
1996-06-26,6227.2
1996-06-27,6227.2
1996-06-28,6043.9
1996-07-01,6156.2
1996-07-02,6245.5
1996-07-03,6355.9
1996-07-04,6432.1
1996-07-05,6286.5
1996-07-08,6338.8
1996-07-09,6488.0
1996-07-10,6444.7
1996-07-11,6508.5
1996-07-12,6652.2
1996-07-15,6432.9
1996-07-16,6293.4
1996-07-17,6214.7
1996-07-18,6188.8
1996-07-19,6411.7
1996-07-22,6299.1
1996-07-23,6222.6
1996-07-24,6051.0
1996-07-25,6096.3
1996-07-26,5968.5
1996-07-29,5909.4
1996-07-30,6143.3
1996-07-31,6123.3
1996-08-01,6277.3
1996-08-02,6363.6
1996-08-05,6244.1
1996-08-06,6130.8
1996-08-07,6165.3
1996-08-08,6257.3
1996-08-09,6222.8
1996-08-12,6304.2
1996-08-13,6227.7
1996-08-14,6227.1
1996-08-15,6348.4
1996-08-16,6352.9
1996-08-19,6292.1
1996-08-20,6337.1
1996-08-21,6314.8
1996-08-22,6248.9
1996-08-23,6202.7
1996-08-26,6028.1
1996-08-27,6126.1
1996-08-28,6294.8
1996-08-29,6270.0
1996-08-30,6259.4
1996-09-02,6232.5
1996-09-03,6270.0
1996-09-04,6276.9
1996-09-05,6254.0
1996-09-06,6334.6
1996-09-09,6382.8
1996-09-10,6415.8
1996-09-11,6358.1
1996-09-12,6391.0
1996-09-13,6464.3
1996-09-16,6534.3
1996-09-17,6512.4
1996-09-18,6489.6
1996-09-19,6560.2
1996-09-20,6588.3
1996-09-23,6551.7
1996-09-24,6557.0
1996-09-25,6513.9
1996-09-26,6535.9
1996-09-27,6458.9
1996-09-30,6446.9
1996-10-01,6521.8
1996-10-02,6605.8
1996-10-04,6626.9
1996-10-07,6612.7
1996-10-08,6651.6
1996-10-09,6631.1
1996-10-10,6626.7
1996-10-11,6608.7
1996-10-14,6631.3
1996-10-15,6744.9
1996-10-16,6733.5
1996-10-17,6766.0
1996-10-18,6798.1
1996-10-21,6798.9
1996-10-22,6675.6
1996-10-23,6648.6
1996-10-24,6588.8
1996-10-25,6503.4
1996-10-28,6401.1
1996-10-29,6549.8
1996-10-30,6543.2
1996-10-31,6533.2
1996-11-01,6641.2
1996-11-04,6658.5
1996-11-05,6697.6
1996-11-06,6704.6
1996-11-07,6666.7
1996-11-08,6559.6
1996-11-11,6582.9
1996-11-12,6523.3
1996-11-13,6571.0
1996-11-14,6523.0
1996-11-18,6556.3
1996-11-19,6557.0
1996-11-20,6541.3
1996-11-21,6625.9
1996-11-22,6645.3
1996-11-25,6649.2
1996-11-26,6631.5
1996-11-27,6591.9
1996-11-28,6644.9
1996-11-29,6666.1
1996-12-02,6735.6
1996-12-03,6836.8
1996-12-04,6797.6
1996-12-05,6947.1
1996-12-06,6872.9
1996-12-09,6836.4
1996-12-10,6855.9
1996-12-11,6677.8
1996-12-12,6657.5
1996-12-13,6680.2
1996-12-16,6654.4
1996-12-17,6784.6
1996-12-18,6910.4
1996-12-19,6891.6
1996-12-20,6942.2
1996-12-23,6912.6
1996-12-26,6957.8
1996-12-27,7006.9
1996-12-30,7039.9
1997-01-02,6955.5
1997-01-03,6997.8
1997-01-06,7159.5
1997-01-07,7159.5
1997-01-08,7427.0
1997-01-09,7454.2
1997-01-10,7478.3
1997-01-13,7411.8
1997-01-14,7621.1
1997-01-15,7667.6
1997-01-16,7655.8
1997-01-17,7816.3
1997-01-20,7835.4
1997-01-21,7904.9
1997-01-22,7817.5
1997-01-23,7890.7
1997-01-24,7759.8
1997-01-27,7759.1
1997-01-28,7849.8
1997-01-29,7736.9
1997-01-30,7788.8
1997-01-31,7964.7
1997-02-03,8095.9
1997-02-04,8102.3
1997-02-05,8171.2
1997-02-06,8147.9
1997-02-07,8147.9
1997-02-11,8102.3
1997-02-12,8670.6
1997-02-13,8764.9
1997-02-14,8700.0
1997-02-17,8816.1
1997-02-18,8950.2
1997-02-19,8771.3
1997-02-20,8701.8
1997-02-21,8719.5
1997-02-24,8959.3
1997-02-25,9149.1
1997-02-26,8927.9
1997-02-27,8776.8
1997-02-28,8828.7
1997-03-03,8978.0
1997-03-04,8961.0
1997-03-05,9074.0
1997-03-06,9126.0
1997-03-07,9181.0
1997-03-10,9419.0
1997-03-11,9565.0
1997-03-12,9317.0
1997-03-13,9314.0
1997-03-14,9499.0
1997-03-17,9499.0
1997-03-18,9172.0
1997-03-19,9088.0
1997-03-20,9303.0
1997-03-21,9302.0
1997-03-24,9328.0
1997-03-25,9380.0
1997-03-26,9272.0
1997-03-31,9044.0
1997-04-01,9138.0
1997-04-02,9237.0
1997-04-03,9302.0
1997-04-04,9705.0
1997-04-07,9837.0
1997-04-08,9738.0
1997-04-09,9819.0
1997-04-10,9733.0
1997-04-11,9518.0
1997-04-14,9456.0
1997-04-15,9490.0
1997-04-16,9566.0
1997-04-17,9419.0
1997-04-18,9422.0
1997-04-22,9474.0
1997-04-23,9634.0
1997-04-24,9709.0
1997-04-25,9732.0
1997-04-28,9762.0
1997-04-29,9858.0
1997-04-30,9982.0
1997-05-02,10074.0
1997-05-05,9994.0
1997-05-06,10219.0
1997-05-07,10180.0
1997-05-08,10437.0
1997-05-09,10492.0
1997-05-12,10681.0
1997-05-13,10648.0
1997-05-14,10283.0
1997-05-15,10354.0
1997-05-16,10499.0
1997-05-19,10506.0
1997-05-20,10641.0
1997-05-21,10715.0
1997-05-22,10745.0
1997-05-23,10764.0
1997-05-26,10961.0
1997-05-27,11133.0
1997-05-28,11301.0
1997-05-30,11345.0
1997-06-02,11361.0
1997-06-03,11110.0
1997-06-04,11030.0
1997-06-05,11106.0
1997-06-06,11334.0
1997-06-09,11396.0
1997-06-10,11429.0
1997-06-11,11490.0
1997-06-12,11852.0
1997-06-13,11828.0
1997-06-16,11954.0
1997-06-17,12119.0
1997-06-18,12206.0
1997-06-19,12205.0
1997-06-20,12121.0
1997-06-23,12239.0
1997-06-24,12587.0
1997-06-25,13053.0
1997-06-26,12874.0
1997-06-27,12758.0
1997-06-30,12568.0
1997-07-01,13002.0
1997-07-02,13260.0
1997-07-03,13285.0
1997-07-04,13494.0
1997-07-07,13502.0
1997-07-08,13617.0
1997-07-10,13609.0
1997-07-11,13153.0
1997-07-14,12698.0
1997-07-15,11617.0
1997-07-16,12640.0
1997-07-17,11728.0
1997-07-18,11182.0
1997-07-21,11292.0
1997-07-22,12235.0
1997-07-23,12427.0
1997-07-24,12544.0
1997-07-25,12523.0
1997-07-28,12938.0
1997-07-29,13044.0
1997-07-30,13019.0
1997-07-31,12872.0
1997-08-01,12259.0
1997-08-04,12017.0
1997-08-05,11909.0
1997-08-06,12523.0
1997-08-07,12323.0
1997-08-08,12129.0
1997-08-11,11949.0
1997-08-12,11810.0
1997-08-13,11851.0
1997-08-14,11905.0
1997-08-15,11335.0
1997-08-18,11338.0
1997-08-19,11211.0
1997-08-20,10849.0
1997-08-21,11180.0
1997-08-22,11158.0
1997-08-25,11422.0
1997-08-26,11626.0
1997-08-27,11719.0
1997-08-28,11267.0
1997-08-29,10609.0
1997-09-01,10109.0
1997-09-02,11063.0
1997-09-03,11119.0
1997-09-04,11431.0
1997-09-05,11838.0
1997-09-08,11685.0
1997-09-09,11735.0
1997-09-10,11361.0
1997-09-11,11094.0
1997-09-12,11292.0
1997-09-15,10865.0
1997-09-16,11204.0
1997-09-17,11524.0
1997-09-18,11714.0
1997-09-19,11650.0
1997-09-22,11712.0
1997-09-23,11516.0
1997-09-24,11482.0
1997-09-25,11385.0
1997-09-26,11534.0
1997-09-29,11614.0
1997-09-30,11797.0
1997-10-01,12173.0
1997-10-02,12397.0
1997-10-03,12541.0
1997-10-06,12688.0
1997-10-07,12481.0
1997-10-08,12433.0
1997-10-09,12684.0
1997-10-10,12737.0
1997-10-13,12698.0
1997-10-14,12895.0
1997-10-15,12830.0
1997-10-16,12578.0
1997-10-17,12488.0
1997-10-20,12704.0
1997-10-21,13016.0
1997-10-22,12956.0
1997-10-23,11899.0
1997-10-24,11545.0
1997-10-27,9817.0
1997-10-28,10447.0
1997-10-29,9818.0
1997-10-30,8855.0
1997-10-31,8986.0
1997-11-03,9858.0
1997-11-04,10254.0
1997-11-05,9988.0
1997-11-06,9435.0
1997-11-07,8833.0
1997-11-10,9006.0
1997-11-11,8711.0
1997-11-12,7822.0
1997-11-13,8072.0
1997-11-14,8732.0
1997-11-17,9083.0
1997-11-18,9028.0
1997-11-19,9332.0
1997-11-20,9189.0
1997-11-21,9422.0
1997-11-24,9070.0
1997-11-25,9151.0
1997-11-26,9373.0
1997-11-27,9619.0
1997-11-28,9395.0
1997-12-01,9648.0
1997-12-02,9964.0
1997-12-03,9992.0
1997-12-04,10046.0
1997-12-05,10080.0
1997-12-08,10079.0
1997-12-09,9840.0
1997-12-10,9462.0
1997-12-11,9109.0
1997-12-12,9147.0
1997-12-15,9551.0
1997-12-16,9743.0
1997-12-17,9854.0
1997-12-18,9483.0
1997-12-19,9139.0
1997-12-22,9494.0
1997-12-23,9554.0
1997-12-26,9707.0
1997-12-29,10052.0
1997-12-30,10197.0
1998-01-02,10480.0
1998-01-05,10607.0
1998-01-06,10185.0
1998-01-07,9879.0
1998-01-08,9658.0
1998-01-09,9118.0
1998-01-12,9227.0
1998-01-13,9416.0
1998-01-14,9349.0
1998-01-15,9140.0
1998-01-16,9448.0
1998-01-19,9753.0
1998-01-20,9568.0
1998-01-21,9385.0
1998-01-22,9709.0
1998-01-23,9468.0
1998-01-26,9513.0
1998-01-27,9651.0
1998-01-28,9773.0
1998-01-29,9786.0
1998-01-30,9720.0
1998-02-02,9973.0
1998-02-03,10055.0
1998-02-04,9971.0
1998-02-05,9948.0
1998-02-06,10011.0
1998-02-09,10240.0
1998-02-10,10278.0
1998-02-11,10485.0
1998-02-12,10350.0
1998-02-13,10391.0
1998-02-16,10233.0
1998-02-17,10420.0
1998-02-18,10322.0
1998-02-19,10236.0
1998-02-20,10319.0
1998-02-23,10319.0
1998-02-25,10546.0
1998-02-26,10557.0
1998-02-27,10571.0
1998-03-02,10845.0
1998-03-03,10845.0
1998-03-04,10899.0
1998-03-05,10948.0
1998-03-06,11159.0
1998-03-09,11167.0
1998-03-10,11181.0
1998-03-11,11223.0
1998-03-12,11356.0
1998-03-13,11566.0
1998-03-16,11601.0
1998-03-17,11808.0
1998-03-18,11894.0
1998-03-19,11832.0
1998-03-20,11919.0
1998-03-23,12025.0
1998-03-24,11905.0
1998-03-25,11756.0
1998-03-26,11945.0
1998-03-27,11900.0
1998-03-30,11750.0
1998-03-31,11947.0
1998-04-01,11837.0
1998-04-02,11858.0
1998-04-03,11634.0
1998-04-06,11948.0
1998-04-07,11847.0
1998-04-08,11975.0
1998-04-13,12121.0
1998-04-14,12270.0
1998-04-15,12299.0
1998-04-16,12091.0
1998-04-17,12109.0
1998-04-20,12028.0
1998-04-22,11703.0
1998-04-23,11572.0
1998-04-24,11728.0
1998-04-27,11057.0
1998-04-28,11377.0
1998-04-29,11528.0
1998-04-30,11677.0
1998-05-04,11507.0
1998-05-05,11555.0
1998-05-06,11165.0
1998-05-07,11063.0
1998-05-08,11220.0
1998-05-11,10983.0
1998-05-12,10798.0
1998-05-13,10779.0
1998-05-14,10734.0
1998-05-15,10906.0
1998-05-18,10205.0
1998-05-19,10343.0
1998-05-20,10408.0
1998-05-21,10269.0
1998-05-22,10240.0
1998-05-25,10015.0
1998-05-26,9436.0
1998-05-27,9748.0
1998-05-28,10152.0
1998-05-29,9847.0
1998-06-01,9605.0
1998-06-02,10150.0
1998-06-03,9856.0
1998-06-04,10191.0
1998-06-05,10370.0
1998-06-08,10540.0
1998-06-09,10370.0
1998-06-10,9868.0
1998-06-12,9585.0
1998-06-15,9074.0
1998-06-16,9249.0
1998-06-17,9897.0
1998-06-18,9539.0
1998-06-19,9687.0
1998-06-22,9623.0
1998-06-23,9937.0
1998-06-24,9856.0
1998-06-25,9528.0
1998-06-26,9464.0
1998-06-29,9604.0
1998-06-30,9678.0
1998-07-01,9915.0
1998-07-02,9901.0
1998-07-03,10116.0
1998-07-06,10018.0
1998-07-07,10205.0
1998-07-08,10336.0
1998-07-10,10327.0
1998-07-13,10420.0
1998-07-14,10642.0
1998-07-15,10649.0
1998-07-16,10908.0
1998-07-17,11057.0
1998-07-20,11041.0
1998-07-21,10923.0
1998-07-22,10912.0
1998-07-23,10640.0
1998-07-24,10575.0
1998-07-27,10564.0
1998-07-28,10318.0
1998-07-29,10542.0
1998-07-30,10939.0
1998-07-31,10707.0
1998-08-03,10413.0
1998-08-04,9860.0
1998-08-05,9828.0
1998-08-06,9690.0
1998-08-07,9319.0
1998-08-10,9182.0
1998-08-11,8802.0
1998-08-12,8417.0
1998-08-13,8711.0
1998-08-14,8744.0
1998-08-17,8610.0
1998-08-18,8643.0
1998-08-19,8542.0
1998-08-20,7992.0
1998-08-21,7764.0
1998-08-24,7655.0
1998-08-25,7648.0
1998-08-26,7348.0
1998-08-27,6617.0
1998-08-28,6746.0
1998-08-31,6472.0
1998-09-01,6917.0
1998-09-02,6805.0
1998-09-03,6219.0
1998-09-04,5837.0
1998-09-08,5818.0
1998-09-09,5655.0
1998-09-10,4761.0
1998-09-11,5398.0
1998-09-14,5818.0
1998-09-15,6905.0
1998-09-16,6760.0
1998-09-17,6432.0
1998-09-18,6710.0
1998-09-21,6450.0
1998-09-22,6560.0
1998-09-23,7280.0
1998-09-24,6844.0
1998-09-25,6712.0
1998-09-28,6827.0
1998-09-29,6869.0
1998-09-30,6593.0
1998-10-01,5960.0
1998-10-02,6410.0
1998-10-05,6123.0
1998-10-06,6336.0
1998-10-07,6157.0
1998-10-08,6175.0
1998-10-09,6528.0
1998-10-13,6618.0
1998-10-14,6445.0
1998-10-15,6874.0
1998-10-16,6707.0
1998-10-19,6844.0
1998-10-20,6973.0
1998-10-21,7350.0
1998-10-22,7603.0
1998-10-23,7272.0
1998-10-26,6972.0
1998-10-27,6869.0
1998-10-28,6827.0
1998-10-29,6538.0
1998-10-30,7047.0
1998-11-03,7509.0
1998-11-04,7656.0
1998-11-05,8093.0
1998-11-06,8214.0
1998-11-09,8242.0
1998-11-10,8000.0
1998-11-11,7763.0
1998-11-12,7471.0
1998-11-13,7615.0
1998-11-16,8004.0
1998-11-17,8330.0
1998-11-18,8547.0
1998-11-19,8318.0
1998-11-20,8531.0
1998-11-23,8636.0
1998-11-24,8607.0
1998-11-25,8910.0
1998-11-26,8954.0
1998-11-27,9094.0
1998-11-30,8631.0
1998-12-01,8545.0
1998-12-02,8449.0
1998-12-03,7706.0
1998-12-04,7627.0
1998-12-07,7946.0
1998-12-08,7629.0
1998-12-09,7573.0
1998-12-10,7530.0
1998-12-11,7195.0
1998-12-14,6584.0
1998-12-15,6934.0
1998-12-16,6619.0
1998-12-17,6645.0
1998-12-18,6782.0
1998-12-21,7202.0
1998-12-22,7115.0
1998-12-23,7176.0
1998-12-28,6899.0
1998-12-29,6715.0
1998-12-30,6784.0
1999-01-04,6942.0
1999-01-05,7111.0
1999-01-06,7331.0
1999-01-07,6954.0
1999-01-08,6781.0
1999-01-11,6403.0
1999-01-12,5916.0
1999-01-13,5617.0
1999-01-14,5057.0
1999-01-15,6747.0
1999-01-18,7113.0
1999-01-19,7381.0
1999-01-20,7674.0
1999-01-21,7321.0
1999-01-22,7190.0
1999-01-26,7645.0
1999-01-27,7687.0
1999-01-28,7987.0
1999-01-29,8172.0
1999-02-01,8891.0
1999-02-02,8732.0
1999-02-03,8676.0
1999-02-04,8653.0
1999-02-05,8435.0
1999-02-08,8824.0
1999-02-09,8674.0
1999-02-10,8853.0
1999-02-11,8990.0
1999-02-12,8952.0
1999-02-17,8974.0
1999-02-18,8861.0
1999-02-19,9013.0
1999-02-22,9075.0
1999-02-23,8943.0
1999-02-24,8953.0
1999-02-25,8674.0
1999-02-26,8911.0
1999-03-01,9198.0
1999-03-02,9071.0
1999-03-03,9155.0
1999-03-04,9508.0
1999-03-05,9465.0
1999-03-08,9786.0
1999-03-09,9484.0
1999-03-10,9778.0
1999-03-11,9698.0
1999-03-12,9574.0
1999-03-15,10414.0
1999-03-16,10658.0
1999-03-17,10635.0
1999-03-18,10894.0
1999-03-19,10836.0
1999-03-22,10527.0
1999-03-23,10417.0
1999-03-24,10429.0
1999-03-25,10937.0
1999-03-26,10865.0
1999-03-29,10869.0
1999-03-30,11028.0
1999-03-31,10696.0
1999-04-05,11022.0
1999-04-06,11120.0
1999-04-07,11530.0
1999-04-08,11466.0
1999-04-09,11295.0
1999-04-12,11432.0
1999-04-13,11321.0
1999-04-14,11306.0
1999-04-15,11246.0
1999-04-16,11429.0
1999-04-19,11197.0
1999-04-20,10989.0
1999-04-22,11084.0
1999-04-23,11032.0
1999-04-26,10798.0
1999-04-27,10885.0
1999-04-28,11127.0
1999-04-29,11085.0
1999-04-30,11351.0
1999-05-03,11437.0
1999-05-04,11268.0
1999-05-05,11578.0
1999-05-06,11889.0
1999-05-07,12233.0
1999-05-10,12412.0
1999-05-11,12267.0
1999-05-12,12148.0
1999-05-13,12459.0
1999-05-14,12335.0
1999-05-17,12151.0
1999-05-18,12268.0
1999-05-19,12118.0
1999-05-20,12088.0
1999-05-21,11728.0
1999-05-24,11155.0
1999-05-25,10602.0
1999-05-26,11245.0
1999-05-27,10937.0
1999-05-28,10930.0
1999-05-31,11090.0
1999-06-01,11051.0
1999-06-02,10997.0
1999-06-04,11234.0
1999-06-07,11047.0
1999-06-08,11033.0
1999-06-09,10890.0
1999-06-10,11089.0
1999-06-11,11105.0
1999-06-14,11084.0
1999-06-15,11183.0
1999-06-16,11644.0
1999-06-17,11629.0
1999-06-18,11877.0
1999-06-21,12005.0
1999-06-22,11974.0
1999-06-23,11792.0
1999-06-24,11431.0
1999-06-25,11220.0
1999-06-28,11264.0
1999-06-29,11379.0
1999-06-30,11627.0
1999-07-01,11708.0
1999-07-02,11836.0
1999-07-05,11936.0
1999-07-06,11674.0
1999-07-07,11745.0
1999-07-08,11509.0
1999-07-12,11273.0
1999-07-13,11303.0
1999-07-14,11349.0
1999-07-15,11362.0
1999-07-16,11407.0
1999-07-19,11452.0
1999-07-20,11274.0
1999-07-21,11303.0
1999-07-22,11239.0
1999-07-23,10989.0
1999-07-26,10675.0
1999-07-27,10735.0
1999-07-28,10691.0
1999-07-29,10568.0
1999-07-30,10442.0
1999-08-02,10211.0
1999-08-03,10265.0
1999-08-04,10172.0
1999-08-05,10196.0
1999-08-06,10039.0
1999-08-09,9948.0
1999-08-10,9835.0
1999-08-11,10137.0
1999-08-12,10046.0
1999-08-13,10181.0
1999-08-16,10119.0
1999-08-17,9925.0
1999-08-18,9689.0
1999-08-19,9818.0
1999-08-20,10143.0
1999-08-23,10181.0
1999-08-24,10314.0
1999-08-25,10650.0
1999-08-26,10496.0
1999-08-27,10545.0
1999-08-30,10524.0
1999-08-31,10565.0
1999-09-01,10902.0
1999-09-02,10998.0
1999-09-03,11156.0
1999-09-06,11185.0
1999-09-08,11090.0
1999-09-09,11292.0
1999-09-10,11363.0
1999-09-13,11478.0
1999-09-14,11459.0
1999-09-15,11263.0
1999-09-16,11094.0
1999-09-17,11290.0
1999-09-20,11586.0
1999-09-21,11449.0
1999-09-22,11531.0
1999-09-23,11385.0
1999-09-24,11533.0
1999-09-27,11542.0
1999-09-28,11442.0
1999-09-29,11434.0
1999-09-30,11106.0
1999-10-01,10960.0
1999-10-04,11055.0
1999-10-05,10924.0
1999-10-06,11345.0
1999-10-07,11338.0
1999-10-08,11460.0
1999-10-11,11478.0
1999-10-13,11298.0
1999-10-14,11330.0
1999-10-15,11146.0
1999-10-18,10978.0
1999-10-19,11098.0
1999-10-20,11275.0
1999-10-21,11254.0
1999-10-22,11461.0
1999-10-25,11394.0
1999-10-26,11470.0
1999-10-27,11531.0
1999-10-28,11700.0
1999-10-29,11700.0
1999-11-01,11763.0
1999-11-03,12347.0
1999-11-04,12406.0
1999-11-05,12714.0
1999-11-08,12960.0
1999-11-09,12880.0
1999-11-10,13101.0
1999-11-11,13189.0
1999-11-12,13114.0
1999-11-16,13128.0
1999-11-17,12813.0
1999-11-18,13087.0
1999-11-19,13463.0
1999-11-22,13436.0
1999-11-23,13565.0
1999-11-24,13393.0
1999-11-25,13536.0
1999-11-26,13888.0
1999-11-29,13855.0
1999-11-30,13779.0
1999-12-01,13874.0
1999-12-02,14213.0
1999-12-03,14409.0
1999-12-06,14344.0
1999-12-07,14300.0
1999-12-08,14410.0
1999-12-09,14584.0
1999-12-10,14784.0
1999-12-13,14812.0
1999-12-14,14644.0
1999-12-15,14322.0
1999-12-16,14497.0
1999-12-17,14789.0
1999-12-20,15110.0
1999-12-21,15592.0
1999-12-22,15916.0
1999-12-23,15954.0
1999-12-27,16011.0
1999-12-28,16377.0
1999-12-29,16773.0
1999-12-30,17092.0
2000-01-03,16930.0
2000-01-04,15851.0
2000-01-05,16245.0
2000-01-06,16107.0
2000-01-07,16309.0
2000-01-10,17022.0
2000-01-11,16573.0
2000-01-12,16617.0
2000-01-13,17298.0
2000-01-14,17658.0
2000-01-17,18053.0
2000-01-18,17903.0
2000-01-19,17470.0
2000-01-20,17177.0
2000-01-21,17034.0
2000-01-24,16972.0
2000-01-26,17105.0
2000-01-27,17081.0
2000-01-28,16734.0
2000-01-31,16388.0
2000-02-01,16522.0
2000-02-02,16868.0
2000-02-03,17457.0
2000-02-04,17932.0
2000-02-07,18126.0
2000-02-08,18686.0
2000-02-09,18361.0
2000-02-10,18604.0
2000-02-11,18083.0
2000-02-14,17819.0
2000-02-15,17921.0
2000-02-16,18112.0
2000-02-17,17979.0
2000-02-18,17625.0
2000-02-21,17700.0
2000-02-22,17489.0
2000-02-23,17833.0
2000-02-24,17776.0
2000-02-25,17787.0
2000-02-28,17543.0
2000-02-29,17660.0
2000-03-01,17953.0
2000-03-02,18016.0
2000-03-03,18632.0
2000-03-08,18283.0
2000-03-09,18650.0
2000-03-10,18280.0
2000-03-13,17595.0
2000-03-14,17222.0
2000-03-15,17382.0
2000-03-16,17642.0
2000-03-17,17511.0
2000-03-20,17526.0
2000-03-21,18343.0
2000-03-22,18314.0
2000-03-23,18331.0
2000-03-24,18675.0
2000-03-27,18951.0
2000-03-28,18338.0
2000-03-29,18053.0
2000-03-30,17647.0
2000-03-31,17820.0
2000-04-03,17245.47
2000-04-04,16757.93
2000-04-05,16714.37
2000-04-06,17146.13
2000-04-07,17513.72
2000-04-10,16783.32
2000-04-11,16539.35
2000-04-12,16323.36
2000-04-13,15500.81
2000-04-14,14794.34
2000-04-17,14815.68
2000-04-18,15408.4
2000-04-19,14926.15
2000-04-20,15203.21
2000-04-24,14794.23
2000-04-25,15400.58
2000-04-26,15446.36
2000-04-27,15440.11
2000-04-28,15537.6
2000-05-02,15524.13
2000-05-03,15108.56
2000-05-04,14969.59
2000-05-05,15217.86
2000-05-08,14890.96
2000-05-09,14581.52
2000-05-10,14433.81
2000-05-11,14498.54
2000-05-12,14458.94
2000-05-15,15055.53
2000-05-16,15360.4
2000-05-17,14870.53
2000-05-18,14627.0
2000-05-19,14326.63
2000-05-22,13891.24
2000-05-23,13587.16
2000-05-24,14166.4
2000-05-25,14185.61
2000-05-26,14542.26
2000-05-29,14772.63
2000-05-30,15248.55
2000-05-31,14956.61
2000-06-01,15450.04
2000-06-02,16222.48
2000-06-05,16022.93
2000-06-06,15946.63
2000-06-07,16271.74
2000-06-08,16398.8
2000-06-09,16342.28
2000-06-12,16096.7
2000-06-13,16354.47
2000-06-14,16366.1
2000-06-15,16561.37
2000-06-16,16424.93
2000-06-19,16850.03
2000-06-20,16843.58
2000-06-21,17254.26
2000-06-23,16977.26
2000-06-26,16744.8
2000-06-27,16512.93
2000-06-28,16842.29
2000-06-29,16407.16
2000-06-30,16727.95
2000-07-03,17088.54
2000-07-04,17279.21
2000-07-05,17134.93
2000-07-06,17348.07
2000-07-07,17598.83
2000-07-10,17471.63
2000-07-11,16880.66
2000-07-12,17053.38
2000-07-13,16444.25
2000-07-14,16880.95
2000-07-17,17387.88
2000-07-18,17368.59
2000-07-19,16927.55
2000-07-20,17203.62
2000-07-21,17318.24
2000-07-24,17385.98
2000-07-25,17049.42
2000-07-26,17121.3
2000-07-27,16948.73
2000-07-28,16485.69
2000-07-31,16454.6
2000-08-01,16289.87
2000-08-02,16314.47
2000-08-03,16720.76
2000-08-04,16761.25
2000-08-07,16995.8
2000-08-08,16884.77
2000-08-09,16533.67
2000-08-10,16834.8
2000-08-11,17395.0
2000-08-14,17810.63
2000-08-15,17744.13
2000-08-16,17330.77
2000-08-17,17711.67
2000-08-18,17313.69
2000-08-21,17083.38
2000-08-22,17224.43
2000-08-23,17450.44
2000-08-24,17310.96
2000-08-25,17642.67
2000-08-28,17460.33
2000-08-29,17354.89
2000-08-30,17414.28
2000-08-31,17346.7
2000-09-01,17577.42
2000-09-04,17613.17
2000-09-05,17424.97
2000-09-06,17589.66
2000-09-08,17433.17
2000-09-11,17287.65
2000-09-12,16882.69
2000-09-13,16998.51
2000-09-14,16768.53
2000-09-15,16563.18
2000-09-18,15913.13
2000-09-19,16188.45
2000-09-20,16077.7
2000-09-21,16146.02
2000-09-22,16353.09
2000-09-25,16318.55
2000-09-26,16254.93
2000-09-27,15848.12
2000-09-28,16013.69
2000-09-29,15928.39
2000-10-02,15559.3
2000-10-03,15633.27
2000-10-04,15876.39
2000-10-05,16362.05
2000-10-06,15945.91
2000-10-09,15855.31
2000-10-10,15747.09
2000-10-11,15526.05
2000-10-13,15385.08
2000-10-16,15241.85
2000-10-17,14870.13
2000-10-18,14420.72
2000-10-19,14845.14
2000-10-20,14529.41
2000-10-23,13989.84
2000-10-24,13799.19
2000-10-25,13665.31
2000-10-26,14223.13
2000-10-27,14691.68
2000-10-30,14891.14
2000-10-31,14867.23
2000-11-01,14791.19
2000-11-03,14533.96
2000-11-06,14800.91
2000-11-07,14968.75
2000-11-08,14656.3
2000-11-09,14524.38
2000-11-10,14625.95
2000-11-13,14371.81
2000-11-14,14540.27
2000-11-16,14489.96
2000-11-17,14323.22
2000-11-20,14499.8
2000-11-21,14783.73
2000-11-22,14576.98
2000-11-23,14314.45
2000-11-24,14335.5
2000-11-27,14008.2
2000-11-28,13913.85
2000-11-29,13787.52
2000-11-30,13287.39
2000-12-01,13437.49
2000-12-04,13510.0
2000-12-05,14181.62
2000-12-06,13945.41
2000-12-07,14459.98
2000-12-08,14982.99
2000-12-11,15187.95
2000-12-12,14906.02
2000-12-13,15290.51
2000-12-14,15259.0
2000-12-15,14987.95
2000-12-18,15082.75
2000-12-19,15336.11
2000-12-20,14622.41
2000-12-21,14505.45
2000-12-22,14652.06
2000-12-26,14794.58
2000-12-27,15186.15
2000-12-28,15259.29
2001-01-02,15425.34
2001-01-03,16599.42
2001-01-04,16675.06
2001-01-05,16409.81
2001-01-08,16562.14
2001-01-09,16975.64
2001-01-10,16918.57
2001-01-11,17023.58
2001-01-12,16850.09
2001-01-15,16962.75
2001-01-16,16720.98
2001-01-17,17191.02
2001-01-18,17521.46
2001-01-19,17530.09
2001-01-22,17391.67
2001-01-23,17832.13
2001-01-24,17771.76
2001-01-26,17889.05
2001-01-29,17883.38
2001-01-30,17722.58
2001-01-31,17672.77
2001-02-01,17038.74
2001-02-02,16914.96
2001-02-05,16731.24
2001-02-06,17006.77
2001-02-07,16812.35
2001-02-08,17243.3
2001-02-09,17138.4
2001-02-12,16917.06
2001-02-13,17095.78
2001-02-14,17120.05
2001-02-15,16937.19
2001-02-16,16259.05
2001-02-19,16060.76
2001-02-20,15910.57
2001-02-21,15593.86
2001-02-22,15910.36
2001-02-23,16157.75
2001-02-28,15891.41
2001-03-01,16416.58
2001-03-02,16581.0
2001-03-05,16537.24
2001-03-06,16324.33
2001-03-07,16395.21
2001-03-08,16226.71
2001-03-09,16123.44
2001-03-12,15527.26
2001-03-13,15584.14
2001-03-14,15244.9
2001-03-15,15060.87
2001-03-16,15237.03
2001-03-19,14835.9
2001-03-20,14903.36
2001-03-21,14852.68
2001-03-22,14067.27
2001-03-23,14435.08
2001-03-26,14712.04
2001-03-27,14835.4
2001-03-28,14631.88
2001-03-29,14282.18
2001-03-30,14438.45
2001-04-02,13981.3
2001-04-03,13736.61
2001-04-04,13854.76
2001-04-05,14442.51
2001-04-06,14484.51
2001-04-09,14718.99
2001-04-10,15047.76
2001-04-11,14818.83
2001-04-12,14969.37
2001-04-16,14444.59
2001-04-17,14336.9
2001-04-18,14955.36
2001-04-19,14431.08
2001-04-20,13696.42
2001-04-23,13892.65
2001-04-24,14068.0
2001-04-25,14162.75
2001-04-26,14757.02
2001-04-27,14927.95
2001-04-30,14917.54
2001-05-02,14897.24
2001-05-03,15141.91
2001-05-04,15092.76
2001-05-07,14875.0
2001-05-08,14747.41
2001-05-09,14778.98
2001-05-10,14993.46
2001-05-11,14493.2
2001-05-14,14236.94
2001-05-15,14226.33
2001-05-16,14714.25
2001-05-17,14793.51
2001-05-18,14884.06
2001-05-21,15127.91
2001-05-22,14828.87
2001-05-23,14691.61
2001-05-24,14523.21
2001-05-25,14310.06
2001-05-28,14302.02
2001-05-29,14453.91
2001-05-30,14489.36
2001-05-31,14649.98
2001-06-01,14791.97
2001-06-04,15103.86
2001-06-05,15394.82
2001-06-06,15328.83
2001-06-07,15464.06
2001-06-08,15366.25
2001-06-11,15224.19
2001-06-12,15173.07
2001-06-13,15403.4
2001-06-15,14985.01
2001-06-18,14355.42
2001-06-19,14400.73
2001-06-20,14571.24
2001-06-21,14822.98
2001-06-22,14682.1
2001-06-25,14539.6
2001-06-26,14459.99
2001-06-27,14308.0
2001-06-28,14390.97
2001-06-29,14559.79
2001-07-02,14555.0
2001-07-03,14352.77
2001-07-04,14056.0
2001-07-05,14047.66
2001-07-06,13906.76
2001-07-10,13569.79
2001-07-11,13811.84
2001-07-12,13916.0
2001-07-13,14078.46
2001-07-16,13811.39
2001-07-17,14168.65
2001-07-18,13790.88
2001-07-19,13761.51
2001-07-20,14092.32
2001-07-23,14067.72
2001-07-24,13737.59
2001-07-25,13955.89
2001-07-26,13810.29
2001-07-27,13910.26
2001-07-30,13703.61
2001-07-31,13754.16
2001-08-01,13743.06
2001-08-02,13822.72
2001-08-03,13838.42
2001-08-06,14046.82
2001-08-07,14035.91
2001-08-08,13919.18
2001-08-09,13834.19
2001-08-10,13915.09
2001-08-13,13771.36
2001-08-14,13829.49
2001-08-15,13658.6
2001-08-16,13509.47
2001-08-17,13044.21
2001-08-20,13115.48
2001-08-21,12891.7
2001-08-22,12952.23
2001-08-23,12750.79
2001-08-24,13001.12
2001-08-27,12995.85
2001-08-28,13018.1
2001-08-29,13064.56
2001-08-30,12892.39
2001-08-31,12840.6
2001-09-03,12800.03
2001-09-04,12766.88
2001-09-05,12590.92
2001-09-06,12255.29
2001-09-10,11922.39
2001-09-11,10827.96
2001-09-12,11113.5
2001-09-13,10306.26
2001-09-14,10034.4
2001-09-17,10544.99
2001-09-18,10554.13
2001-09-19,10744.53
2001-09-20,10543.12
2001-09-21,10418.75
2001-09-24,10532.83
2001-09-25,10229.05
2001-09-26,10005.87
2001-09-27,10404.72
2001-09-28,10635.74
2001-10-01,10501.12
2001-10-02,10350.83
2001-10-03,10233.26
2001-10-04,10061.92
2001-10-05,10197.07
2001-10-08,10094.56
2001-10-09,10284.45
2001-10-10,10462.25
2001-10-11,10784.72
2001-10-15,11329.32
2001-10-16,11257.85
2001-10-17,11271.49
2001-10-18,10994.96
2001-10-19,11331.57
2001-10-22,11699.99
2001-10-23,11613.44
2001-10-24,11467.74
2001-10-25,11723.75
2001-10-26,11780.57
2001-10-29,11377.02
2001-10-30,11023.95
2001-10-31,11364.71
2001-11-01,11387.81
2001-11-05,12164.66
2001-11-06,12415.57
2001-11-07,12615.83
2001-11-08,12553.64
2001-11-09,12730.71
2001-11-12,12567.12
2001-11-13,12918.09
2001-11-14,12825.62
2001-11-16,12882.82
2001-11-19,12987.23
2001-11-20,12638.13
2001-11-21,12793.79
2001-11-22,13019.43
2001-11-23,13423.86
2001-11-26,13759.53
2001-11-27,13602.88
2001-11-28,13019.2
2001-11-29,12736.39
2001-11-30,12931.71
2001-12-03,13336.0
2001-12-04,13146.64
2001-12-05,13382.13
2001-12-06,13539.03
2001-12-07,13298.72
2001-12-10,13446.18
2001-12-11,13348.12
2001-12-12,13562.94
2001-12-13,13148.37
2001-12-14,12959.17
2001-12-17,12912.06
2001-12-18,13397.36
2001-12-19,13290.01
2001-12-20,12918.14
2001-12-21,13368.53
2001-12-26,13358.42
2001-12-27,13755.65
2001-12-28,13577.57
2002-01-02,13872.09
2002-01-03,14265.35
2002-01-04,14331.92
2002-01-07,14378.59
2002-01-08,14167.58
2002-01-09,14020.79
2002-01-10,13570.18
2002-01-11,13587.49
2002-01-14,13121.72
2002-01-15,13010.53
2002-01-16,13083.72
2002-01-17,13336.73
2002-01-18,13372.65
2002-01-21,13154.56
2002-01-22,13003.93
2002-01-23,13232.14
2002-01-24,13162.26
2002-01-28,13001.88
2002-01-29,12501.06
2002-01-30,12532.33
2002-01-31,12721.45
2002-02-01,12658.66
2002-02-04,12512.55
2002-02-05,12747.51
2002-02-06,12750.97
2002-02-07,12683.67
2002-02-08,12597.86
2002-02-13,12960.67
2002-02-14,13245.06
2002-02-15,13229.51
2002-02-18,13121.71
2002-02-19,12991.5
2002-02-20,13302.8
2002-02-21,13530.24
2002-02-22,13562.99
2002-02-25,13977.6
2002-02-26,13963.6
2002-02-27,14212.12
2002-02-28,14033.29
2002-03-01,14343.24
2002-03-04,14471.23
2002-03-05,14011.44
2002-03-06,13838.72
2002-03-07,13725.98
2002-03-08,13961.93
2002-03-11,13695.77
2002-03-12,14181.42
2002-03-13,14244.16
2002-03-14,14117.29
2002-03-15,14365.49
2002-03-18,14244.64
2002-03-19,14117.81
2002-03-20,14089.77
2002-03-21,13717.34
2002-03-22,13312.38
2002-03-25,13277.58
2002-03-26,13569.95
2002-03-27,13424.72
2002-03-28,13254.55
2002-04-01,13467.39
2002-04-02,13245.19
2002-04-03,13084.81
2002-04-04,13360.32
2002-04-05,13276.32
2002-04-08,13159.51
2002-04-09,13195.06
2002-04-10,13416.12
2002-04-11,13411.47
2002-04-12,13750.89
2002-04-15,13471.96
2002-04-16,13622.65
2002-04-17,13732.01
2002-04-18,13573.15
2002-04-19,13478.34
2002-04-22,13224.18
2002-04-23,13188.03
2002-04-24,13380.8
2002-04-25,13272.74
2002-04-26,13075.54
2002-04-29,13090.29
2002-04-30,13085.12
2002-05-02,12538.24
2002-05-03,12609.79
2002-05-06,12430.24
2002-05-07,12342.46
2002-05-08,12616.85
2002-05-09,12101.93
2002-05-10,12130.14
2002-05-13,12002.32
2002-05-14,12204.12
2002-05-15,12349.58
2002-05-16,12660.12
2002-05-17,12699.17
2002-05-20,12667.75
2002-05-21,12701.22
2002-05-22,12367.98
2002-05-23,12555.72
2002-05-24,12573.97
2002-05-27,12698.34
2002-05-28,12728.18
2002-05-29,12985.17
2002-05-31,12861.43
2002-06-03,12659.48
2002-06-04,12600.22
2002-06-05,12589.79
2002-06-06,12112.58
2002-06-07,12282.51
2002-06-10,12599.51
2002-06-11,12210.49
2002-06-12,12132.98
2002-06-13,11962.19
2002-06-14,11698.95
2002-06-17,11937.17
2002-06-18,11821.18
2002-06-19,11493.18
2002-06-20,10908.68
2002-06-21,10397.55
2002-06-24,10759.08
2002-06-25,10705.58
2002-06-26,10690.53
2002-06-27,11013.32
2002-06-28,11139.16
2002-07-01,10892.46
2002-07-02,10845.63
2002-07-03,10635.52
2002-07-04,10655.47
2002-07-05,10523.65
2002-07-08,10687.09
2002-07-10,10555.99
2002-07-11,10806.45
2002-07-12,10967.0
2002-07-15,10633.2
2002-07-16,10577.81
2002-07-17,10754.62
2002-07-18,10812.78
2002-07-19,10583.15
2002-07-22,9892.33
2002-07-23,9745.83
2002-07-24,9937.38
2002-07-25,9665.9
2002-07-26,9217.15
2002-07-29,9240.47
2002-07-30,9341.88
2002-07-31,9762.59
2002-08-01,9759.64
2002-08-02,9852.03
2002-08-05,9469.84
2002-08-06,9755.08
2002-08-07,9869.6
2002-08-08,10315.68
2002-08-09,9985.77
2002-08-12,9723.69
2002-08-13,9444.1
2002-08-14,9343.04
2002-08-15,9183.25
2002-08-16,9526.28
2002-08-19,9416.73
2002-08-20,9263.03
2002-08-21,9437.66
2002-08-22,9702.58
2002-08-23,9676.39
2002-08-26,10097.56
2002-08-27,10371.98
2002-08-28,10379.86
2002-08-29,10455.32
2002-08-30,10382.2
2002-09-02,10378.42
2002-09-03,10135.8
2002-09-04,9996.86
2002-09-05,9723.47
2002-09-06,9716.97
2002-09-09,9954.36
2002-09-10,9960.18
2002-09-11,10182.22
2002-09-12,10172.54
2002-09-13,10180.94
2002-09-16,9831.05
2002-09-17,9650.08
2002-09-18,9505.38
2002-09-19,9372.32
2002-09-20,9585.48
2002-09-23,9264.17
2002-09-24,9148.43
2002-09-25,9227.69
2002-09-26,9199.01
2002-09-27,8715.87
2002-09-30,8622.54
2002-10-01,8997.53
2002-10-02,8820.05
2002-10-03,9139.88
2002-10-04,9259.76
2002-10-07,8863.13
2002-10-08,8846.53
2002-10-09,8714.9
2002-10-10,8866.24
2002-10-11,8854.85
2002-10-14,8450.85
2002-10-15,8506.91
2002-10-16,8370.88
2002-10-17,8901.86
2002-10-18,9022.49
2002-10-21,9128.03
2002-10-22,9331.36
2002-10-23,9840.03
2002-10-24,9799.16
2002-10-25,10014.82
2002-10-28,9573.94
2002-10-29,9600.76
2002-10-30,10068.64
2002-10-31,10167.71
2002-11-01,10140.05
2002-11-04,9912.76
2002-11-05,9861.22
2002-11-06,9702.76
2002-11-07,9799.3
2002-11-08,9860.29
2002-11-11,9885.65
2002-11-12,9720.55
2002-11-13,9763.65
2002-11-14,9884.27
2002-11-18,9970.89
2002-11-19,9971.23
2002-11-20,10087.57
2002-11-21,10289.47
2002-11-22,10404.12
2002-11-25,10245.5
2002-11-26,10131.69
2002-11-27,10226.44
2002-11-28,10239.18
2002-11-29,10508.81
2002-12-02,10673.79
2002-12-03,10662.83
2002-12-04,10640.11
2002-12-05,10413.09
2002-12-06,10569.02
2002-12-09,10338.75
2002-12-10,10331.33
2002-12-11,10613.62
2002-12-12,10586.92
2002-12-13,10564.35
2002-12-16,10771.08
2002-12-17,10832.56
2002-12-18,10984.5
2002-12-19,11207.5
2002-12-20,11489.99
2002-12-23,11470.15
2002-12-26,11318.08
2002-12-27,11234.49
2002-12-30,11268.47
2003-01-02,11602.98
2003-01-03,11600.23
2003-01-06,12019.7
2003-01-07,11876.09
2003-01-08,11785.54
2003-01-09,11911.72
2003-01-10,12242.92
2003-01-13,12110.27
2003-01-14,12174.66
2003-01-15,11971.31
2003-01-16,11951.93
2003-01-17,11675.7
2003-01-20,11648.38
2003-01-21,11434.71
2003-01-22,11142.48
2003-01-23,11162.14
2003-01-24,10783.65
2003-01-27,10529.77
2003-01-28,10516.84
2003-01-29,10863.31
2003-01-30,10750.79
2003-01-31,10941.09
2003-02-03,10910.01
2003-02-04,10577.17
2003-02-05,10591.81
2003-02-06,10565.83
2003-02-07,10380.59
2003-02-10,10479.61
2003-02-11,10509.42
2003-02-12,10509.87
2003-02-13,10107.77
2003-02-14,10080.83
2003-02-17,10188.99
2003-02-18,10449.69
2003-02-19,10251.86
2003-02-20,10216.84
2003-02-21,10330.87
2003-02-24,10253.51
2003-02-25,10191.93
2003-02-26,9994.89
2003-02-27,10126.05
2003-02-28,10280.61
2003-03-05,10305.52
2003-03-06,10615.31
2003-03-07,10723.79
2003-03-10,10308.61
2003-03-11,10339.68
2003-03-12,10576.93
2003-03-13,10783.04
2003-03-14,10817.36
2003-03-17,10874.75
2003-03-18,11150.99
2003-03-19,11006.39
2003-03-20,11158.98
2003-03-21,11377.42
2003-03-24,11052.62
2003-03-25,11232.26
2003-03-26,11206.3
2003-03-27,11233.48
2003-03-28,11396.2
2003-03-31,11273.63
2003-04-01,11592.1
2003-04-02,11872.0
2003-04-03,12006.2
2003-04-04,12065.51
2003-04-07,12135.96
2003-04-08,11778.52
2003-04-09,11758.9
2003-04-10,11591.45
2003-04-11,11718.77
2003-04-14,11873.91
2003-04-15,12106.0
2003-04-16,12043.14
2003-04-17,12395.4
2003-04-22,12452.48
2003-04-23,12394.36
2003-04-24,12120.34
2003-04-25,12126.05
2003-04-28,12462.4
2003-04-29,12677.98
2003-04-30,12556.7
2003-05-02,12810.08
2003-05-05,12832.76
2003-05-06,12643.57
2003-05-07,12956.15
2003-05-08,12920.88
2003-05-09,13214.1
2003-05-12,13320.34
2003-05-13,13420.65
2003-05-14,13459.37
2003-05-15,13129.69
2003-05-16,13224.98
2003-05-19,12745.94
2003-05-20,12745.1
2003-05-21,13033.66
2003-05-22,13100.9
2003-05-23,13142.69
2003-05-26,12852.46
2003-05-27,13246.26
2003-05-28,13294.34
2003-05-29,13405.29
2003-05-30,13421.6
2003-06-02,13228.78
2003-06-03,13350.11
2003-06-04,13718.08
2003-06-05,13779.88
2003-06-06,13923.11
2003-06-09,13845.73
2003-06-10,13893.73
2003-06-11,13876.52
2003-06-12,13982.72
2003-06-13,13733.7
2003-06-16,13832.86
2003-06-17,13776.63
2003-06-18,13510.5
2003-06-20,13130.96
2003-06-23,12991.28
2003-06-24,13108.41
2003-06-25,13025.71
2003-06-26,13111.71
2003-06-27,13024.12
2003-06-30,12972.58
2003-07-01,13291.1
2003-07-02,13310.47
2003-07-03,13134.41
2003-07-04,13273.65
2003-07-07,13402.01
2003-07-08,13618.8
2003-07-10,13501.29
2003-07-11,13320.58
2003-07-14,13588.14
2003-07-15,13614.1
2003-07-16,13487.24
2003-07-17,13622.29
2003-07-18,13794.26
2003-07-21,13675.85
2003-07-22,13835.2
2003-07-23,13798.79
2003-07-24,13761.1
2003-07-25,13750.36
2003-07-28,13643.37
2003-07-29,13623.34
2003-07-30,13474.58
2003-07-31,13571.73
2003-08-01,13129.81
2003-08-04,12938.85
2003-08-05,13059.27
2003-08-06,12887.73
2003-08-07,13328.37
2003-08-08,13499.97
2003-08-11,13560.26
2003-08-12,13602.41
2003-08-13,13682.25
2003-08-14,13812.12
2003-08-15,13889.57
2003-08-18,14146.29
2003-08-19,14157.94
2003-08-20,14466.9
2003-08-21,14669.91
2003-08-22,14613.03
2003-08-25,14473.17
2003-08-26,14877.66
2003-08-27,15142.59
2003-08-28,15064.56
2003-08-29,15174.49
2003-09-01,15352.12
2003-09-02,15454.31
2003-09-03,15633.8
2003-09-04,15704.8
2003-09-05,15899.64
2003-09-08,16050.22
2003-09-09,15718.3
2003-09-10,15983.27
2003-09-11,16292.43
2003-09-12,16421.35
2003-09-15,16341.75
2003-09-16,16269.58
2003-09-17,16492.38
2003-09-18,16889.41
2003-09-19,16851.49
2003-09-22,16485.6
2003-09-23,16443.53
2003-09-24,16057.85
2003-09-25,15806.02
2003-09-26,15810.66
2003-09-29,16108.73
2003-09-30,16010.67
2003-10-01,16578.74
2003-10-02,16893.61
2003-10-03,17089.3
2003-10-06,17273.38
2003-10-07,17470.14
2003-10-08,17804.8
2003-10-09,17708.17
2003-10-10,17676.14
2003-10-13,18061.94
2003-10-14,18178.01
2003-10-15,17942.04
2003-10-16,17955.04
2003-10-17,17790.71
2003-10-20,18369.59
2003-10-21,18448.72
2003-10-22,18234.83
2003-10-23,17689.81
2003-10-24,17813.91
2003-10-27,17750.48
2003-10-28,18227.64
2003-10-29,17944.84
2003-10-30,18093.83
2003-10-31,17982.49
2003-11-03,18517.16
2003-11-04,18541.18
2003-11-05,18307.06
2003-11-06,18612.96
2003-11-07,18672.19
2003-11-10,18572.29
2003-11-11,18408.62
2003-11-12,18793.54
2003-11-13,18754.55
2003-11-14,18985.87
2003-11-17,18668.71
2003-11-18,18812.97
2003-11-19,18807.34
2003-11-20,19199.14
2003-11-21,19248.39
2003-11-24,19690.54
2003-11-25,19809.89
2003-11-26,19694.82
2003-11-27,19960.77
2003-11-28,20183.97
2003-12-01,20520.6
2003-12-02,20458.49
2003-12-03,20539.6
2003-12-04,20414.17
2003-12-05,20879.81
2003-12-08,20888.91
2003-12-09,21259.75
2003-12-10,20972.6
2003-12-11,21296.3
2003-12-12,20973.94
2003-12-15,20709.75
2003-12-16,20759.56
2003-12-17,21199.27
2003-12-18,21489.27
2003-12-19,21385.54
2003-12-22,21630.23
2003-12-23,21688.4
2003-12-26,21806.57
2003-12-29,22045.48
2003-12-30,22236.39
2004-01-02,22444.71
2004-01-05,23531.74
2004-01-06,23576.44
2004-01-07,23320.12
2004-01-08,23716.82
2004-01-09,23916.72
2004-01-12,24236.98
2004-01-13,23939.63
2004-01-14,23398.64
2004-01-15,22961.7
2004-01-16,23154.58
2004-01-19,23385.17
2004-01-20,23678.75
2004-01-21,23301.82
2004-01-22,22968.78
2004-01-23,23471.0
2004-01-26,24349.78
2004-01-27,24226.04
2004-01-28,23851.62
2004-01-29,22386.18
2004-01-30,21851.44
2004-02-02,21786.95
2004-02-03,22280.99
2004-02-04,21684.53
2004-02-05,21091.68
2004-02-06,21968.81
2004-02-09,21961.58
2004-02-10,22171.49
2004-02-11,23197.11
2004-02-12,23063.45
2004-02-13,22529.8
2004-02-16,22188.88
2004-02-17,22426.27
2004-02-18,22000.12
2004-02-19,20950.98
2004-02-20,21336.91
2004-02-25,21609.23
2004-02-26,21449.61
2004-02-27,21755.02
2004-03-01,22498.59
2004-03-02,22442.42
2004-03-03,22550.49
2004-03-04,22392.99
2004-03-05,22872.94
2004-03-08,22993.31
2004-03-09,22673.76
2004-03-10,21670.28
2004-03-11,20763.14
2004-03-12,21775.77
2004-03-15,21233.65
2004-03-16,21612.94
2004-03-17,21900.98
2004-03-18,22369.86
2004-03-19,22260.64
2004-03-22,21663.09
2004-03-23,21204.93
2004-03-24,20984.71
2004-03-25,21000.38
2004-03-26,21541.01
2004-03-29,21530.7
2004-03-30,22042.68
2004-03-31,22142.26
2004-04-01,22647.07
2004-04-02,22948.95
2004-04-05,23146.07
2004-04-06,23071.6
2004-04-07,22443.38
2004-04-08,22724.7
2004-04-12,22779.62
2004-04-13,22619.62
2004-04-14,22311.96
2004-04-15,21739.46
2004-04-16,21768.93
2004-04-19,21626.72
2004-04-20,21077.59
2004-04-22,21141.61
2004-04-23,21590.47
2004-04-26,21323.63
2004-04-27,21316.64
2004-04-28,20473.62
2004-04-29,19865.21
2004-04-30,19607.23
2004-05-03,19708.58
2004-05-04,19987.56
2004-05-05,20026.24
2004-05-06,19190.48
2004-05-07,18620.01
2004-05-10,17604.12
2004-05-11,18536.62
2004-05-12,18325.66
2004-05-13,18401.76
2004-05-14,18611.21
2004-05-17,18122.37
2004-05-18,18556.29
2004-05-19,18688.22
2004-05-20,18240.06
2004-05-21,18285.49
2004-05-24,18669.3
2004-05-25,18859.52
2004-05-26,19069.44
2004-05-27,19734.35
2004-05-28,19667.38
2004-05-31,19544.67
2004-06-01,19545.82
2004-06-02,19716.63
2004-06-03,19399.96
2004-06-04,19818.73
2004-06-07,20446.77
2004-06-08,20283.7
2004-06-09,19864.7
2004-06-11,19834.46
2004-06-14,19487.69
2004-06-15,20047.46
2004-06-16,20459.75
2004-06-17,20334.6
2004-06-18,20333.33
2004-06-21,20293.04
2004-06-22,20199.2
2004-06-23,20836.11
2004-06-24,20708.33
2004-06-25,20750.23
2004-06-28,20350.91
2004-06-29,20800.84
2004-06-30,21148.91
2004-07-01,21348.67
2004-07-02,21568.36
2004-07-05,21670.29
2004-07-06,21188.05
2004-07-07,21171.23
2004-07-08,20887.39
2004-07-12,21532.23
2004-07-13,21676.63
2004-07-14,21672.67
2004-07-15,22064.66
2004-07-16,22447.13
2004-07-19,22102.43
2004-07-20,22361.24
2004-07-21,21810.32
2004-07-22,21730.32
2004-07-23,21591.09
2004-07-26,21317.7
2004-07-27,21737.0
2004-07-28,22168.28
2004-07-29,22227.78
2004-07-30,22336.87
2004-08-02,22448.01
2004-08-03,22372.9
2004-08-04,22177.92
2004-08-05,21330.25
2004-08-06,21652.71
2004-08-09,21260.91
2004-08-10,21736.72
2004-08-11,21569.71
2004-08-12,21570.24
2004-08-13,21401.26
2004-08-16,21763.76
2004-08-17,22060.5
2004-08-18,22778.77
2004-08-19,22934.83
2004-08-20,23195.63
2004-08-23,22852.13
2004-08-24,22870.14
2004-08-25,23058.41
2004-08-26,22582.04
2004-08-27,22596.84
2004-08-30,22869.15
2004-08-31,22803.19
2004-09-01,22512.87
2004-09-02,22688.07
2004-09-03,22415.05
2004-09-06,22501.53
2004-09-08,22534.32
2004-09-09,22286.49
2004-09-10,21968.08
2004-09-13,21809.22
2004-09-14,22309.43
2004-09-15,22343.52
2004-09-16,22875.77
2004-09-17,23073.59
2004-09-20,23078.24
2004-09-21,23105.76
2004-09-22,22748.97
2004-09-23,22943.55
2004-09-24,22972.07
2004-09-27,22834.06
2004-09-28,23230.64
2004-09-29,23208.35
2004-09-30,23245.24
2004-10-01,23777.02
2004-10-04,24150.39
2004-10-05,24205.25
2004-10-06,24027.14
2004-10-07,24104.18
2004-10-08,23926.85
2004-10-11,23953.95
2004-10-13,23289.29
2004-10-14,22959.48
2004-10-15,23367.84
2004-10-18,23411.07
2004-10-19,22892.99
2004-10-20,22873.49
2004-10-21,23058.95
2004-10-22,22735.47
2004-10-26,22848.91
2004-10-27,23170.78
2004-10-28,22928.5
2004-10-29,23052.18
2004-11-01,23272.98
2004-11-03,23660.11
2004-11-04,23879.62
2004-11-05,23541.63
2004-11-08,23211.89
2004-11-09,23215.87
2004-11-10,23454.55
2004-11-11,23520.7
2004-11-12,24035.42
2004-11-16,23772.06
2004-11-17,24169.83
2004-11-18,24143.05
2004-11-19,24034.19
2004-11-22,24444.9
2004-11-23,24340.46
2004-11-24,24368.33
2004-11-25,24866.63
2004-11-26,24997.82
2004-11-29,24854.76
2004-11-30,25128.33
2004-12-01,25234.7
2004-12-02,25200.4
2004-12-03,25467.97
2004-12-06,25632.5
2004-12-07,24988.62
2004-12-08,24968.39
2004-12-09,24526.04
2004-12-10,24933.32
2004-12-13,25225.16
2004-12-14,25563.13
2004-12-15,25575.83
2004-12-16,25831.13
2004-12-17,25659.14
2004-12-20,25536.63
2004-12-21,25889.72
2004-12-22,25723.19
2004-12-23,25878.19
2004-12-27,25936.93
2004-12-28,26116.61
2004-12-29,26161.31
2004-12-30,26196.25
2005-01-03,25722.01
2005-01-04,24848.04
2005-01-05,24691.8
2005-01-06,24366.93
2005-01-07,24747.22
2005-01-10,24291.89
2005-01-11,24369.87
2005-01-12,24509.6
2005-01-13,24805.74
2005-01-14,24924.13
2005-01-17,24515.22
2005-01-18,24089.19
2005-01-19,24271.23
2005-01-20,23609.97
2005-01-21,23818.37
2005-01-24,24197.72
2005-01-26,24530.16
2005-01-27,24030.09
2005-01-28,23968.09
2005-01-31,24350.62
2005-02-01,24149.46
2005-02-02,24605.36
2005-02-03,24873.63
2005-02-04,25731.94
2005-02-09,26307.31
2005-02-10,26415.79
2005-02-11,26670.52
2005-02-14,26531.89
2005-02-15,26610.12
2005-02-16,26384.08
2005-02-17,27090.91
2005-02-18,26756.25
2005-02-21,26853.05
2005-02-22,26740.06
2005-02-23,27198.46
2005-02-24,28436.17
2005-02-25,28425.04
2005-02-28,28139.13
2005-03-01,27729.98
2005-03-02,28199.7
2005-03-03,28669.53
2005-03-04,29197.1
2005-03-07,29455.4
2005-03-08,29021.2
2005-03-09,28514.4
2005-03-10,28567.49
2005-03-11,28074.9
2005-03-14,28098.89
2005-03-15,27587.71
2005-03-16,27826.71
2005-03-17,28085.83
2005-03-18,27593.25
2005-03-21,27411.34
2005-03-22,26618.06
2005-03-23,26248.27
2005-03-24,26701.88
2005-03-28,26257.32
2005-03-29,25842.08
2005-03-30,26469.78
2005-03-31,26610.65
2005-04-01,26773.83
2005-04-04,26406.75
2005-04-05,26038.44
2005-04-06,25695.05
2005-04-07,26307.83
2005-04-08,25884.63
2005-04-11,25899.73
2005-04-12,26206.21
2005-04-13,26066.11
2005-04-14,25136.68
2005-04-15,24655.85
2005-04-18,24877.86
2005-04-19,25566.17
2005-04-20,25062.44
2005-04-22,24767.06
2005-04-25,25227.44
2005-04-26,25304.75
2005-04-27,25246.05
2005-04-28,24439.71
2005-04-29,24858.26
2005-05-02,24707.87
2005-05-03,24715.63
2005-05-04,25474.47
2005-05-05,25435.82
2005-05-06,25593.95
2005-05-09,25464.75
2005-05-10,24762.71
2005-05-11,24698.66
2005-05-12,24117.27
2005-05-13,23887.44
2005-05-16,24378.24
2005-05-17,24412.76
2005-05-18,24898.12
2005-05-19,24829.01
2005-05-20,24522.41
2005-05-23,24214.89
2005-05-24,24545.24
2005-05-25,24478.42
2005-05-27,25255.48
2005-05-30,25424.22
2005-05-31,25207.07
2005-06-01,25948.83
2005-06-02,26639.83
2005-06-03,26365.62
2005-06-06,25556.26
2005-06-07,25028.28
2005-06-08,24693.84
2005-06-09,24483.55
2005-06-10,24950.95
2005-06-13,24901.83
2005-06-14,25744.24
2005-06-15,25481.38
2005-06-16,25750.53
2005-06-17,26092.88
2005-06-20,26051.47
2005-06-21,25721.68
2005-06-22,25678.25
2005-06-23,24815.58
2005-06-24,24916.91
2005-06-27,25225.77
2005-06-28,25261.04
2005-06-29,25126.36
2005-06-30,25051.21
2005-07-01,25311.44
2005-07-04,25044.53
2005-07-05,24674.77
2005-07-06,24516.86
2005-07-07,24449.51
2005-07-08,24422.91
2005-07-11,25015.58
2005-07-12,25536.25
2005-07-13,25855.91
2005-07-14,25919.95
2005-07-15,25221.53
2005-07-18,25321.08
2005-07-19,25267.16
2005-07-20,25704.76
2005-07-21,25842.37
2005-07-22,25391.23
2005-07-25,24530.79
2005-07-26,24868.47
2005-07-27,25337.82
2005-07-28,26068.37
2005-07-29,26042.36
2005-08-01,26298.07
2005-08-02,26788.54
2005-08-03,26714.07
2005-08-04,26465.54
2005-08-05,26517.92
2005-08-08,26711.19
2005-08-09,27291.44
2005-08-10,27116.92
2005-08-11,26633.12
2005-08-12,26950.74
2005-08-15,27375.02
2005-08-16,27078.98
2005-08-17,27416.12
2005-08-18,26899.74
2005-08-19,26643.77
2005-08-22,27260.68
2005-08-23,26769.28
2005-08-24,26712.38
2005-08-25,27401.63
2005-08-26,27094.61
2005-08-29,27384.83
2005-08-30,27603.74
2005-08-31,28044.83
2005-09-01,27962.19
2005-09-02,28319.11
2005-09-05,28524.74
2005-09-06,28854.92
2005-09-08,28828.06
2005-09-09,29307.91
2005-09-12,29086.48
2005-09-13,28880.46
2005-09-14,29049.99
2005-09-15,29366.24
2005-09-16,29815.83
2005-09-19,30076.02
2005-09-20,30058.99
2005-09-21,30837.29
2005-09-22,30678.43
2005-09-23,31294.11
2005-09-26,31143.05
2005-09-27,30874.94
2005-09-28,31317.24
2005-09-29,31208.82
2005-09-30,31583.79
2005-10-03,31856.13
2005-10-04,31283.83
2005-10-05,30163.52
2005-10-06,29197.55
2005-10-07,29972.99
2005-10-10,30277.22
2005-10-11,30614.23
2005-10-13,29880.04
2005-10-14,29770.22
2005-10-17,30241.61
2005-10-18,29067.91
2005-10-19,29297.11
2005-10-20,28344.08
2005-10-21,29175.79
2005-10-24,29834.99
2005-10-25,29498.03
2005-10-26,29729.97
2005-10-27,29132.52
2005-10-28,29318.18
2005-10-31,30193.51
2005-11-01,30899.71
2005-11-03,31099.97
2005-11-04,30894.96
2005-11-07,30952.24
2005-11-08,30967.18
2005-11-09,30666.07
2005-11-10,30708.57
2005-11-11,30510.89
2005-11-14,30218.88
2005-11-16,30482.12
2005-11-17,31089.05
2005-11-18,31102.37
2005-11-21,31110.07
2005-11-22,31489.01
2005-11-23,31942.56
2005-11-24,31944.73
2005-11-25,31919.66
2005-11-28,31357.55
2005-11-29,31651.55
2005-11-30,31916.76
2005-12-01,32617.18
2005-12-02,32832.45
2005-12-05,32701.17
2005-12-06,33223.42
2005-12-07,32756.79
2005-12-08,32480.03
2005-12-09,32921.76
2005-12-12,32965.94
2005-12-13,33419.64
2005-12-14,33629.46
2005-12-15,33193.26
2005-12-16,33291.82
2005-12-19,33005.26
2005-12-20,33066.53
2005-12-21,33517.05
2005-12-22,33512.85
2005-12-23,33331.26
2005-12-26,33297.51
2005-12-27,33370.73
2005-12-28,33138.48
2005-12-29,33455.94
2006-01-02,33507.26
2006-01-03,34540.57
2006-01-04,35002.37
2006-01-05,34936.1
2006-01-06,35475.01
2006-01-09,35337.32
2006-01-10,35049.42
2006-01-11,35952.23
2006-01-12,35783.57
2006-01-13,35897.12
2006-01-16,36533.67
2006-01-17,36119.37
2006-01-18,35805.19
2006-01-19,36858.19
2006-01-20,36694.64
2006-01-23,36631.75
2006-01-24,37399.67
2006-01-26,38014.35
2006-01-27,37822.21
2006-01-30,38242.03
2006-01-31,38372.82
2006-02-01,38484.83
2006-02-02,37304.19
2006-02-03,37261.73
2006-02-06,37331.21
2006-02-07,36568.51
2006-02-08,36499.41
2006-02-09,36882.3
2006-02-10,36975.26
2006-02-13,36113.94
2006-02-14,36626.87
2006-02-15,37260.32
2006-02-16,38256.39
2006-02-17,38421.82
2006-02-20,38539.17
2006-02-21,38165.96
2006-02-22,38216.96
2006-02-23,38405.48
2006-02-24,38610.39
2006-03-01,39177.87
2006-03-02,39125.83
2006-03-03,39239.75
2006-03-06,38353.98
2006-03-07,37422.57
2006-03-08,37289.07
2006-03-09,36312.26
2006-03-10,36890.69
2006-03-13,36792.98
2006-03-14,37541.48
2006-03-15,38243.98
2006-03-16,38156.64
2006-03-17,38049.17
2006-03-20,38203.53
2006-03-21,37398.01
2006-03-22,37850.58
2006-03-23,37473.85
2006-03-24,37577.05
2006-03-27,37641.05
2006-03-28,36682.21
2006-03-29,37491.57
2006-03-30,37776.76
2006-03-31,37951.96
2006-04-03,38717.07
2006-04-04,38802.26
2006-04-05,39053.01
2006-04-06,39285.03
2006-04-07,38926.48
2006-04-10,38474.73
2006-04-11,37901.19
2006-04-12,38427.41
2006-04-13,38082.12
2006-04-17,38462.48
2006-04-18,39572.46
2006-04-19,39937.73
2006-04-20,39774.58
2006-04-24,39754.82
2006-04-25,39738.07
2006-04-26,40410.05
2006-04-27,39751.44
2006-04-28,40363.42
2006-05-02,41016.57
2006-05-03,40919.76
2006-05-04,40975.78
2006-05-05,41417.26
2006-05-08,41515.48
2006-05-09,41979.28
2006-05-10,41710.12
2006-05-11,40847.07
2006-05-12,40211.96
2006-05-15,39271.44
2006-05-16,39416.44
2006-05-17,38290.67
2006-05-18,37807.14
2006-05-19,37732.85
2006-05-22,36496.92
2006-05-23,36204.14
2006-05-24,35791.96
2006-05-25,37568.66
2006-05-26,38629.71
2006-05-29,38145.14
2006-05-30,36412.51
2006-05-31,36530.03
2006-06-01,37743.98
2006-06-02,37942.17
2006-06-05,36739.85
2006-06-06,36540.91
2006-06-07,35262.46
2006-06-08,35437.78
2006-06-09,35074.62
2006-06-12,33554.51
2006-06-13,32847.6
2006-06-14,32941.46
2006-06-16,34398.92
2006-06-19,33897.35
2006-06-20,33632.14
2006-06-21,34546.64
2006-06-22,34316.76
2006-06-23,34661.21
2006-06-26,34631.23
2006-06-27,34375.73
2006-06-28,34834.64
2006-06-29,36486.67
2006-06-30,36630.66
2006-07-03,37354.55
2006-07-04,37367.33
2006-07-05,36378.03
2006-07-06,36533.12
2006-07-07,36101.98
2006-07-10,36140.64
2006-07-11,36553.55
2006-07-12,36229.71
2006-07-13,35354.28
2006-07-14,35349.67
2006-07-17,34866.3
2006-07-18,35130.42
2006-07-19,36785.44
2006-07-20,35846.83
2006-07-21,35510.67
2006-07-24,36224.39
2006-07-25,36680.82
2006-07-26,36595.17
2006-07-27,36887.71
2006-07-28,37381.05
2006-07-31,37077.12
2006-08-01,36839.3
2006-08-02,37296.41
2006-08-03,37451.19
2006-08-04,37847.87
2006-08-07,37697.55
2006-08-08,37600.44
2006-08-09,37255.12
2006-08-10,37353.76
2006-08-11,36944.42
2006-08-14,36556.87
2006-08-15,37295.92
2006-08-16,37677.8
2006-08-17,37558.89
2006-08-18,37551.71
2006-08-21,37164.05
2006-08-22,36677.51
2006-08-23,35515.67
2006-08-24,35797.26
2006-08-25,35957.51
2006-08-28,36374.51
2006-08-29,36303.67
2006-08-30,36313.42
2006-08-31,36232.21
2006-09-01,37329.14
2006-09-04,37693.35
2006-09-05,37367.96
2006-09-06,36709.87
2006-09-08,36558.48
2006-09-11,35772.48
2006-09-12,36146.66
2006-09-13,36549.71
2006-09-14,36153.08
2006-09-15,36169.92
2006-09-18,36482.78
2006-09-19,35885.67
2006-09-20,35196.58
2006-09-21,34830.07
2006-09-22,34816.44
2006-09-25,34972.73
2006-09-26,35818.96
2006-09-27,36105.64
2006-09-28,36486.19
2006-09-29,36449.8
2006-10-02,37057.75
2006-10-03,36437.55
2006-10-04,37749.28
2006-10-05,37976.85
2006-10-06,37940.44
2006-10-09,38406.37
2006-10-10,38654.69
2006-10-11,38322.21
2006-10-13,38850.16
2006-10-16,39229.05
2006-10-17,38899.55
2006-10-18,38685.98
2006-10-19,38919.75
2006-10-20,38642.82
2006-10-23,39226.76
2006-10-24,39498.98
2006-10-25,39562.62
2006-10-26,39644.78
2006-10-27,39328.46
2006-10-30,38900.48
2006-10-31,39262.78
2006-11-01,39930.05
2006-11-03,40435.17
2006-11-06,41246.6
2006-11-07,41048.3
2006-11-08,41334.23
2006-11-09,40815.48
2006-11-10,40719.92
2006-11-13,40605.78
2006-11-14,41270.48
2006-11-16,41161.87
2006-11-17,41029.42
2006-11-21,41524.82
2006-11-22,41912.92
2006-11-23,42069.82
2006-11-24,41757.71
2006-11-27,40914.62
2006-11-28,41043.14
2006-11-29,41970.01
2006-11-30,41931.83
2006-12-01,41327.07
2006-12-04,42654.32
2006-12-05,43157.28
2006-12-06,43096.16
2006-12-07,42909.28
2006-12-08,42977.57
2006-12-11,43297.05
2006-12-12,43018.44
2006-12-13,43284.51
2006-12-14,43754.55
2006-12-15,43754.97
2006-12-18,43508.73
2006-12-19,43589.71
2006-12-20,43502.35
2006-12-21,43385.01
2006-12-22,43355.73
2006-12-26,43603.07
2006-12-27,44526.35
2006-12-28,44473.71
2007-01-02,45382.6
2007-01-03,44445.28
2007-01-04,44019.76
2007-01-05,42245.16
2007-01-08,42829.92
2007-01-09,42006.78
2007-01-10,42335.67
2007-01-11,42670.32
2007-01-12,43094.96
2007-01-15,42919.17
2007-01-16,42624.21
2007-01-17,42735.48
2007-01-18,42477.92
2007-01-19,43427.64
2007-01-22,43536.48
2007-01-23,44173.12
2007-01-24,44686.73
2007-01-26,44412.35
2007-01-29,43573.48
2007-01-30,44044.23
2007-01-31,44642.91
2007-02-01,44815.01
2007-02-02,44997.82
2007-02-05,45286.17
2007-02-06,45368.21
2007-02-07,44587.96
2007-02-08,44891.94
2007-02-09,44271.96
2007-02-12,43934.75
2007-02-13,45197.44
2007-02-14,45993.89
2007-02-15,45955.07
2007-02-16,45849.03
2007-02-21,46090.23
2007-02-22,46452.26
2007-02-23,46015.78
2007-02-26,46206.28
2007-02-27,43145.32
2007-02-28,43892.3
2007-03-01,43516.91
2007-03-02,42369.83
2007-03-05,41179.16
2007-03-06,43207.91
2007-03-07,42667.17
2007-03-08,43465.82
2007-03-09,44133.42
2007-03-12,44249.23
2007-03-13,42749.37
2007-03-14,43288.44
2007-03-15,43278.19
2007-03-16,42730.03
2007-03-19,43712.55
2007-03-20,44350.87
2007-03-21,45630.85
2007-03-22,45424.17
2007-03-23,45532.53
2007-03-26,45644.55
2007-03-27,45206.53
2007-03-28,44482.23
2007-03-29,45355.12
2007-03-30,45804.66
2007-04-02,45597.48
2007-04-03,46288.16
2007-04-04,46553.92
2007-04-05,46646.57
2007-04-09,46854.71
2007-04-10,47174.07
2007-04-11,46939.19
2007-04-12,47346.55
2007-04-13,47926.23
2007-04-16,48921.21
2007-04-17,48755.48
2007-04-18,48709.83
2007-04-19,48762.12
2007-04-20,49408.17
2007-04-23,49162.08
2007-04-24,49070.85
2007-04-25,49675.58
2007-04-26,49067.69
2007-04-27,49231.76
2007-04-30,48956.39
2007-05-02,49471.53
2007-05-03,50218.21
2007-05-04,50597.78
2007-05-07,50281.73
2007-05-08,50277.69
2007-05-09,51300.12
2007-05-10,50234.67
2007-05-11,50902.37
2007-05-14,50510.76
2007-05-15,50518.21
2007-05-16,51737.55
2007-05-17,51631.46
2007-05-18,52077.67
2007-05-21,52423.44
2007-05-22,52208.08
2007-05-23,51817.26
2007-05-24,50530.64
2007-05-25,51617.96
2007-05-28,52119.96
2007-05-29,51713.17
2007-05-30,52527.64
2007-05-31,52268.46
2007-06-01,53422.67
2007-06-04,53242.67
2007-06-05,53162.21
2007-06-06,52049.3
2007-06-08,52329.67
2007-06-11,52776.83
2007-06-12,51797.14
2007-06-13,52993.73
2007-06-14,53712.89
2007-06-15,54518.62
2007-06-18,54730.44
2007-06-19,54643.71
2007-06-20,54029.23
2007-06-21,54656.87
2007-06-22,54253.12
2007-06-25,54041.57
2007-06-26,53851.67
2007-06-27,54143.07
2007-06-28,54146.58
2007-06-29,54392.05
2007-07-02,55371.21
2007-07-03,55699.69
2007-07-04,55696.46
2007-07-05,55932.33
2007-07-06,56443.73
2007-07-10,55873.75
2007-07-11,56356.12
2007-07-12,57613.05
2007-07-13,57644.16
2007-07-16,57380.35
2007-07-17,57659.64
2007-07-18,57555.85
2007-07-19,58124.57
2007-07-20,57442.73
2007-07-23,58036.76
2007-07-24,55794.57
2007-07-25,55998.53
2007-07-26,53893.14
2007-07-27,52922.23
2007-07-30,54572.6
2007-07-31,54191.26
2007-08-01,54233.87
2007-08-02,54690.92
2007-08-03,52846.37
2007-08-06,53079.32
2007-08-07,53802.48
2007-08-08,55241.37
2007-08-09,53430.83
2007-08-10,52638.12
2007-08-13,52434.01
2007-08-14,50911.75
2007-08-15,49258.55
2007-08-16,48015.55
2007-08-17,48558.76
2007-08-20,49206.35
2007-08-21,49815.07
2007-08-22,51744.55
2007-08-23,51848.23
2007-08-24,52997.55
2007-08-27,53078.14
2007-08-28,51645.32
2007-08-29,52734.64
2007-08-30,52857.83
2007-08-31,54637.23
2007-09-03,54832.51
2007-09-04,55250.46
2007-09-05,54407.82
2007-09-06,54573.14
2007-09-10,52652.57
2007-09-11,53920.57
2007-09-12,53882.71
2007-09-13,54908.17
2007-09-14,54672.51
2007-09-17,54340.53
2007-09-18,56656.64
2007-09-19,57264.21
2007-09-20,56906.44
2007-09-21,57798.78
2007-09-24,58719.37
2007-09-25,58857.78
2007-09-26,59714.82
2007-09-27,61052.44
2007-09-28,60465.05
2007-10-01,62340.33
2007-10-02,62017.12
2007-10-03,60098.57
2007-10-04,60406.71
2007-10-05,62318.71
2007-10-08,62660.85
2007-10-09,63548.69
2007-10-10,63197.03
2007-10-11,62455.76
2007-10-15,62969.44
2007-10-16,61720.96
2007-10-17,63193.67
2007-10-18,63261.32
2007-10-19,60894.28
2007-10-22,61215.12
2007-10-23,62697.14
2007-10-24,62624.8
2007-10-25,62341.48
2007-10-26,64275.57
2007-10-29,65044.3
2007-10-30,64383.12
2007-10-31,65319.03
2007-11-01,64050.07
2007-11-05,62959.55
2007-11-06,64503.42
2007-11-07,63500.62
2007-11-08,63561.91
2007-11-09,64320.55
2007-11-12,61526.87
2007-11-13,62927.03
2007-11-14,64630.87
2007-11-16,64609.37
2007-11-19,62336.01
2007-11-21,60581.53
2007-11-22,60653.01
2007-11-23,60963.98
2007-11-26,59069.17
2007-11-27,59424.46
2007-11-28,61714.64
2007-11-29,62156.33
2007-11-30,63006.16
2007-12-03,63199.85
2007-12-04,63481.53
2007-12-05,64927.96
2007-12-06,65790.81
2007-12-07,65638.53
2007-12-10,65445.96
2007-12-11,64512.26
2007-12-12,64741.69
2007-12-13,62860.98
2007-12-14,62444.96
2007-12-17,59828.21
2007-12-18,61096.28
2007-12-19,61721.71
2007-12-20,61731.48
2007-12-21,63097.71
2007-12-26,64288.26
2007-12-27,63774.37
2007-12-28,63644.87
2008-01-02,62815.12
2008-01-03,62891.96
2008-01-04,61036.6
2008-01-07,60772.14
2008-01-08,62080.73
2008-01-09,62673.69
2008-01-10,63515.48
2008-01-11,61942.35
2008-01-14,62187.78
2008-01-15,59907.05
2008-01-16,58777.44
2008-01-17,57036.85
2008-01-18,57506.46
2008-01-21,53709.1
2008-01-22,56097.17
2008-01-23,54234.82
2008-01-24,57463.3
2008-01-28,58593.69
2008-01-29,59529.5
2008-01-30,60289.39
2008-01-31,59490.39
2008-02-01,61079.8
2008-02-06,58968.5
2008-02-07,58965.39
2008-02-08,59075.89
2008-02-11,60643.19
2008-02-12,61805.39
2008-02-13,62590.6
2008-02-14,61818.89
2008-02-15,61271.8
2008-02-18,62801.39
2008-02-19,62296.5
2008-02-20,63747.39
2008-02-21,63792.19
2008-02-22,64608.69
2008-02-25,65000.89
2008-02-26,65182.6
2008-02-27,65494.8
2008-02-28,65555.0
2008-02-29,63489.3
2008-03-03,64490.39
2008-03-04,63655.5
2008-03-05,64629.39
2008-03-06,62974.6
2008-03-07,61867.89
2008-03-10,59999.19
2008-03-11,62367.69
2008-03-12,62176.5
2008-03-13,62279.69
2008-03-14,61990.89
2008-03-17,60011.8
2008-03-18,61932.69
2008-03-19,58827.3
2008-03-20,58987.3
2008-03-24,59812.5
2008-03-25,61234.0
2008-03-26,61415.19
2008-03-27,60761.6
2008-03-28,60452.1
2008-03-31,60968.0
2008-04-01,62774.8
2008-04-02,63364.3
2008-04-03,64175.0
2008-04-04,64445.89
2008-04-07,64175.5
2008-04-08,64539.5
2008-04-09,63476.89
2008-04-10,63527.1
2008-04-11,62585.19
2008-04-14,62153.39
2008-04-15,62618.3
2008-04-16,64151.89
2008-04-17,64552.39
2008-04-18,64922.6
2008-04-22,65412.6
2008-04-23,64947.5
2008-04-24,64576.19
2008-04-25,65187.3
2008-04-28,65677.7
2008-04-29,63825.69
2008-04-30,67868.39
2008-05-02,69366.29
2008-05-05,70174.79
2008-05-06,70195.2
2008-05-07,69017.6
2008-05-08,69722.2
2008-05-09,69645.7
2008-05-12,70415.79
2008-05-13,70503.2
2008-05-14,70026.6
2008-05-15,71492.29
2008-05-16,72766.89
2008-05-19,73438.83
2008-05-20,73516.81
2008-05-21,72294.8
2008-05-23,71451.79
2008-05-26,71628.7
2008-05-27,70992.0
2008-05-28,73153.2
2008-05-29,71797.5
2008-05-30,72592.5
2008-06-02,71897.2
2008-06-03,70011.89
2008-06-04,68673.1
2008-06-05,71234.79
2008-06-06,69785.79
2008-06-09,69281.2
2008-06-10,67774.89
2008-06-11,66794.7
2008-06-12,67321.5
2008-06-13,67203.5
2008-06-16,67284.6
2008-06-17,68437.5
2008-06-18,67090.39
2008-06-19,66590.39
2008-06-20,64613.69
2008-06-23,64640.39
2008-06-24,64167.76
2008-06-25,65853.34
2008-06-26,63946.92
2008-06-27,64321.1
2008-06-30,65017.57
2008-07-01,63396.19
2008-07-02,61106.21
2008-07-03,59273.37
2008-07-04,59365.35
2008-07-07,59087.07
2008-07-08,59535.94
2008-07-10,60252.73
2008-07-11,60148.26
2008-07-14,60735.6
2008-07-15,61015.08
2008-07-16,62056.46
2008-07-17,60108.71
2008-07-18,59972.25
2008-07-21,60771.78
2008-07-22,59647.32
2008-07-23,59420.85
2008-07-24,57434.37
2008-07-25,57199.14
2008-07-28,56869.01
2008-07-29,58042.87
2008-07-30,59997.64
2008-07-31,59505.17
2008-08-01,57630.35
2008-08-04,55609.07
2008-08-05,56470.58
2008-08-06,57542.48
2008-08-07,57017.55
2008-08-08,56586.42
2008-08-11,54720.25
2008-08-12,54502.96
2008-08-13,54573.17
2008-08-14,55138.35
2008-08-15,54244.03
2008-08-18,53326.53
2008-08-19,53638.69
2008-08-20,55377.14
2008-08-21,55934.69
2008-08-22,55850.12
2008-08-25,54477.25
2008-08-26,54343.58
2008-08-27,55519.23
2008-08-28,56382.21
2008-08-29,55680.41
2008-09-01,55162.14
2008-09-02,54404.41
2008-09-03,53527.01
2008-09-04,51408.53
2008-09-05,51913.12
2008-09-08,50717.96
2008-09-09,48431.94
2008-09-10,49633.16
2008-09-11,51220.81
2008-09-12,52392.86
2008-09-15,48416.33
2008-09-16,49228.92
2008-09-17,47424.73
2008-09-18,48422.75
2008-09-19,52133.73
2008-09-22,51540.58
2008-09-23,49593.17
2008-09-24,49842.99
2008-09-25,51828.46
2008-09-26,50782.99
2008-09-29,46028.06
2008-09-30,49541.27
2008-10-01,49798.65
2008-10-02,46132.62
2008-10-03,44517.32
2008-10-06,42100.79
2008-10-07,40139.85
2008-10-08,38593.54
2008-10-09,37089.29
2008-10-10,35609.54
2008-10-13,40829.13
2008-10-14,41569.03
2008-10-15,36833.02
2008-10-16,36441.72
2008-10-17,36399.09
2008-10-20,39441.08
2008-10-21,39043.39
2008-10-22,35069.73
2008-10-23,33818.49
2008-10-24,31481.55
2008-10-27,29435.11
2008-10-28,33386.65
2008-10-29,34845.21
2008-10-30,37448.77
2008-10-31,37256.84
2008-11-03,38249.44
2008-11-04,40252.13
2008-11-05,37785.66
2008-11-06,36361.91
2008-11-07,36665.11
2008-11-10,36776.27
2008-11-11,37254.18
2008-11-12,34373.99
2008-11-13,35993.33
2008-11-14,35771.22
2008-11-17,35717.21
2008-11-18,34094.66
2008-11-19,33404.55
2008-11-21,31213.77
2008-11-24,34188.83
2008-11-25,34812.86
2008-11-26,36469.61
2008-11-27,36212.65
2008-11-28,36595.87
2008-12-01,34735.12
2008-12-02,35000.84
2008-12-03,35293.67
2008-12-04,35127.77
2008-12-05,35347.39
2008-12-08,38284.91
2008-12-09,37968.11
2008-12-10,39015.44
2008-12-11,38519.07
2008-12-12,39373.86
2008-12-15,38320.19
2008-12-16,39993.46
2008-12-17,39947.43
2008-12-18,39536.27
2008-12-19,39131.23
2008-12-22,37626.83
2008-12-23,36470.78
2008-12-26,36864.13
2008-12-29,37060.16
2008-12-30,37550.31
2009-01-02,40244.22
2009-01-05,41518.66
2009-01-06,42312.28
2009-01-07,40820.25
2009-01-08,41990.55
2009-01-09,41582.94
2009-01-12,39403.47
2009-01-13,39544.23
2009-01-14,37981.77
2009-01-15,39151.08
2009-01-16,39341.54
2009-01-19,38828.32
2009-01-20,37272.07
2009-01-21,38542.9
2009-01-22,37894.33
2009-01-23,38132.35
2009-01-26,38509.45
2009-01-27,38698.92
2009-01-28,40227.45
2009-01-29,39638.42
2009-01-30,39300.79
2009-02-02,38666.44
2009-02-03,39746.76
2009-02-04,40129.04
2009-02-05,41108.65
2009-02-06,42755.5
2009-02-09,42100.12
2009-02-10,41207.43
2009-02-11,40845.62
2009-02-12,40500.79
2009-02-13,41673.62
2009-02-16,41257.0
2009-02-17,39846.97
2009-02-18,39674.39
2009-02-19,39730.33
2009-02-20,38714.64
2009-02-25,38231.58
2009-02-26,38180.18
2009-02-27,38183.31
2009-03-02,36234.69
2009-03-03,36467.56
2009-03-04,38402.24
2009-03-05,37368.93
2009-03-06,37105.09
2009-03-09,36741.35
2009-03-10,38794.55
2009-03-11,38804.8
2009-03-12,39151.0
2009-03-13,39015.37
2009-03-16,38607.2
2009-03-17,39510.72
2009-03-18,40142.29
2009-03-19,40453.43
2009-03-20,40076.41
2009-03-23,42438.0
2009-03-24,41475.83
2009-03-25,41799.3
2009-03-26,42588.66
2009-03-27,41907.29
2009-03-30,40653.13
2009-03-31,40925.87
2009-04-01,41976.33
2009-04-02,43736.45
2009-04-03,44390.98
2009-04-06,44167.26
2009-04-07,43824.53
2009-04-08,44181.98
2009-04-09,45538.71
2009-04-13,45998.0
2009-04-14,45502.0
2009-04-15,45070.0
2009-04-16,46033.0
2009-04-17,45937.0
2009-04-20,44357.0
2009-04-22,45351.0
2009-04-23,45497.0
2009-04-24,46763.0
2009-04-27,45742.0
2009-04-28,45933.0
2009-04-29,47357.0
2009-04-30,47473.0
2009-05-04,50102.0
2009-05-05,50429.0
2009-05-06,51831.0
2009-05-07,49803.0
2009-05-08,51041.0
2009-05-11,50992.0
2009-05-12,50318.0
2009-05-13,48642.0
2009-05-14,49176.0
2009-05-15,49060.0
2009-05-18,51127.0
2009-05-19,51844.0
2009-05-20,51608.0
2009-05-21,49691.0
2009-05-22,50715.0
2009-05-25,50668.0
2009-05-26,51840.8
2009-05-27,51791.61
2009-05-28,53040.74
2009-05-29,53197.73
2009-06-01,54486.29
2009-06-02,53999.52
2009-06-03,52086.63
2009-06-04,53463.9
2009-06-05,53341.01
2009-06-08,53630.39
2009-06-09,53157.13
2009-06-10,53410.93
2009-06-12,53558.23
2009-06-15,52033.82
2009-06-16,51205.78
2009-06-17,51045.84
2009-06-18,50903.02
2009-06-19,51373.77
2009-06-22,49494.8
2009-06-23,49813.58
2009-06-24,49672.12
2009-06-25,51514.81
2009-06-26,51485.61
2009-06-29,52137.58
2009-06-30,51465.46
2009-07-01,51543.78
2009-07-02,51024.94
2009-07-03,50934.69
2009-07-06,50622.47
2009-07-07,49456.7
2009-07-08,49177.55
2009-07-10,49220.78
2009-07-13,49186.93
2009-07-14,48872.58
2009-07-15,51296.66
2009-07-16,51918.2
2009-07-17,52072.49
2009-07-20,53154.93
2009-07-21,53233.57
2009-07-22,53072.57
2009-07-23,54249.36
2009-07-24,54457.29
2009-07-27,54548.99
2009-07-28,54471.54
2009-07-29,53734.53
2009-07-30,54478.43
2009-07-31,54765.72
2009-08-03,55997.81
2009-08-04,56038.07
2009-08-05,56384.08
2009-08-06,55754.88
2009-08-07,56329.51
2009-08-10,56830.01
2009-08-11,55761.16
2009-08-12,56588.26
2009-08-13,57047.98
2009-08-14,56638.0
2009-08-17,55218.37
2009-08-18,55748.92
2009-08-19,56156.28
2009-08-20,56831.48
2009-08-21,57728.59
2009-08-24,57775.37
2009-08-25,57421.43
2009-08-26,57765.69
2009-08-27,57703.85
2009-08-28,57700.57
2009-08-31,56488.98
2009-09-01,55814.96
2009-09-02,55385.72
2009-09-03,55707.17
2009-09-04,56652.28
2009-09-08,57854.8
2009-09-09,57909.95
2009-09-10,58535.79
2009-09-11,58366.38
2009-09-14,58867.55
2009-09-15,59263.86
2009-09-16,60410.66
2009-09-17,60236.03
2009-09-18,60703.01
2009-09-21,60928.02
2009-09-22,61493.39
2009-09-23,60496.19
2009-09-24,60046.28
2009-09-25,60355.73
2009-09-28,61316.62
2009-09-29,61235.26
2009-09-30,61517.89
2009-10-01,60459.33
2009-10-02,61171.99
2009-10-05,62369.3
2009-10-06,62670.59
2009-10-07,62638.28
2009-10-08,63759.87
2009-10-09,64071.01
2009-10-13,64645.59
2009-10-14,66201.13
2009-10-15,66703.32
2009-10-16,66200.49
2009-10-19,67239.45
2009-10-20,65303.11
2009-10-21,65485.59
2009-10-22,66134.97
2009-10-23,65058.84
2009-10-26,65085.55
2009-10-27,63161.04
2009-10-28,60162.31
2009-10-29,63720.58
2009-10-30,61545.5
2009-11-03,62643.23
2009-11-04,63912.57
2009-11-05,64815.72
2009-11-06,64466.13
2009-11-09,66214.35
2009-11-10,66303.49
2009-11-11,66431.24
2009-11-12,64447.93
2009-11-13,65325.63
2009-11-16,66627.1
2009-11-17,67405.98
2009-11-18,66515.66
2009-11-19,66327.28
2009-11-23,66809.4
2009-11-24,67317.0
2009-11-25,67917.08
2009-11-26,66391.8
2009-11-27,67082.15
2009-11-30,67044.44
2009-12-01,68408.4
2009-12-02,68614.79
2009-12-03,68314.82
2009-12-04,67603.52
2009-12-07,68512.19
2009-12-08,67728.51
2009-12-09,68011.99
2009-12-10,68728.29
2009-12-11,69267.47
2009-12-14,69349.4
2009-12-15,69310.81
2009-12-16,68622.4
2009-12-17,67067.96
2009-12-18,66794.21
2009-12-21,65925.19
2009-12-22,67417.93
2009-12-23,67588.86
2009-12-28,67901.7
2009-12-29,68296.04
2009-12-30,68588.41
2010-01-04,70045.08
2010-01-05,70239.82
2010-01-06,70729.34
2010-01-07,70451.12
2010-01-08,70262.7
2010-01-11,70433.49
2010-01-12,70075.78
2010-01-13,70385.47
2010-01-14,69801.42
2010-01-15,68978.3
2010-01-18,69400.93
2010-01-19,69908.59
2010-01-20,68200.07
2010-01-21,66270.14
2010-01-22,66220.04
2010-01-26,65523.73
2010-01-27,65069.79
2010-01-28,65587.81
2010-01-29,65401.77
2010-02-01,66571.74
2010-02-02,67163.21
2010-02-03,67108.56
2010-02-04,63934.01
2010-02-05,62762.7
2010-02-08,63153.09
2010-02-09,64718.17
2010-02-10,65051.42
2010-02-11,66128.94
2010-02-12,65854.97
2010-02-17,67284.57
2010-02-18,67836.08
2010-02-19,67597.43
2010-02-22,67184.16
2010-02-23,66108.33
2010-02-24,65794.77
2010-02-25,66121.04
2010-02-26,66503.27
2010-03-01,67227.93
2010-03-02,67779.16
2010-03-03,67641.34
2010-03-04,67814.71
2010-03-05,68846.5
2010-03-08,68575.47
2010-03-09,69576.38
2010-03-10,69979.28
2010-03-11,69884.61
2010-03-12,69341.38
2010-03-15,69023.75
2010-03-16,69942.21
2010-03-17,69723.24
2010-03-18,69697.33
2010-03-19,68828.98
2010-03-22,69041.73
2010-03-23,69386.72
2010-03-24,68913.4
2010-03-25,68441.66
2010-03-26,68682.66
2010-03-29,69939.12
2010-03-30,69959.58
2010-03-31,70371.54
2010-04-01,71136.34
2010-04-05,71289.68
2010-04-06,71095.65
2010-04-07,70792.94
2010-04-08,71784.78
2010-04-09,71417.27
2010-04-12,70614.36
2010-04-13,70792.4
2010-04-14,71034.85
2010-04-15,70524.35
2010-04-16,69421.35
2010-04-19,69097.58
2010-04-20,69318.44
2010-04-22,69386.41
2010-04-23,69509.49
2010-04-26,68871.94
2010-04-27,66511.1
2010-04-28,66655.71
2010-04-29,67978.05
2010-04-30,67529.73
2010-05-03,67119.41
2010-05-04,64869.32
2010-05-05,64914.17
2010-05-06,63414.22
2010-05-07,62870.88
2010-05-10,65452.68
2010-05-11,64424.89
2010-05-12,65223.63
2010-05-13,64788.22
2010-05-14,63412.47
2010-05-17,62866.26
2010-05-18,60841.08
2010-05-19,59689.32
2010-05-20,58192.08
2010-05-21,60259.33
2010-05-24,59915.14
2010-05-25,59184.08
2010-05-26,60190.36
2010-05-27,62091.77
2010-05-28,61946.99
2010-05-31,63046.51
2010-06-01,61840.99
2010-06-02,62942.91
2010-06-04,61675.75
2010-06-07,61182.92
2010-06-08,61855.52
2010-06-09,61478.61
2010-06-10,63048.8
2010-06-11,63605.38
2010-06-14,63532.85
2010-06-15,64442.27
2010-06-16,64750.71
2010-06-17,64540.91
2010-06-18,64437.58
2010-06-21,64728.0
2010-06-22,64973.0
2010-06-23,64809.0
2010-06-24,63952.0
2010-06-25,64692.0
2010-06-28,64225.22
2010-06-29,61977.91
2010-06-30,60935.9
2010-07-01,61236.2
2010-07-02,61429.79
2010-07-05,60865.27
2010-07-06,62064.75
2010-07-07,63283.8
2010-07-08,63476.32
2010-07-12,62960.1
2010-07-13,63685.56
2010-07-14,63479.46
2010-07-15,63489.37
2010-07-16,62339.27
2010-07-19,63297.04
2010-07-20,64462.5
2010-07-21,64476.84
2010-07-22,65748.1
2010-07-23,66322.99
2010-07-26,66443.26
2010-07-27,66674.44
2010-07-28,66808.25
2010-07-29,66953.8
2010-07-30,67515.4
2010-08-02,68517.5
2010-08-03,67997.4
2010-08-04,68272.0
2010-08-05,68411.72
2010-08-06,68094.76
2010-08-09,67862.28
2010-08-10,67223.23
2010-08-11,65790.29
2010-08-12,65966.17
2010-08-13,66264.43
2010-08-16,66701.89
2010-08-17,67583.77
2010-08-18,67638.38
2010-08-19,66887.13
2010-08-20,66677.16
2010-08-23,65981.86
2010-08-24,65156.36
2010-08-25,64803.43
2010-08-26,63867.48
2010-08-27,65585.14
2010-08-30,64260.79
2010-08-31,65145.45
2010-09-01,67072.53
2010-09-02,66808.08
2010-09-03,66678.62
2010-09-06,66747.3
2010-09-08,66407.28
2010-09-09,66624.1
2010-09-10,66806.79
2010-09-13,68030.58
2010-09-14,67691.85
2010-09-15,68106.85
2010-09-16,67662.99
2010-09-17,67089.12
2010-09-20,68190.46
2010-09-21,67719.13
2010-09-22,68325.18
2010-09-23,68794.32
2010-09-24,68196.48
2010-09-27,68815.97
2010-09-28,69227.63
2010-09-29,69228.24
2010-09-30,69429.78
2010-10-01,70229.35
2010-10-04,70384.92
2010-10-05,71283.11
2010-10-06,70541.37
2010-10-07,69918.4
2010-10-08,70808.8
2010-10-11,70946.49
2010-10-13,71674.9
2010-10-14,71692.29
2010-10-15,71830.18
2010-10-18,71735.53
2010-10-19,69863.58
2010-10-20,70404.68
2010-10-21,69652.1
2010-10-22,69529.73
2010-10-25,69580.28
2010-10-26,70740.39
2010-10-27,70568.94
2010-10-28,70320.13
2010-10-29,70673.3
2010-11-01,71560.93
2010-11-03,71904.77
2010-11-04,72995.69
2010-11-05,72606.58
2010-11-08,72657.37
2010-11-09,71679.47
2010-11-10,71638.38
2010-11-11,71195.16
2010-11-12,70367.15
2010-11-16,69192.41
2010-11-17,69708.63
2010-11-18,70781.4
2010-11-19,70897.9
2010-11-22,69632.5
2010-11-23,67952.55
2010-11-24,69629.36
2010-11-25,69361.63
2010-11-26,68226.1
2010-11-29,67908.18
2010-11-30,67705.4
2010-12-01,69345.85
2010-12-02,69527.07
2010-12-03,69766.09
2010-12-06,69551.81
2010-12-07,69337.64
2010-12-08,68174.92
2010-12-09,67879.46
2010-12-10,68341.83
2010-12-13,69126.32
2010-12-14,68742.97
2010-12-15,67870.14
2010-12-16,67306.39
2010-12-17,67981.22
2010-12-20,67263.6
2010-12-21,68214.86
2010-12-22,68470.76
2010-12-23,68485.96
2010-12-27,67803.16
2010-12-28,68040.94
2010-12-29,68952.42
2010-12-30,69304.81
2011-01-03,69962.32
2011-01-04,70317.79
2011-01-05,71091.03
2011-01-06,70578.83
2011-01-07,70057.2
2011-01-10,70127.04
2011-01-11,70423.44
2011-01-12,71632.9
2011-01-13,70721.44
2011-01-14,70940.22
2011-01-17,70609.07
2011-01-18,70919.75
2011-01-19,70058.08
2011-01-20,69561.53
2011-01-21,69133.09
2011-01-24,69426.57
2011-01-26,68709.22
2011-01-27,68050.71
2011-01-28,66697.57
2011-01-31,66574.88
2011-02-01,67847.34
2011-02-02,66688.48
2011-02-03,66764.84
2011-02-04,65269.15
2011-02-07,65362.04
2011-02-08,65771.33
2011-02-09,64217.52
2011-02-10,64577.83
2011-02-11,65755.66
2011-02-14,66557.55
2011-02-15,66341.39
2011-02-16,67570.76
2011-02-17,67684.99
2011-02-18,68066.82
2011-02-21,67258.66
2011-02-22,66439.83
2011-02-23,66910.48
2011-02-24,66948.99
2011-02-25,66902.53
2011-02-28,67383.22
2011-03-01,66242.63
2011-03-02,67281.0
2011-03-03,68145.53
2011-03-04,68012.1
2011-03-09,67263.75
2011-03-10,66040.66
2011-03-11,66684.6
2011-03-14,67169.25
2011-03-15,67005.22
2011-03-16,66002.57
2011-03-17,66215.93
2011-03-18,66879.89
2011-03-21,66689.61
2011-03-22,67578.33
2011-03-23,67795.51
2011-03-24,67532.97
2011-03-25,67765.94
2011-03-28,67192.82
2011-03-29,67418.76
2011-03-30,67997.06
2011-03-31,68586.7
2011-04-01,69268.29
2011-04-04,69703.8
2011-04-05,69837.52
2011-04-06,69036.91
2011-04-07,69176.12
2011-04-08,68718.01
2011-04-11,68164.36
2011-04-12,66896.23
2011-04-13,66486.49
2011-04-14,66278.89
2011-04-15,66684.21
2011-04-18,65415.49
2011-04-19,66158.09
2011-04-20,67058.02
2011-04-25,66972.37
2011-04-26,67144.26
2011-04-27,66264.47
2011-04-28,65673.21
2011-04-29,66132.86
2011-05-02,65462.75
2011-05-03,64318.18
2011-05-04,63615.5
2011-05-05,63407.01
2011-05-06,64417.34
2011-05-09,64621.97
2011-05-10,64876.88
2011-05-11,63775.82
2011-05-12,64003.16
2011-05-13,63235.3
2011-05-16,62829.68
2011-05-17,63673.34
2011-05-18,62840.61
2011-05-19,62367.36
2011-05-20,62596.52
2011-05-23,62345.18
2011-05-24,63336.75
2011-05-25,63388.44
2011-05-26,64098.57
2011-05-27,64294.96
2011-05-30,63953.93
2011-05-31,64620.08
2011-06-01,63411.48
2011-06-02,64218.08
2011-06-03,64340.5
2011-06-06,63067.73
2011-06-07,63217.85
2011-06-08,63032.97
2011-06-09,63468.82
2011-06-10,62697.16
2011-06-13,62022.92
2011-06-14,62204.83
2011-06-15,61603.74
2011-06-16,60880.62
2011-06-17,61059.98
2011-06-20,61168.24
2011-06-21,61423.61
2011-06-22,61194.09
2011-06-24,61016.0
2011-06-27,61216.0
2011-06-28,62303.0
2011-06-29,62333.0
2011-06-30,62403.0
2011-07-01,63394.0
2011-07-04,63891.0
2011-07-05,63038.0
2011-07-06,62565.0
2011-07-07,62207.0
2011-07-08,61513.0
2011-07-11,60223.0
2011-07-12,59704.0
2011-07-13,60669.0
2011-07-14,59679.0
2011-07-15,59478.0
2011-07-18,58837.0
2011-07-19,59082.0
2011-07-20,59119.0
2011-07-21,60262.0
2011-07-22,60270.0
2011-07-25,59970.0
2011-07-26,59339.0
2011-07-27,58288.0
2011-07-28,58708.0
2011-07-29,58823.0
2011-08-01,58535.0
2011-08-02,57310.0
2011-08-03,56017.0
2011-08-04,52811.0
2011-08-05,52656.0
2011-08-08,48668.0
2011-08-09,51150.0
2011-08-10,51395.0
2011-08-11,53343.0
2011-08-12,53473.0
2011-08-15,54651.0
2011-08-16,54323.0
2011-08-17,55073.0
2011-08-18,53134.0
2011-08-19,52447.0
2011-08-22,52440.0
2011-08-23,53786.0
2011-08-24,53795.0
2011-08-25,52953.0
2011-08-26,53350.0
2011-08-29,54860.0
2011-08-30,55385.0
2011-08-31,56495.0
2011-09-01,58118.0
2011-09-02,56531.0
2011-09-05,54998.0
2011-09-06,56607.0
2011-09-08,57623.0
2011-09-09,55778.0
2011-09-12,55685.0
2011-09-13,55543.0
2011-09-14,56286.0
2011-09-15,56381.0
2011-09-16,57210.0
2011-09-19,57102.0
2011-09-20,56378.0
2011-09-21,55981.0
2011-09-22,53280.0
2011-09-23,53230.0
2011-09-26,53747.0
2011-09-27,53920.0
2011-09-28,53270.0
2011-09-29,53384.0
2011-09-30,52324.0
2011-10-03,50791.0
2011-10-04,50686.0
2011-10-05,51013.0
2011-10-06,52290.0
2011-10-07,51243.0
2011-10-10,53273.0
2011-10-11,53838.0
2011-10-13,54601.0
2011-10-14,55030.0
2011-10-17,53911.0
2011-10-18,55031.0
2011-10-19,54966.0
2011-10-20,54009.0
2011-10-21,55255.0
2011-10-24,56891.0
2011-10-25,56285.0
2011-10-26,57143.0
2011-10-27,59270.0
2011-10-28,59513.0
2011-10-31,58338.0
2011-11-01,57322.0
2011-11-03,58196.0
2011-11-04,58669.0
2011-11-07,59198.0
2011-11-08,59026.0
2011-11-09,57549.0
2011-11-10,57321.0
2011-11-11,58546.0
2011-11-14,58258.0
2011-11-16,58559.0
2011-11-17,56988.0
2011-11-18,56731.0
2011-11-21,56284.0
2011-11-22,55878.0
2011-11-23,54972.0
2011-11-24,55279.0
2011-11-25,54894.0
2011-11-28,56017.0
2011-11-29,55299.0
2011-11-30,56874.0
2011-12-01,58143.0
2011-12-02,57885.85
2011-12-05,58910.0
2011-12-06,59536.0
2011-12-07,58662.0
2011-12-08,57455.0
2011-12-09,58236.0
2011-12-12,57346.0
2011-12-13,57494.0
2011-12-14,56646.0
2011-12-15,56331.0
2011-12-16,56096.0
2011-12-19,55298.0
2011-12-20,56864.0
2011-12-21,56653.0
2011-12-22,57347.0
2011-12-23,57701.0
2011-12-26,57669.0
2011-12-27,58005.0
2011-12-28,56533.0
2011-12-29,56754.0
2012-01-02,57829.0
2012-01-03,59264.0
2012-01-04,59364.0
2012-01-05,58546.0
2012-01-06,58600.0
2012-01-09,59082.0
2012-01-10,59805.0
2012-01-11,59962.0
2012-01-12,59920.0
2012-01-13,59146.0
2012-01-16,59956.0
2012-01-17,60645.0
2012-01-18,61722.0
2012-01-19,61926.0
2012-01-20,62312.0
2012-01-23,62386.0
2012-01-24,62486.0
2012-01-26,62953.0
2012-01-27,62904.0
2012-01-30,62770.0
2012-01-31,63072.0
2012-02-01,64567.0
2012-02-02,64593.0
2012-02-03,65217.0
2012-02-06,65223.0
2012-02-07,65917.0
2012-02-08,65831.0
2012-02-09,65530.0
2012-02-10,63997.0
2012-02-13,65691.0
2012-02-14,65038.0
2012-02-15,65368.0
2012-02-16,66141.0
2012-02-17,66203.0
2012-02-22,66092.0
2012-02-23,65819.0
2012-02-24,65942.0
2012-02-27,65241.0
2012-02-28,65958.0
2012-02-29,65811.0
2012-03-01,66809.0
2012-03-02,67781.0
2012-03-05,66964.0
2012-03-06,65114.0
2012-03-07,66016.0
2012-03-08,66908.0
2012-03-09,66703.0
2012-03-12,66384.0
2012-03-13,68394.0
2012-03-14,68257.0
2012-03-15,67749.0
2012-03-16,67684.0
2012-03-19,67730.0
2012-03-20,67295.0
2012-03-21,66860.0
2012-03-22,65828.0
2012-03-23,65812.0
2012-03-26,66684.0
2012-03-27,66037.0
2012-03-28,65079.0
2012-03-29,64871.0
2012-03-30,64510.0
2012-04-02,65216.0
2012-04-03,64284.0
2012-04-04,63528.0
2012-04-05,63772.0
2012-04-09,62923.0
2012-04-10,61738.0
2012-04-11,61293.0
2012-04-12,63058.0
2012-04-13,62105.0
2012-04-16,61954.0
2012-04-17,62698.0
2012-04-18,63156.0
2012-04-19,62618.0
2012-04-20,62494.0
2012-04-23,61539.0
2012-04-24,61971.0
2012-04-25,61750.0
2012-04-26,62198.0
2012-04-27,61691.0
2012-04-30,61820.0
2012-05-02,62423.0
2012-05-03,62104.0
2012-05-04,60820.0
2012-05-07,61220.43
2012-05-08,60365.48
2012-05-09,59786.12
2012-05-10,59702.05
2012-05-11,59445.21
2012-05-14,57539.61
2012-05-15,56237.97
2012-05-16,55887.57
2012-05-17,54038.2
2012-05-18,54513.16
2012-05-21,56590.24
2012-05-22,55038.75
2012-05-23,54619.48
2012-05-24,54063.0
2012-05-25,54463.16
2012-05-28,55212.69
2012-05-29,54633.06
2012-05-30,53797.91
2012-05-31,54490.41
2012-06-01,53402.9
2012-06-04,53416.75
2012-06-05,52481.44
2012-06-06,54156.04
2012-06-08,54429.85
2012-06-11,54001.45
2012-06-12,55049.03
2012-06-13,55650.51
2012-06-14,55351.67
2012-06-15,56104.69
2012-06-18,56195.21
2012-06-19,57195.49
2012-06-20,57166.55
2012-06-21,55505.17
2012-06-22,55439.5
2012-06-25,53805.38
2012-06-26,53836.57
2012-06-27,53108.93
2012-06-28,52652.25
2012-06-29,54354.63
2012-07-02,54692.79
2012-07-03,55780.32
2012-07-04,56076.82
2012-07-05,56379.06
2012-07-06,55394.05
2012-07-10,53705.82
2012-07-11,53569.14
2012-07-12,53420.87
2012-07-13,54330.51
2012-07-16,53401.8
2012-07-17,53909.47
2012-07-18,54583.13
2012-07-19,55346.65
2012-07-20,54194.79
2012-07-23,53033.96
2012-07-24,52638.63
2012-07-25,52607.54
2012-07-26,54002.72
2012-07-27,56553.12
2012-07-30,57240.92
2012-07-31,56097.05
2012-08-01,56291.93
2012-08-02,55520.4
2012-08-03,57255.22
2012-08-06,58344.61
2012-08-07,57725.66
2012-08-08,58950.98
2012-08-09,58797.13
2012-08-10,59280.93
2012-08-13,59122.74
2012-08-14,58082.92
2012-08-15,58189.28
2012-08-16,59445.79
2012-08-17,59082.37
2012-08-20,59283.09
2012-08-21,58917.73
2012-08-22,59380.76
2012-08-23,58511.55
2012-08-24,58425.76
2012-08-27,58111.46
2012-08-28,58406.4
2012-08-29,57369.19
2012-08-30,57256.43
2012-08-31,57061.45
2012-09-03,57281.45
2012-09-04,56233.9
2012-09-05,56863.91
2012-09-06,58321.24
2012-09-10,58404.1
2012-09-11,59422.55
2012-09-12,59921.8
2012-09-13,61958.12
2012-09-14,62105.47
2012-09-17,61805.98
2012-09-18,61804.33
2012-09-19,61651.83
2012-09-20,61687.97
2012-09-21,61320.07
2012-09-24,61909.99
2012-09-25,60501.1
2012-09-26,60478.05
2012-09-27,60239.79
2012-09-28,59175.86
2012-10-01,59570.8
2012-10-02,59222.08
2012-10-03,58627.33
2012-10-04,58458.0
2012-10-05,58571.59
2012-10-08,59317.15
2012-10-09,58939.46
2012-10-10,58456.28
2012-10-11,59161.72
2012-10-15,59601.71
2012-10-16,59743.87
2012-10-17,60087.29
2012-10-18,59733.9
2012-10-19,58922.04
2012-10-22,58700.3
2012-10-23,57690.24
2012-10-24,57160.74
2012-10-25,57836.78
2012-10-26,57276.81
2012-10-29,57176.58
2012-10-30,57683.76
2012-10-31,57068.18
2012-11-01,58382.68
2012-11-05,58209.76
2012-11-06,59458.59
2012-11-07,58517.35
2012-11-08,57524.45
2012-11-09,57357.71
2012-11-12,57064.31
2012-11-13,57486.07
2012-11-14,56279.36
2012-11-16,55402.33
2012-11-19,56450.86
2012-11-21,56242.12
2012-11-22,56436.97
2012-11-23,57574.03
2012-11-26,56737.1
2012-11-27,56248.09
2012-11-28,56539.4
2012-11-29,57852.53
2012-11-30,57474.57
2012-12-03,58202.35
2012-12-04,57563.23
2012-12-05,57678.62
2012-12-06,57656.42
2012-12-07,58487.32
2012-12-10,59248.23
2012-12-11,59623.34
2012-12-12,59474.18
2012-12-13,59316.75
2012-12-14,59604.92
2012-12-17,59566.52
2012-12-18,60460.73
2012-12-19,60998.34
2012-12-20,61276.12
2012-12-21,61007.03
2012-12-26,60959.79
2012-12-27,60415.95
2012-12-28,60952.08
2013-01-02,62550.1
2013-01-03,63312.46
2013-01-04,62523.06
2013-01-07,61932.54
2013-01-08,61127.84
2013-01-09,61578.58
2013-01-10,61678.31
2013-01-11,61497.43
2013-01-14,62080.79
2013-01-15,61727.61
2013-01-16,61787.35
2013-01-17,62194.06
2013-01-18,61956.14
2013-01-21,61899.71
2013-01-22,61692.29
2013-01-23,61966.26
2013-01-24,61169.83
2013-01-28,60027.07
2013-01-29,60406.33
2013-01-30,59336.7
2013-01-31,59761.49
2013-02-01,60351.16
2013-02-04,59575.66
2013-02-05,59444.97
2013-02-06,58951.07
2013-02-07,58372.46
2013-02-08,58497.83
2013-02-13,58405.74
2013-02-14,58077.31
2013-02-15,57903.3
2013-02-18,57613.9
2013-02-19,57314.4
2013-02-20,56177.6
2013-02-21,56154.68
2013-02-22,56697.06
2013-02-25,56617.56
2013-02-26,56948.87
2013-02-27,57273.88
2013-02-28,57424.29
2013-03-01,56883.99
2013-03-04,56499.17
2013-03-05,55950.73
2013-03-06,57940.14
2013-03-07,58846.81
2013-03-08,58432.75
2013-03-11,58544.79
2013-03-12,58208.61
2013-03-13,57385.9
2013-03-14,57281.02
2013-03-15,56869.28
2013-03-18,56972.96
2013-03-19,56361.24
2013-03-20,56030.03
2013-03-21,55576.67
2013-03-22,55243.4
2013-03-25,54873.12
2013-03-26,55671.39
2013-03-27,56034.29
2013-03-28,56352.09
2013-04-01,55902.18
2013-04-02,54889.1
2013-04-03,55562.74
2013-04-04,54648.15
2013-04-05,55050.6
2013-04-08,55092.31
2013-04-09,55912.04
2013-04-10,56186.56
2013-04-11,55400.91
2013-04-12,54962.65
2013-04-15,52949.93
2013-04-16,53990.83
2013-04-17,52881.96
2013-04-18,53165.91
2013-04-19,53928.92
2013-04-22,54297.73
2013-04-23,54884.75
2013-04-24,54984.23
2013-04-25,54963.32
2013-04-26,54252.04
2013-04-29,54887.25
2013-04-30,55910.37
2013-05-02,55321.93
2013-05-03,55488.08
2013-05-06,55429.88
2013-05-07,56274.66
2013-05-08,55804.8
2013-05-09,55447.56
2013-05-10,55107.8
2013-05-13,54447.77
2013-05-14,54666.82
2013-05-15,54936.41
2013-05-16,54772.62
2013-05-17,55164.27
2013-05-20,55700.77
2013-05-21,56265.32
2013-05-22,56429.27
2013-05-23,56349.91
2013-05-24,56406.21
2013-05-27,56395.94
2013-05-28,56036.26
2013-05-29,54634.69
2013-05-31,53506.08
2013-06-03,53944.36
2013-06-04,54017.9
2013-06-05,52798.63
2013-06-06,52884.83
2013-06-07,51618.63
2013-06-10,51316.65
2013-06-11,49769.93
2013-06-12,49180.58
2013-06-13,50414.89
2013-06-14,49332.34
2013-06-17,49088.65
2013-06-18,49464.94
2013-06-19,47893.06
2013-06-20,48214.43
2013-06-21,47056.04
2013-06-24,45965.05
2013-06-25,46893.04
2013-06-26,47171.98
2013-06-27,47609.46
2013-06-28,47457.13
2013-07-01,47229.59
2013-07-02,45228.95
2013-07-03,45044.03
2013-07-04,45763.16
2013-07-05,45210.49
2013-07-08,45075.5
2013-07-10,45483.43
2013-07-11,46626.26
2013-07-12,45533.24
2013-07-15,46738.9
2013-07-16,46869.29
2013-07-17,47407.31
2013-07-18,47656.92
2013-07-19,47400.23
2013-07-22,48574.09
2013-07-23,48819.52
2013-07-24,48374.23
2013-07-25,49066.75
2013-07-26,49422.05
2013-07-29,49212.33
2013-07-30,48561.78
2013-07-31,48234.49
2013-08-01,49140.78
2013-08-02,48474.04
2013-08-05,48436.44
2013-08-06,47421.85
2013-08-07,47446.71
2013-08-08,48928.82
2013-08-09,49874.9
2013-08-12,50299.49
2013-08-13,50600.55
2013-08-14,50895.92
2013-08-15,50908.34
2013-08-16,51538.78
2013-08-19,51574.09
2013-08-20,50507.02
2013-08-21,50405.2
2013-08-22,51397.66
2013-08-23,52197.06
2013-08-26,51429.48
2013-08-27,50091.55
2013-08-28,49866.92
2013-08-29,49921.88
2013-08-30,50008.38
2013-09-02,51835.15
2013-09-03,51625.5
2013-09-04,51716.16
2013-09-05,52351.86
2013-09-06,53749.42
2013-09-09,54251.85
2013-09-10,53979.03
2013-09-11,53570.46
2013-09-12,53307.09
2013-09-13,53797.51
2013-09-16,53821.63
2013-09-17,54271.25
2013-09-18,55702.9
2013-09-19,55095.69
2013-09-20,54110.03
2013-09-23,54602.38
2013-09-24,54431.05
2013-09-25,54261.11
2013-09-26,53782.97
2013-09-27,53738.92
2013-09-30,52338.19
2013-10-01,53179.46
2013-10-02,53100.18
2013-10-03,52489.86
2013-10-04,52848.97
2013-10-07,52417.1
2013-10-08,52312.44
2013-10-09,52547.71
2013-10-10,52996.64
2013-10-11,53149.62
2013-10-14,54170.6
2013-10-15,54980.64
2013-10-16,55973.03
2013-10-17,55358.13
2013-10-18,55378.46
2013-10-21,56077.43
2013-10-22,56460.38
2013-10-23,55440.03
2013-10-24,54877.15
2013-10-25,54154.15
2013-10-28,55073.37
2013-10-29,54538.8
2013-10-30,54172.82
2013-10-31,54256.2
2013-11-01,54013.24
2013-11-04,54436.92
2013-11-05,53831.85
2013-11-06,53384.6
2013-11-07,52740.79
2013-11-08,52248.86
2013-11-11,52623.87
2013-11-12,51804.33
2013-11-13,52230.29
2013-11-14,53451.6
2013-11-18,54307.04
2013-11-19,53032.91
2013-11-21,52688.02
2013-11-22,52800.74
2013-11-25,52263.51
2013-11-26,51446.91
2013-11-27,51861.21
2013-11-28,51846.83
2013-11-29,52482.49
2013-12-02,51244.87
2013-12-03,50348.89
2013-12-04,50215.79
2013-12-05,50787.63
2013-12-06,50944.27
2013-12-09,51165.38
2013-12-10,50993.02
2013-12-11,50067.99
2013-12-12,50121.61
2013-12-13,50051.18
2013-12-16,50279.61
2013-12-17,50090.35
2013-12-18,50563.43
2013-12-19,51633.43
2013-12-20,51185.74
2013-12-23,51356.1
2013-12-26,51221.01
2013-12-27,51266.56
2013-12-30,51507.16
2014-01-02,50341.25
2014-01-03,50981.09
2014-01-06,50973.62
2014-01-07,50430.02
2014-01-08,50576.64
2014-01-09,49321.68
2014-01-10,49696.45
2014-01-13,49426.9
2014-01-14,49703.1
2014-01-15,50105.37
2014-01-16,49696.28
2014-01-17,49181.86
2014-01-20,48708.41
2014-01-21,48542.07
2014-01-22,49299.66
2014-01-23,48320.64
2014-01-24,47787.38
2014-01-27,47701.05
2014-01-28,47840.93
2014-01-29,47556.78
2014-01-30,47244.26
2014-01-31,47638.99
2014-02-03,46147.52
2014-02-04,46964.22
2014-02-05,46624.39
2014-02-06,47738.09
2014-02-07,48073.6
2014-02-10,47710.82
2014-02-11,48462.79
2014-02-12,48216.89
2014-02-13,47812.83
2014-02-14,48201.11
2014-02-17,47576.33
2014-02-18,46599.76
2014-02-19,47150.83
2014-02-20,47288.61
2014-02-21,47380.24
2014-02-24,47393.5
2014-02-25,46715.91
2014-02-26,46599.21
2014-02-27,47606.75
2014-02-28,47094.4
2014-03-05,46589.0
2014-03-06,47093.13
2014-03-07,46244.07
2014-03-10,45533.2
2014-03-11,45697.62
2014-03-12,45861.81
2014-03-13,45443.83
2014-03-14,44965.66
2014-03-17,45117.8
2014-03-18,46150.96
2014-03-19,46567.23
2014-03-20,47278.48
2014-03-21,47380.94
2014-03-24,47993.42
2014-03-25,48180.14
2014-03-26,47965.61
2014-03-27,49646.0
2014-03-28,49768.0
2014-03-31,50414.0
2014-04-01,50270.0
2014-04-02,51701.0
2014-04-03,51408.0
2014-04-04,51081.0
2014-04-07,52155.0
2014-04-08,51629.0
2014-04-09,51185.0
2014-04-10,51127.0
2014-04-11,51867.0
2014-04-14,51596.0
2014-04-15,50454.0
2014-04-16,51200.0
2014-04-17,52108.0
2014-04-22,51976.0
2014-04-23,51569.0
2014-04-24,51817.0
2014-04-25,51399.0
2014-04-28,51395.0
2014-04-29,51838.0
2014-04-30,51626.0
2014-05-02,52980.0
2014-05-05,53446.0
2014-05-06,53779.0
2014-05-07,54052.0
2014-05-08,53422.0
2014-05-09,53100.0
2014-05-12,54052.0
2014-05-13,53907.0
2014-05-14,54412.0
2014-05-15,53855.0
2014-05-16,53975.0
2014-05-19,53353.0
2014-05-20,52366.0
2014-05-21,52203.0
2014-05-22,52806.0
2014-05-23,52626.0
2014-05-26,52932.0
2014-05-27,52152.0
2014-05-28,52639.0
2014-05-29,52239.0
2014-05-30,51239.0
2014-06-02,51605.0
2014-06-03,52032.0
2014-06-04,51832.0
2014-06-05,51558.0
2014-06-06,53128.0
2014-06-09,54273.0
2014-06-10,54604.0
2014-06-11,55102.0
2014-06-13,54806.0
2014-06-16,54629.0
2014-06-17,54299.0
2014-06-18,55202.0
2014-06-20,54638.0
2014-06-23,54210.0
2014-06-24,54280.0
2014-06-25,53425.0
2014-06-26,53506.0
2014-06-27,53157.0
2014-06-30,53168.0
2014-07-01,53171.0
2014-07-02,53028.0
2014-07-03,53874.0
2014-07-04,54055.0
2014-07-07,53801.0
2014-07-08,53634.0
2014-07-10,54592.0
2014-07-11,54785.0
2014-07-14,55743.0
2014-07-15,55973.0
2014-07-16,55717.0
2014-07-17,55637.0
2014-07-18,57012.0
2014-07-21,57633.0
2014-07-22,57983.0
2014-07-23,57419.0
2014-07-24,57977.0
2014-07-25,57821.0
2014-07-28,57695.0
2014-07-29,57118.0
2014-07-30,56877.0
2014-07-31,55829.0
2014-08-01,55902.0
2014-08-04,56616.0
2014-08-05,56202.0
2014-08-06,56487.0
2014-08-07,56188.0
2014-08-08,55572.0
2014-08-11,56613.0
2014-08-12,56442.0
2014-08-13,55581.0
2014-08-14,55780.0
2014-08-15,56963.0
2014-08-18,57560.0
2014-08-19,58449.0
2014-08-20,58878.0
2014-08-21,58992.0
2014-08-22,58407.0
2014-08-25,59735.0
2014-08-26,59821.0
2014-08-27,60950.0
2014-08-28,60290.0
2014-08-29,61288.0
2014-09-01,61141.0
2014-09-02,61895.0
2014-09-03,61837.0
2014-09-04,60800.0
2014-09-05,60681.0
2014-09-08,59192.0
2014-09-09,58676.34
2014-09-10,58198.0
2014-09-11,58337.0
2014-09-12,56927.0
2014-09-15,57948.0
2014-09-16,59114.66
2014-09-17,59108.19
2014-09-18,58374.48
2014-09-19,57788.7
2014-09-22,56818.11
2014-09-23,56540.5
2014-09-24,56824.42
2014-09-25,55962.08
2014-09-26,57212.38
2014-09-29,54625.35
2014-09-30,54115.98
2014-10-01,52858.43
2014-10-02,53518.57
2014-10-03,54539.55
2014-10-06,57115.9
2014-10-07,57436.33
2014-10-08,57058.48
2014-10-09,57267.53
2014-10-10,55311.59
2014-10-13,57956.53
2014-10-14,58015.46
2014-10-15,56135.27
2014-10-16,54298.33
2014-10-17,55723.79
2014-10-20,54302.57
2014-10-21,52432.43
2014-10-22,52411.03
2014-10-23,50713.26
2014-10-24,51940.73
2014-10-27,50503.66
2014-10-28,52330.03
2014-10-29,51049.32
2014-10-30,52336.83
2014-10-31,54628.6
2014-11-03,53947.21
2014-11-04,54383.59
2014-11-05,53698.42
2014-11-06,52637.06
2014-11-07,53222.85
2014-11-10,52725.38
2014-11-11,52474.27
2014-11-12,52978.89
2014-11-13,51846.03
2014-11-14,51772.4
2014-11-17,51256.99
2014-11-18,52061.86
2014-11-19,53402.81
2014-11-21,56084.04
2014-11-24,55406.91
2014-11-25,55560.81
2014-11-26,55098.47
2014-11-27,54721.32
2014-11-28,54664.36
2014-12-01,52276.58
2014-12-02,51612.47
2014-12-03,52320.48
2014-12-04,51426.87
2014-12-05,51992.89
2014-12-08,50274.07
2014-12-09,50193.47
2014-12-10,49548.08
2014-12-11,49861.81
2014-12-12,48001.98
2014-12-15,47018.68
2014-12-16,47007.51
2014-12-17,48713.64
2014-12-18,48495.7
2014-12-19,49650.98
2014-12-22,50120.86
2014-12-23,50889.81
2014-12-26,50144.63
2014-12-29,50593.82
2014-12-30,50007.41
2015-01-02,48512.22
2015-01-05,47516.82
2015-01-06,48000.92
2015-01-07,49462.91
2015-01-08,49943.3
2015-01-09,48840.25
2015-01-12,48139.74
2015-01-13,48041.67
2015-01-14,47645.87
2015-01-15,48026.31
2015-01-16,49016.52
2015-01-19,47758.01
2015-01-20,47876.66
2015-01-21,49224.08
2015-01-22,49442.62
2015-01-23,48775.3
2015-01-26,48576.55
2015-01-27,48591.23
2015-01-28,47694.54
2015-01-29,47762.24
2015-01-30,46907.68
2015-02-02,47650.73
2015-02-03,48963.66
2015-02-04,49301.05
2015-02-05,49233.85
2015-02-06,48792.27
2015-02-09,49382.58
2015-02-10,48510.28
2015-02-11,48239.67
2015-02-12,49532.72
2015-02-13,50635.92
2015-02-18,51280.36
2015-02-19,51294.03
2015-02-20,51237.7
2015-02-23,51280.64
2015-02-24,51874.17
2015-02-25,51811.02
2015-02-26,51760.54
2015-02-27,51583.09
2015-03-02,51020.81
2015-03-03,51304.1
2015-03-04,50468.05
2015-03-05,50365.2
2015-03-06,49981.19
2015-03-09,49181.01
2015-03-10,48293.4
2015-03-11,48905.58
2015-03-12,48880.4
2015-03-13,48595.81
2015-03-16,48848.21
2015-03-17,50285.12
2015-03-18,51526.19
2015-03-19,50953.53
2015-03-20,51966.58
2015-03-23,51908.46
2015-03-24,51506.07
2015-03-25,51858.3
2015-03-26,50579.85
2015-03-27,50094.66
2015-03-30,51243.45
2015-03-31,51150.16
2015-04-01,52321.76
2015-04-02,53123.02
2015-04-06,53737.26
2015-04-07,53729.16
2015-04-08,53661.11
2015-04-09,53802.66
2015-04-10,54214.11
2015-04-13,54239.77
2015-04-14,53981.92
2015-04-15,54918.74
2015-04-16,54674.21
2015-04-17,53954.79
2015-04-20,53761.27
2015-04-22,54617.36
2015-04-23,55684.85
2015-04-24,56594.22
2015-04-27,55534.5
2015-04-28,55812.03
2015-04-29,55325.29
2015-04-30,56229.38
2015-05-04,57353.98
2015-05-05,58051.61
2015-05-06,57103.14
2015-05-07,56921.39
2015-05-08,57149.33
2015-05-11,57197.1
2015-05-12,56792.05
2015-05-13,56372.04
2015-05-14,56656.57
2015-05-15,57248.63
2015-05-18,56204.23
2015-05-19,55498.82
2015-05-20,54901.02
2015-05-21,55112.05
2015-05-22,54377.29
2015-05-25,54609.25
2015-05-26,53629.78
2015-05-27,54236.25
2015-05-28,53976.28
2015-05-29,52760.48
2015-06-01,53031.32
2015-06-02,54236.43
2015-06-03,53522.0
2015-06-05,52973.0
2015-06-08,52809.64
2015-06-09,52815.99
2015-06-10,53876.45
2015-06-11,53688.52
2015-06-12,53347.53
2015-06-15,53137.53
2015-06-16,53702.15
2015-06-17,53248.54
2015-06-18,54238.59
2015-06-19,53749.41
2015-06-22,53863.68
2015-06-23,53772.43
2015-06-24,53842.54
2015-06-25,53175.67
2015-06-26,54016.97
2015-06-29,53014.21
2015-06-30,53080.88
2015-07-01,52757.54
2015-07-02,53106.19
2015-07-03,52519.41
2015-07-06,52149.37
2015-07-07,52343.71
2015-07-08,51781.75
2015-07-10,52590.72
2015-07-13,53119.47
2015-07-14,53239.18
2015-07-15,52902.28
2015-07-16,53069.75
2015-07-17,52341.8
2015-07-20,51600.08
2015-07-21,51474.28
2015-07-22,50915.79
2015-07-23,49806.63
2015-07-24,49245.85
2015-07-27,48735.54
2015-07-28,49601.6
2015-07-29,50245.14
2015-07-30,49897.4
2015-07-31,50864.77
2015-08-03,50138.05
2015-08-04,50058.49
2015-08-05,50287.27
2015-08-06,50011.32
2015-08-07,48577.32
2015-08-10,49353.0
2015-08-11,49072.34
2015-08-12,48388.05
2015-08-13,48009.57
2015-08-14,47508.41
2015-08-17,47217.43
2015-08-18,47450.58
2015-08-19,46588.39
2015-08-20,46649.23
2015-08-21,45719.64
2015-08-24,44336.47
2015-08-25,44544.86
2015-08-26,46038.08
2015-08-27,47715.27
2015-08-28,47153.87
2015-08-31,46625.52
2015-09-01,45477.06
2015-09-02,46463.96
2015-09-03,47365.87
2015-09-04,46497.72
2015-09-08,46762.07
2015-09-09,46657.1
2015-09-10,46503.99
2015-09-11,46400.5
2015-09-14,47281.52
2015-09-15,47364.07
2015-09-16,48553.1
2015-09-17,48551.08
2015-09-18,47264.08
2015-09-21,46590.2
2015-09-22,46264.61
2015-09-23,45340.11
2015-09-24,45291.96
2015-09-25,44831.46
2015-09-28,43956.63
2015-09-29,44131.82
2015-09-30,45059.34
2015-10-01,45313.27
2015-10-02,47033.46
2015-10-05,47598.07
2015-10-06,47735.11
2015-10-07,48914.32
2015-10-08,49106.56
2015-10-09,49338.41
2015-10-13,47362.64
2015-10-14,46710.44
2015-10-15,47161.15
2015-10-16,47236.11
2015-10-19,47447.31
2015-10-20,47076.55
2015-10-21,47025.87
2015-10-22,47772.14
2015-10-23,47596.59
2015-10-26,47209.32
2015-10-27,47042.95
2015-10-28,46740.85
2015-10-29,45628.35
2015-10-30,45868.82
2015-11-03,48053.67
2015-11-04,47710.1
2015-11-05,48046.76
2015-11-06,46918.52
2015-11-09,46194.92
2015-11-10,46206.57
2015-11-11,47065.01
2015-11-12,46883.58
2015-11-13,46517.04
2015-11-16,46846.88
2015-11-17,47247.8
2015-11-18,47435.58
2015-11-19,48138.89
2015-11-23,48150.27
2015-11-24,48284.19
2015-11-25,46866.63
2015-11-26,47145.63
2015-11-27,45872.91
2015-11-30,45120.36
2015-12-01,45046.75
2015-12-02,44914.53
2015-12-03,46393.26
2015-12-04,45360.76
2015-12-07,45222.7
2015-12-08,44443.26
2015-12-09,46108.03
2015-12-10,45630.71
2015-12-11,45262.72
2015-12-14,44747.31
2015-12-15,44872.47
2015-12-16,45015.84
2015-12-17,45261.48
2015-12-18,43910.6
2015-12-21,43199.95
2015-12-22,43469.52
2015-12-23,44014.93
2015-12-28,43764.34
2015-12-29,43653.97
2015-12-30,43349.96
2016-01-04,42141.04
2016-01-05,42419.32
2016-01-06,41773.14
2016-01-07,40694.72
2016-01-08,40612.21
2016-01-11,39950.49
2016-01-12,39513.83
2016-01-13,38944.44
2016-01-14,39500.11
2016-01-15,38569.13
2016-01-18,37937.27
2016-01-19,38057.02
2016-01-20,37645.48
2016-01-21,37717.11
2016-01-22,38031.22
2016-01-26,37497.48
2016-01-27,38376.37
2016-01-28,38630.19
2016-01-29,40405.99
2016-02-01,40570.04
2016-02-02,38596.17
2016-02-03,39588.82
2016-02-04,40821.73
2016-02-05,40592.09
2016-02-10,40376.58
2016-02-11,39318.3
2016-02-12,39808.05
2016-02-15,40092.89
2016-02-16,40947.7
2016-02-17,41630.82
2016-02-18,41477.63
2016-02-19,41543.41
2016-02-22,43234.86
2016-02-23,42520.94
2016-02-24,42084.56
2016-02-25,41887.9
2016-02-26,41593.08
2016-02-29,42793.86
2016-03-01,44121.79
2016-03-02,44893.48
2016-03-03,47193.39
2016-03-04,49084.87
2016-03-07,49246.1
2016-03-08,49102.14
2016-03-09,48665.09
2016-03-10,49571.11
2016-03-11,49638.68
2016-03-14,48867.34
2016-03-15,47130.02
2016-03-16,47763.43
2016-03-17,50913.0
2016-03-18,50814.0
2016-03-21,51171.0
2016-03-22,51010.0
2016-03-23,49690.0
2016-03-24,49657.0
2016-03-28,50838.0
2016-03-29,51154.0
2016-03-30,51248.0
2016-03-31,50055.0
2016-04-01,50561.0
2016-04-04,48779.0
2016-04-05,49053.0
2016-04-06,48096.0
2016-04-07,48513.0
2016-04-08,50292.0
2016-04-11,50165.0
2016-04-12,52001.0
2016-04-13,53149.0
2016-04-14,52411.0
2016-04-15,53227.0
2016-04-18,52894.0
2016-04-19,53710.0
2016-04-20,53630.0
2016-04-22,52907.0
2016-04-25,51861.0
2016-04-26,53082.0
2016-04-27,54477.0
2016-04-28,54311.0
2016-04-29,53910.0
2016-05-02,53561.54
2016-05-03,52260.19
2016-05-04,52552.8
2016-05-05,51671.04
2016-05-06,51717.82
2016-05-09,50990.07
2016-05-10,53070.91
2016-05-11,52764.46
2016-05-12,53241.32
2016-05-13,51804.31
2016-05-16,51802.92
2016-05-17,50839.45
2016-05-18,50561.7
2016-05-19,50132.53
2016-05-20,49722.75
2016-05-23,49330.42
2016-05-24,49345.19
2016-05-25,49482.86
2016-05-27,49051.49
2016-05-30,48964.34
2016-05-31,48471.71
2016-06-01,49012.65
2016-06-02,49887.24
2016-06-03,50619.5
2016-06-06,50431.8
2016-06-07,50487.86
2016-06-08,51629.29
2016-06-09,51118.46
2016-06-10,49422.16
2016-06-13,49660.79
2016-06-14,48648.29
2016-06-15,48914.74
2016-06-16,49411.62
2016-06-17,49533.84
2016-06-20,50329.36
2016-06-21,50837.8
2016-06-22,50156.3
2016-06-23,51559.82
2016-06-24,50105.26
2016-06-27,49245.53
2016-06-28,50006.56
2016-06-29,51001.91
2016-06-30,51526.93
2016-07-01,52233.04
2016-07-04,52568.66
2016-07-05,51842.27
2016-07-06,51901.81
2016-07-07,52014.66
2016-07-08,53140.74
2016-07-11,53960.11
2016-07-12,54256.41
2016-07-13,54598.29
2016-07-14,55480.87
2016-07-15,55578.24
2016-07-18,56484.21
2016-07-19,56698.06
2016-07-20,56578.05
2016-07-21,56641.49
2016-07-22,57002.08
2016-07-25,56872.73
2016-07-26,56782.75
2016-07-27,56852.84
2016-07-28,56667.12
2016-07-29,57308.21
2016-08-01,56755.76
2016-08-02,56162.38
2016-08-03,57076.91
2016-08-04,57593.89
2016-08-05,57661.14
2016-08-08,57635.43
2016-08-09,57689.41
2016-08-10,56919.78
2016-08-11,58299.57
2016-08-12,58298.41
2016-08-15,59145.98
2016-08-16,58855.43
2016-08-17,59323.83
2016-08-18,59166.02
2016-08-19,59098.92
2016-08-22,57781.24
2016-08-23,58020.04
2016-08-24,57717.88
2016-08-25,57722.14
2016-08-26,57716.25
2016-08-29,58610.39
2016-08-30,58575.42
2016-08-31,57901.11
2016-09-01,58236.27
2016-09-02,59616.4
2016-09-05,59566.34
2016-09-06,60129.44
2016-09-08,60231.66
2016-09-09,57999.73
2016-09-12,58586.11
2016-09-13,56820.77
2016-09-14,57059.46
2016-09-15,57909.49
2016-09-16,57079.76
2016-09-19,57350.38
2016-09-20,57736.46
2016-09-21,58393.92
2016-09-22,58994.17
2016-09-23,58697.0
2016-09-26,58053.53
2016-09-27,58382.49
2016-09-28,59355.77
2016-09-29,58350.57
2016-09-30,58367.05
2016-10-03,59461.23
2016-10-04,59339.23
2016-10-05,60254.34
2016-10-06,60644.24
2016-10-07,61108.98
2016-10-10,61668.33
2016-10-11,61021.85
2016-10-13,61118.58
2016-10-14,61767.22
2016-10-17,62696.11
2016-10-18,63782.21
2016-10-19,63505.61
2016-10-20,63837.85
2016-10-21,64108.08
2016-10-24,64059.89
2016-10-25,63866.2
2016-10-26,63825.69
2016-10-27,64249.5
2016-10-28,64307.63
2016-10-31,64924.52
2016-11-01,63326.42
2016-11-03,61750.17
2016-11-04,61598.39
2016-11-07,64051.65
2016-11-08,64157.68
2016-11-09,63258.27
2016-11-10,61200.96
2016-11-11,59183.51
2016-11-14,59657.46
2016-11-16,60759.32
2016-11-17,59770.47
2016-11-18,59961.76
2016-11-21,61070.27
2016-11-22,61954.47
2016-11-23,61985.91
2016-11-24,61395.53
2016-11-25,61559.08
2016-11-28,62855.5
2016-11-29,60986.52
2016-11-30,61906.36
2016-12-01,59506.54
2016-12-02,60316.13
2016-12-05,59831.73
2016-12-06,61088.25
2016-12-07,61414.4
2016-12-08,60676.57
2016-12-09,60500.62
2016-12-12,59178.62
2016-12-13,59280.57
2016-12-14,58212.12
2016-12-15,58396.16
2016-12-16,58389.04
2016-12-19,57111.0
2016-12-20,57582.89
2016-12-21,57646.52
2016-12-22,57255.22
2016-12-23,57937.11
2016-12-26,58620.26
2016-12-27,58696.69
2016-12-28,59781.63
2016-12-29,60227.29
2017-01-02,59588.7
2017-01-03,61813.83
2017-01-04,61589.06
2017-01-05,62070.98
2017-01-06,61665.37
2017-01-09,61700.29
2017-01-10,62131.8
2017-01-11,62446.26
2017-01-12,63953.93
2017-01-13,63651.52
2017-01-16,63831.28
2017-01-17,64354.34
2017-01-18,64149.57
2017-01-19,63950.86
2017-01-20,64521.18
2017-01-23,65748.63
2017-01-24,65840.09
2017-01-26,66190.63
2017-01-27,66033.98
2017-01-30,64301.73
2017-01-31,64670.78
2017-02-01,64836.13
2017-02-02,64578.21
2017-02-03,64953.93
2017-02-06,63992.93
2017-02-07,64198.9
2017-02-08,64835.4
2017-02-09,64964.89
2017-02-10,66124.52
2017-02-13,66967.64
2017-02-14,66712.88
2017-02-15,67975.58
2017-02-16,67814.24
2017-02-17,67748.42
2017-02-20,68532.86
2017-02-21,69052.02
2017-02-22,68589.55
2017-02-23,67461.39
2017-02-24,66662.1
2017-03-01,66988.88
2017-03-02,65854.93
2017-03-03,66785.53
2017-03-06,66341.37
2017-03-07,65742.33
2017-03-08,64718.02
2017-03-09,64585.23
2017-03-10,64675.46
2017-03-13,65534.3
2017-03-14,64699.46
2017-03-15,66234.88
2017-03-16,65782.85
2017-03-17,64209.94
2017-03-20,64884.27
2017-03-21,62980.37
2017-03-22,63521.34
2017-03-23,63530.79
2017-03-24,63853.77
2017-03-27,64308.39
2017-03-28,64640.45
2017-03-29,65528.29
2017-03-30,65265.98
2017-03-31,64984.07
2017-04-03,65211.48
2017-04-04,65768.91
2017-04-05,64774.77
2017-04-06,64222.72
2017-04-07,64593.11
2017-04-10,64649.82
2017-04-11,64359.79
2017-04-12,63891.68
2017-04-13,62826.28
2017-04-17,64334.93
2017-04-18,64158.84
2017-04-19,63406.97
2017-04-20,63760.62
2017-04-24,64389.02
2017-04-25,65148.35
2017-04-26,64861.92
2017-04-27,64676.55
2017-04-28,65403.25
2017-05-02,66721.75
2017-05-03,66093.78
2017-05-04,64862.61
2017-05-05,65709.73
2017-05-08,65526.04
2017-05-09,66277.67
2017-05-10,67349.73
2017-05-11,67537.62
2017-05-12,68221.94
2017-05-15,68474.19
2017-05-16,68684.5
2017-05-17,67540.25
2017-05-18,61597.05
2017-05-19,62639.31
2017-05-22,61673.49
2017-05-23,62662.48
2017-05-24,63257.36
2017-05-25,63226.79
2017-05-26,64085.41
2017-05-29,63760.94
2017-05-30,63962.27
2017-05-31,62711.47
2017-06-01,62288.52
2017-06-02,62510.7
2017-06-05,62450.45
2017-06-06,62954.69
2017-06-07,63170.73
2017-06-08,62755.57
2017-06-09,62210.56
2017-06-12,61700.23
2017-06-13,61828.99
2017-06-14,61922.93
2017-06-16,61626.41
2017-06-19,62014.03
2017-06-20,60766.16
2017-06-21,60761.74
2017-06-22,61272.21
2017-06-23,61087.14
2017-06-26,62188.09
2017-06-27,61675.46
2017-06-28,62017.97
2017-06-29,62238.95
2017-06-30,62899.97
2017-07-03,63279.58
2017-07-04,63231.59
2017-07-05,63154.17
2017-07-06,62470.33
2017-07-07,62322.4
2017-07-10,63025.47
2017-07-11,63832.15
2017-07-12,64835.55
2017-07-13,65178.35
2017-07-14,65436.18
2017-07-17,65212.31
2017-07-18,65337.67
2017-07-19,65179.92
2017-07-20,64938.02
2017-07-21,64684.18
2017-07-24,65099.55
2017-07-25,65667.63
2017-07-26,65010.57
2017-07-27,65277.38
2017-07-28,65497.13
2017-07-31,65920.36
2017-08-01,66516.23
2017-08-02,67135.99
2017-08-03,66777.13
2017-08-04,66897.98
2017-08-07,67939.66
2017-08-08,67898.94
2017-08-09,67671.06
2017-08-10,66992.09
2017-08-11,67358.59
2017-08-14,68284.66
2017-08-15,68355.13
2017-08-16,68594.3
2017-08-17,67976.8
2017-08-18,68714.66
2017-08-21,68634.65
2017-08-22,70011.25
2017-08-23,70477.63
2017-08-24,71132.8
2017-08-25,71073.65
2017-08-28,71016.59
2017-08-29,71329.85
2017-08-30,70886.26
2017-08-31,70835.05
2017-09-01,71923.11
2017-09-04,72128.83
2017-09-05,72150.88
2017-09-06,73412.41
2017-09-08,73078.85
2017-09-11,74319.22
2017-09-12,74538.55
2017-09-13,74787.57
2017-09-14,74656.68
2017-09-15,75756.52
2017-09-18,75990.41
2017-09-19,75974.18
2017-09-20,76004.15
2017-09-21,75604.34
2017-09-22,75389.75
2017-09-25,74443.48
2017-09-26,74318.72
2017-09-27,73796.71
2017-09-28,73567.25
2017-09-29,74293.51
2017-10-02,74359.83
2017-10-03,76762.91
2017-10-04,76591.44
2017-10-05,76617.53
2017-10-06,76054.72
2017-10-09,75726.8
2017-10-10,76897.21
2017-10-11,76659.8
2017-10-13,76989.79
2017-10-16,76891.84
2017-10-17,76201.25
2017-10-18,76591.09
2017-10-19,76283.16
2017-10-20,76390.52
2017-10-23,75413.13
2017-10-24,76350.2
2017-10-25,76671.13
2017-10-26,75896.35
2017-10-27,75975.71
2017-10-30,74800.34
2017-10-31,74308.49
2017-11-01,73823.74
2017-11-03,73915.42
2017-11-06,74310.79
2017-11-07,72414.88
2017-11-08,74363.13
2017-11-09,72930.69
2017-11-10,72165.64
2017-11-13,72475.17
2017-11-14,70826.59
2017-11-16,72511.79
2017-11-17,73437.28
2017-11-21,74594.62
2017-11-22,74518.79
2017-11-23,74486.58
2017-11-24,74157.38
2017-11-27,74058.91
2017-11-28,74139.72
2017-11-29,72700.45
2017-11-30,71970.99
2017-12-01,72264.45
2017-12-04,73090.17
2017-12-05,74113.35
2017-12-06,73268.35
2017-12-07,72487.45
2017-12-08,72731.84
2017-12-11,72800.04
2017-12-12,73813.53
2017-12-13,72914.34
2017-12-14,72428.93
2017-12-15,72607.7
2017-12-18,73115.45
2017-12-19,72680.37
2017-12-20,73367.03
2017-12-21,75133.43
2017-12-22,75186.53
2017-12-26,75707.73
2017-12-27,76072.54
2017-12-28,76402.08
2018-01-02,77891.04
2018-01-03,77995.16
2018-01-04,78647.42
2018-01-05,79071.47
2018-01-08,79378.53
2018-01-09,78863.54
2018-01-10,78200.57
2018-01-11,79365.44
2018-01-12,79349.12
2018-01-15,79752.38
2018-01-16,79831.77
2018-01-17,81189.16
2018-01-18,80962.65
2018-01-19,81219.5
2018-01-22,81675.42
2018-01-23,80678.34
2018-01-24,83680.0
2018-01-26,85530.84
2018-01-29,84698.02
2018-01-30,84482.46
2018-01-31,84912.7
2018-02-01,85495.24
2018-02-02,84041.34
2018-02-05,81861.09
2018-02-06,83894.04
2018-02-07,82766.73
2018-02-08,81532.53
2018-02-09,80898.7
2018-02-14,83542.84
2018-02-15,84290.56
2018-02-16,84524.58
2018-02-19,84792.71
2018-02-20,85803.95
2018-02-21,86051.82
2018-02-22,86686.45
2018-02-23,87293.24
2018-02-26,87652.64
2018-02-27,86935.44
2018-02-28,85353.59
2018-03-01,85377.79
2018-03-02,85761.34
2018-03-05,86022.83
2018-03-06,85653.02
2018-03-07,85483.55
2018-03-08,84984.61
2018-03-09,86371.41
2018-03-12,86900.43
2018-03-13,86383.84
2018-03-14,86050.96
2018-03-15,84928.2
2018-03-16,84886.48
2018-03-19,83913.06
2018-03-20,84163.8
2018-03-21,84976.59
2018-03-22,84767.88
2018-03-23,84377.2
2018-03-26,85087.86
2018-03-27,83808.05
2018-03-28,83874.13
2018-03-29,85365.56
2018-04-02,84666.44
2018-04-03,84623.46
2018-04-04,84359.69
2018-04-05,85209.66
2018-04-06,84820.42
2018-04-09,83307.23
2018-04-10,84510.36
2018-04-11,85245.59
2018-04-12,85443.53
2018-04-13,84334.41
2018-04-16,82861.58
2018-04-17,84086.13
2018-04-18,85776.46
2018-04-19,85824.26
2018-04-20,85550.09
2018-04-23,85602.5
2018-04-24,85469.08
2018-04-25,85044.39
2018-04-26,86383.2
2018-04-27,86444.66
2018-04-30,86115.5
2018-05-02,84547.09
2018-05-03,83288.14
2018-05-04,83118.03
2018-05-07,82714.42
2018-05-08,82956.05
2018-05-09,84265.49
2018-05-10,85861.2
2018-05-11,85220.23
2018-05-14,85232.19
2018-05-15,85130.42
2018-05-16,86536.97
2018-05-17,83621.95
2018-05-18,83081.88
2018-05-21,81815.31
2018-05-22,82738.88
2018-05-23,80867.29
2018-05-24,80122.31
2018-05-25,78897.66
2018-05-28,75355.84
2018-05-29,76071.98
2018-05-30,76753.62
2018-06-01,77239.75
2018-06-04,78596.06
2018-06-05,76641.73
2018-06-06,76117.23
2018-06-07,73851.47
2018-06-08,72942.07
2018-06-11,72307.77
2018-06-12,72754.13
2018-06-13,72122.13
2018-06-14,71421.2
2018-06-15,70757.73
2018-06-18,69814.73
2018-06-19,71394.34
2018-06-20,72123.41
2018-06-21,70074.9
2018-06-22,70640.65
2018-06-25,70952.97
2018-06-26,71404.59
2018-06-27,70609.0
2018-06-28,71766.52
2018-06-29,72762.51
2018-07-02,72839.74
2018-07-03,73667.75
2018-07-04,74743.11
2018-07-05,74553.06
2018-07-06,75010.39
2018-07-10,74862.38
2018-07-11,74398.55
2018-07-12,75856.22
2018-07-13,76594.35
2018-07-16,76652.58
2018-07-17,78130.3
2018-07-18,77362.63
2018-07-19,77486.84
2018-07-20,78571.29
2018-07-23,77996.12
2018-07-24,79154.98
2018-07-25,80218.04
2018-07-26,79405.34
2018-07-27,79866.1
2018-07-30,80275.59
2018-07-31,79220.43
2018-08-01,79301.65
2018-08-02,79636.69
2018-08-03,81434.98
2018-08-06,81050.76
2018-08-07,80346.52
2018-08-08,79151.7
2018-08-09,78767.99
2018-08-10,76514.35
2018-08-13,77496.45
2018-08-14,78602.11
2018-08-15,77077.99
2018-08-16,76818.72
2018-08-17,76028.5
2018-08-20,76327.89
2018-08-21,75180.4
2018-08-22,76902.3
2018-08-23,75633.77
2018-08-24,76262.23
2018-08-27,77929.68
2018-08-28,77473.18
2018-08-29,78388.83
2018-08-30,76404.09
2018-08-31,76677.53
2018-09-03,76192.73
2018-09-04,74711.8
2018-09-05,75092.27
2018-09-06,76416.01
2018-09-10,76436.35
2018-09-11,74656.51
2018-09-12,75124.81
2018-09-13,74686.67
2018-09-14,75429.09
2018-09-17,76788.85
2018-09-18,78313.96
2018-09-19,78168.66
2018-09-20,78116.01
2018-09-21,79444.29
2018-09-24,77984.18
2018-09-25,78630.14
2018-09-26,78656.16
2018-09-27,80000.09
2018-09-28,79342.42
2018-10-01,78623.66
2018-10-02,81612.28
2018-10-03,83273.4
2018-10-04,82952.81
2018-10-05,82321.52
2018-10-08,86083.91
2018-10-09,86087.55
2018-10-10,83679.11
2018-10-11,82921.08
2018-10-15,83359.76
2018-10-16,85717.56
2018-10-17,85763.95
2018-10-18,83847.12
2018-10-19,84219.74
2018-10-22,85596.69
2018-10-23,85300.03
2018-10-24,83063.56
2018-10-25,84083.51
2018-10-26,85719.87
2018-10-29,83796.71
2018-10-30,86885.71
2018-10-31,87423.55
2018-11-01,88419.05
2018-11-05,89598.16
2018-11-06,88668.92
2018-11-07,87714.35
2018-11-08,85620.13
2018-11-09,85641.21
2018-11-12,85524.7
2018-11-13,84914.11
2018-11-14,85973.06
2018-11-16,88515.27
2018-11-19,87900.83
2018-11-21,87268.8
2018-11-22,87477.44
2018-11-23,86230.22
2018-11-26,85546.51
2018-11-27,87891.18
2018-11-28,89250.82
2018-11-29,89709.56
2018-11-30,89504.03
2018-12-03,89820.09
2018-12-04,88624.45
2018-12-05,89039.79
2018-12-06,88846.48
2018-12-07,88115.07
2018-12-10,85914.71
2018-12-11,86419.57
2018-12-12,86977.46
2018-12-13,87837.59
2018-12-14,87449.5
2018-12-17,86399.68
2018-12-18,86610.49
2018-12-19,85673.52
2018-12-20,85269.29
2018-12-21,85697.15
2018-12-26,85136.1
2018-12-27,85460.2
2018-12-28,87887.26
2019-01-02,91012.31
2019-01-03,91564.25
2019-01-04,91840.79
2019-01-07,91699.05
2019-01-08,92031.86
2019-01-09,93613.04
2019-01-10,93805.93
2019-01-11,93658.31
2019-01-14,94474.13
2019-01-15,94055.72
2019-01-16,94393.07
2019-01-17,95351.09
2019-01-18,96096.75
2019-01-21,96009.77
2019-01-22,95103.38
2019-01-23,96558.42
2019-01-24,97677.19
2019-01-28,95443.88
2019-01-29,95639.33
2019-01-30,96996.21
2019-01-31,97393.74
2019-02-01,97861.27
2019-02-04,98588.63
2019-02-05,98311.2
2019-02-06,94635.57
2019-02-07,94405.59
2019-02-08,95343.1
2019-02-11,94412.91
2019-02-12,96168.4
2019-02-13,95842.4
2019-02-14,98015.09
2019-02-15,97525.91
2019-02-18,96509.89
2019-02-19,97659.15
2019-02-20,96544.81
2019-02-21,96932.27
2019-02-22,97885.6
2019-02-25,97239.9
2019-02-26,97602.5
2019-02-27,97307.31
2019-02-28,95584.35
2019-03-01,94603.75
2019-03-06,94216.87
2019-03-07,94340.17
2019-03-08,95364.85
2019-03-11,98026.62
2019-03-12,97828.03
2019-03-13,98903.88
2019-03-14,98604.67
2019-03-15,99136.74
2019-03-18,99993.92
2019-03-19,99588.37
2019-03-20,98041.37
2019-03-21,96729.08
2019-03-22,93735.15
2019-03-25,93662.01
2019-03-26,95306.82
2019-03-27,91903.4
2019-03-28,94388.94
2019-03-29,95414.55
2019-04-01,96054.45
2019-04-02,95386.76
2019-04-03,94491.48
2019-04-04,96313.06
2019-04-05,97108.17
2019-04-08,97369.29
2019-04-09,96291.79
2019-04-10,95953.45
2019-04-11,94754.7
2019-04-12,92875.0
2019-04-15,93082.97
2019-04-16,94333.31
2019-04-17,93284.75
2019-04-18,94578.26
2019-04-22,94588.06
2019-04-23,95923.24
2019-04-24,95045.43
2019-04-25,96552.03
2019-04-26,96236.04
2019-04-29,96187.75
2019-04-30,96353.33
2019-05-02,95527.62
2019-05-03,96007.89
2019-05-06,95008.66
2019-05-07,94388.73
2019-05-08,95596.61
2019-05-09,94807.85
2019-05-10,94257.56
2019-05-13,91726.54
2019-05-14,92092.44
2019-05-15,91623.44
2019-05-16,90024.47
2019-05-17,89992.73
2019-05-20,91946.19
2019-05-21,94484.63
2019-05-22,94360.66
2019-05-23,93910.03
2019-05-24,93627.8
2019-05-27,94864.25
2019-05-28,96392.76
2019-05-29,96566.55
2019-05-30,97457.36
2019-05-31,97030.32
2019-06-03,97020.48
2019-06-04,97380.28
2019-06-05,95998.75
2019-06-06,97204.85
2019-06-07,97821.26
2019-06-10,97466.69
2019-06-11,98960.0
2019-06-12,98320.88
2019-06-13,98773.7
2019-06-14,98040.06
2019-06-17,97623.25
2019-06-18,99404.39
2019-06-19,100303.4
2019-06-21,102012.6
2019-06-24,102062.3
2019-06-25,100093.0
2019-06-26,100688.63
2019-06-27,100723.97
2019-06-28,100967.2
2019-07-01,101339.7
2019-07-02,100605.2
2019-07-03,102043.1
2019-07-04,103636.2
2019-07-05,104089.5
2019-07-08,104530.2
2019-07-10,105817.1
2019-07-11,105146.4
2019-07-12,103906.0
2019-07-15,103802.7
2019-07-16,103775.4
2019-07-17,103855.5
2019-07-18,104716.6
2019-07-19,103451.9
2019-07-22,103949.5
2019-07-23,103704.3
2019-07-24,104119.5
2019-07-25,102654.6
2019-07-26,102818.9
2019-07-29,103482.6
2019-07-30,102932.8
2019-07-31,101812.1
2019-08-01,102125.9
2019-08-02,102673.7
2019-08-05,100097.8
2019-08-06,102163.7
2019-08-07,102782.4
2019-08-08,104115.2
2019-08-09,103996.2
2019-08-12,101915.2
2019-08-13,103299.5
2019-08-14,100258.0
2019-08-15,99056.9
2019-08-16,99805.8
2019-08-19,99468.7
2019-08-20,99222.3
2019-08-21,101201.9
2019-08-22,100011.3
2019-08-23,97667.5
2019-08-26,96429.6
2019-08-27,97276.2
2019-08-28,98193.5
2019-08-29,100524.4
2019-08-30,101134.6
2019-09-02,100625.7
2019-09-03,99680.8
2019-09-04,101200.9
2019-09-05,102243.0
2019-09-06,102935.4
2019-09-09,103180.6
2019-09-10,103031.5
2019-09-11,103445.6
2019-09-12,104370.9
2019-09-13,103501.2
2019-09-16,103680.4
2019-09-17,104616.9
2019-09-18,104531.9
2019-09-19,104339.2
2019-09-20,104817.4
2019-09-23,104637.8
2019-09-24,103875.7
2019-09-25,104481.0
2019-09-26,105319.4
2019-09-27,105077.6
2019-09-30,104745.3
2019-10-01,104053.4
2019-10-02,101031.4
2019-10-03,101516.0
2019-10-04,102551.3
2019-10-07,100572.8
2019-10-08,99981.4
2019-10-09,101248.8
2019-10-10,101817.1
2019-10-11,103831.9
2019-10-14,104301.6
2019-10-15,104489.6
2019-10-16,105422.8
2019-10-17,105015.8
2019-10-18,104728.9
2019-10-21,106022.3
2019-10-22,107381.1
2019-10-23,107543.6
2019-10-24,106986.1
2019-10-25,107363.8
2019-10-28,108187.1
2019-10-29,107556.3
2019-10-30,108407.5
2019-10-31,107219.8
2019-11-01,108195.6
2019-11-04,108779.3
2019-11-05,108719.0
2019-11-06,108360.2
2019-11-07,109580.6
2019-11-08,107629.0
2019-11-11,108367.4
2019-11-12,106751.1
2019-11-13,106060.0
2019-11-14,106556.9
2019-11-18,106269.3
2019-11-19,105864.2
2019-11-21,107496.7
2019-11-22,108692.3
2019-11-25,108423.9
2019-11-26,107059.4
2019-11-27,107707.8
2019-11-28,108290.1
2019-11-29,108233.3
2019-12-02,108927.8
2019-12-03,108956.0
2019-12-04,110300.9
2019-12-05,110622.3
2019-12-06,111125.8
2019-12-09,110977.2
2019-12-10,110672.0
2019-12-11,110963.9
2019-12-12,112199.7
2019-12-13,112564.9
2019-12-16,111896.0
2019-12-17,112615.7
2019-12-18,114314.7
2019-12-19,115131.3
2019-12-20,115121.1
2019-12-23,115863.3
2019-12-26,117203.2
2019-12-27,116534.0
2019-12-30,115645.3
2020-01-02,118573.1
2020-01-03,117706.7
2020-01-06,116877.9
2020-01-07,116661.9
2020-01-08,116247.0
2020-01-09,115947.1
2020-01-10,115503.4
2020-01-13,117325.3
2020-01-14,117632.4
2020-01-15,116414.4
2020-01-16,116704.2
2020-01-17,118478.3
2020-01-20,118861.6
2020-01-21,117026.0
2020-01-22,118391.4
2020-01-23,119527.6
2020-01-24,118376.4
2020-01-27,114481.8
2020-01-28,116479.0
2020-01-29,115384.8
2020-01-30,115528.0
2020-01-31,113760.6
2020-02-03,114629.2
2020-02-04,115556.7
2020-02-05,116028.3
2020-02-06,115190.0
2020-02-07,113770.3
2020-02-10,112570.3
2020-02-11,115370.6
2020-02-12,116674.1
2020-02-13,115662.4
2020-02-14,114380.7
2020-02-17,115309.1
2020-02-18,114977.3
2020-02-19,116517.6
2020-02-20,114586.2
2020-02-21,113681.4
2020-02-26,105718.3
2020-02-27,102983.5
2020-02-28,104171.6
2020-03-02,106625.4
2020-03-03,105537.1
2020-03-04,107224.2
2020-03-05,102233.2
2020-03-06,97996.8
2020-03-09,86067.2
2020-03-10,92214.5
2020-03-11,85171.1
2020-03-12,72582.5
2020-03-13,82677.9
2020-03-16,71168.1
2020-03-17,74617.2
2020-03-18,66894.9
2020-03-19,68331.8
2020-03-20,67069.4
2020-03-23,63569.6
2020-03-24,69729.3
2020-03-25,74955.6
2020-03-26,77709.7
2020-03-27,73428.8
2020-03-30,74639.5
2020-03-31,73019.8
2020-04-01,70966.7
2020-04-02,72253.5
2020-04-03,69537.6
2020-04-06,74073.0
2020-04-07,76358.1
2020-04-08,78624.6
2020-04-09,77681.9
2020-04-13,78835.8
2020-04-14,79918.4
2020-04-15,78831.5
2020-04-16,77811.9
2020-04-17,78990.3
2020-04-20,78972.8
2020-04-22,80687.2
2020-04-23,79673.3
2020-04-24,75330.6
2020-04-27,78238.6
2020-04-28,81312.2
2020-04-29,83170.8
2020-04-30,80505.9
2020-05-04,78876.2
2020-05-05,79470.8
2020-05-06,79063.7
2020-05-07,78118.6
2020-05-08,80263.4
2020-05-11,79064.6
2020-05-12,77872.0
2020-05-13,77772.2
2020-05-14,79010.8
2020-05-15,77556.6
2020-05-18,81194.3
2020-05-19,80742.4
2020-05-20,81319.5
2020-05-21,83027.1
2020-05-22,82173.2
2020-05-25,85663.5
2020-05-26,85468.9
2020-05-27,87946.3
2020-05-28,86949.1
2020-05-29,87402.6
2020-06-01,88620.1
2020-06-02,91046.4
2020-06-03,93002.1
2020-06-04,93828.6
2020-06-05,94637.1
2020-06-08,97644.7
2020-06-09,96746.6
2020-06-10,94686.0
2020-06-12,92795.3
2020-06-15,92375.5
2020-06-16,93531.2
2020-06-17,95547.3
2020-06-18,96125.2
2020-06-19,96572.1
2020-06-22,95336.0
2020-06-23,95975.2
2020-06-24,94377.4
2020-06-25,95983.1
2020-06-26,93834.5
2020-06-29,95735.4
2020-06-30,95055.8
2020-07-01,96203.2
2020-07-02,96235.0
2020-07-03,96764.9
2020-07-06,98937.2
2020-07-07,97761.0
2020-07-08,99769.9
2020-07-09,99160.3
2020-07-10,100031.8
2020-07-13,98697.1
2020-07-14,100440.2
2020-07-15,101790.5
2020-07-16,100553.3
2020-07-17,102888.3
2020-07-20,104426.4
2020-07-21,104309.7
2020-07-22,104289.6
2020-07-23,102293.3
2020-07-24,102381.6
2020-07-27,104477.1
2020-07-28,104109.1
2020-07-29,105605.2
2020-07-30,105008.7
2020-07-31,102912.2
2020-08-03,102830.0
2020-08-04,101215.9
2020-08-05,102801.8
2020-08-06,104125.6
2020-08-07,102775.5
2020-08-10,103444.5
2020-08-11,102174.4
2020-08-12,102117.8
2020-08-13,100460.6
2020-08-14,101353.5
2020-08-17,99595.4
2020-08-18,102065.4
2020-08-19,100853.7
2020-08-20,101467.9
2020-08-21,101521.3
2020-08-24,102298.0
2020-08-25,102117.6
2020-08-26,100627.3
2020-08-27,100623.6
2020-08-28,102142.9
2020-08-31,99369.2
2020-09-01,102167.6
2020-09-02,101911.1
2020-09-03,100721.4
2020-09-04,101241.7
2020-09-08,100050.4
2020-09-09,101292.0
2020-09-10,98834.6
2020-09-11,98363.2
2020-09-14,100274.5
2020-09-15,100297.9
2020-09-16,99675.7
2020-09-17,100097.8
2020-09-18,98289.7
2020-09-21,96990.7
2020-09-22,97293.5
2020-09-23,95734.8
2020-09-24,97012.1
2020-09-25,96999.4
2020-09-28,94666.4
2020-09-29,93580.4
2020-09-30,94603.4
2020-10-01,95478.5
2020-10-02,94015.7
2020-10-05,96089.2
2020-10-06,95615.0
2020-10-07,95526.3
2020-10-08,97919.7
2020-10-09,97483.3
2020-10-13,98502.8
2020-10-14,99334.4
2020-10-15,99054.1
2020-10-16,98309.1
2020-10-19,98657.7
2020-10-20,100539.8
2020-10-21,100552.4
2020-10-22,101917.7
2020-10-23,101259.8
2020-10-26,101017.0
2020-10-27,99605.5
2020-10-28,95368.8
2020-10-29,96582.2
2020-10-30,93952.4
2020-11-03,95979.7
2020-11-04,97866.8
2020-11-05,100751.4
2020-11-06,100925.1
2020-11-09,103515.2
2020-11-10,105067.0
2020-11-11,104808.8
2020-11-12,102507.0
2020-11-13,104723.0
2020-11-16,106429.9
2020-11-17,107248.6
2020-11-18,106119.1
2020-11-19,106669.9
2020-11-20,106042.5
2020-11-23,107378.9
2020-11-24,109786.3
2020-11-25,110132.5
2020-11-26,110227.1
2020-11-27,110575.5
2020-11-30,108893.3
2020-12-01,111399.9
2020-12-02,111878.5
2020-12-03,112291.6
2020-12-04,113750.2
2020-12-07,113589.8
2020-12-08,113793.1
2020-12-09,113001.2
2020-12-10,115128.6
2020-12-11,115128.0
2020-12-14,114611.1
2020-12-15,116148.6
2020-12-16,117857.4
2020-12-17,118400.6
2020-12-18,118023.7
2020-12-21,115822.6
2020-12-22,116636.2
2020-12-23,117806.9
2020-12-28,119123.7
2020-12-29,119409.2
2020-12-30,119017.2
2021-01-04,118854.7
2021-01-05,119376.2
2021-01-06,119100.1
2021-01-07,122385.9
2021-01-08,125076.6
2021-01-11,123255.1
2021-01-12,123998.0
2021-01-13,121933.1
2021-01-14,123480.5
2021-01-15,120348.8
2021-01-18,121241.6
2021-01-19,120636.4
2021-01-20,119646.4
2021-01-21,118329.0
2021-01-22,117380.5
2021-01-26,116464.1
2021-01-27,115882.3
2021-01-28,118883.3
2021-01-29,115067.6
2021-02-01,117517.6
2021-02-02,118233.8
2021-02-03,119724.7
2021-02-04,119260.8
2021-02-05,120240.3
2021-02-08,119696.4
2021-02-09,119471.6
2021-02-10,118435.3
2021-02-11,119299.8
2021-02-12,119428.7
2021-02-17,120355.8
2021-02-18,119199.0
2021-02-19,118430.5
2021-02-22,112667.7
2021-02-23,115227.5
2021-02-24,115667.8
2021-02-25,112256.4
2021-02-26,110035.2
2021-03-01,110334.8
2021-03-02,111539.8
2021-03-03,111184.0
2021-03-04,112690.2
2021-03-05,115202.2
2021-03-08,110611.6
2021-03-09,111330.6
2021-03-10,112776.5
2021-03-11,114983.8
2021-03-12,114160.4
2021-03-15,114850.7
2021-03-16,114018.8
2021-03-17,116549.4
2021-03-18,114835.4
2021-03-19,116221.6
2021-03-22,114978.9
2021-03-23,113261.8
2021-03-24,112064.2
2021-03-25,113749.9
2021-03-26,114780.6
2021-03-29,115418.7
2021-03-30,116849.7
2021-03-31,116633.7
2021-04-01,115253.3
2021-04-05,117518.4
2021-04-06,117498.9
2021-04-07,117623.6
2021-04-08,118313.2
2021-04-09,117669.9
2021-04-12,118811.7
2021-04-13,119297.1
2021-04-14,120294.7
2021-04-15,120700.7
2021-04-16,121113.9
2021-04-19,120933.8
2021-04-20,120062.0
2021-04-22,119371.5
2021-04-23,120530.1
2021-04-26,120594.6
2021-04-27,119388.4
2021-04-28,121052.5
2021-04-29,120065.8
2021-04-30,118893.8
2021-05-03,119209.5
2021-05-04,117712.0
2021-05-05,119564.4
2021-05-06,119920.6
2021-05-07,122038.1
2021-05-10,121909.0
2021-05-11,122964.0
2021-05-12,119710.0
2021-05-13,120705.9
2021-05-14,121880.8
2021-05-17,122937.9
2021-05-18,122980.0
2021-05-19,122636.3
2021-05-20,122700.8
2021-05-21,122592.5
2021-05-24,124031.6
2021-05-25,122987.7
2021-05-26,123989.2
2021-05-27,124366.6
2021-05-28,125561.4
2021-05-31,126215.7
2021-06-01,128267.1
2021-06-02,129601.4
2021-06-04,130125.8
2021-06-07,130776.3
2021-06-08,129787.1
2021-06-09,129906.8
2021-06-10,130076.2
2021-06-11,129441.0
2021-06-14,130208.0
2021-06-15,130091.1
2021-06-16,129259.5
2021-06-17,128057.2
2021-06-18,128405.4
2021-06-21,129265.0
2021-06-22,128767.5
2021-06-23,128428.0
2021-06-24,129513.6
2021-06-25,127255.6
2021-06-28,127429.2
2021-06-29,127327.4
2021-06-30,126801.7
2021-07-01,125666.2
2021-07-02,127621.7
2021-07-05,126920.1
2021-07-06,125094.9
2021-07-07,127018.7
2021-07-08,125427.8
2021-07-12,127593.8
2021-07-13,128167.7
2021-07-14,128406.5
2021-07-15,127467.9
2021-07-16,125960.3
2021-07-19,124394.6
2021-07-20,125401.4
2021-07-21,125929.3
2021-07-22,126146.7
2021-07-23,125052.8
2021-07-26,126003.9
2021-07-27,124612.0
2021-07-28,126285.6
2021-07-29,125675.3
2021-07-30,121800.8
2021-08-02,122515.7
2021-08-03,123576.6
2021-08-04,121801.2
2021-08-05,121632.9
2021-08-06,122810.4
2021-08-09,123019.4
2021-08-10,122202.5
2021-08-11,122056.3
2021-08-12,120701.0
2021-08-13,121193.8
2021-08-16,119180.0
2021-08-17,117903.8
2021-08-18,116642.6
2021-08-19,117164.7
2021-08-20,118052.8
2021-08-23,117471.7
2021-08-24,120210.8
2021-08-25,120817.7
2021-08-26,118724.0
2021-08-27,120677.6
2021-08-30,119740.0
2021-08-31,118781.0
2021-09-01,119395.6
2021-09-02,116677.1
2021-09-03,116933.2
2021-09-06,117868.6
2021-09-08,113412.8
2021-09-09,115360.9
2021-09-10,114285.9
2021-09-13,116403.7
2021-09-14,116180.6
2021-09-15,115062.5
2021-09-16,113794.3
2021-09-17,111439.4
2021-09-20,108843.7
2021-09-21,110249.7
2021-09-22,112282.3
2021-09-23,114064.4
2021-09-24,113282.7
2021-09-27,113583.0
2021-09-28,110123.9
2021-09-29,111106.8
2021-09-30,110979.1
2021-10-01,112899.6
2021-10-04,110393.1
2021-10-05,110457.6
2021-10-06,110559.6
2021-10-07,110585.4
2021-10-08,112833.2
2021-10-11,112180.5
2021-10-13,113455.9
2021-10-14,113185.5
2021-10-15,114648.0
2021-10-18,114428.2
2021-10-19,110672.8
2021-10-20,110786.4
2021-10-21,107735.0
2021-10-22,106296.2
2021-10-25,108714.6
2021-10-26,106419.5
2021-10-27,106363.1
2021-10-28,105705.0
2021-10-29,103500.7
2021-11-01,105550.9
2021-11-03,105616.9
2021-11-04,103412.1
2021-11-05,104824.2
2021-11-08,104781.1
2021-11-09,105535.1
2021-11-10,105967.5
2021-11-11,107594.7
2021-11-12,106334.5
2021-11-16,104403.7
2021-11-17,102948.5
2021-11-18,102426.0
2021-11-19,103035.0
2021-11-22,102122.4
2021-11-23,103653.8
2021-11-24,104514.2
2021-11-25,105811.3
2021-11-26,102224.3
2021-11-29,102814.0
2021-11-30,101915.5
2021-12-01,100774.6
2021-12-02,104466.2
2021-12-03,105069.7
2021-12-06,106858.9
2021-12-07,107557.7
2021-12-08,108095.5
2021-12-09,106291.2
2021-12-10,107758.3
2021-12-13,107383.3
2021-12-14,106759.9
2021-12-15,107431.2
2021-12-16,108326.3
2021-12-17,107200.6
2021-12-20,105019.8
2021-12-21,105499.9
2021-12-22,105243.7
2021-12-23,104891.3
2021-12-27,105554.4
2021-12-28,104864.2
2021-12-29,104107.2
2021-12-30,104822.4
2022-01-03,103921.6
2022-01-04,103513.6
2022-01-05,101005.6
2022-01-06,101561.1
2022-01-07,102719.5
2022-01-10,101945.2
2022-01-11,103779.0
2022-01-12,105685.7
2022-01-13,105529.5
2022-01-14,106927.8
2022-01-17,106373.9
2022-01-18,106667.7
2022-01-19,108013.5
2022-01-20,109102.0
2022-01-21,108941.7
2022-01-24,107937.1
2022-01-25,110203.8
2022-01-26,111289.2
2022-01-27,112611.7
2022-01-28,111910.1
2022-01-31,112143.5
2022-02-01,113228.3
2022-02-02,111894.4
2022-02-03,111695.9
2022-02-04,112244.9
2022-02-07,111996.4
2022-02-08,112234.5
2022-02-09,112461.4
2022-02-10,113367.8
2022-02-11,113572.4
2022-02-14,113899.2
2022-02-15,114828.2
2022-02-16,115181.0
2022-02-17,113528.5
2022-02-18,112879.9
2022-02-21,111725.3
2022-02-22,112891.8
2022-02-23,112007.6
2022-02-24,111591.9
2022-02-25,113141.9
2022-03-02,115173.6
2022-03-03,115165.6
2022-03-04,114473.8
2022-03-07,111593.5
2022-03-08,111203.5
2022-03-09,113900.3
2022-03-10,113663.1
2022-03-11,111713.1
2022-03-14,109927.6
2022-03-15,108959.3
2022-03-16,111112.43
2022-03-17,113076.33
2022-03-18,115310.91
2022-03-21,116154.53
2022-03-22,117272.44
2022-03-23,117457.34
2022-03-24,119052.91
2022-03-25,119081.13
2022-03-28,118737.78
2022-03-29,120014.17
2022-03-30,120259.76
2022-03-31,119999.23
2022-04-01,121570.15
2022-04-04,121279.51
2022-04-05,118885.15
2022-04-06,118227.75
2022-04-07,118862.12
2022-04-08,118322.26
2022-04-11,116952.85
2022-04-12,116146.86
2022-04-13,116781.96
2022-04-14,116181.61
2022-04-18,115687.25
2022-04-19,115056.66
2022-04-20,114343.78
2022-04-22,111077.51
2022-04-25,110684.95
2022-04-26,108212.86
2022-04-27,109349.37
2022-04-28,109918.97
2022-04-29,107876.16
2022-05-02,106638.64
2022-05-03,106528.09
2022-05-04,108343.74
2022-05-05,105304.19
2022-05-06,105134.73
2022-05-09,103250.02
2022-05-10,103109.94
2022-05-11,104396.9
2022-05-12,105687.64
2022-05-13,106924.18
2022-05-16,108232.74
2022-05-17,108789.33
2022-05-18,106247.15
2022-05-19,107005.22
2022-05-20,108487.88
2022-05-23,110345.82
2022-05-24,110580.79
2022-05-25,110579.81
2022-05-26,111889.88
2022-05-27,111941.68
2022-05-30,111032.11
2022-05-31,111350.51
2022-06-01,111359.94
2022-06-02,112392.91
2022-06-03,111102.32
2022-06-06,110185.91
2022-06-07,110069.76
2022-06-08,108367.67
2022-06-09,107093.71
2022-06-10,105481.23
2022-06-13,102598.18
2022-06-14,102063.25
2022-06-15,102806.82
2022-06-17,99824.94
2022-06-20,99852.67
2022-06-21,99684.5
2022-06-22,99522.32
2022-06-23,98080.34
2022-06-24,98672.26
2022-06-27,100763.6
2022-06-28,100591.41
2022-06-29,99621.58
2022-06-30,98541.95
2022-07-01,98953.9
2022-07-04,98608.76
2022-07-05,98294.64
2022-07-06,98718.98
2022-07-07,100729.72
2022-07-08,100288.94
2022-07-11,98212.46
2022-07-12,98271.21
2022-07-13,97881.16
2022-07-14,96120.85
2022-07-15,96551.0
2022-07-18,96916.13
2022-07-19,98244.8
2022-07-20,98286.83
2022-07-21,99033.17
2022-07-22,98924.82
2022-07-25,100269.85
2022-07-26,99771.69
2022-07-27,101437.96
2022-07-28,102596.66
2022-07-29,103164.69
2022-08-01,102225.08
2022-08-02,103361.7
2022-08-03,103774.68
2022-08-04,105892.22
2022-08-05,106471.92
2022-08-08,108402.27
2022-08-09,108651.05
2022-08-10,110235.76
2022-08-11,109717.94
2022-08-12,112764.26
2022-08-15,113031.98
2022-08-16,113512.38
2022-08-17,113707.76
2022-08-18,113812.87
2022-08-19,111496.21
2022-08-22,110500.53
2022-08-23,112857.1
2022-08-24,112897.84
2022-08-25,113531.72
2022-08-26,112298.86
2022-08-29,112323.12
2022-08-30,110430.64
2022-08-31,109522.88
2022-09-01,110405.3
2022-09-02,110864.24
2022-09-05,112203.35
2022-09-06,109763.77
2022-09-08,109915.64
2022-09-09,112300.41
2022-09-12,113406.55
2022-09-13,110793.96
2022-09-14,110546.67
2022-09-15,109953.65
2022-09-16,109280.37
2022-09-19,111823.89
2022-09-20,112516.91
2022-09-21,111935.86
2022-09-22,114070.48
2022-09-23,111716.0
2022-09-26,109114.16
2022-09-27,108376.35
2022-09-28,108451.2
2022-09-29,107664.35
2022-09-30,110036.79
2022-10-03,116134.46
2022-10-04,116230.12
2022-10-05,117197.82
2022-10-06,117560.83
2022-10-07,116375.25
2022-10-10,115940.64
2022-10-11,114827.12
2022-10-13,114300.09
2022-10-14,112072.34
2022-10-17,113623.98
2022-10-18,115743.07
2022-10-19,116274.24
2022-10-20,117171.11
2022-10-21,119928.79
2022-10-24,116012.7
2022-10-25,114625.59
2022-10-26,112763.79
2022-10-27,114640.76
2022-10-28,114539.05
2022-10-31,116037.08
2022-11-01,116928.66
2022-11-03,116896.36
2022-11-04,118155.46
2022-11-07,115342.4
2022-11-08,116160.35
2022-11-09,113580.09
2022-11-10,109775.46
2022-11-11,112253.49
2022-11-14,113161.28
2022-11-16,110243.33
2022-11-17,109702.78
2022-11-18,108870.17
2022-11-21,109748.18
2022-11-22,109036.54
2022-11-23,108841.15
2022-11-24,111831.16
2022-11-25,108976.7
2022-11-28,108782.15
2022-11-29,110909.61
2022-11-30,112486.01
2022-12-01,110925.6
2022-12-02,111923.93
2022-12-05,109401.41
2022-12-06,110188.57
2022-12-07,109068.55
2022-12-08,107249.04
2022-12-09,107519.56
2022-12-12,105343.33
2022-12-13,103539.67
2022-12-14,103745.77
2022-12-15,103737.69
2022-12-16,102855.7
2022-12-19,104739.75
2022-12-20,106864.11
2022-12-21,107433.14
2022-12-22,107551.52
2022-12-23,109697.57
2022-12-26,108737.75
2022-12-27,108578.2
2022-12-28,110236.71
2022-12-29,109734.6
2023-01-02,106376.02
2023-01-03,104165.74
2023-01-04,105334.46
2023-01-05,107641.32
2023-01-06,108963.7
2023-01-09,109129.57
2023-01-10,110816.71
2023-01-11,112517.08
2023-01-12,111850.22
2023-01-13,110916.08
2023-01-16,109212.66
2023-01-17,111439.12
2023-01-18,112228.39
2023-01-19,112921.88
2023-01-20,112040.64
2023-01-23,111737.28
2023-01-24,113028.15
2023-01-25,114270.07
2023-01-26,114177.55
2023-01-27,112316.16
2023-01-30,112273.01
2023-01-31,113430.54
2023-02-01,112073.55
2023-02-02,110140.64
2023-02-03,108523.47
2023-02-06,108721.58
2023-02-07,107829.73
2023-02-08,109951.49
2023-02-09,108008.05
2023-02-10,108078.27
2023-02-13,108836.47
2023-02-14,107848.81
2023-02-15,109600.14
2023-02-16,109941.46
2023-02-17,109176.92
2023-02-22,107152.05
2023-02-23,107592.87
2023-02-24,105798.43
2023-02-27,105711.05
2023-02-28,104931.93
2023-03-01,104384.67
2023-03-02,103325.61
2023-03-03,103865.99
2023-03-06,104700.32
2023-03-07,104227.93
2023-03-08,106540.32
2023-03-09,105071.19
2023-03-10,103618.2
2023-03-13,103121.36
2023-03-14,102932.38
2023-03-15,102675.45
2023-03-16,103434.66
2023-03-17,101981.53
2023-03-20,100922.89
2023-03-21,100998.13
2023-03-22,100220.63
2023-03-23,97926.34
2023-03-24,98829.27
2023-03-27,99670.47
2023-03-28,101185.09
2023-03-29,101792.52
2023-03-30,103713.45
2023-03-31,101882.2
2023-04-03,101506.18
2023-04-04,101869.45
2023-04-05,100977.85
2023-04-06,100821.73
2023-04-10,101846.64
2023-04-11,106213.76
2023-04-12,106889.71
2023-04-13,106457.85
2023-04-14,106279.37
2023-04-17,106015.67
2023-04-18,106163.23
2023-04-19,103912.94
2023-04-20,104366.82
2023-04-24,103946.58
2023-04-25,103220.09
2023-04-26,102312.1
2023-04-27,102923.31
2023-04-28,104431.63
2023-05-02,101926.95
2023-05-03,101797.09
2023-05-04,102174.34
2023-05-05,105148.48
2023-05-08,106042.15
2023-05-09,107113.66
2023-05-10,107448.21
2023-05-11,108256.4
2023-05-12,108463.84
2023-05-15,109029.12
2023-05-16,108193.68
2023-05-17,109459.95
2023-05-18,110108.46
2023-05-19,110744.51
2023-05-22,110213.12
2023-05-23,109928.53
2023-05-24,108799.54
2023-05-25,110054.38
2023-05-26,110905.51
2023-05-29,110333.4
2023-05-30,108967.03
2023-05-31,108335.07
2023-06-01,110564.66
2023-06-02,112558.15
2023-06-05,112696.32
2023-06-06,114610.1
2023-06-07,115488.16
2023-06-09,117019.48
2023-06-12,117336.34
2023-06-13,116742.71
2023-06-14,119068.77
2023-06-15,119221.0
2023-06-16,118758.42
2023-06-19,119857.76
2023-06-20,119622.4
2023-06-21,120420.26
2023-06-22,118934.2
2023-06-23,118977.1
2023-06-26,118242.95
2023-06-27,117522.87
2023-06-28,116681.32
2023-06-29,118382.65
2023-06-30,118087.0
2023-07-03,119672.78
2023-07-04,119076.37
2023-07-05,119549.21
2023-07-06,117425.7
2023-07-07,118897.99
2023-07-10,117942.44
2023-07-11,117555.5
2023-07-12,117666.49
2023-07-13,119263.89
2023-07-14,117710.54
2023-07-17,118219.46
2023-07-18,117841.19
2023-07-19,117552.07
2023-07-20,118082.9
2023-07-21,120216.77
2023-07-24,121341.69
2023-07-25,122007.77
2023-07-26,122560.38
2023-07-27,119989.64
2023-07-28,120187.11
2023-07-31,121942.98
2023-08-01,121248.39
2023-08-02,120858.72
2023-08-03,120585.77
2023-08-04,119507.68
2023-08-07,119379.5
2023-08-08,119090.24
2023-08-09,118408.77
2023-08-10,118349.6
2023-08-11,118065.14
2023-08-14,116809.55
2023-08-15,116171.42
2023-08-16,115591.52
2023-08-17,114982.3
2023-08-18,115408.52
2023-08-21,114429.35
2023-08-22,116156.01
2023-08-23,118134.59
2023-08-24,117025.6
2023-08-25,115837.2
2023-08-28,117120.98
2023-08-29,118403.61
2023-08-30,117535.1
2023-08-31,115741.81
2023-09-01,117892.96
2023-09-04,117776.62
2023-09-05,117331.3
2023-09-06,115985.34
2023-09-08,115313.4
2023-09-11,116883.34
2023-09-12,117968.12
2023-09-13,118175.97
2023-09-14,119391.55
2023-09-15,118757.53
2023-09-18,118288.21
2023-09-19,117845.78
2023-09-20,118695.32
2023-09-21,116145.05
2023-09-22,116008.64
2023-09-25,115924.61
2023-09-26,114193.43
2023-09-27,114327.05
2023-09-28,115730.76
2023-09-29,116565.17
2023-10-02,115056.86
2023-10-03,113419.04
2023-10-04,113607.45
2023-10-05,113284.08
2023-10-06,114169.63
2023-10-09,115156.07
2023-10-10,116736.95
2023-10-11,117050.74
2023-10-13,115754.08
2023-10-16,116533.85
2023-10-17,115908.43
2023-10-18,114059.64
2023-10-19,114004.3
2023-10-20,113155.28
2023-10-23,112784.52
2023-10-24,113761.9
2023-10-25,112829.97
2023-10-26,114776.86
2023-10-27,113301.35
2023-10-30,112531.52
2023-10-31,113143.67
2023-11-01,115052.96
2023-11-03,118159.97
2023-11-06,118431.25
2023-11-07,119268.06
2023-11-08,119176.67
2023-11-09,119034.14
2023-11-10,120568.14
2023-11-13,120410.17
2023-11-14,123165.76
2023-11-16,124639.24
2023-11-17,124773.21
2023-11-20,125957.06
2023-11-21,125626.03
2023-11-22,126035.3
2023-11-23,126575.75
2023-11-24,125517.27
2023-11-27,125731.45
2023-11-28,126538.32
2023-11-29,126165.64
2023-11-30,127331.12
2023-12-01,128184.91
2023-12-04,126802.79
2023-12-05,126903.25
2023-12-06,125622.65
2023-12-07,126009.57
2023-12-08,127093.57
2023-12-11,126916.41
2023-12-12,126403.03
2023-12-13,129465.08
2023-12-14,130842.09
2023-12-15,130197.1
2023-12-18,131083.82
2023-12-19,131850.9
2023-12-20,130804.17
2023-12-21,132182.01
2023-12-22,132752.93
2023-12-26,133532.92
2023-12-27,134193.72
2023-12-28,134185.24
2024-01-02,132696.63
2024-01-03,132833.95
2024-01-04,131225.91
2024-01-05,132022.92
2024-01-08,132426.54
2024-01-09,131446.59
2024-01-10,130841.09
2024-01-11,130648.75
2024-01-12,130987.67
2024-01-15,131520.91
2024-01-16,129294.04
2024-01-17,128523.83
2024-01-18,127315.74
2024-01-19,127635.65
2024-01-22,126601.55
2024-01-23,128262.52
2024-01-24,127815.7
2024-01-25,128168.73
2024-01-26,128967.32
2024-01-29,128502.66
2024-01-30,127401.81
2024-01-31,127752.28
2024-02-01,128481.02
2024-02-02,127182.25
2024-02-05,127593.49
2024-02-06,130416.31
2024-02-07,129949.9
2024-02-08,128216.92
2024-02-09,128025.7
2024-02-14,127018.29
2024-02-15,127804.13
2024-02-16,128725.88
2024-02-19,129035.74
2024-02-20,129916.11
2024-02-21,130031.58
2024-02-22,130240.55
2024-02-23,129418.73
2024-02-26,129609.05
2024-02-27,131689.37
2024-02-28,130155.43
2024-02-29,129020.02
2024-03-01,129180.37
2024-03-04,128340.54
2024-03-05,128098.11
2024-03-06,128890.23
2024-03-07,128339.76
2024-03-08,127070.79
2024-03-11,126123.56
2024-03-12,127667.84
2024-03-13,128006.05
2024-03-14,127689.97
2024-03-15,126741.81
2024-03-18,126954.18
2024-03-19,127528.85
2024-03-20,129124.83
2024-03-21,128158.57
2024-03-22,127027.1
2024-03-25,126931.47
2024-03-26,126863.02
2024-03-27,127690.62
2024-03-28,128106.1
2024-04-01,126990.45
2024-04-02,127548.52
2024-04-03,127318.39
2024-04-04,127427.53
2024-04-05,126795.41
2024-04-08,128857.16
2024-04-09,129890.37
2024-04-10,128053.74
2024-04-11,127396.35
2024-04-12,125946.09
2024-04-15,125333.89
2024-04-16,124388.62
2024-04-17,124171.15
2024-04-18,124196.18
2024-04-19,125124.3
2024-04-22,125573.16
2024-04-23,125148.07
2024-04-24,124740.69
2024-04-25,124645.58
2024-04-26,126526.27
2024-04-29,127351.79
2024-04-30,125924.19
2024-05-02,127122.25
2024-05-03,128508.67
2024-05-06,128465.69
2024-05-07,129210.48
2024-05-08,129480.89
2024-05-09,128188.34
2024-05-10,127599.57
2024-05-13,128154.79
2024-05-14,128515.49
2024-05-15,128027.59
2024-05-16,128283.62
2024-05-17,128150.71
2024-05-20,127750.92
2024-05-21,127411.55
2024-05-22,125650.03
2024-05-23,124729.4
2024-05-24,124305.57
2024-05-27,124495.68
2024-05-28,123779.54
2024-05-29,122707.28
2024-05-31,122098.09
2024-06-03,122031.58
2024-06-04,121802.06
2024-06-05,121407.33
2024-06-06,122898.8
2024-06-07,120767.19
2024-06-10,120759.51
2024-06-11,121635.06
2024-06-12,119936.02
2024-06-13,119567.53
2024-06-14,119662.38
2024-06-17,119137.86
2024-06-18,119630.44
2024-06-19,120261.34
2024-06-20,120445.91
2024-06-21,121341.13
2024-06-24,122636.96
2024-06-25,122331.39
2024-06-26,122641.3
2024-06-27,124307.83
2024-06-28,123906.55
2024-07-01,124718.07
2024-07-02,124787.08
2024-07-03,125661.89
2024-07-04,126163.98
2024-07-05,126267.05
2024-07-08,126548.34
2024-07-09,127108.22
2024-07-10,127218.24
2024-07-11,128293.61
2024-07-12,128896.98
2024-07-15,129320.96
2024-07-16,129110.38
2024-07-17,129450.32
2024-07-18,127652.06
2024-07-19,127616.46
2024-07-22,127859.63
2024-07-23,126589.84
2024-07-24,126422.73
2024-07-25,125954.09
2024-07-26,127492.49
2024-07-29,126953.86
2024-07-30,126139.21
2024-07-31,127651.81
2024-08-01,127395.1
2024-08-02,125854.09
2024-08-05,125269.54
2024-08-06,126266.7
2024-08-07,127513.88
2024-08-08,128660.88
2024-08-09,130614.59
2024-08-12,131115.9
2024-08-13,132397.97
2024-08-14,133317.66
2024-08-15,134153.42
2024-08-16,133953.25
2024-08-19,135777.98
2024-08-20,136087.41
2024-08-21,136463.65
2024-08-22,135173.39
2024-08-23,135608.47
2024-08-26,136888.71
2024-08-27,136775.91
2024-08-28,137343.96
2024-08-29,136041.35
2024-08-30,136004.01
2024-09-02,134906.07
2024-09-03,134353.48
2024-09-04,136110.73
2024-09-05,136502.49
2024-09-06,134572.45
2024-09-09,134737.21
2024-09-10,134319.58
2024-09-11,134676.75
2024-09-12,134029.43
2024-09-13,134881.95
2024-09-16,135118.22
2024-09-17,134960.19
2024-09-18,133747.69
2024-09-19,133122.67
2024-09-20,131065.44
2024-09-23,130568.37
2024-09-24,132155.76
2024-09-25,131586.45
2024-09-26,133009.78
2024-09-27,132730.36
2024-09-30,131816.44
2024-10-01,132495.16
2024-10-02,133514.94
2024-10-03,131671.51
2024-10-04,131791.55
2024-10-07,132017.84
2024-10-08,131511.73
2024-10-09,129962.06
2024-10-10,130352.86
2024-10-11,129992.29
2024-10-14,131005.25
2024-10-15,131043.27
2024-10-16,131749.72
2024-10-17,130793.41
2024-10-18,130499.26
2024-10-21,130361.56
2024-10-22,129951.37
2024-10-23,129233.11
2024-10-24,130066.95
2024-10-25,129893.32
2024-10-28,131212.58
2024-10-29,130729.93
2024-10-30,130639.33
2024-10-31,129713.33
2024-11-01,128120.75
2024-11-04,130514.79
2024-11-05,130660.75
2024-11-06,130340.92
2024-11-07,129681.7
2024-11-08,127829.8
2024-11-11,127873.7
2024-11-12,127698.32
2024-11-13,127733.88
2024-11-14,127791.6
2024-11-18,127768.19
2024-11-19,128197.25
2024-11-21,126922.11
2024-11-22,129125.51
2024-11-25,129036.1
2024-11-26,129922.38
2024-11-27,127668.61
2024-11-28,124610.41
2024-11-29,125667.83
2024-12-02,125235.54
2024-12-03,126139.2
2024-12-04,126087.02
2024-12-05,127857.58
2024-12-06,125945.67
2024-12-09,127210.19
2024-12-10,128228.49
2024-12-11,129593.31
2024-12-12,126042.21
2024-12-13,124612.22
2024-12-16,123560.06
2024-12-17,124698.04
2024-12-18,120771.88
2024-12-19,121187.91
2024-12-20,122102.15
2024-12-23,120766.57
2024-12-26,121077.5
2024-12-27,120269.31
2024-12-30,120283.4
2025-01-02,120125.39
2025-01-03,118532.68
2025-01-06,120021.52
2025-01-07,121162.66
2025-01-08,119624.51
2025-01-09,119780.56
2025-01-10,118856.48
2025-01-13,119006.93
2025-01-14,119298.67
2025-01-15,122650.2
2025-01-16,121234.14
2025-01-17,122350.38
2025-01-20,122855.15
2025-01-21,123338.34
2025-01-22,122971.77
2025-01-23,122483.32
2025-01-24,122446.94
2025-01-27,124861.5
2025-01-28,124055.5
2025-01-29,123432.12
2025-01-30,126912.78
2025-01-31,126134.94
2025-02-03,125970.46
2025-02-04,125147.42
2025-02-05,125534.07
2025-02-06,126224.74
2025-02-07,124619.4
2025-02-10,125571.81
2025-02-11,126521.66
2025-02-12,124380.21
2025-02-13,124850.18
2025-02-14,128218.59
2025-02-17,128552.13
2025-02-18,128531.71
2025-02-19,127308.8
2025-02-20,127600.58
2025-02-21,127128.06
2025-02-24,125401.38
2025-02-25,125979.5
2025-02-26,124768.71
2025-02-27,124798.96
2025-02-28,122799.09
2025-03-05,123046.85
2025-03-06,123357.55
2025-03-07,125034.63
2025-03-10,124519.38
2025-03-11,123507.35
2025-03-12,123863.5
2025-03-13,125637.11
2025-03-14,128957.09
2025-03-17,130833.96
2025-03-18,131474.73
2025-03-19,132508.45
2025-03-20,131954.9
2025-03-21,132344.88
2025-03-24,131321.44
2025-03-25,132067.69
2025-03-26,132519.63
2025-03-27,133148.75
2025-03-28,131902.18
2025-03-31,130259.54
2025-04-01,131147.29
2025-04-02,131190.34
2025-04-03,131140.65
2025-04-04,127256.0
2025-04-07,125588.09
2025-04-08,123931.89
2025-04-09,127795.93
2025-04-10,126354.75
2025-04-11,127682.4
2025-04-14,129453.91
2025-04-15,129245.39
2025-04-16,128316.89
2025-04-17,129650.03
2025-04-22,130464.38
2025-04-23,132216.07
2025-04-24,134580.43
2025-04-25,134739.28
2025-04-28,135015.89
2025-04-29,135092.99
2025-04-30,135066.97
2025-05-02,135133.88
2025-05-05,133491.23
2025-05-06,133515.82
2025-05-07,133397.52
2025-05-08,136231.9
2025-05-09,136511.88
2025-05-12,136563.18
2025-05-13,138963.11
2025-05-14,138422.84
2025-05-15,139334.38
2025-05-16,139187.39
2025-05-19,139636.41
2025-05-20,140109.63
2025-05-21,137881.27
2025-05-22,137272.59
2025-05-23,137824.29
2025-05-26,138136.14
2025-05-27,139541.23
2025-05-28,138887.81
2025-05-29,138533.7
2025-05-30,137026.62
2025-06-02,136786.65
2025-06-03,137546.26
2025-06-04,137001.58
2025-06-05,136236.37
2025-06-06,136102.1
2025-06-09,135699.38
2025-06-10,136436.07
2025-06-11,137128.04
2025-06-12,137799.74
2025-06-13,137212.63
2025-06-16,139255.91
2025-06-17,138840.02
2025-06-18,138716.64
2025-06-20,137115.83
2025-06-23,136550.5
2025-06-24,137164.61
2025-06-25,135767.29
2025-06-26,137113.89
2025-06-27,136865.79
2025-06-30,138854.6
2025-07-01,139549.43
2025-07-02,139050.93
2025-07-03,140927.86
2025-07-04,141263.56
2025-07-07,139489.7
2025-07-08,139302.85
2025-07-09,137480.79
2025-07-10,136743.26
2025-07-11,136187.31
2025-07-14,135298.99
2025-07-15,135250.1
2025-07-16,135510.99
2025-07-17,135564.74
2025-07-18,133381.58
2025-07-21,134166.72
2025-07-22,134035.72
2025-07-23,135368.27
2025-07-24,133807.59
2025-07-25,133524.18
2025-07-28,132129.26
2025-07-29,132725.68
2025-07-30,133989.74
2025-07-31,133071.05
2025-08-01,132437.39
2025-08-04,132971.2
2025-08-05,133151.3
2025-08-06,134537.62
2025-08-07,136527.61
2025-08-08,135913.25
2025-08-11,135623.15
2025-08-12,137913.68
2025-08-13,136687.32
2025-08-14,136355.78
2025-08-15,136340.77
2025-08-18,137321.64
2025-08-19,134432.26
2025-08-20,134666.46
2025-08-21,134510.85
2025-08-22,137968.15
2025-08-25,138025.17
2025-08-26,137771.39
2025-08-27,139205.81
2025-08-28,141049.2
2025-08-29,141422.26
2025-09-01,141283.01
2025-09-02,140335.16
2025-09-03,139863.63
2025-09-04,140993.25
2025-09-05,142640.14
2025-09-08,141791.58
2025-09-09,141618.29
2025-09-10,142348.7
2025-09-11,143150.84
2025-09-12,142271.58
2025-09-15,143546.58
2025-09-16,144061.74
2025-09-17,145593.63
2025-09-18,145499.49
2025-09-19,145865.11
2025-09-22,145109.25
2025-09-23,146424.94
2025-09-24,146491.75
2025-09-25,145306.23
2025-09-26,145446.66
2025-09-29,146336.8
2025-09-30,146237.02
2025-10-01,145517.35
2025-10-02,143949.64
2025-10-03,144200.65
2025-10-06,143608.08
2025-10-07,141356.43
2025-10-08,142145.38
2025-10-09,141708.19
2025-10-10,140680.34
2025-10-13,141783.36
2025-10-14,141682.99
2025-10-15,142603.66
2025-10-16,142200.02
2025-10-17,143398.63
2025-10-20,144509.32
2025-10-21,144085.15
2025-10-22,144872.79
2025-10-23,145720.98
2025-10-24,146172.21
2025-10-27,146969.1
2025-10-28,147428.9
2025-10-29,148632.93
2025-10-30,148780.22
2025-10-31,149540.43
2025-11-03,150454.24
2025-11-04,150704.2
2025-11-05,153294.44
2025-11-06,153338.63
2025-11-07,154063.53
2025-11-10,155257.31
2025-11-11,157748.6
2025-11-12,157632.9
2025-11-13,157162.43
2025-11-14,157738.69
2025-11-17,156992.93
2025-11-18,156522.13
2025-11-19,155380.66
2025-11-21,154770.1
2025-11-24,155277.56
2025-11-25,155910.18
2025-11-26,158554.94
2025-11-27,158359.76
2025-11-28,159072.13
2025-12-01,158611.01
2025-12-02,161092.25
2025-12-03,161755.18
2025-12-04,164455.61
2025-12-05,157369.36
2025-12-08,158187.43
2025-12-09,157981.13
2025-12-10,159074.97
2025-12-11,159189.1
2025-12-12,160766.37
2025-12-15,162481.74
2025-12-16,158577.88
2025-12-17,157327.26
2025-12-18,157923.34
2025-12-19,158473.02
2025-12-22,158141.65
2025-12-23,160455.83
2025-12-26,160896.64
2025-12-29,160490.3
2025-12-30,161125.37
2026-01-02,160538.69
2026-01-05,161869.76
2026-01-06,163663.88
2026-01-07,161975.24
2026-01-08,162936.48
2026-01-09,163370.31
2026-01-12,163150.35
2026-01-13,161973.05
2026-01-14,165145.98
2026-01-15,165568.32
2026-01-16,164799.98
2026-01-19,164849.27
2026-01-20,166276.9
2026-01-21,171816.67
2026-01-22,175589.35
2026-01-23,178858.54
2026-01-26,178720.68
2026-01-27,181919.13
2026-01-28,184691.05
2026-01-29,183133.75
2026-01-30,181363.9
2026-02-02,182793.4
2026-02-03,185674.43
2026-02-04,181708.23
2026-02-05,182127.25
2026-02-06,182949.78
2026-02-09,186241.15
2026-02-10,185929.33
2026-02-11,189699.12
2026-02-12,187766.42
2026-02-13,186464.3
2026-02-18,186016.31
2026-02-19,188534.42
2026-02-20,190534.42
2026-02-23,188853.49
2026-02-24,191490.4
2026-02-25,191247.46
2026-02-26,191005.02
2026-02-27,188786.98
2026-03-02,189307.02
2026-03-03,183104.87
2026-03-04,185366.44
2026-03-05,180463.84
2026-03-06,179364.82
2026-03-09,180915.36
2026-03-10,183447.0
2026-03-11,183969.35
2026-03-12,179284.49
2026-03-13,177653.31
2026-03-16,179875.44
2026-03-17,180409.73
2026-03-18,179639.91
2026-03-19,180270.62
2026-03-20,176219.4
