date,price
1994-07-01,4505.247671554893
1994-07-04,4619.416148445855
1994-07-05,4724.97987523427
1994-07-06,4684.352852495778
1994-07-07,4661.859128289316
1994-07-08,4620.3543794946945
1994-07-11,4670.5483388779785
1994-07-12,4668.404302621986
1994-07-13,4734.192924867424
1994-07-14,4581.880103840945
1994-07-15,4715.511033611461
1994-07-18,4709.922794069198
1994-07-19,4770.582086345663
1994-07-20,4761.487569987144
1994-07-21,4731.708583077566
1994-07-22,4773.941828470909
1994-07-25,4847.987092216697
1994-07-26,4833.0031691513
1994-07-27,4822.381520261657
1994-07-28,4884.956948098452
1994-07-29,4811.670594782522
1994-08-01,4684.857213037036
1994-08-02,4720.879473076573
1994-08-03,4666.806134456931
1994-08-04,4510.729065780673
1994-08-05,4447.560883688042
1994-08-08,4412.710267531502
1994-08-09,4321.322238831769
1994-08-10,4209.092554937053
1994-08-11,4214.186451789944
1994-08-12,4285.15638295101
1994-08-15,4269.559538818054
1994-08-16,4215.111064324776
1994-08-17,4246.757834952413
1994-08-18,4304.306675722774
1994-08-19,4283.480513457752
1994-08-22,4328.062160046792
1994-08-23,4412.501059278047
1994-08-24,4398.512635853264
1994-08-25,4336.957939378376
1994-08-26,4366.583421105291
1994-08-29,4388.496567209374
1994-08-30,4478.6216454327005
1994-08-31,4378.660591693827
1994-09-01,4329.204660184138
1994-09-02,4266.726214140593
1994-09-05,4137.88410469996
1994-09-06,4149.5935652434
1994-09-07,4191.5092384524605
1994-09-08,4138.414107464698
1994-09-09,4245.265219739453
1994-09-12,4310.9096348635685
1994-09-13,4362.266277079793
1994-09-14,4396.340271232625
1994-09-15,4475.081171499379
1994-09-16,4371.46788574246
1994-09-19,4422.475411542273
1994-09-20,4473.18002279282
1994-09-21,4335.472651585454
1994-09-22,4365.039234289232
1994-09-23,4347.798362409534
1994-09-26,4411.818672867514
1994-09-27,4379.497021605673
1994-09-28,4380.467908497765
1994-09-29,4410.009635682873
1994-09-30,4343.385720991993
1994-10-03,4392.853006945027
1994-10-04,4386.973432894604
1994-10-05,4428.470449841251
1994-10-06,4389.481796881909
1994-10-07,4478.610339296523
1994-10-10,4530.156298128185
1994-10-11,4518.147168598013
1994-10-12,4572.349653631242
1994-10-13,4679.788015568524
1994-10-14,4835.787412059372
1994-10-17,4703.324493254519
1994-10-18,4781.316706918667
1994-10-19,4824.1627837907945
1994-10-20,4818.668809804279
1994-10-21,4734.744382770808
1994-10-24,4845.774730192153
1994-10-25,4739.567333602522
1994-10-26,4790.816566624851
1994-10-27,4907.106664211696
1994-10-28,4770.449078190743
1994-10-31,4747.153264790717
1994-11-01,4639.141014876418
1994-11-02,4662.128935579744
1994-11-03,4793.596425855172
1994-11-04,4974.152268590631
1994-11-07,4820.120355858943
1994-11-08,4773.118265519097
1994-11-09,4836.607897630043
1994-11-10,4978.817112244406
1994-11-11,5019.468877229837
1994-11-14,4955.229040352861
1994-11-15,4984.543168418583
1994-11-16,4985.7937197629535
1994-11-17,4970.275540686974
1994-11-18,4907.697051915507
1994-11-21,4944.745389060256
1994-11-22,4974.959890970359
1994-11-23,4969.372597265832
1994-11-24,4952.305428318329
1994-11-25,4841.742676157295
1994-11-28,4802.197141384503
1994-11-29,4910.322613556305
1994-11-30,4896.200990912879
1994-12-01,4773.572826379056
1994-12-02,4892.3121069835715
1994-12-05,4941.949023736829
1994-12-06,5135.901352435758
1994-12-07,5144.512322832434
1994-12-08,5104.771322217992
1994-12-09,4976.207482299004
1994-12-12,5099.013766090886
1994-12-13,5343.326232650372
1994-12-14,5267.845841163118
1994-12-15,5209.70870092788
1994-12-16,5268.8142700801845
1994-12-19,5193.50664521704
1994-12-20,5171.118826760519
1994-12-21,5141.48523531831
1994-12-22,5162.119515567728
1994-12-23,5267.753474359062
1994-12-26,5272.745541884315
1994-12-27,5363.6332162494
1994-12-28,5326.176276401804
1994-12-29,5360.643146060904
1994-12-30,5161.080192465014
1995-01-02,5030.889623579997
1995-01-03,5106.29081855558
1995-01-04,5055.114910459149
1995-01-05,5110.969196554934
1995-01-06,5163.947206003489
1995-01-09,5291.238126754683
1995-01-10,5372.0830158983745
1995-01-11,5474.339210584875
1995-01-12,5466.352048138741
1995-01-13,5401.04449117581
1995-01-16,5333.321960477435
1995-01-17,5289.583504879697
1995-01-18,5185.947616815709
1995-01-19,5137.921404695421
1995-01-20,5132.189435997093
1995-01-23,5158.322212502327
1995-01-24,5129.772646516817
1995-01-25,4957.913803814391
1995-01-26,4954.191346695177
1995-01-27,4977.064100676316
1995-01-30,5077.965757104838
1995-01-31,5133.882984893269
1995-02-01,5077.5466277879195
1995-02-02,5014.582760089097
1995-02-03,5202.248702859247
1995-02-06,5276.486592492622
1995-02-07,5456.32984922525
1995-02-08,5672.649976303341
1995-02-09,5592.804554204768
1995-02-10,5634.82289733858
1995-02-13,5684.611141327595
1995-02-14,5745.320768238757
1995-02-15,5804.827994474416
1995-02-16,5829.183666116979
1995-02-17,5850.699893431297
1995-02-20,5697.721140862589
1995-02-21,5683.908280978587
1995-02-22,5611.016621860816
1995-02-23,5626.859609140735
1995-02-24,5582.773288053896
1995-02-27,5648.381429575055
1995-02-28,5735.428097416292
1995-03-01,5770.558426271923
1995-03-02,5806.68525187069
1995-03-03,5819.608106055033
1995-03-06,5776.064460998951
1995-03-07,5762.15501287824
1995-03-08,5714.117743721112
1995-03-09,5757.329151484318
1995-03-10,5761.960144056698
1995-03-13,5825.768727790208
1995-03-14,5691.223728709391
1995-03-15,5786.081616324189
1995-03-16,5710.3297982927115
1995-03-17,5638.452794543989
1995-03-20,5621.540445329605
1995-03-21,5567.882412475947
1995-03-22,5600.215380914467
1995-03-23,5545.68468952045
1995-03-24,5442.94076165672
1995-03-27,5363.65178054734
1995-03-28,5494.847007272463
1995-03-29,5502.25162712668
1995-03-30,5390.789505044275
1995-03-31,5394.56865802816
1995-04-03,5248.464763697447
1995-04-04,5423.263770618911
1995-04-05,5279.3722522706585
1995-04-06,5327.993683553868
1995-04-07,5383.345438715733
1995-04-10,5247.542491247532
1995-04-11,5278.884716328281
1995-04-12,5377.448171912868
1995-04-13,5425.881090883159
1995-04-14,5454.432561975953
1995-04-17,5551.467640359645
1995-04-18,5570.63256759848
1995-04-19,5607.552049942129
1995-04-20,5597.8548493255585
1995-04-21,5664.994733375156
1995-04-24,5572.874840541881
1995-04-25,5655.976585435311
1995-04-26,5607.849771939887
1995-04-27,5501.856608664822
1995-04-28,5541.1944471119705
1995-05-01,5715.794350888399
1995-05-02,5818.7967095316635
1995-05-03,5768.2099160385615
1995-05-04,5844.358673290191
1995-05-05,5799.960472668468
1995-05-08,5790.211111166309
1995-05-09,5802.740263132399
1995-05-10,5568.748468584218
1995-05-11,5591.062848681642
1995-05-12,5491.417602753867
1995-05-15,5425.897169313365
1995-05-16,5286.70001323426
1995-05-17,5147.1655641273555
1995-05-18,5063.29485271877
1995-05-19,5141.92837513493
1995-05-22,5301.37872553834
1995-05-23,5301.88931603168
1995-05-24,5410.088593288169
1995-05-25,5387.404973362604
1995-05-26,5208.012505291717
1995-05-29,5224.958238364679
1995-05-30,5269.937347159268
1995-05-31,5232.312682858323
1995-06-01,5263.748482114833
1995-06-02,5321.203100970499
1995-06-05,5242.026123396826
1995-06-06,5107.321378025373
1995-06-07,5089.820168758566
1995-06-08,5073.30972283143
1995-06-09,5043.980096206086
1995-06-12,5137.239708936426
1995-06-13,5302.224830531784
1995-06-14,5265.503989453777
1995-06-15,5335.095718230324
1995-06-16,5429.209733181118
1995-06-19,5502.378216364277
1995-06-20,5610.1931858542885
1995-06-21,5574.088261658385
1995-06-22,5651.919816273435
1995-06-23,5864.90305630152
1995-06-26,5953.63485389099
1995-06-27,5890.8119874216945
1995-06-28,5958.880761205494
1995-06-29,6099.187203349875
1995-06-30,6143.209159945915
1995-07-03,6084.56999514325
1995-07-04,6259.382312178729
1995-07-05,6123.5114677973725
1995-07-06,6182.652287088169
1995-07-07,6184.252809831978
1995-07-10,6056.125315322347
1995-07-11,6193.933237892379
1995-07-12,6236.270202200856
1995-07-13,6110.019181126019
1995-07-14,6179.955203984825
1995-07-17,6135.503931275727
1995-07-18,5932.181509294775
1995-07-19,5862.29831065364
1995-07-20,5893.41517694486
1995-07-21,5964.518359646224
1995-07-24,5985.6113221869255
1995-07-25,5993.775094289998
1995-07-26,6048.021939976582
1995-07-27,6028.412425229576
1995-07-28,6160.875410532362
1995-07-31,6180.779704052793
1995-08-01,6216.984717843461
1995-08-02,6281.25247323459
1995-08-03,6166.2468325016
1995-08-04,6091.377679619489
1995-08-07,6264.750105492216
1995-08-08,6306.143119224036
1995-08-09,6277.596392523584
1995-08-10,6319.7766711498925
1995-08-11,6268.672880630701
1995-08-14,6303.650207677577
1995-08-15,6231.974299889738
1995-08-16,6266.459507938851
1995-08-17,6094.354662059997
1995-08-18,6245.5513962921605
1995-08-21,6191.554537078964
1995-08-22,6021.123383506233
1995-08-23,6000.2113881441555
1995-08-24,5963.554932575795
1995-08-25,5983.226314765984
1995-08-28,5864.372167350638
1995-08-29,5909.728018683146
1995-08-30,6311.504178286891
1995-08-31,6171.290722102247
1995-09-01,6212.335359679118
1995-09-04,6181.085790209075
1995-09-05,6205.9648339634705
1995-09-06,6010.141767500706
1995-09-07,5890.14236434132
1995-09-08,5942.346205747279
1995-09-11,5941.505278575539
1995-09-12,6122.354853033824
1995-09-13,6048.500858549962
1995-09-14,6070.867075104408
1995-09-15,6401.213789523619
1995-09-18,6317.082811513603
1995-09-19,6218.560930074254
1995-09-20,6218.048905345356
1995-09-21,6216.48135736878
1995-09-22,6315.134534620839
1995-09-25,6333.363320252598
1995-09-26,6251.116686591374
1995-09-27,6278.403356626011
1995-09-28,6587.4112884373335
1995-09-29,6743.657093576664
1995-10-02,6417.786839000299
1995-10-03,6404.92371272858
1995-10-04,6308.294755761246
1995-10-05,6382.859028450676
1995-10-06,6366.484146660167
1995-10-09,6595.4888078863505
1995-10-10,6710.665601501017
1995-10-11,6822.837176163209
1995-10-12,6849.554904128314
1995-10-13,6848.353886833439
1995-10-16,6894.207412757116
1995-10-17,7060.716897246089
1995-10-18,7132.883750387918
1995-10-19,7091.842781534344
1995-10-20,7260.4858159420755
1995-10-23,7289.644140168068
1995-10-24,7283.471907507064
1995-10-25,7184.406229321139
1995-10-26,7115.49652536666
1995-10-27,7038.366927868704
1995-10-30,6697.027317011298
1995-10-31,6824.485649490117
1995-11-01,6898.221134483192
1995-11-02,6875.447285327309
1995-11-03,7009.976918667943
1995-11-06,7069.347529450252
1995-11-07,7120.702619468718
1995-11-08,6814.213553653546
1995-11-09,6789.425801100887
1995-11-10,6858.548132757134
1995-11-13,7064.061291441024
1995-11-14,7305.996488381829
1995-11-15,7500.056367250396
1995-11-16,7348.906780486825
1995-11-17,7067.759167293505
1995-11-20,7144.636479999191
1995-11-21,7152.121439958202
1995-11-22,7281.122036063511
1995-11-23,7268.638936788032
1995-11-24,7301.4623277559585
1995-11-27,7110.871745933809
1995-11-28,7172.390617686766
1995-11-29,7119.096678443744
1995-11-30,7168.028006405795
1995-12-01,7231.524638925089
1995-12-04,7220.252265285315
1995-12-05,7265.537740766846
1995-12-06,7267.75460156993
1995-12-07,7371.807865667897
1995-12-08,7442.779366309555
1995-12-11,7373.883162629414
1995-12-12,7300.276479365548
1995-12-13,7537.190646796394
1995-12-14,7527.558858032842
1995-12-15,7667.367530750427
1995-12-18,7726.1005857437185
1995-12-19,7652.254103228986
1995-12-20,7553.935835220875
1995-12-21,7574.451901341584
1995-12-22,7613.711542462201
1995-12-25,7702.610666875775
1995-12-26,7533.083982144905
1995-12-27,7456.9778505186
1995-12-28,7448.350709455828
1995-12-29,7670.302982530588
1996-01-01,7355.312951315859
1996-01-02,7417.758423499196
1996-01-03,7350.042436078537
1996-01-04,7411.4112924623205
1996-01-05,7350.109849934191
1996-01-08,7402.569560382949
1996-01-09,7618.204123254985
1996-01-10,7671.147396950324
1996-01-11,7735.478923953395
1996-01-12,7791.854090223717
1996-01-15,7691.556718829024
1996-01-16,7771.378164050472
1996-01-17,7746.547656294468
1996-01-18,7638.3868440562965
1996-01-19,7637.288044356623
1996-01-22,7610.290766536525
1996-01-23,7718.453467621137
1996-01-24,7716.747059518676
1996-01-25,7647.761211034883
1996-01-26,7855.1584331031145
1996-01-29,8000.55905366519
1996-01-30,8190.021727805714
1996-01-31,8284.65131212624
1996-02-01,8272.857550404926
1996-02-02,8215.201669932712
1996-02-05,8178.495260953817
1996-02-06,8323.781104234184
1996-02-07,8345.15282481759
1996-02-08,8129.827402966294
1996-02-09,8128.579648601949
1996-02-12,7928.360974724926
1996-02-13,7956.441981106558
1996-02-14,7790.173713725756
1996-02-15,7619.130906325322
1996-02-16,7639.6114081436135
1996-02-19,7633.060517683174
1996-02-20,7412.199105245459
1996-02-21,7516.835194179746
1996-02-22,7819.580729243931
1996-02-23,7618.017570785091
1996-02-26,7876.026059345096
1996-02-27,7783.399993132896
1996-02-28,7718.728347895474
1996-02-29,7698.147062879994
1996-03-01,7504.588764728627
1996-03-04,7686.372522252327
1996-03-05,7759.108502649242
1996-03-06,7659.075375317858
1996-03-07,7625.164373949829
1996-03-08,7423.9362587981705
1996-03-11,7381.6690405120535
1996-03-12,7511.247824393491
1996-03-13,7286.886705758836
1996-03-14,7233.869294881288
1996-03-15,7256.998520628222
1996-03-18,7399.294254635264
1996-03-19,7585.378969838422
1996-03-20,7527.342225534293
1996-03-21,7431.788162191533
1996-03-22,7496.405893876879
1996-03-25,7451.647175071784
1996-03-26,7414.256913107765
1996-03-27,7563.98420624689
1996-03-28,7801.869187768165
1996-03-29,7843.608220734382
1996-04-01,7820.817547269313
1996-04-02,7905.998776739442
1996-04-03,7646.106203256566
1996-04-04,7647.800132301496
1996-04-05,7507.313350744953
1996-04-08,7841.556595162771
1996-04-09,7948.243482453088
1996-04-10,7972.878670917789
1996-04-11,7949.404757428331
1996-04-12,7601.745134196736
1996-04-15,7704.143687063895
1996-04-16,7937.8064103884535
1996-04-17,7838.662405082268
1996-04-18,7940.049340478738
1996-04-19,8048.4157130060175
1996-04-22,7831.538419059032
1996-04-23,7968.946449034564
1996-04-24,8170.158866978263
1996-04-25,8208.34234268182
1996-04-26,8203.523196229267
1996-04-29,8325.283279852056
1996-04-30,8102.020632256981
1996-05-01,8120.100605950089
1996-05-02,8280.229614413574
1996-05-03,8101.561843328376
1996-05-06,8252.144822308901
1996-05-07,8194.760700996312
1996-05-08,7897.846489087789
1996-05-09,7887.164275316218
1996-05-10,7754.648917510906
1996-05-13,7803.6314617874295
1996-05-14,7644.914508572125
1996-05-15,7795.102275014355
1996-05-16,7696.3537459854
1996-05-17,7750.141584257734
1996-05-20,7671.939664345194
1996-05-21,7631.673688515145
1996-05-22,7801.444105876189
1996-05-23,7836.042081687916
1996-05-24,7784.801387274011
1996-05-27,7615.57999662567
1996-05-28,7780.536318830842
1996-05-29,7888.183438705282
1996-05-30,7846.269784055496
1996-05-31,7885.044235738399
1996-06-03,7744.519520585846
1996-06-04,7608.516611389003
1996-06-05,7500.32871231361
1996-06-06,7552.3482229744895
1996-06-07,7596.850579013082
1996-06-10,7499.739684090192
1996-06-11,7604.181199844827
1996-06-12,7716.591396794601
1996-06-13,7744.904045542988
1996-06-14,7895.366581972002
1996-06-17,7858.9542827849245
1996-06-18,7847.297258677084
1996-06-19,7918.728344732747
1996-06-20,7918.231126231009
1996-06-21,8036.615395156807
1996-06-24,7861.756049140528
1996-06-25,8070.567229576198
1996-06-26,7962.244095987327
1996-06-27,7943.041961230241
1996-06-28,7752.772736620949
1996-07-01,7841.299346517282
1996-07-02,8027.586146296269
1996-07-03,8188.352543877295
1996-07-04,8316.68279276753
1996-07-05,8091.263454148545
1996-07-08,7982.533710923996
1996-07-09,7920.701180976468
1996-07-10,7792.833412285359
1996-07-11,7956.291761536496
1996-07-12,7987.147999716709
1996-07-15,7988.021837703428
1996-07-16,8062.863710960357
1996-07-17,7930.290356030018
1996-07-18,7805.973990398271
1996-07-19,7687.326170665527
1996-07-22,7760.759460383502
1996-07-23,7812.921243963483
1996-07-24,7898.987583365287
1996-07-25,8058.242602655162
1996-07-26,7868.080076050437
1996-07-29,7793.384080418606
1996-07-30,7818.407307110368
1996-07-31,7635.080550030431
1996-08-01,7566.452523858864
1996-08-02,7710.066825050756
1996-08-05,7868.948534061815
1996-08-06,8027.355717203381
1996-08-07,8037.99353405467
1996-08-08,8011.788951750743
1996-08-09,8173.486159430079
1996-08-12,8123.311509669648
1996-08-13,8177.4158851767515
1996-08-14,8379.441075893299
1996-08-15,8328.762956055118
1996-08-16,8242.263469154846
1996-08-19,8245.406984294603
1996-08-20,8339.282165283614
1996-08-21,8416.638358006325
1996-08-22,8444.927316735013
1996-08-23,8534.625746321253
1996-08-26,8296.956232806344
1996-08-27,8174.110804241191
1996-08-28,8202.672458969497
1996-08-29,8071.1348921455965
1996-08-30,7882.8850773498225
1996-09-02,7717.598234026113
1996-09-03,7595.274331677011
1996-09-04,7575.078447118507
1996-09-05,7441.008886747585
1996-09-06,7476.648438113636
1996-09-09,7712.687162578207
1996-09-10,7696.451533273009
1996-09-11,7879.417369055873
1996-09-12,7924.789315009951
1996-09-13,7770.9227204130975
1996-09-16,7739.395155121222
1996-09-17,7608.0014350546035
1996-09-18,7718.139601889523
1996-09-19,7563.754041897876
1996-09-20,7750.241017766332
1996-09-23,7835.630344105183
1996-09-24,7559.686666540484
1996-09-25,7671.390491403716
1996-09-26,7893.204371065599
1996-09-27,7785.965018295059
1996-09-30,7929.637293784776
1996-10-01,7681.281728307529
1996-10-02,7720.470007245729
1996-10-03,7497.1296611346725
1996-10-04,7566.67148992718
1996-10-07,7331.058732625474
1996-10-08,6995.578313859782
1996-10-09,7049.508915725145
1996-10-10,7349.923998894211
1996-10-11,7275.539151790131
1996-10-14,7389.136642760919
1996-10-15,7407.949646172017
1996-10-16,7368.989705511763
1996-10-17,7455.168363382415
1996-10-18,7683.082460986916
1996-10-21,7518.288545111388
1996-10-22,7599.167257945379
1996-10-23,7650.73030283389
1996-10-24,7461.17482927079
1996-10-25,7685.440395798454
1996-10-28,7964.276768436053
1996-10-29,7833.161861665595
1996-10-30,8086.519784297839
1996-10-31,8099.149703444505
1996-11-01,8079.828210138821
1996-11-04,8306.037767399373
1996-11-05,8344.698971907905
1996-11-06,8398.000568097474
1996-11-07,8635.328894878974
1996-11-08,8842.766303905904
1996-11-11,8991.02131339783
1996-11-12,8772.015079599334
1996-11-13,8531.912315919619
1996-11-14,8711.413528790317
1996-11-15,8572.017458266062
1996-11-18,8599.687093249511
1996-11-19,8439.664209234588
1996-11-20,8416.433508116384
1996-11-21,8229.453856410328
1996-11-22,8479.171845664887
1996-11-25,8329.657689088497
1996-11-26,8315.959208242713
1996-11-27,8292.395368067002
1996-11-28,8479.051858214163
1996-11-29,8269.63587441247
1996-12-02,8269.221108131258
1996-12-03,8242.668222951224
1996-12-04,8326.246585960904
1996-12-05,8401.910048585623
1996-12-06,8336.651434797277
1996-12-09,8377.287518609444
1996-12-10,8325.564286121975
1996-12-11,8400.631570265252
1996-12-12,8389.747687089159
1996-12-13,8295.889932389078
1996-12-16,8296.337703458985
1996-12-17,8355.435525220655
1996-12-18,8708.052523637121
1996-12-19,8636.142397420723
1996-12-20,8688.721857711185
1996-12-23,8925.483567962709
1996-12-24,8602.505270105166
1996-12-25,8341.380946316493
1996-12-26,8169.297463988052
1996-12-27,8157.001658849837
1996-12-30,8527.926423522029
1996-12-31,8592.939221260125
1997-01-01,8786.673524114814
1997-01-02,8756.440555481984
1997-01-03,8381.21142359269
1997-01-06,8043.762729258068
1997-01-07,8197.113836096869
1997-01-08,8228.959614204801
1997-01-09,8043.277165981583
1997-01-10,8211.19428605327
1997-01-13,7991.249979765479
1997-01-14,8160.566158875914
1997-01-15,8381.17135097467
1997-01-16,8271.127726801707
1997-01-17,8112.245876696734
1997-01-20,8241.007810520947
1997-01-21,8084.571151443404
1997-01-22,8215.490071155184
1997-01-23,8045.050900160397
1997-01-24,8167.342017143058
1997-01-27,8185.654135331742
1997-01-28,8126.603931148457
1997-01-29,8001.0340642418105
1997-01-30,8039.743158451282
1997-01-31,7774.734004298928
1997-02-03,7740.465986115321
1997-02-04,7689.6949602852055
1997-02-05,7788.447876287962
1997-02-06,7618.830101881379
1997-02-07,7861.793133609563
1997-02-10,7822.125029616152
1997-02-11,7667.719509500597
1997-02-12,7865.7560684255395
1997-02-13,8109.217854111589
1997-02-14,8086.3020509098815
1997-02-17,7962.0158414874595
1997-02-18,7968.698404819972
1997-02-19,7874.610761833162
1997-02-20,7834.81413169579
1997-02-21,8062.138805718163
1997-02-24,8123.67874991828
1997-02-25,8149.447947320179
1997-02-26,8204.874328450718
1997-02-27,8200.808864781478
1997-02-28,8330.562767095953
1997-03-03,8468.11755406089
1997-03-04,8416.578016857484
1997-03-05,8437.15296605666
1997-03-06,8816.63134705048
1997-03-07,8888.680810577684
1997-03-10,8863.868435706801
1997-03-11,9202.063375953894
1997-03-12,9208.689276387619
1997-03-13,9033.556016920338
1997-03-14,9148.94475862128
1997-03-17,9006.906527773788
1997-03-18,8931.565341744352
1997-03-19,8989.125119825818
1997-03-20,8973.5711832456
1997-03-21,8855.962519030265
1997-03-24,8773.394104351806
1997-03-25,8684.961584693554
1997-03-26,8874.077024239697
1997-03-27,8764.472455046729
1997-03-28,8679.434578252816
1997-03-31,9008.753938617763
1997-04-01,8924.309935930209
1997-04-02,9171.845547857814
1997-04-03,9396.823484386945
1997-04-04,9376.177610888431
1997-04-07,9144.687703019561
1997-04-08,9224.632817383092
1997-04-09,9342.141781884327
1997-04-10,9511.542104016822
1997-04-11,9529.098486268036
1997-04-14,9743.32222611563
1997-04-15,9995.736033389143
1997-04-16,9813.212860412385
1997-04-17,10074.530620296731
1997-04-18,10111.792131387705
1997-04-21,10014.848959324698
1997-04-22,9963.0533758224
1997-04-23,10311.191791173533
1997-04-24,10501.230351133505
1997-04-25,10174.042251949608
1997-04-28,10194.943218726083
1997-04-29,10174.906432006346
1997-04-30,10148.37875866497
1997-05-01,10060.603676124038
1997-05-02,9805.698966966771
1997-05-05,9964.445840439403
1997-05-06,9802.710471925348
1997-05-07,9742.991307252414
1997-05-08,9643.221671653508
1997-05-09,9522.947586326518
1997-05-12,9656.51369024981
1997-05-13,9728.800560583304
1997-05-14,9616.743625440813
1997-05-15,9459.779881496519
1997-05-16,9385.34711081935
1997-05-19,9555.396660791723
1997-05-20,9582.348183227758
1997-05-21,9627.929345714427
1997-05-22,9576.490947247643
1997-05-23,9537.385468589679
1997-05-26,9579.900206615495
1997-05-27,9272.337681846453
1997-05-28,9550.586544898571
1997-05-29,9421.317935120816
1997-05-30,9330.562739113253
1997-06-02,9563.351820284304
1997-06-03,9607.000788330442
1997-06-04,9619.57019553697
1997-06-05,9524.332483771614
1997-06-06,9265.508933422814
1997-06-09,9301.519792669289
1997-06-10,9509.036056429391
1997-06-11,9361.436179040185
1997-06-12,9599.186009127256
1997-06-13,9411.569645954232
1997-06-16,9293.149776555936
1997-06-17,9383.319516913714
1997-06-18,9388.492785254959
1997-06-19,9511.206658243244
1997-06-20,9390.226984689793
1997-06-23,9222.514814052807
1997-06-24,8922.62894693277
1997-06-25,8736.187010629112
1997-06-26,8573.309974315329
1997-06-27,8360.502265648222
1997-06-30,8411.67654993416
1997-07-01,8316.328514246534
1997-07-02,8028.370348556902
1997-07-03,8400.021366965047
1997-07-04,8279.287248802373
1997-07-07,8098.733696859108
1997-07-08,8286.054359035123
1997-07-09,8466.36887843574
1997-07-10,8297.278555616736
1997-07-11,8084.477799981164
1997-07-14,7944.617860263159
1997-07-15,8112.251460676718
1997-07-16,8071.366115473824
1997-07-17,7959.1020818890565
1997-07-18,7959.414853451336
1997-07-21,8138.2969090345805
1997-07-22,7941.633832891097
1997-07-23,7891.297692851365
1997-07-24,7701.4454597433705
1997-07-25,8012.932766746075
1997-07-28,8284.088144912
1997-07-29,8431.776634915961
1997-07-30,8416.181928650929
1997-07-31,8521.313979054916
1997-08-01,8209.436691666202
1997-08-04,8254.924988999173
1997-08-05,8063.188039534726
1997-08-06,7877.519784462306
1997-08-07,7782.503240658595
1997-08-08,7737.852066470246
1997-08-11,7822.546060129241
1997-08-12,7926.188699736437
1997-08-13,7968.13456689854
1997-08-14,7838.146180729937
1997-08-15,7938.466432213658
1997-08-18,7925.560686664885
1997-08-19,8100.187306931758
1997-08-20,7971.947638169556
1997-08-21,7589.310792113549
1997-08-22,7528.606891133205
1997-08-25,7830.158557281054
1997-08-26,7900.883053302747
1997-08-27,7877.626138721077
1997-08-28,8008.328482886488
1997-08-29,8085.63754221023
1997-09-01,8157.546814715996
1997-09-02,8086.933953873747
1997-09-03,8102.484522708889
1997-09-04,8136.354274975367
1997-09-05,8047.20068526669
1997-09-08,7891.1126646344355
1997-09-09,7915.236358207778
1997-09-10,8058.85637455735
1997-09-11,8157.78866471583
1997-09-12,8235.17596952582
1997-09-15,8314.844412558541
1997-09-16,8715.512201984917
1997-09-17,8761.195398827276
1997-09-18,8931.988462372732
1997-09-19,9257.340846453257
1997-09-22,9271.284893925877
1997-09-23,9320.660717350924
1997-09-24,9502.703678235897
1997-09-25,9801.194781277463
1997-09-26,9862.011857957154
1997-09-29,9932.125574058618
1997-09-30,9953.852113380271
1997-10-01,9745.531164908005
1997-10-02,9949.04791294326
1997-10-03,9909.380976609611
1997-10-06,9612.78838270693
1997-10-07,9593.15548924349
1997-10-08,9304.641268804678
1997-10-09,9142.910860439566
1997-10-10,9151.413254128618
1997-10-13,9006.564112548556
1997-10-14,9187.643342764315
1997-10-15,8953.593489030794
1997-10-16,9002.023187364985
1997-10-17,9098.924106493252
1997-10-20,9347.609733631927
1997-10-21,9510.630367132762
1997-10-22,9557.267302411845
1997-10-23,9577.800407445888
1997-10-24,9574.44325808019
1997-10-27,9779.632863740595
1997-10-28,9671.578870274248
1997-10-29,9769.701042060302
1997-10-30,9760.284800188236
1997-10-31,9809.769276448682
1997-11-03,9770.677408616082
1997-11-04,10160.956122502112
1997-11-05,10048.88162589397
1997-11-06,10102.267462032232
1997-11-07,10160.156856033142
1997-11-10,10279.690395282472
1997-11-11,10371.189273579528
1997-11-12,10458.659736157892
1997-11-13,10653.231608967386
1997-11-14,10376.405273901839
1997-11-17,10386.176313470149
1997-11-18,10165.86412439538
1997-11-19,10216.337731435638
1997-11-20,10008.82543628689
1997-11-21,9844.929276251756
1997-11-24,9841.794830434155
1997-11-25,10100.120144880026
1997-11-26,10213.568020724459
1997-11-27,10276.244013328873
1997-11-28,10547.358621351825
1997-12-01,10377.549468003055
1997-12-02,10001.872808450511
1997-12-03,9933.667532248612
1997-12-04,9891.842940473483
1997-12-05,10122.14046631311
1997-12-08,10527.817186931956
1997-12-09,10286.959249824806
1997-12-10,10764.603702135928
1997-12-11,11080.850678533512
1997-12-12,11258.34275877964
1997-12-15,11342.219213642538
1997-12-16,11857.966537434913
1997-12-17,11884.662126635625
1997-12-18,11793.179059102264
1997-12-19,11832.20358736367
1997-12-22,11553.390678828504
1997-12-23,11661.311717753732
1997-12-24,11647.621852475986
1997-12-25,11726.541890550448
1997-12-26,11812.296254780638
1997-12-29,11598.604719523828
1997-12-30,11886.23012278663
1997-12-31,11680.47357041172
1998-01-01,11878.274340214479
1998-01-02,11551.758570676311
1998-01-05,11638.673478816949
1998-01-06,11477.439417649135
1998-01-07,11495.592741065273
1998-01-08,11370.84773757953
1998-01-09,10941.581115688534
1998-01-12,10733.014683567544
1998-01-13,10755.116497481496
1998-01-14,10885.549779658713
1998-01-15,10610.195199447013
1998-01-16,10220.424292133215
1998-01-19,10069.53789213268
1998-01-20,10039.588322196509
1998-01-21,9934.021642691037
1998-01-22,9798.398707908771
1998-01-23,9957.812997608895
1998-01-26,10140.843315166718
1998-01-27,10285.659526778867
1998-01-28,10121.83371163551
1998-01-29,10144.130162199019
1998-01-30,10117.20105803633
1998-02-02,9868.722006755996
1998-02-03,10035.036069318816
1998-02-04,10059.25491012208
1998-02-05,9980.087311860772
1998-02-06,10246.484563031723
1998-02-09,10396.928261270708
1998-02-10,10567.098185192563
1998-02-11,10806.764926658525
1998-02-12,10956.35107229115
1998-02-13,10718.474660697353
1998-02-16,10652.484630946825
1998-02-17,10855.50450983603
1998-02-18,10715.083112008877
1998-02-19,10730.991473099435
1998-02-20,10816.907058226068
1998-02-23,11110.286019182273
1998-02-24,11382.317712311551
1998-02-25,11577.250282144278
1998-02-26,11547.779617052358
1998-02-27,11748.966773427615
1998-03-02,11870.693553554436
1998-03-03,11845.629887387624
1998-03-04,12148.358434917975
1998-03-05,12266.720084830162
1998-03-06,12110.490615337525
1998-03-09,12399.442625995593
1998-03-10,12352.308820674132
1998-03-11,12494.759390135774
1998-03-12,12166.019473180784
1998-03-13,12171.159682543583
1998-03-16,11974.791782739365
1998-03-17,11775.9026274662
1998-03-18,11386.402017190145
1998-03-19,11843.160083711215
1998-03-20,11820.05143060929
1998-03-23,11879.654255686251
1998-03-24,12127.91794285621
1998-03-25,12110.259715829618
1998-03-26,12231.668352104092
1998-03-27,11944.777841821196
1998-03-30,11995.783515817053
1998-03-31,11915.356290354031
1998-04-01,12031.86717989595
1998-04-02,12079.797476584314
1998-04-03,11790.665211022824
1998-04-06,11412.247232586864
1998-04-07,11213.603641387594
1998-04-08,11371.429123013162
1998-04-09,11466.845476157489
1998-04-10,11558.461961852585
1998-04-13,11153.647997338754
1998-04-14,10633.921893769242
1998-04-15,10522.39572869959
1998-04-16,10466.666233380738
1998-04-17,10360.55387069352
1998-04-20,10433.83756260582
1998-04-21,10408.604828808619
1998-04-22,10195.418783095405
1998-04-23,10041.70203713831
1998-04-24,10074.049615595122
1998-04-27,10093.643859686825
1998-04-28,10086.513372763618
1998-04-29,10513.261810318385
1998-04-30,10470.161480641087
1998-05-01,10499.289262166776
1998-05-04,10319.027451758731
1998-05-05,10258.749935527107
1998-05-06,10362.215688941376
1998-05-07,10474.744238875852
1998-05-08,10451.243339317618
1998-05-11,10531.936690343387
1998-05-12,10548.468807532232
1998-05-13,10203.055042027841
1998-05-14,9624.352824637252
1998-05-15,10038.70103722494
1998-05-18,10195.579317722568
1998-05-19,10190.770725881988
1998-05-20,9882.32483511874
1998-05-21,9663.338670693998
1998-05-22,9907.535162514618
1998-05-25,9427.758806009746
1998-05-26,9378.036763657992
1998-05-27,9531.047231758579
1998-05-28,9560.90855851033
1998-05-29,9697.023961844428
1998-06-01,9679.464140736383
1998-06-02,10111.148944261995
1998-06-03,9931.234029254667
1998-06-04,9696.011900642314
1998-06-05,9749.40481885005
1998-06-08,10009.040058924043
1998-06-09,10004.476438108752
1998-06-10,10200.78547551611
1998-06-11,10109.339036938365
1998-06-12,9901.38566507507
1998-06-15,10159.642800657823
1998-06-16,10456.35699868333
1998-06-17,10754.845955850273
1998-06-18,10676.209915278354
1998-06-19,10462.256513176493
1998-06-22,10249.97688453356
1998-06-23,10214.231744825374
1998-06-24,10327.558421364036
1998-06-25,10428.380546845134
1998-06-26,10168.16422964168
1998-06-29,10209.562653577534
1998-06-30,10218.440094586786
1998-07-01,10240.66173284942
1998-07-02,10241.926014058863
1998-07-03,10210.38280793278
1998-07-06,10325.680837362088
1998-07-07,10354.979855280315
1998-07-08,10402.799411699216
1998-07-09,10279.908296422951
1998-07-10,10359.099782343814
1998-07-13,10342.220587410842
1998-07-14,9961.341002167252
1998-07-15,10053.96096537167
1998-07-16,10011.748511791802
1998-07-17,10185.675074713263
1998-07-20,10161.586189327045
1998-07-21,10149.669927973286
1998-07-22,10194.023369894236
1998-07-23,10197.455099316247
1998-07-24,10121.313545864265
1998-07-27,9805.229276230839
1998-07-28,10141.482919398082
1998-07-29,9862.760316739486
1998-07-30,9807.708768603134
1998-07-31,9929.15297585751
1998-08-03,10002.804274497052
1998-08-04,10111.023998461107
1998-08-05,10257.62908471025
1998-08-06,10499.340422721947
1998-08-07,10561.481255184797
1998-08-10,11134.886482765
1998-08-11,10939.626916273157
1998-08-12,10990.535726670021
1998-08-13,10925.386974539266
1998-08-14,10824.658107958428
1998-08-17,10886.760989276469
1998-08-18,11182.452347500905
1998-08-19,11046.482377070755
1998-08-20,10912.018946966422
1998-08-21,11061.334363853854
1998-08-24,11176.323083380414
1998-08-25,11583.563510170887
1998-08-26,11806.367374335456
1998-08-27,11861.782023060112
1998-08-28,11798.152159232695
1998-08-31,11850.47146616194
1998-09-01,11819.65408745353
1998-09-02,11539.109697006825
1998-09-03,11547.169414333106
1998-09-04,11517.160439511043
1998-09-07,11475.363133452998
1998-09-08,11393.292934924551
1998-09-09,11751.678633207537
1998-09-10,11906.433497543232
1998-09-11,12115.582251827418
1998-09-14,11990.376040607365
1998-09-15,11778.162061190422
1998-09-16,11724.788061001485
1998-09-17,11782.890603384783
1998-09-18,11716.318453572898
1998-09-21,11683.113474425116
1998-09-22,11893.595452911028
1998-09-23,11964.406200578243
1998-09-24,11760.821827445556
1998-09-25,11676.985300166583
1998-09-28,11545.942962112753
1998-09-29,11589.980879042478
1998-09-30,11355.25322241413
1998-10-01,11325.003986303886
1998-10-02,11473.391535964307
1998-10-05,11485.640538056014
1998-10-06,11304.465558899825
1998-10-07,11185.88121028817
1998-10-08,11217.114527284226
1998-10-09,11321.302891978883
1998-10-12,11499.49853426141
1998-10-13,11475.790276981963
1998-10-14,11213.059509264689
1998-10-15,11510.72251653199
1998-10-16,11578.974926432778
1998-10-19,11670.336039342372
1998-10-20,11741.14735853164
1998-10-21,11530.258045914888
1998-10-22,11470.485210617615
1998-10-23,11530.064018609532
1998-10-26,11752.84327734482
1998-10-27,11772.05456671689
1998-10-28,11135.290545304262
1998-10-29,11093.119713096015
1998-10-30,11169.902051546287
1998-11-02,11439.392123417303
1998-11-03,11593.174746079732
1998-11-04,12131.317096162722
1998-11-05,12453.210485744155
1998-11-06,12766.013043181472
1998-11-09,12991.646588317062
1998-11-10,12679.3253987375
1998-11-11,12881.209924040428
1998-11-12,13028.123521113766
1998-11-13,12912.450471678887
1998-11-16,13056.702797624192
1998-11-17,13162.56501532707
1998-11-18,13060.030566011974
1998-11-19,13038.224915878689
1998-11-20,12983.718044893612
1998-11-23,13044.867195560808
1998-11-24,12952.675655021187
1998-11-25,13087.542429741805
1998-11-26,12650.46833180496
1998-11-27,12593.357957533983
1998-11-30,12223.925708734958
1998-12-01,12124.800288231301
1998-12-02,12244.879182338778
1998-12-03,12256.38273369059
1998-12-04,12238.728693118837
1998-12-07,12260.634335429606
1998-12-08,12618.887328669804
1998-12-09,12376.903942128967
1998-12-10,12583.184353249006
1998-12-11,12251.943838822579
1998-12-14,12155.973170677174
1998-12-15,12198.52963021013
1998-12-16,12019.558251741044
1998-12-17,12070.659220649175
1998-12-18,12236.75482812815
1998-12-21,11983.212919116857
1998-12-22,11973.118994336513
1998-12-23,11898.779845313898
1998-12-24,11496.687533948294
1998-12-25,11464.3430992311
1998-12-28,11307.110171140283
1998-12-29,11589.334949516244
1998-12-30,11414.393483781867
1998-12-31,11775.435741617011
1999-01-01,11669.324980191648
1999-01-04,12090.260305750911
1999-01-05,12214.932716408852
1999-01-06,12321.903313610466
1999-01-07,12508.786139857692
1999-01-08,12720.60127331848
1999-01-11,13053.183784809842
1999-01-12,13474.120169623224
1999-01-13,13397.65878615162
1999-01-14,13106.752391072207
1999-01-15,12498.216241488213
1999-01-18,12418.22781926307
1999-01-19,12596.258792454495
1999-01-20,12689.315870167316
1999-01-21,12722.648060006799
1999-01-22,12649.658012961681
1999-01-25,12511.651311977803
1999-01-26,12454.776158428946
1999-01-27,12549.185270396116
1999-01-28,12163.53829767154
1999-01-29,12330.962870330926
1999-02-01,12018.06761991777
1999-02-02,11990.475722456491
1999-02-03,11860.829295888618
1999-02-04,11788.680306795028
1999-02-05,11574.797548696473
1999-02-08,11342.73133603375
1999-02-09,11301.39758143149
1999-02-10,11088.314577193614
1999-02-11,11595.726741595503
1999-02-12,11514.511280429748
1999-02-15,11384.456278858337
1999-02-16,11277.401294750913
1999-02-17,11066.816556482734
1999-02-18,10592.764318577754
1999-02-19,10548.628349726217
1999-02-22,10612.282370029483
1999-02-23,10333.269603128783
1999-02-24,10338.673747938277
1999-02-25,10120.246277517586
1999-02-26,10117.98738444929
1999-03-01,10187.88482583096
1999-03-02,10281.578047836481
1999-03-03,10366.720145556841
1999-03-04,10240.360136663903
1999-03-05,10408.139968476655
1999-03-08,10328.739542660305
1999-03-09,10398.226272959924
1999-03-10,10535.19656327716
1999-03-11,10481.887260216416
1999-03-12,10246.416610798982
1999-03-15,10364.325589082624
1999-03-16,10162.018641102557
1999-03-17,10004.284305779616
1999-03-18,9811.554493623438
1999-03-19,9965.41603162551
1999-03-22,9940.072602435486
1999-03-23,9549.498352175346
1999-03-24,9680.424163788943
1999-03-25,10051.981672836166
1999-03-26,10387.027637281644
1999-03-29,10285.340296548426
1999-03-30,10303.609851982234
1999-03-31,10402.366111077288
1999-04-01,10575.003375019798
1999-04-02,10585.605692771012
1999-04-05,10382.971522734471
1999-04-06,10528.888265983845
1999-04-07,10650.050055982612
1999-04-08,10401.80922376353
1999-04-09,10337.03446009423
1999-04-12,10390.944178701166
1999-04-13,10394.127758277431
1999-04-14,10496.417451245252
1999-04-15,10651.558339179717
1999-04-16,10759.687415437851
1999-04-19,10741.190286950958
1999-04-20,10487.123722368591
1999-04-21,10607.633465822326
1999-04-22,10882.286331749901
1999-04-23,11280.06162238403
1999-04-26,11277.079195108588
1999-04-27,11273.57753308985
1999-04-28,11574.781957948935
1999-04-29,11882.378842359063
1999-04-30,11959.33562974294
1999-05-03,12117.640032650106
1999-05-04,11956.488053510551
1999-05-05,12086.656087874679
1999-05-06,11911.943891940073
1999-05-07,11884.512016173176
1999-05-10,11861.823634270275
1999-05-11,11765.71487815065
1999-05-12,11330.265709499423
1999-05-13,11166.330462175203
1999-05-14,11236.855512867873
1999-05-17,11227.88178083176
1999-05-18,11151.89828922728
1999-05-19,11241.610968940817
1999-05-20,11385.205119209479
1999-05-21,11563.638285237825
1999-05-24,11400.093850497531
1999-05-25,11407.645642279806
1999-05-26,11342.29425890983
1999-05-27,11167.330806581365
1999-05-28,10873.323268709233
1999-05-31,10856.885776057425
1999-06-01,10690.34055197603
1999-06-02,11115.66171001278
1999-06-03,11098.732141208584
1999-06-04,11056.743421604344
1999-06-07,10980.630402145403
1999-06-08,11360.507878469654
1999-06-09,11172.32352742726
1999-06-10,11142.775592984479
1999-06-11,10992.21317699134
1999-06-14,10970.31087283631
1999-06-15,10965.978793300314
1999-06-16,11187.837597160993
1999-06-17,10908.957530703907
1999-06-18,10907.567918018656
1999-06-21,11232.385487400064
1999-06-22,11132.544513965808
1999-06-23,11099.78615092919
1999-06-24,10926.683718521515
1999-06-25,10426.242503949166
1999-06-28,10409.19842018683
1999-06-29,10634.44887754784
1999-06-30,10547.876931056222
1999-07-01,10205.56009999585
1999-07-02,10257.14361372438
1999-07-05,10274.270034057581
1999-07-06,10463.532251809489
1999-07-07,10639.045700842054
1999-07-08,10590.027226468044
1999-07-09,10669.141352675048
1999-07-12,10331.650546146715
1999-07-13,10543.45802571349
1999-07-14,10581.392669420846
1999-07-15,10792.767191629175
1999-07-16,11003.903020506868
1999-07-19,10949.806779457238
1999-07-20,10923.058310902614
1999-07-21,10755.036143939904
1999-07-22,10364.885970497566
1999-07-23,10342.816800375473
1999-07-26,10373.991558964544
1999-07-27,10175.68794318528
1999-07-28,10309.41809771259
1999-07-29,10330.227564618444
1999-07-30,10417.461845004414
1999-08-02,10276.646260004673
1999-08-03,9957.805558608592
1999-08-04,10100.685453122669
1999-08-05,10214.878992432376
1999-08-06,10197.19677882832
1999-08-09,10122.664714394343
1999-08-10,10074.77320842024
1999-08-11,10052.423089638802
1999-08-12,9963.205884928468
1999-08-13,9611.35835681984
1999-08-16,9750.381267940817
1999-08-17,9493.855195927517
1999-08-18,9439.45505457583
1999-08-19,9389.793023483373
1999-08-20,9436.377605284777
1999-08-23,9168.565721832105
1999-08-24,9372.36464439434
1999-08-25,9486.14896917577
1999-08-26,9621.184651915426
1999-08-27,9846.002334507051
1999-08-30,9708.432349091425
1999-08-31,9178.55565374859
1999-09-01,9236.698133362517
1999-09-02,9460.72382769259
1999-09-03,9664.194799354116
1999-09-06,9575.034464242184
1999-09-07,9562.94760075683
1999-09-08,9616.08617136258
1999-09-09,9312.050594374317
1999-09-10,9204.746055205876
1999-09-13,9103.789945943941
1999-09-14,9371.09919654089
1999-09-15,9265.9932228782
1999-09-16,9536.099723637544
1999-09-17,9542.902432932611
1999-09-20,9263.655961401937
1999-09-21,9645.672126861098
1999-09-22,9483.183181624136
1999-09-23,9594.319944033647
1999-09-24,9898.881952145708
1999-09-27,9809.38099986665
1999-09-28,9599.766875459134
1999-09-29,9786.710435219233
1999-09-30,9803.631704586924
1999-10-01,9594.700450993372
1999-10-04,9414.954034745138
1999-10-05,9354.29293564906
1999-10-06,9523.2647874213
1999-10-07,9479.396797651198
1999-10-08,9597.014365240431
1999-10-11,9892.242817729793
1999-10-12,10126.447311512913
1999-10-13,10397.620309441692
1999-10-14,10636.604067802304
1999-10-15,10338.737669345797
1999-10-18,10574.662005346567
1999-10-19,10643.23514523558
1999-10-20,10625.272177111287
1999-10-21,10425.572136210645
1999-10-22,10137.176511802905
1999-10-25,9941.915529834097
1999-10-26,9943.560536878249
1999-10-27,9740.803188072196
1999-10-28,9603.974569327267
1999-10-29,9503.178066523331
1999-11-01,9623.172303473462
1999-11-02,9577.443852063707
1999-11-03,9557.580776738962
1999-11-04,9793.870925626912
1999-11-05,9742.759568108788
1999-11-08,9853.83541422627
1999-11-09,9673.395675873948
1999-11-10,9736.230570944863
1999-11-11,9762.566274015813
1999-11-12,9798.815063999915
1999-11-15,9722.246470401022
1999-11-16,9548.80426755853
1999-11-17,9502.685216486923
1999-11-18,9428.159280512977
1999-11-19,9610.455645737145
1999-11-22,9774.164748432337
1999-11-23,9570.203530019107
1999-11-24,9684.205778115762
1999-11-25,9606.223024025123
1999-11-26,9691.233232057199
1999-11-29,9612.877939704193
1999-11-30,9366.70927337138
1999-12-01,9544.877768604543
1999-12-02,9628.196878017206
1999-12-03,9423.283551591574
1999-12-06,9112.874396712172
1999-12-07,9030.63018945461
1999-12-08,8845.412546119747
1999-12-09,8792.494895232236
1999-12-10,8896.104510514602
1999-12-13,9139.512197817263
1999-12-14,9085.998349629435
1999-12-15,9319.201422860338
1999-12-16,9521.811729253845
1999-12-17,9452.843384439833
1999-12-20,9178.457540844205
1999-12-21,9325.69785351862
1999-12-22,9433.914591567174
1999-12-23,9847.816096666422
1999-12-24,10110.471511912247
1999-12-27,10259.86920132555
1999-12-28,10582.726524789903
1999-12-29,10391.188784017357
1999-12-30,10433.83823839921
1999-12-31,10389.048792082785
2000-01-03,10726.771814587939
2000-01-04,10843.320903933081
2000-01-05,10268.900197957453
2000-01-06,10532.255708144447
2000-01-07,10368.652907426245
2000-01-10,10521.956184503986
2000-01-11,10438.981709676425
2000-01-12,10492.628965641954
2000-01-13,10621.164416806108
2000-01-14,10666.370154812297
2000-01-17,10492.805266587136
2000-01-18,10768.82549973569
2000-01-19,10854.643510270962
2000-01-20,10860.063022615512
2000-01-21,11007.909031711342
2000-01-24,10911.28731936823
2000-01-25,11297.442212985865
2000-01-26,11352.801051210345
2000-01-27,11437.453139599531
2000-01-28,11518.99302754813
2000-01-31,11341.059752291685
2000-02-01,11113.47453840795
2000-02-02,11166.751806785398
2000-02-03,11247.691380282424
2000-02-04,11533.725434292257
2000-02-07,11638.12639877691
2000-02-08,11422.338435142818
2000-02-09,11541.378836798565
2000-02-10,11725.057462507912
2000-02-11,11949.399467108924
2000-02-14,12032.186347771463
2000-02-15,11781.071356751361
2000-02-16,12040.75049226031
2000-02-17,11893.822626848178
2000-02-18,12028.082337078848
2000-02-21,11702.780821842423
2000-02-22,11875.615995641421
2000-02-23,11719.477714646277
2000-02-24,11960.747600571558
2000-02-25,12357.662028867735
2000-02-28,12631.8110676602
2000-02-29,12379.958684051482
2000-03-01,12173.532650741014
2000-03-02,11986.334759200674
2000-03-03,12132.224756582094
2000-03-06,12209.970404523865
2000-03-07,12246.850039340356
2000-03-08,12317.214068194435
2000-03-09,12448.376324604467
2000-03-10,12597.115954642097
2000-03-13,12988.054964624725
2000-03-14,12976.770545767436
2000-03-15,13026.117857863797
2000-03-16,12599.66846955517
2000-03-17,12304.342950449518
2000-03-20,12152.918237594926
2000-03-21,11897.19800607969
2000-03-22,11945.44217534528
2000-03-23,12172.179978737715
2000-03-24,12077.686054662272
2000-03-27,11972.972717397071
2000-03-28,11863.395131221047
2000-03-29,11891.4167089546
2000-03-30,11775.252213500165
2000-03-31,11865.8081713374
2000-04-03,11929.890061506634
2000-04-04,12003.563420582568
2000-04-05,12169.135825373376
2000-04-06,12175.216483057704
2000-04-07,12205.825074533523
2000-04-10,12597.487059743822
2000-04-11,12585.886416236111
2000-04-12,12766.600925620238
2000-04-13,12777.490906074652
2000-04-14,12670.871506632313
2000-04-17,12565.22678642209
2000-04-18,12379.17977154228
2000-04-19,12379.852131809555
2000-04-20,12243.973093108656
2000-04-21,12149.049511651223
2000-04-24,12416.563257718215
2000-04-25,12384.641594807636
2000-04-26,12639.263769050352
2000-04-27,12697.604081076563
2000-04-28,12893.86589681711
2000-05-01,12750.567917251365
2000-05-02,12782.053377066404
2000-05-03,13400.525878328184
2000-05-04,13598.954453660686
2000-05-05,13844.02051418998
2000-05-08,13899.38406389445
2000-05-09,14112.54700132213
2000-05-10,13817.31505587609
2000-05-11,13604.141731287791
2000-05-12,13706.301187180055
2000-05-15,13906.729655940064
2000-05-16,13800.97504105878
2000-05-17,13750.884468431192
2000-05-18,13657.941327814933
2000-05-19,13608.031154342301
2000-05-22,13313.250030183648
2000-05-23,12970.329722086057
2000-05-24,12947.133970593846
2000-05-25,12544.273993519118
2000-05-26,12320.998372623302
2000-05-29,12171.056299700458
2000-05-30,11938.070705871534
2000-05-31,11984.632259240914
2000-06-01,11883.858684394398
2000-06-02,11861.403315480717
2000-06-05,11642.334494288138
2000-06-06,11482.354011073441
2000-06-07,11582.945766730007
2000-06-08,11652.849965384445
2000-06-09,11549.480117506708
2000-06-12,11618.90024267086
2000-06-13,11651.520990778594
2000-06-14,11678.10151136124
2000-06-15,12010.891580947278
2000-06-16,11917.124542149224
2000-06-19,11999.781113493786
2000-06-20,12083.28927908975
2000-06-21,12024.483873119481
2000-06-22,11766.99033261421
2000-06-23,11905.95921521431
2000-06-26,11953.69707160027
2000-06-27,11955.647352005211
2000-06-28,11951.69770385894
2000-06-29,11947.086936763013
2000-06-30,11747.086191965142
2000-07-03,11799.43723961118
2000-07-04,11413.118432135327
2000-07-05,11397.967954776697
2000-07-06,11085.3026043554
2000-07-07,11005.303700155662
2000-07-10,11137.580828955754
2000-07-11,11075.210133789127
2000-07-12,10969.364855502236
2000-07-13,11060.299246605524
2000-07-14,10995.731858730918
2000-07-17,10904.117667008519
2000-07-18,10815.942943019783
2000-07-19,11102.610077888514
2000-07-20,11224.153131947329
2000-07-21,11309.460359143714
2000-07-24,11057.61548183685
2000-07-25,11169.098758800972
2000-07-26,10899.854566391656
2000-07-27,10981.750767380954
2000-07-28,10750.927990374432
2000-07-31,11122.420571685614
2000-08-01,10777.599804007954
2000-08-02,11004.058631084517
2000-08-03,11150.399449922474
2000-08-04,10786.612441043306
2000-08-07,10726.850508164764
2000-08-08,10995.828297126229
2000-08-09,11209.110448421392
2000-08-10,10865.963955166786
2000-08-11,10751.316522508481
2000-08-14,10513.409440859634
2000-08-15,10308.311610022
2000-08-16,10176.988920478569
2000-08-17,10506.550780475729
2000-08-18,10518.349697420857
2000-08-21,10462.250520984913
2000-08-22,10386.027936543962
2000-08-23,10497.722958023454
2000-08-24,10615.340712021243
2000-08-25,10427.61910980506
2000-08-28,10692.745929449384
2000-08-29,10472.70756066241
2000-08-30,10406.995753205358
2000-08-31,10477.992469401115
2000-09-01,10791.450217017007
2000-09-04,10710.341098022041
2000-09-05,10751.442692505754
2000-09-06,10991.96948583316
2000-09-07,11101.32691967679
2000-09-08,11313.901863270386
2000-09-11,11512.104360164603
2000-09-12,11550.814493976053
2000-09-13,11667.280963127921
2000-09-14,11845.701505180183
2000-09-15,11824.146779506362
2000-09-18,12153.156456166353
2000-09-19,11710.912005370643
2000-09-20,11503.25336246868
2000-09-21,11790.523626495953
2000-09-22,11865.819309019216
2000-09-25,11713.622421092485
2000-09-26,11778.085283886358
2000-09-27,11994.930357118668
2000-09-28,11859.283593942859
2000-09-29,12008.5773166773
2000-10-02,11966.530010681276
2000-10-03,11926.524637207862
2000-10-04,11896.133126494457
2000-10-05,12120.706594896972
2000-10-06,11863.446495917638
2000-10-09,11769.92549493482
2000-10-10,11895.649500960059
2000-10-11,11622.408340088925
2000-10-12,11281.739998562633
2000-10-13,11383.110591797978
2000-10-16,11368.706225632564
2000-10-17,11323.982903540295
2000-10-18,11338.369213331003
2000-10-19,11127.323414031154
2000-10-20,11711.119854457282
2000-10-23,11490.673675199534
2000-10-24,11386.293196705414
2000-10-25,11084.340282994584
2000-10-26,10987.500542543907
2000-10-27,11278.965616602796
2000-10-30,11268.261800268216
2000-10-31,11374.867094118472
2000-11-01,11261.784395119992
2000-11-02,11620.369862703425
2000-11-03,11639.6723687139
2000-11-06,11366.382532297932
2000-11-07,11510.154416779302
2000-11-08,11419.092360433266
2000-11-09,11529.647512050671
2000-11-10,11543.660262333036
2000-11-13,11583.57716761658
2000-11-14,11597.110313915611
2000-11-15,11394.906061972197
2000-11-16,11076.61205657972
2000-11-17,11258.307486143132
2000-11-20,11216.345690346543
2000-11-21,11259.55223953659
2000-11-22,11151.453602321124
2000-11-23,10738.700206864014
2000-11-24,10481.057822847913
2000-11-27,10733.643234059897
2000-11-28,10569.194445569634
2000-11-29,10482.933991354626
2000-11-30,10196.332295106666
2000-12-01,10086.685133106002
2000-12-04,10006.068169760756
2000-12-05,9953.052699275095
2000-12-06,9926.656959797623
2000-12-07,9801.377760837577
2000-12-08,9687.584023705462
2000-12-11,9672.169010556348
2000-12-12,9715.404340852816
2000-12-13,9677.47613508155
2000-12-14,9972.280515054135
2000-12-15,9995.589785801612
2000-12-18,10010.9334337708
2000-12-19,9879.863776195218
2000-12-20,10050.365792717275
2000-12-21,9853.266609907638
2000-12-22,9557.159154459086
2000-12-25,9377.789863610631
2000-12-26,9469.629349760786
2000-12-27,9263.555516192066
2000-12-28,9468.505066319387
2000-12-29,9451.30629649095
2001-01-01,9183.875926974895
2001-01-02,9133.13457392702
2001-01-03,9417.695310107927
2001-01-04,9259.837613908589
2001-01-05,9031.19358659588
2001-01-08,9101.85650451832
2001-01-09,9305.071823083103
2001-01-10,9463.285088288969
2001-01-11,9393.997172965617
2001-01-12,9412.24274521825
2001-01-15,9453.870397346596
2001-01-16,9641.907188315316
2001-01-17,10007.716766981686
2001-01-18,9973.966629069431
2001-01-19,10195.29807316302
2001-01-22,10117.802654029963
2001-01-23,10210.940015562534
2001-01-24,10026.416512196874
2001-01-25,9875.252081482693
2001-01-26,9935.024652755197
2001-01-29,9761.885508725576
2001-01-30,9904.734636708048
2001-01-31,9792.944802746666
2001-02-01,9792.505109957416
2001-02-02,9763.727986038495
2001-02-05,9691.349311617754
2001-02-06,9700.24744710372
2001-02-07,9876.303203736947
2001-02-08,10429.025275938393
2001-02-09,10193.90784365404
2001-02-12,10234.38848737707
2001-02-13,10187.432156726092
2001-02-14,10006.92080621919
2001-02-15,10044.168282234421
2001-02-16,9872.343337469265
2001-02-19,9844.292824893431
2001-02-20,10051.968553331246
2001-02-21,9678.946272278332
2001-02-22,9708.213911501362
2001-02-23,9772.527955374355
2001-02-26,9591.759229120737
2001-02-27,9668.71991075871
2001-02-28,9716.114462270967
2001-03-01,9641.403439171305
2001-03-02,9839.894694640741
2001-03-05,9597.230581371325
2001-03-06,9695.019885498836
2001-03-07,9640.47134946208
2001-03-08,9445.296124063832
2001-03-09,9401.623086701662
2001-03-12,9329.270606251921
2001-03-13,9454.176618685788
2001-03-14,9189.887169669335
2001-03-15,9144.572818858944
2001-03-16,9056.82498034904
2001-03-19,9303.480085497113
2001-03-20,9104.953414149999
2001-03-21,9266.68666026643
2001-03-22,8965.242451655982
2001-03-23,9007.700723870452
2001-03-26,8972.376550736873
2001-03-27,9020.119246914974
2001-03-28,8893.300061882917
2001-03-29,8573.372453877182
2001-03-30,8325.403711573823
2001-04-02,8511.178008661867
2001-04-03,8530.477329464606
2001-04-04,8385.477356515903
2001-04-05,8508.740580260257
2001-04-06,8381.805541605923
2001-04-09,8257.57016409711
2001-04-10,8065.946276837111
2001-04-11,8225.062552584839
2001-04-12,8506.568190093212
2001-04-13,8346.16676284102
2001-04-16,8375.491258306825
2001-04-17,8509.59905799663
2001-04-18,8824.616224206231
2001-04-19,8437.12049401676
2001-04-20,8443.752883037143
2001-04-23,8527.320031512887
2001-04-24,8288.433140492256
2001-04-25,8334.560873993354
2001-04-26,8349.14485535083
2001-04-27,8443.241005329424
2001-04-30,8339.962345053269
2001-05-01,8387.542398754582
2001-05-02,8281.433168443127
2001-05-03,8356.84282681427
2001-05-04,8365.209150212195
2001-05-07,8293.279692924687
2001-05-08,8069.6403364932985
2001-05-09,8297.151432528908
2001-05-10,8448.693453779522
2001-05-11,8567.573352458747
2001-05-14,8449.93483808881
2001-05-15,8381.150232190817
2001-05-16,8620.829753067854
2001-05-17,8720.847793483883
2001-05-18,8572.191851210822
2001-05-21,8563.448287861916
2001-05-22,8569.420808499814
2001-05-23,8522.951905266124
2001-05-24,8364.066307917627
2001-05-25,8539.544842249568
2001-05-28,8614.988575318828
2001-05-29,8569.025666290789
2001-05-30,8314.912349238231
2001-05-31,8213.437237863955
2001-06-01,8198.338135697413
2001-06-04,8312.905713895918
2001-06-05,8243.497850832768
2001-06-06,8395.227147306674
2001-06-07,8402.196554873393
2001-06-08,8276.432908346593
2001-06-11,7857.56782325782
2001-06-12,7680.508639027141
2001-06-13,7464.934407912486
2001-06-14,7432.533398672372
2001-06-15,7465.1560942756905
2001-06-18,7642.139874936256
2001-06-19,7628.376688133025
2001-06-20,7459.313348565648
2001-06-21,7769.917614271148
2001-06-22,7801.609438288587
2001-06-25,7752.870332707513
2001-06-26,7704.68168173685
2001-06-27,7508.156381157762
2001-06-28,7583.289641253615
2001-06-29,7623.2109182170625
2001-07-02,7832.893232236022
2001-07-03,7978.271657090469
2001-07-04,8092.364517369549
2001-07-05,8266.028216644774
2001-07-06,8212.320178589724
2001-07-09,8135.7049739680015
2001-07-10,8117.309606349314
2001-07-11,7926.535881498237
2001-07-12,7895.588821465504
2001-07-13,7838.554618844938
2001-07-16,7923.189360403975
2001-07-17,7910.955928430613
2001-07-18,7634.153425654542
2001-07-19,7628.814387702325
2001-07-20,7816.152837996991
2001-07-23,7552.9585926621785
2001-07-24,7441.488938629193
2001-07-25,7434.953165093716
2001-07-26,7251.074335784674
2001-07-27,7171.448814016069
2001-07-30,7170.499660963277
2001-07-31,6994.341271545335
2001-08-01,7023.691282952296
2001-08-02,7067.899368040844
2001-08-03,6900.938932977536
2001-08-06,6896.973683384539
2001-08-07,7025.007517544352
2001-08-08,6995.622270793176
2001-08-09,7043.580011398664
2001-08-10,7118.525271935089
2001-08-13,7081.564128425082
2001-08-14,7201.007832851965
2001-08-15,7244.21833395317
2001-08-16,7109.519536459612
2001-08-17,7170.140028338503
2001-08-20,7276.146236459834
2001-08-21,7375.886367105281
2001-08-22,7284.661103394122
2001-08-23,7339.058426059147
2001-08-24,7516.51192520532
2001-08-27,7541.792158649161
2001-08-28,7698.343769399688
2001-08-29,7874.755310380009
2001-08-30,7863.79850107363
2001-08-31,7952.1433013571095
2001-09-03,7905.114393757725
2001-09-04,8053.045910190101
2001-09-05,8034.501702952186
2001-09-06,7950.1302460295765
2001-09-07,7941.329731069769
2001-09-10,7925.928597013536
2001-09-11,7975.657723023521
2001-09-12,8037.818179462876
2001-09-13,7866.3173405291955
2001-09-14,7770.020826933937
2001-09-17,7815.995612568301
2001-09-18,7879.51670637329
2001-09-19,7887.361224756901
2001-09-20,8265.911549632614
2001-09-21,8429.838263932857
2001-09-24,8414.273004129489
2001-09-25,8521.495603515647
2001-09-26,8725.516742135884
2001-09-27,8779.604507452317
2001-09-28,8504.86232648684
2001-10-01,8516.814607449725
2001-10-02,8521.867180126996
2001-10-03,8852.777449192772
2001-10-04,8562.419789814252
2001-10-05,8801.9512596881
2001-10-08,8775.335143025108
2001-10-09,8921.949242366425
2001-10-10,8873.651806840853
2001-10-11,8900.404681002201
2001-10-12,9082.429337643109
2001-10-15,9095.28305553153
2001-10-16,9268.744676124614
2001-10-17,9254.646751214957
2001-10-18,9186.164665623663
2001-10-19,9149.729714322626
2001-10-22,9067.07128272216
2001-10-23,9047.415335875745
2001-10-24,9272.062280925797
2001-10-25,9079.018468144424
2001-10-26,8811.988251362925
2001-10-29,8809.502935198525
2001-10-30,9081.326083562039
2001-10-31,9254.801696499653
2001-11-01,9478.702866499323
2001-11-02,9695.567957477868
2001-11-05,9570.358434019532
2001-11-06,9592.169777511963
2001-11-07,9145.029054572848
2001-11-08,9046.810275010472
2001-11-09,9147.961955642786
2001-11-12,8896.916542471372
2001-11-13,8574.761782609436
2001-11-14,8378.492199234903
2001-11-15,8413.65337512212
2001-11-16,8594.735515638593
2001-11-19,9007.179605511059
2001-11-20,9245.309809425717
2001-11-21,8999.786705223452
2001-11-22,8635.062383700315
2001-11-23,8662.13850713124
2001-11-26,8833.035398326123
2001-11-27,8583.757338144214
2001-11-28,8507.957877118235
2001-11-29,8444.187302166916
2001-11-30,8454.567930037978
2001-12-03,8432.781847632126
2001-12-04,8517.45704687346
2001-12-05,8687.560299118402
2001-12-06,8705.521654601594
2001-12-07,8831.044975203866
2001-12-10,9161.350986569145
2001-12-11,9002.214640120672
2001-12-12,8842.004730389715
2001-12-13,8931.760136457831
2001-12-14,9243.501473360075
2001-12-17,9280.563905892048
2001-12-18,9474.671576259081
2001-12-19,9432.204328854745
2001-12-20,9599.416011924064
2001-12-21,9502.331086642358
2001-12-24,9629.45736964508
2001-12-25,9709.688116353338
2001-12-26,9790.79015746355
2001-12-27,10049.0239482592
2001-12-28,10257.289929463466
2001-12-31,10160.854274151337
2002-01-01,10338.259974756089
2002-01-02,10041.051560908922
2002-01-03,10236.330644700161
2002-01-04,10771.88467082058
2002-01-07,10892.087091903968
2002-01-08,11009.633902873105
2002-01-09,11040.278325355705
2002-01-10,11225.7978020519
2002-01-11,11154.356840202518
2002-01-14,11310.094230669316
2002-01-15,11275.58030406317
2002-01-16,11210.81903196295
2002-01-17,11257.47033072054
2002-01-18,11267.323782696545
2002-01-21,10942.449085912978
2002-01-22,11382.089122355843
2002-01-23,11434.083978394689
2002-01-24,11113.173826378454
2002-01-25,11354.320248124935
2002-01-28,11372.125933871312
2002-01-29,11437.909179711916
2002-01-30,11608.682054229404
2002-01-31,11447.113832729934
2002-02-01,10879.160718155967
2002-02-04,10882.46811680796
2002-02-05,10953.014337365797
2002-02-06,11175.998055858005
2002-02-07,11048.001971782245
2002-02-08,11018.26108092276
2002-02-11,11121.139948877611
2002-02-12,11081.312714432068
2002-02-13,11054.928155693451
2002-02-14,11129.182044899211
2002-02-15,10954.473943115267
2002-02-18,11295.067192082355
2002-02-19,11132.466545426732
2002-02-20,11163.095972639638
2002-02-21,11120.332560945266
2002-02-22,11002.468565798818
2002-02-25,11132.128125279138
2002-02-26,11360.164716654495
2002-02-27,11685.986610705157
2002-02-28,11833.4781921646
2002-03-01,11762.577937063106
2002-03-04,11971.209668980395
2002-03-05,11687.82758976045
2002-03-06,11721.958152920746
2002-03-07,11856.648671960245
2002-03-08,12001.70707041137
2002-03-11,11778.727352879605
2002-03-12,11487.797343822742
2002-03-13,11859.333705266723
2002-03-14,11772.889517467573
2002-03-15,11450.247577499196
2002-03-18,11218.157320113336
2002-03-19,11241.107603240584
2002-03-20,11502.775067886383
2002-03-21,11522.226844223875
2002-03-22,11794.047328185046
2002-03-25,11862.076893408
2002-03-26,11982.970765796139
2002-03-27,12216.961023950787
2002-03-28,12153.878065903706
2002-03-29,12237.975830013378
2002-04-01,12171.547827086166
2002-04-02,12051.000834132885
2002-04-03,12212.386086567049
2002-04-04,12050.835758283678
2002-04-05,12085.602652567712
2002-04-08,11931.588773085607
2002-04-09,11928.998343638897
2002-04-10,11832.357747834252
2002-04-11,12083.766086723066
2002-04-12,12116.726666466751
2002-04-15,12148.847924162357
2002-04-16,12529.952880111066
2002-04-17,11907.56770352781
2002-04-18,11683.404986542508
2002-04-19,11132.37756942093
2002-04-22,11141.598514432744
2002-04-23,11240.052946670625
2002-04-24,11380.887999788314
2002-04-25,11445.439073589201
2002-04-26,11276.053131022963
2002-04-29,11646.259071617056
2002-04-30,11718.757636084212
2002-05-01,11671.807641044921
2002-05-02,11446.02515050595
2002-05-03,11540.075782848558
2002-05-06,11445.160988299482
2002-05-07,11359.129081666873
2002-05-08,11407.49925403243
2002-05-09,11458.021305267992
2002-05-10,11295.286426277245
2002-05-13,11558.194296032445
2002-05-14,11356.408946109968
2002-05-15,11134.878959665637
2002-05-16,11201.045303109257
2002-05-17,11230.820251721501
2002-05-20,11248.806552562059
2002-05-21,11169.369678034542
2002-05-22,11181.29022864497
2002-05-23,11071.721781565411
2002-05-24,10750.922858362157
2002-05-27,10897.01650691451
2002-05-28,10702.749759428321
2002-05-29,10661.301866479624
2002-05-30,10805.015192073719
2002-05-31,10812.101466702043
2002-06-03,11361.602530812654
2002-06-04,11081.23034639634
2002-06-05,10935.091620708788
2002-06-06,10954.486810758703
2002-06-07,11227.196084615034
2002-06-10,11178.867973403085
2002-06-11,10896.122978767233
2002-06-12,11124.245806643561
2002-06-13,10942.620836132746
2002-06-14,10904.913385732063
2002-06-17,11080.504790712925
2002-06-18,10948.827609109569
2002-06-19,10861.060589910549
2002-06-20,10957.624435297417
2002-06-21,10918.186847334571
2002-06-24,10975.207482548089
2002-06-25,10790.238487948722
2002-06-26,10767.457157752762
2002-06-27,10558.098423438025
2002-06-28,10266.259531521864
2002-07-01,10595.825932033284
2002-07-02,10682.66038129343
2002-07-03,10860.101794049524
2002-07-04,10672.180497413474
2002-07-05,10666.231603351245
2002-07-08,10626.346890981698
2002-07-09,10357.473676537638
2002-07-10,10459.241462433216
2002-07-11,10323.570054616155
2002-07-12,10285.296343814412
2002-07-15,10007.556918330449
2002-07-16,10187.324520819046
2002-07-17,10326.763580992707
2002-07-18,10399.209956239667
2002-07-19,10229.641223939352
2002-07-22,10130.144696968746
2002-07-23,10354.643087254684
2002-07-24,10302.418859264482
2002-07-25,10351.255026626148
2002-07-26,10376.723520109937
2002-07-29,10169.104965848845
2002-07-30,10451.169630659302
2002-07-31,10083.771144235578
2002-08-01,10123.724548914213
2002-08-02,10106.996001493999
2002-08-05,9816.151344418566
2002-08-06,9874.231092382883
2002-08-07,9966.346716877555
2002-08-08,9974.851235799
2002-08-09,9826.575439155724
2002-08-12,9905.72947387903
2002-08-13,10105.720947395128
2002-08-14,10145.258261747627
2002-08-15,10464.216908908593
2002-08-16,10626.513973733952
2002-08-19,10773.954642736593
2002-08-20,11046.227541120918
2002-08-21,10914.774372693479
2002-08-22,10812.145079607644
2002-08-23,10912.263824253114
2002-08-26,11014.082923150992
2002-08-27,11316.740250031655
2002-08-28,11551.89659259157
2002-08-29,11587.926852462482
2002-08-30,11633.261086478802
2002-09-02,11575.580001348551
2002-09-03,11499.878854685017
2002-09-04,11407.037973537723
2002-09-05,11594.689168623343
2002-09-06,11497.560122096525
2002-09-09,11425.300948897895
2002-09-10,11459.280097487084
2002-09-11,11355.468936662166
2002-09-12,11310.535552321973
2002-09-13,10876.752405037314
2002-09-16,10952.55416947059
2002-09-17,10895.260632066947
2002-09-18,10936.17186849319
2002-09-19,11012.691605722533
2002-09-20,10655.216551998265
2002-09-23,11131.462323320151
2002-09-24,11170.24761351172
2002-09-25,11214.86140876777
2002-09-26,10870.448167645955
2002-09-27,11005.06241610238
2002-09-30,11101.169729615918
2002-10-01,11045.381307654963
2002-10-02,11112.537687604387
2002-10-03,11392.183227473184
2002-10-04,11345.479931885293
2002-10-07,11185.360098472169
2002-10-08,11481.592300083395
2002-10-09,11562.896842420716
2002-10-10,11553.257558402087
2002-10-11,12070.939733822805
2002-10-14,12135.454067391256
2002-10-15,12127.70348846454
2002-10-16,12216.418381598054
2002-10-17,12158.787234461282
2002-10-18,12236.191545981257
2002-10-21,12299.544260168457
2002-10-22,12185.047234338486
2002-10-23,12157.771513813886
2002-10-24,12255.1861194394
2002-10-25,12369.170605268817
2002-10-28,12528.86713544299
2002-10-29,12736.60661541972
2002-10-30,12823.13512157949
2002-10-31,12972.303011777354
2002-11-01,12921.585003159073
2002-11-04,12899.340726997532
2002-11-05,13180.368381804896
2002-11-06,12755.90614594681
2002-11-07,12876.852081415738
2002-11-08,13667.951848073202
2002-11-11,13255.148924500361
2002-11-12,13653.254818776843
2002-11-13,13261.433480546477
2002-11-14,13380.264868898328
2002-11-15,13808.827037578076
2002-11-18,14214.48750773806
2002-11-19,14013.644887651446
2002-11-20,13716.958541701162
2002-11-21,13392.24674836613
2002-11-22,13591.167096089723
2002-11-25,13519.810447759435
2002-11-26,13544.338624417715
2002-11-27,13630.014035923587
2002-11-28,13753.08050971429
2002-11-29,13907.91641346704
2002-12-02,13960.101449547225
2002-12-03,13582.549252296794
2002-12-04,13963.449530216674
2002-12-05,13308.985670098376
2002-12-06,13627.525307836022
2002-12-09,13499.116761861666
2002-12-10,13469.568704856603
2002-12-11,13361.457889681255
2002-12-12,13290.454426032624
2002-12-13,13302.655234437212
2002-12-16,13252.929992117157
2002-12-17,13010.226575784682
2002-12-18,13227.42235463148
2002-12-19,13106.55822620393
2002-12-20,13444.023007704242
2002-12-23,13423.725971016773
2002-12-24,13270.664167762503
2002-12-25,13391.926955805093
2002-12-26,13624.456789438453
2002-12-27,13416.205581763388
2002-12-30,13364.250466773414
2002-12-31,13728.791988722478
2003-01-01,13500.729764789077
2003-01-02,13311.985319444631
2003-01-03,13368.279634860655
2003-01-06,13095.112889035077
2003-01-07,12542.177903220803
2003-01-08,12186.082602665589
2003-01-09,12283.397527097035
2003-01-10,12444.144818248566
2003-01-13,12592.82508176268
2003-01-14,12697.100689354043
2003-01-15,12433.531071588028
2003-01-16,12601.390656522557
2003-01-17,12881.117208956512
2003-01-20,12735.89512835325
2003-01-21,12969.650825107421
2003-01-22,12900.061456847992
2003-01-23,12960.259165147529
2003-01-24,13062.45236627338
2003-01-27,12733.52978149667
2003-01-28,13090.254539363843
2003-01-29,12906.308350256939
2003-01-30,12899.04648647135
2003-01-31,12801.024079233875
2003-02-03,12923.336143316435
2003-02-04,13040.711954687129
2003-02-05,13062.238077170443
2003-02-06,13415.976230930246
2003-02-07,13501.589404107288
2003-02-10,13422.029919407296
2003-02-11,12760.31317407733
2003-02-12,12712.022079822716
2003-02-13,12662.016755966866
2003-02-14,12481.062658127805
2003-02-17,12305.037565482764
2003-02-18,12453.155310252643
2003-02-19,12705.953944396844
2003-02-20,13163.717704243063
2003-02-21,13454.548952605444
2003-02-24,13301.409989046251
2003-02-25,13380.149341968747
2003-02-26,13072.633033872275
2003-02-27,13262.808292762744
2003-02-28,13365.714655833568
2003-03-03,13236.685304610974
2003-03-04,13228.665588032789
2003-03-05,13186.20590966769
2003-03-06,13052.8599024069
2003-03-07,13384.225367561194
2003-03-10,14171.977334173213
2003-03-11,14402.387947467858
2003-03-12,14698.445362643679
2003-03-13,14760.165750876638
2003-03-14,14686.775126916835
2003-03-17,15298.835936600837
2003-03-18,15218.414608995261
2003-03-19,15347.487242502273
2003-03-20,15334.803247650292
2003-03-21,15519.204937256356
2003-03-24,15525.947408343804
2003-03-25,15713.3632189311
2003-03-26,15379.466651983912
2003-03-27,15371.809638359719
2003-03-28,15776.503340969462
2003-03-31,15506.17981578358
2003-04-01,15341.229335687403
2003-04-02,15745.165634130166
2003-04-03,15881.10629856061
2003-04-04,16210.896513830852
2003-04-07,15591.393982976078
2003-04-08,15652.72979686983
2003-04-09,15317.329519640025
2003-04-10,14957.769453986308
2003-04-11,15088.480742295487
2003-04-14,15433.558915085037
2003-04-15,15042.53093174689
2003-04-16,14764.316139034217
2003-04-17,14628.362856209365
2003-04-18,14613.481958407998
2003-04-21,14285.211990485672
2003-04-22,14897.717791037257
2003-04-23,15075.119421975687
2003-04-24,14995.99908854693
2003-04-25,14874.496561745369
2003-04-28,15530.115760624596
2003-04-29,16190.112229170807
2003-04-30,16066.99965151122
2003-05-01,16187.099149479396
2003-05-02,16578.613712930608
2003-05-05,16246.664058739723
2003-05-06,16093.68907769489
2003-05-07,16509.596728354933
2003-05-08,16322.226553124656
2003-05-09,16213.238911577593
2003-05-12,15840.632355885495
2003-05-13,15641.180791187944
2003-05-14,15852.80399325922
2003-05-15,15634.851868170212
2003-05-16,15285.571920399738
2003-05-19,15127.78040846447
2003-05-20,15635.202791987671
2003-05-21,15700.083798571754
2003-05-22,15555.98853161379
2003-05-23,15613.283352236796
2003-05-26,15752.872276274287
2003-05-27,15801.32556522196
2003-05-28,15306.247911499608
2003-05-29,15402.177406753022
2003-05-30,15355.409763036696
2003-06-02,15604.163081741746
2003-06-03,15238.788038146058
2003-06-04,15542.82361914219
2003-06-05,15415.646307469424
2003-06-06,14957.391121980241
2003-06-09,15333.233031332662
2003-06-10,15201.438218719408
2003-06-11,15315.265564165898
2003-06-12,15280.810660208641
2003-06-13,15596.75940176455
2003-06-16,15922.514866464533
2003-06-17,16257.899852708542
2003-06-18,16480.081233158708
2003-06-19,16014.51919514153
2003-06-20,15543.026326393454
2003-06-23,15608.716510408729
2003-06-24,15350.077844690739
2003-06-25,15489.107075287131
2003-06-26,15544.47492035757
2003-06-27,15159.263602318615
2003-06-30,14884.995257728002
2003-07-01,14589.749649147032
2003-07-02,14364.358112612266
2003-07-03,14318.04431405229
2003-07-04,14503.698665644364
2003-07-07,14868.201146177189
2003-07-08,14616.135007956718
2003-07-09,14474.873179375949
2003-07-10,14896.775636685205
2003-07-11,15148.4303938867
2003-07-14,15220.691190489526
2003-07-15,14593.003622616825
2003-07-16,14335.741143293792
2003-07-17,14384.340819071365
2003-07-18,14238.150462242438
2003-07-21,14769.697522227641
2003-07-22,14801.390250992166
2003-07-23,14885.17129974602
2003-07-24,14598.064065673258
2003-07-25,14330.850996113955
2003-07-28,14165.29538411227
2003-07-29,14011.921428054931
2003-07-30,13959.312242139447
2003-07-31,14061.348869698237
2003-08-01,14129.03737621965
2003-08-04,14395.677263284688
2003-08-05,14052.89410197804
2003-08-06,14113.63629374433
2003-08-07,14182.152512702707
2003-08-08,14604.636069074677
2003-08-11,14553.815655718818
2003-08-12,14647.422066615432
2003-08-13,14438.615188143718
2003-08-14,14557.15722896915
2003-08-15,14669.832718882331
2003-08-18,14510.17856486058
2003-08-19,14401.723102878053
2003-08-20,14400.270975420472
2003-08-21,14559.997876558562
2003-08-22,14265.629209484357
2003-08-25,14504.016187249947
2003-08-26,14423.59664448895
2003-08-27,14937.812447128641
2003-08-28,15347.487169297334
2003-08-29,15242.385469466553
2003-09-01,15076.952601765222
2003-09-02,15774.13438851788
2003-09-03,15963.774442699776
2003-09-04,16137.45233092494
2003-09-05,16021.54471164405
2003-09-08,15991.665653991622
2003-09-09,16235.799622803417
2003-09-10,16426.930309490723
2003-09-11,16189.495888970176
2003-09-12,16568.18106564662
2003-09-15,16669.752656612287
2003-09-16,16392.068445845256
2003-09-17,16699.98199826099
2003-09-18,16655.227708899576
2003-09-19,16902.79979221702
2003-09-22,16741.915843859653
2003-09-23,16861.184693530187
2003-09-24,16378.956781056066
2003-09-25,16498.95382935183
2003-09-26,16057.3869655257
2003-09-29,16113.445477010962
2003-09-30,15395.363125747443
2003-10-01,15385.345704467367
2003-10-02,15596.88516688126
2003-10-03,15743.114542640655
2003-10-06,16097.538910546893
2003-10-07,15794.6508841659
2003-10-08,16259.697671117994
2003-10-09,16749.855078561286
2003-10-10,16396.689858407946
2003-10-13,16169.60739969065
2003-10-14,16010.71147333478
2003-10-15,16012.109686358892
2003-10-16,16074.370865107037
2003-10-17,15377.1120949815
2003-10-20,15551.60289902719
2003-10-21,15487.401522192571
2003-10-22,15211.006322929083
2003-10-23,15483.404184028568
2003-10-24,15394.269922135267
2003-10-27,15723.028266481497
2003-10-28,15883.71245259805
2003-10-29,15799.250443865998
2003-10-30,16147.071351047513
2003-10-31,16393.028746428157
2003-11-03,16250.997487016431
2003-11-04,15789.582693547098
2003-11-05,15640.96108605342
2003-11-06,15824.573898905235
2003-11-07,15763.66878309152
2003-11-10,16284.254905201698
2003-11-11,16369.15454371685
2003-11-12,16434.722071370146
2003-11-13,16563.193430816635
2003-11-14,16307.32300464861
2003-11-17,16278.620969685513
2003-11-18,16091.763063301327
2003-11-19,15427.357610846098
2003-11-20,14944.128968266843
2003-11-21,15152.446698937742
2003-11-24,15037.675721245865
2003-11-25,15011.17239155889
2003-11-26,14620.491903807337
2003-11-27,14471.722369794603
2003-11-28,14685.525512319291
2003-12-01,14717.97109692527
2003-12-02,14586.579486976385
2003-12-03,15004.046907931162
2003-12-04,14994.368638886901
2003-12-05,14906.108590710217
2003-12-08,15225.835849796658
2003-12-09,14760.562662026376
2003-12-10,14915.650482017896
2003-12-11,14623.523186713352
2003-12-12,14422.302869603238
2003-12-15,14250.78142313318
2003-12-16,14290.603524533142
2003-12-17,14324.88041611685
2003-12-18,14410.42291828255
2003-12-19,14471.540847169701
2003-12-22,14851.018212411229
2003-12-23,15320.431908594906
2003-12-24,15525.79393916697
2003-12-25,15747.58620286289
2003-12-26,15647.808849001889
2003-12-29,15345.731195943124
2003-12-30,15518.33567483393
2003-12-31,15535.535373731715
2004-01-01,15786.4123970313
2004-01-02,15279.4739018975
2004-01-05,16047.622059386618
2004-01-06,15689.163281574929
2004-01-07,15706.619283720865
2004-01-08,15999.179802751329
2004-01-09,15610.097310966778
2004-01-12,15461.679395807445
2004-01-13,14912.667406465927
2004-01-14,14537.787381047197
2004-01-15,14042.528692103702
2004-01-16,14075.965693294167
2004-01-19,14158.2345540261
2004-01-20,14083.985921779025
2004-01-21,14417.679322317617
2004-01-22,14792.856338673331
2004-01-23,14798.489233100947
2004-01-26,14746.881769591953
2004-01-27,14681.238023827862
2004-01-28,14568.650731742835
2004-01-29,14925.679796094462
2004-01-30,14998.004029389864
2004-02-02,14915.85709943006
2004-02-03,14862.373661740912
2004-02-04,15018.235422925429
2004-02-05,14918.10474878359
2004-02-06,15011.48445631469
2004-02-09,15009.858057534646
2004-02-10,15391.598874848696
2004-02-11,15727.260549549901
2004-02-12,15336.86084554877
2004-02-13,15300.865282962417
2004-02-16,15508.251612055335
2004-02-17,15391.20032374496
2004-02-18,15627.897307304165
2004-02-19,15732.247463505031
2004-02-20,15911.406935504443
2004-02-23,15902.4656859517
2004-02-24,15999.68139903226
2004-02-25,16161.730707293264
2004-02-26,15745.83140783816
2004-02-27,15495.674954199701
2004-03-01,15221.28610029397
2004-03-02,15701.911357235876
2004-03-03,15797.648308378799
2004-03-04,15914.123226385225
2004-03-05,15973.728015172408
2004-03-08,15833.891326737557
2004-03-09,15630.938387413833
2004-03-10,15882.767284242855
2004-03-11,15785.257664869088
2004-03-12,16253.43644452829
2004-03-15,16321.244026723918
2004-03-16,16358.529416088151
2004-03-17,16303.876071132316
2004-03-18,16292.256736989506
2004-03-19,16312.631776048576
2004-03-22,16779.030185530137
2004-03-23,17514.868959485677
2004-03-24,17163.854108638636
2004-03-25,17254.533956665797
2004-03-26,17488.524573787006
2004-03-29,17216.3247195029
2004-03-30,17031.467766910915
2004-03-31,16902.29902964573
2004-04-01,16192.902412366513
2004-04-02,16395.542305984705
2004-04-05,16392.87975846503
2004-04-06,16376.440695417266
2004-04-07,16411.950312978006
2004-04-08,16497.464951509115
2004-04-09,17214.27499029983
2004-04-12,17282.833500145505
2004-04-13,17557.81889764271
2004-04-14,17405.8882478639
2004-04-15,17529.711157951246
2004-04-16,17442.930104664705
2004-04-19,17408.4881909796
2004-04-20,17139.0827018294
2004-04-21,16900.522203847137
2004-04-22,17052.960931727626
2004-04-23,17297.244794688522
2004-04-26,17454.924310608843
2004-04-27,17257.51026877334
2004-04-28,17369.697724679794
2004-04-29,16604.831273897846
2004-04-30,16903.325893207755
2004-05-03,16905.019957362863
2004-05-04,17001.507143077884
2004-05-05,17376.981305282658
2004-05-06,17259.253589138774
2004-05-07,17575.41240349248
2004-05-10,17451.165979044246
2004-05-11,17638.72885066117
2004-05-12,17524.75137126748
2004-05-13,17636.78801180565
2004-05-14,18121.30429337688
2004-05-17,17925.83471717745
2004-05-18,17745.533021147316
2004-05-19,17657.4728047105
2004-05-20,17770.434131029273
2004-05-21,18692.7669002624
2004-05-24,18516.550440516323
2004-05-25,17864.103384676466
2004-05-26,17672.107845019207
2004-05-27,17191.393262946574
2004-05-28,17036.017574472862
2004-05-31,17058.93148971018
2004-06-01,16783.687333868213
2004-06-02,16595.968686626577
2004-06-03,16062.505225049325
2004-06-04,16132.238738647726
2004-06-07,15932.783728941507
2004-06-08,16265.81671478761
2004-06-09,16595.379993146693
2004-06-10,16355.000327110067
2004-06-11,16264.138057670985
2004-06-14,16298.258504206287
2004-06-15,16541.44333326173
2004-06-16,16067.87711309661
2004-06-17,16065.583493013555
2004-06-18,16634.403756470692
2004-06-21,16627.30053708322
2004-06-22,16713.804641138147
2004-06-23,16734.256332735764
2004-06-24,16397.985616598813
2004-06-25,16702.180345437257
2004-06-28,16804.23152766377
2004-06-29,16874.989471893714
2004-06-30,17119.37028020869
2004-07-01,17386.45597205695
2004-07-02,16823.527242371354
2004-07-05,16992.482182747095
2004-07-06,16836.53884980066
2004-07-07,16907.371736112473
2004-07-08,16713.045177167132
2004-07-09,16475.88463974869
2004-07-12,16784.16339753454
2004-07-13,16804.71097546205
2004-07-14,16742.454745350853
2004-07-15,16679.078360082156
2004-07-16,16727.16459436258
2004-07-19,16746.319549243144
2004-07-20,16069.727698628167
2004-07-21,15842.351344778119
2004-07-22,15798.678910934259
2004-07-23,16037.226938614402
2004-07-26,16461.63493249183
2004-07-27,16212.08853414855
2004-07-28,16815.721640589898
2004-07-29,16872.15360151882
2004-07-30,17050.311939433654
2004-08-02,16915.82307143463
2004-08-03,16761.33544644109
2004-08-04,17231.85787734933
2004-08-05,17194.980193854415
2004-08-06,17194.662924218857
2004-08-09,17590.443643934817
2004-08-10,18180.02375523065
2004-08-11,17728.829197779607
2004-08-12,17702.937492619247
2004-08-13,17734.228820726184
2004-08-16,18360.630247803296
2004-08-17,19234.492184396866
2004-08-18,19256.294005394466
2004-08-19,19426.586480776397
2004-08-20,19773.835688937666
2004-08-23,20231.867140336806
2004-08-24,20159.209567354323
2004-08-25,20518.164303725684
2004-08-26,20305.838493642954
2004-08-27,19392.306255373704
2004-08-30,18958.227221959776
2004-08-31,19075.43731411507
2004-09-01,19391.67067282339
2004-09-02,18660.874759869243
2004-09-03,18105.48702377661
2004-09-06,18138.88117505402
2004-09-07,17107.883939827647
2004-09-08,17323.889538859414
2004-09-09,17694.344660638082
2004-09-10,16810.532924979
2004-09-13,17089.058052741402
2004-09-14,17074.54719931752
2004-09-15,17563.717678594865
2004-09-16,17700.84511804823
2004-09-17,17672.920630779903
2004-09-20,17760.33050936275
2004-09-21,18114.558823667245
2004-09-22,18228.399135771117
2004-09-23,18294.006825928565
2004-09-24,17875.376380008165
2004-09-27,18084.520749314142
2004-09-28,18147.888740198854
2004-09-29,18816.156601591032
2004-09-30,18868.16715003165
2004-10-01,18895.525097787
2004-10-04,18739.955334982846
2004-10-05,19044.239535194232
2004-10-06,19032.56725888121
2004-10-07,18850.109827826946
2004-10-08,19463.328981783718
2004-10-11,20161.736065656947
2004-10-12,20060.12018971966
2004-10-13,19754.55734768014
2004-10-14,20224.564031770933
2004-10-15,19985.042870366746
2004-10-18,21097.15638389509
2004-10-19,21112.660625069326
2004-10-20,21551.807215598008
2004-10-21,21120.4116478521
2004-10-22,21175.121457204183
2004-10-25,21667.337769152407
2004-10-26,21911.031340711634
2004-10-27,21770.01989238121
2004-10-28,22830.94509864145
2004-10-29,23213.579516453952
2004-11-01,23193.64808156225
2004-11-02,23017.05090481881
2004-11-03,22980.44858381793
2004-11-04,23626.215627578706
2004-11-05,23375.89052495554
2004-11-08,23467.014311332707
2004-11-09,23198.154753396815
2004-11-10,23808.960913291965
2004-11-11,23817.761669046133
2004-11-12,24272.396077983147
2004-11-15,24604.161348470872
2004-11-16,24428.22581823406
2004-11-17,24822.017524671108
2004-11-18,25331.629807060497
2004-11-19,24894.26935051708
2004-11-22,25297.12938799418
2004-11-23,27069.537895479858
2004-11-24,27014.51241033959
2004-11-25,27420.302482621828
2004-11-26,26855.4059166389
2004-11-29,27170.770827887343
2004-11-30,26972.968201902033
2004-12-01,27442.14153188203
2004-12-02,27508.84237821844
2004-12-03,27018.900709039775
2004-12-06,27655.402766311036
2004-12-07,27639.82284516705
2004-12-08,27227.008845022716
2004-12-09,27351.236286660416
2004-12-10,26966.5007553613
2004-12-13,27251.830468276275
2004-12-14,27311.958206703446
2004-12-15,27220.223345742943
2004-12-16,27644.06805607753
2004-12-17,27101.46906103008
2004-12-20,27676.402638463715
2004-12-21,26777.164813720636
2004-12-22,27662.5329187253
2004-12-23,27847.353472324805
2004-12-24,27807.482589768068
2004-12-27,27530.654964607005
2004-12-28,27899.23762735379
2004-12-29,27912.06721505829
2004-12-30,27915.597727770662
2004-12-31,28539.75721840416
2005-01-03,28410.81578644965
2005-01-04,28384.396293032005
2005-01-05,28703.188291700502
2005-01-06,29366.94382731351
2005-01-07,29385.55162414634
2005-01-10,29570.20036915412
2005-01-11,29694.69220681357
2005-01-12,30199.940437423706
2005-01-13,31134.243404458484
2005-01-14,30712.74716984354
2005-01-17,30741.482650480026
2005-01-18,30818.598375566766
2005-01-19,31256.094708518573
2005-01-20,32229.360745670067
2005-01-21,32327.887979356565
2005-01-24,32562.54235548447
2005-01-25,33352.024586663785
2005-01-26,32714.77765469949
2005-01-27,32367.884704957552
2005-01-28,32211.119418319046
2005-01-31,32314.722820088584
2005-02-01,32558.861561229798
2005-02-02,32360.3791313015
2005-02-03,33521.47629639394
2005-02-04,33202.92645162437
2005-02-07,33190.51105020994
2005-02-08,33966.219452117846
2005-02-09,34561.756189801206
2005-02-10,34666.85956408076
2005-02-11,35020.153916529605
2005-02-14,35663.200704437106
2005-02-15,35771.69197186103
2005-02-16,36315.39936319917
2005-02-17,35829.22522611655
2005-02-18,35991.48047569346
2005-02-21,35041.74951507784
2005-02-22,34585.87732207716
2005-02-23,33980.049391068205
2005-02-24,34873.536586261005
2005-02-25,34688.1722645191
2005-02-28,34985.93135020582
2005-03-01,34506.82318819306
2005-03-02,34484.93019417387
2005-03-03,34414.24306050476
2005-03-04,33983.350670495376
2005-03-07,34623.828162259495
2005-03-08,33688.70927821227
2005-03-09,34177.35698412029
2005-03-10,35983.8773915571
2005-03-11,35551.54423232787
2005-03-14,35673.86953449618
2005-03-15,34770.55832933124
2005-03-16,34850.52861482099
2005-03-17,33854.6213451462
2005-03-18,34337.3574067689
2005-03-21,34119.02650103849
2005-03-22,33070.8769847704
2005-03-23,32378.21520797972
2005-03-24,31528.799474475112
2005-03-25,31439.94294814982
2005-03-28,32009.609121549518
2005-03-29,31850.063459739573
2005-03-30,31240.00917714225
2005-03-31,30832.040452696154
2005-04-01,30963.18456320252
2005-04-04,29672.88180450654
2005-04-05,30052.119825157377
2005-04-06,30333.608369353675
2005-04-07,29052.102010109076
2005-04-08,29741.740732636237
2005-04-11,28912.726249642044
2005-04-12,28846.653932756137
2005-04-13,29524.597472817026
2005-04-14,28695.848888497334
2005-04-15,27781.19319107725
2005-04-18,27256.21367726423
2005-04-19,26757.66471542502
2005-04-20,26726.931077185644
2005-04-21,26506.373639097426
2005-04-22,26300.685396480872
2005-04-25,26102.956888034267
2005-04-26,26049.239060798205
2005-04-27,25675.981692316724
2005-04-28,25863.72325777953
2005-04-29,25895.000305784113
2005-05-02,25447.384062079764
2005-05-03,26347.72381337546
2005-05-04,25771.887376861585
2005-05-05,26155.901958195373
2005-05-06,25833.228024394037
2005-05-09,26039.079551158877
2005-05-10,26325.258311132035
2005-05-11,26781.489332968275
2005-05-12,27528.41074239289
2005-05-13,27144.385478836706
2005-05-16,28650.260463882896
2005-05-17,28907.759762552487
2005-05-18,28523.14105786449
2005-05-19,27864.230905775687
2005-05-20,29138.93209240013
2005-05-23,30083.624719283725
2005-05-24,30125.559666454177
2005-05-25,30603.755167395742
2005-05-26,31409.297568458132
2005-05-27,31523.49845279516
2005-05-30,31336.47286942972
2005-05-31,31374.605459248774
2005-06-01,31922.510064524497
2005-06-02,31995.840914273685
2005-06-03,31339.94501812068
2005-06-06,31839.1047918474
2005-06-07,30903.154419291535
2005-06-08,30538.28446284454
2005-06-09,31302.616497511062
2005-06-10,31500.863311556226
2005-06-13,31697.911851682442
2005-06-14,31821.64817607338
2005-06-15,32494.59804700118
2005-06-16,32527.045712006424
2005-06-17,31440.904172185932
2005-06-20,31643.847289195866
2005-06-21,29965.422487657255
2005-06-22,28910.694335309356
2005-06-23,29822.24470278606
2005-06-24,30456.000414494825
2005-06-27,30254.113281907452
2005-06-28,30269.31810544884
2005-06-29,30374.01217294734
2005-06-30,30997.387308058587
2005-07-01,30616.695005448408
2005-07-04,30180.349887909295
2005-07-05,29888.779012282484
2005-07-06,30020.39362021906
2005-07-07,30222.242300112328
2005-07-08,30059.04317376764
2005-07-11,30538.617330847377
2005-07-12,30024.230446906637
2005-07-13,30037.054124752776
2005-07-14,29711.174756835295
2005-07-15,29219.303067732526
2005-07-18,29941.535917809717
2005-07-19,29820.636337553235
2005-07-20,29326.971672352945
2005-07-21,29402.45643749462
2005-07-22,28918.08323835983
2005-07-25,29290.890119437438
2005-07-26,29807.41173312896
2005-07-27,30431.457634353505
2005-07-28,29899.24074129035
2005-07-29,29873.772712022455
2005-08-01,30962.456169154648
2005-08-02,30897.74201512042
2005-08-03,31684.412757630576
2005-08-04,32647.9699829905
2005-08-05,31888.389771462877
2005-08-08,32668.68275871956
2005-08-09,33187.18772709864
2005-08-10,33791.006550319864
2005-08-11,34924.85485132184
2005-08-12,35289.02816038157
2005-08-15,35407.68711487834
2005-08-16,35876.73939315132
2005-08-17,35718.178621409585
2005-08-18,36114.6799401617
2005-08-19,34868.388462121846
2005-08-22,36064.90833801627
2005-08-23,35782.42519307695
2005-08-24,36209.073283494465
2005-08-25,36487.12230724598
2005-08-26,36626.86843016379
2005-08-29,36772.01219133621
2005-08-30,36885.72911899654
2005-08-31,35857.6704689361
2005-09-01,35566.12080050795
2005-09-02,36424.95599765519
2005-09-05,35813.52233548494
2005-09-06,35190.914619609415
2005-09-07,36656.20160190912
2005-09-08,37549.77169935121
2005-09-09,38717.21038469743
2005-09-12,38780.36801090526
2005-09-13,39045.19271171813
2005-09-14,39669.51743952605
2005-09-15,40155.764860325624
2005-09-16,40164.588765743974
2005-09-19,39169.518822746926
2005-09-20,38714.53096192175
2005-09-21,37723.2635977864
2005-09-22,38898.22071807657
2005-09-23,38678.69187058285
2005-09-26,38615.04487433837
2005-09-27,38880.9914267786
2005-09-28,38955.97105366558
2005-09-29,39398.2115672143
2005-09-30,39010.62176545662
2005-10-03,37992.53895707474
2005-10-04,39294.22105735875
2005-10-05,38841.62661735349
2005-10-06,38560.586128651594
2005-10-07,38056.42131723018
2005-10-10,37728.810603359874
2005-10-11,37795.14673783245
2005-10-12,38369.497734304496
2005-10-13,37686.35621718833
2005-10-14,37937.16110760765
2005-10-17,37520.57871904804
2005-10-18,38405.009251445226
2005-10-19,37595.87397055158
2005-10-20,37711.93952335733
2005-10-21,38254.86500695001
2005-10-24,37359.812368313345
2005-10-25,37479.40738116419
2005-10-26,37623.64951803905
2005-10-27,37121.05902890189
2005-10-28,37016.18030469977
2005-10-31,37734.50502410317
2005-11-01,37945.779102696135
2005-11-02,37700.37092342313
2005-11-03,37597.28967811822
2005-11-04,37945.41114538307
2005-11-07,38874.74395508193
2005-11-08,39483.33516796685
2005-11-09,40053.75882561818
2005-11-10,41254.00311799738
2005-11-11,40148.45924750689
2005-11-14,39149.16461106346
2005-11-15,37597.09787977159
2005-11-16,38207.32802481243
2005-11-17,36681.523981378734
2005-11-18,36684.61006270641
2005-11-21,37223.52474331683
2005-11-22,36320.978106077055
2005-11-23,35916.968553184306
2005-11-24,35774.79013586509
2005-11-25,36281.17246024271
2005-11-28,35322.08685495962
2005-11-29,35554.649700366455
2005-11-30,36034.876108227465
2005-12-01,36155.28225686939
2005-12-02,36285.671462850725
2005-12-05,37144.154004814365
2005-12-06,37320.255425144554
2005-12-07,37331.30941779604
2005-12-08,37131.15959679417
2005-12-09,37597.93543393192
2005-12-12,37427.0566216029
2005-12-13,37898.52090300616
2005-12-14,37992.901888668195
2005-12-15,38803.58517186383
2005-12-16,38277.113839648126
2005-12-19,38354.15696757665
2005-12-20,38622.37214332351
2005-12-21,38937.51250500454
2005-12-22,39768.693800373774
2005-12-23,40078.879370080285
2005-12-26,40766.24175097012
2005-12-27,42264.75690355303
2005-12-28,42941.26289187149
2005-12-29,42154.67732936288
2005-12-30,41107.34882028939
2006-01-02,41634.28551968369
2006-01-03,41377.74275621296
2006-01-04,41621.81050498768
2006-01-05,41517.47863769491
2006-01-06,42535.970101253784
2006-01-09,43494.44773407881
2006-01-10,42644.48135782799
2006-01-11,42881.823205498
2006-01-12,42675.78050347826
2006-01-13,41704.38281740836
2006-01-16,42220.40029331123
2006-01-17,42136.73383931565
2006-01-18,42500.68175352934
2006-01-19,44469.90809645549
2006-01-20,45575.96193175023
2006-01-23,46520.86731738558
2006-01-24,46207.574888533396
2006-01-25,45259.58651924776
2006-01-26,46317.87105732887
2006-01-27,46092.61434502764
2006-01-30,46157.07286057214
2006-01-31,45871.98843204946
2006-02-01,45981.842970918464
2006-02-02,48049.80044838018
2006-02-03,47805.44831502265
2006-02-06,47590.3423712082
2006-02-07,47791.83968886165
2006-02-08,48065.26614208341
2006-02-09,47062.30663733309
2006-02-10,45604.78919975806
2006-02-13,45151.9188166902
2006-02-14,45001.387200135505
2006-02-15,44388.17487715175
2006-02-16,43612.81817715161
2006-02-17,42896.8202985917
2006-02-20,42607.64628881153
2006-02-21,42528.79749749133
2006-02-22,41308.696015655914
2006-02-23,40912.006982310384
2006-02-24,41183.39231346414
2006-02-27,41098.97979780073
2006-02-28,40111.561861544666
2006-03-01,39860.42375933389
2006-03-02,39851.59696588881
2006-03-03,40411.56180263366
2006-03-06,39249.60109710699
2006-03-07,39739.45606003702
2006-03-08,39412.88227457692
2006-03-09,39559.67600844616
2006-03-10,40050.65471958233
2006-03-13,39429.559276173866
2006-03-14,38862.43748464441
2006-03-15,38783.47319565621
2006-03-16,39292.81064375386
2006-03-17,38909.504494702174
2006-03-20,37931.66009418001
2006-03-21,37458.21301875539
2006-03-22,37715.017098268385
2006-03-23,38506.32555108542
2006-03-24,38153.13213095598
2006-03-27,37926.56659252645
2006-03-28,37799.230567588056
2006-03-29,37701.82329261966
2006-03-30,37059.39197940785
2006-03-31,36759.695200874674
2006-04-03,36894.39931705833
2006-04-04,36954.70547886905
2006-04-05,36961.16102656763
2006-04-06,36291.652180007935
2006-04-07,35927.27231842014
2006-04-10,35462.15758050686
2006-04-11,36128.313231117245
2006-04-12,37073.652373139616
2006-04-13,37293.01395451439
2006-04-14,38365.48321680796
2006-04-17,38155.72141126414
2006-04-18,37950.3889919165
2006-04-19,37071.00375545371
2006-04-20,37216.926940709964
2006-04-21,36908.048061403984
2006-04-24,36962.64059707565
2006-04-25,37280.125178312745
2006-04-26,37113.00069504965
2006-04-27,36369.22850226073
2006-04-28,36335.09705375964
2006-05-01,36283.2926295539
2006-05-02,36297.11570403114
2006-05-03,36733.59555589942
2006-05-04,36589.53935636104
2006-05-05,36412.094221977444
2006-05-08,37554.44910360946
2006-05-09,38279.47976408963
2006-05-10,38216.15339096563
2006-05-11,37583.40449455826
2006-05-12,37285.81229154302
2006-05-15,37541.509291945105
2006-05-16,38112.536223518626
2006-05-17,39788.0149441869
2006-05-18,39618.91543409572
2006-05-19,39733.29602275425
2006-05-22,39489.46927526579
2006-05-23,39555.19235259219
2006-05-24,39296.079886531246
2006-05-25,38565.1609659596
2006-05-26,39286.14565542642
2006-05-29,39388.93629770435
2006-05-30,40315.5228424377
2006-05-31,39970.63324906189
2006-06-01,40174.543710040525
2006-06-02,40665.150161521866
2006-06-05,39345.74137802798
2006-06-06,38449.99292584553
2006-06-07,38986.876236168886
2006-06-08,39076.892815134874
2006-06-09,37840.878331519154
2006-06-12,37367.83507518366
2006-06-13,36696.67933098595
2006-06-14,36404.73472601834
2006-06-15,37442.71324408499
2006-06-16,37086.45901424557
2006-06-19,38474.09949353247
2006-06-20,38328.84874235587
2006-06-21,37858.84185796156
2006-06-22,38957.43624302291
2006-06-23,39649.814533338336
2006-06-26,40666.582206266605
2006-06-27,42132.06981186691
2006-06-28,42973.574791552295
2006-06-29,43957.30083841165
2006-06-30,42672.886431556886
2006-07-03,42091.693225644005
2006-07-04,42465.80450339845
2006-07-05,42664.10943666868
2006-07-06,43259.980436982834
2006-07-07,42941.623373777795
2006-07-10,43848.46868016802
2006-07-11,45504.235108567664
2006-07-12,46035.586178441874
2006-07-13,46784.125849473625
2006-07-14,47268.37195832903
2006-07-17,48118.67622033323
2006-07-18,48367.272303122416
2006-07-19,48000.74722559514
2006-07-20,48236.0354484558
2006-07-21,48396.63992701
2006-07-24,47164.843567906886
2006-07-25,47428.33144904775
2006-07-26,47517.879534797474
2006-07-27,47761.59106003612
2006-07-28,47364.57299273748
2006-07-31,47840.2559602334
2006-08-01,48443.03524444553
2006-08-02,47904.31408092406
2006-08-03,48247.78099516934
2006-08-04,48990.441243895395
2006-08-07,49711.370790372246
2006-08-08,48969.00951881279
2006-08-09,48148.14895656415
2006-08-10,48230.5220516481
2006-08-11,47397.58373044879
2006-08-14,49612.041782793
2006-08-15,48954.853755825585
2006-08-16,48315.815798082775
2006-08-17,48921.443965942635
2006-08-18,48557.39505481016
2006-08-21,46611.28273945662
2006-08-22,46524.91437601286
2006-08-23,45745.42354082497
2006-08-24,45347.802100622066
2006-08-25,44085.985853752325
2006-08-28,43400.895996173356
2006-08-29,43288.85772421722
2006-08-30,43240.09362575649
2006-08-31,42398.798469321635
2006-09-01,41865.21524693568
2006-09-04,41235.841906136564
2006-09-05,41336.169258036374
2006-09-06,41221.66772967609
2006-09-07,40309.155499901884
2006-09-08,40763.13787288656
2006-09-11,40249.68297441465
2006-09-12,40516.65823773217
2006-09-13,39848.75464957519
2006-09-14,40045.01722470432
2006-09-15,39943.924467329954
2006-09-18,39965.964341175415
2006-09-19,40307.15189079443
2006-09-20,40603.821603614415
2006-09-21,40704.09094158442
2006-09-22,40802.82381118988
2006-09-25,39872.28575649671
2006-09-26,39803.31596550613
2006-09-27,38265.036851754034
2006-09-28,36753.17400271439
2006-09-29,36531.921825168654
2006-10-02,36369.38881891236
2006-10-03,37329.65215414522
2006-10-04,37755.17026798976
2006-10-05,38487.7323722247
2006-10-06,38259.383168507535
2006-10-09,38545.00666045295
2006-10-10,39334.353107580275
2006-10-11,39690.59947179028
2006-10-12,39927.70178101426
2006-10-13,39989.53372914114
2006-10-16,39331.38875694812
2006-10-17,38703.38341607784
2006-10-18,37724.03901639585
2006-10-19,37992.616474522736
2006-10-20,37805.333695047426
2006-10-23,37350.988933745415
2006-10-24,37584.947820517955
2006-10-25,37201.969834032636
2006-10-26,37898.226622439
2006-10-27,39205.70853939932
2006-10-30,39522.64540721043
2006-10-31,39042.86984199668
2006-11-01,38021.19183916314
2006-11-02,39408.84238046829
2006-11-03,39729.911148271975
2006-11-06,38912.56823606276
2006-11-07,39667.277764075305
2006-11-08,38513.69859274077
2006-11-09,38218.090742922286
2006-11-10,38062.07449780517
2006-11-13,37824.533714537036
2006-11-14,37071.12834402798
2006-11-15,38691.21213641777
2006-11-16,38424.55336913355
2006-11-17,38694.369267688024
2006-11-20,38725.53634337363
2006-11-21,37645.08024277927
2006-11-22,37286.06420505636
2006-11-23,37432.75139048478
2006-11-24,38066.773132382186
2006-11-27,37841.40152311424
2006-11-28,38097.9051889009
2006-11-29,37877.35017912405
2006-11-30,38285.61112312375
2006-12-01,36642.27800837998
2006-12-04,37046.03774967885
2006-12-05,36646.83627357865
2006-12-06,36279.48920463281
2006-12-07,34494.10779867969
2006-12-08,33855.08842840487
2006-12-11,34237.44142227862
2006-12-12,35689.94480053546
2006-12-13,35255.29019302778
2006-12-14,34852.77307477407
2006-12-15,35170.91590284011
2006-12-18,35363.41578346949
2006-12-19,35006.026567453635
2006-12-20,34913.1728435895
2006-12-21,34687.29988019448
2006-12-22,35085.962176915345
2006-12-25,35600.59552014928
2006-12-26,36752.29387531368
2006-12-27,37375.04703982699
2006-12-28,37839.10524907338
2006-12-29,37961.42666552595
2007-01-01,38619.63937598851
2007-01-02,37962.312674249435
2007-01-03,39473.28771147494
2007-01-04,39690.92488584235
2007-01-05,40725.88222673026
2007-01-08,40169.39068957455
2007-01-09,40937.2417961597
2007-01-10,41252.43449553011
2007-01-11,41135.98921869974
2007-01-12,40667.387979736624
2007-01-15,40052.08133368554
2007-01-16,41384.389166562214
2007-01-17,42320.98018354963
2007-01-18,42430.86942920345
2007-01-19,42602.381095962766
2007-01-22,42074.093527612815
2007-01-23,40734.48934267558
2007-01-24,39469.287885955564
2007-01-25,39062.657847533264
2007-01-26,38975.70250218144
2007-01-29,38186.24736272347
2007-01-30,38756.99761753172
2007-01-31,39138.53628839086
2007-02-01,39272.993042240116
2007-02-02,38073.72746733354
2007-02-05,37947.74570360235
2007-02-06,37947.816707718106
2007-02-07,37118.58143933627
2007-02-08,35709.96076448991
2007-02-09,36979.493436503355
2007-02-12,37414.2004576998
2007-02-13,37176.63149867524
2007-02-14,38279.51033048308
2007-02-15,39072.341985479114
2007-02-16,39409.33905394557
2007-02-19,39590.926161893
2007-02-20,40171.03648748244
2007-02-21,41263.49947846804
2007-02-22,41337.65090992529
2007-02-23,41188.83669140346
2007-02-26,41644.66180984631
2007-02-27,39608.58457014654
2007-02-28,39692.642395554234
2007-03-01,39424.35093672185
2007-03-02,39433.25257287687
2007-03-05,39323.934557777495
2007-03-06,39584.567655093335
2007-03-07,39680.495218535994
2007-03-08,39750.18021549862
2007-03-09,39676.92849578535
2007-03-12,40024.32681309032
2007-03-13,39681.83735725297
2007-03-14,40411.504871053934
2007-03-15,39227.11318778863
2007-03-16,39392.403402090385
2007-03-19,39735.707238688185
2007-03-20,38858.10638118846
2007-03-21,38579.3951287175
2007-03-22,39531.198412027625
2007-03-23,39459.06729986663
2007-03-26,38858.516448460505
2007-03-27,36848.61151642152
2007-03-28,37095.2829986827
2007-03-29,37183.766862717195
2007-03-30,37614.86752725212
2007-04-02,39049.65502936078
2007-04-03,39068.270330148334
2007-04-04,39183.87173840098
2007-04-05,38724.02232921667
2007-04-06,38702.30447153376
2007-04-09,38703.34326664113
2007-04-10,39254.48096562359
2007-04-11,39669.58264234199
2007-04-12,39149.31266622783
2007-04-13,38837.01485475818
2007-04-16,39834.710695925016
2007-04-17,39173.97434889647
2007-04-18,39726.268882718454
2007-04-19,40927.226645028066
2007-04-20,41434.33328558283
2007-04-23,41646.45646972782
2007-04-24,42705.626735944126
2007-04-25,43001.90556439385
2007-04-26,43018.56049973149
2007-04-27,42885.19049174675
2007-04-30,43804.81084600848
2007-05-01,44380.778352822555
2007-05-02,45657.02409701428
2007-05-03,45406.80357993277
2007-05-04,45176.56818510342
2007-05-07,44848.086003957345
2007-05-08,45099.42160344851
2007-05-09,44565.203371536496
2007-05-10,45338.918125534285
2007-05-11,45641.26864206619
2007-05-14,44866.43707609847
2007-05-15,42558.12696273659
2007-05-16,41204.409324262735
2007-05-17,42308.05257697773
2007-05-18,42284.22205662488
2007-05-21,42419.333420897834
2007-05-22,42118.553370972135
2007-05-23,42440.81120796939
2007-05-24,41019.98265359701
2007-05-25,39589.70444640306
2007-05-28,38460.52906410007
2007-05-29,38526.514767230576
2007-05-30,39037.64874670717
2007-05-31,39392.5139547792
2007-06-01,39322.74910497187
2007-06-04,38445.570021745625
2007-06-05,39019.95659227105
2007-06-06,38841.52565613479
2007-06-07,38846.39382053544
2007-06-08,38813.59132268325
2007-06-11,38506.18869428254
2007-06-12,38026.076310352124
2007-06-13,37641.637142737665
2007-06-14,36793.94442880767
2007-06-15,36976.43521241881
2007-06-18,36878.518950008634
2007-06-19,37578.02635618139
2007-06-20,36389.52702068952
2007-06-21,37183.04110669885
2007-06-22,37152.55714890719
2007-06-25,37061.40053547743
2007-06-26,36544.99046728427
2007-06-27,36028.27153884055
2007-06-28,35088.76159456103
2007-06-29,35677.76970412913
2007-07-02,35557.30311532743
2007-07-03,36036.42553804732
2007-07-04,36594.49948220883
2007-07-05,36284.00336354849
2007-07-06,36145.94344751072
2007-07-09,35939.167157433636
2007-07-10,36627.17152080385
2007-07-11,36731.60118914232
2007-07-12,36861.113668704405
2007-07-13,37360.727588940834
2007-07-16,37328.212885505374
2007-07-17,38746.367950014515
2007-07-18,38123.548392170094
2007-07-19,39013.592893971094
2007-07-20,40032.8644882491
2007-07-23,39238.488355789006
2007-07-24,39873.265210355676
2007-07-25,40096.29073542392
2007-07-26,40751.268966406526
2007-07-27,39900.62718713131
2007-07-30,40097.5429673235
2007-07-31,39417.78535558365
2007-08-01,39204.62299694692
2007-08-02,40241.58819109673
2007-08-03,40166.04563179215
2007-08-06,38591.589095428775
2007-08-07,37652.66590366667
2007-08-08,36908.17292231108
2007-08-09,37609.85321794906
2007-08-10,37160.824616415026
2007-08-13,36153.60261044759
2007-08-14,36907.93276678947
2007-08-15,37095.14629814923
2007-08-16,37344.9464048611
2007-08-17,36831.976777305696
2007-08-20,37811.47165849577
2007-08-21,37748.72508652602
2007-08-22,36451.172865651504
2007-08-23,35731.78037033249
2007-08-24,35213.34107232662
2007-08-27,35130.696302230725
2007-08-28,35637.10245461276
2007-08-29,35193.10946348559
2007-08-30,34833.674507249976
2007-08-31,36263.50116349718
2007-09-03,36337.46284085774
2007-09-04,36013.042956448764
2007-09-05,36054.237844835996
2007-09-06,35270.129645449284
2007-09-07,35631.025369876006
2007-09-10,36277.42900482261
2007-09-11,35918.86190993921
2007-09-12,36592.297453154424
2007-09-13,36421.33990526872
2007-09-14,36630.914458085186
2007-09-17,36165.07726609019
2007-09-18,35667.121378593474
2007-09-19,34736.5458829935
2007-09-20,34893.354568901195
2007-09-21,34734.43523086299
2007-09-24,34595.31453614483
2007-09-25,33918.072603977846
2007-09-26,33230.674791087135
2007-09-27,32872.71539029593
2007-09-28,33169.957610449055
2007-10-01,33368.561214678375
2007-10-02,32979.310316436284
2007-10-03,33172.3550997382
2007-10-04,34257.47718662945
2007-10-05,34341.65265266963
2007-10-08,35634.05428188506
2007-10-09,35932.9378895837
2007-10-10,36824.61727835547
2007-10-11,36495.84302487764
2007-10-12,37295.59413450757
2007-10-15,36528.83124387555
2007-10-16,36709.18406756463
2007-10-17,36508.570001722546
2007-10-18,35239.07112328506
2007-10-19,34402.70988136756
2007-10-22,35129.796476375675
2007-10-23,35460.28997805715
2007-10-24,36316.136450615435
2007-10-25,36463.634289126465
2007-10-26,34625.723735157495
2007-10-29,34800.24799134585
2007-10-30,34463.29655025929
2007-10-31,34169.877015718135
2007-11-01,33911.72214221406
2007-11-02,33464.1169545184
2007-11-05,32907.49454073007
2007-11-06,33668.15058491539
2007-11-07,33956.60337578281
2007-11-08,33575.91160788426
2007-11-09,33337.88355451273
2007-11-12,33943.74729433115
2007-11-13,34193.59120448762
2007-11-14,34330.0859314768
2007-11-15,33596.29763851974
2007-11-16,33349.991721113336
2007-11-19,32690.281422480854
2007-11-20,31595.814125188306
2007-11-21,32122.672125472865
2007-11-22,31947.428367909364
2007-11-23,31724.88999905163
2007-11-26,31194.43762157736
2007-11-27,31635.63690478294
2007-11-28,32863.71001573292
2007-11-29,33225.25555697409
2007-11-30,33799.71766358527
2007-12-03,33063.974142837294
2007-12-04,33182.356449641484
2007-12-05,33326.65609240561
2007-12-06,34246.50647752679
2007-12-07,34266.126745450034
2007-12-10,33702.45593835128
2007-12-11,33675.67494039306
2007-12-12,33426.477424271674
2007-12-13,34321.39684701815
2007-12-14,34748.22178276205
2007-12-17,34975.834285651224
2007-12-18,35102.513613186675
2007-12-19,35653.31369843941
2007-12-20,35352.99106372235
2007-12-21,34786.32293045076
2007-12-24,33640.336897078654
2007-12-25,34378.95043160629
2007-12-26,34705.73005303637
2007-12-27,35121.36754549796
2007-12-28,35159.98540642929
2007-12-31,36239.86150565267
2008-01-01,35616.76846840636
2008-01-02,36408.444603819946
2008-01-03,35870.76639977827
2008-01-04,35590.58061449747
2008-01-07,34829.51882566536
2008-01-08,34895.8278328411
2008-01-09,34723.33189972843
2008-01-10,35002.911296256905
2008-01-11,34644.18343742132
2008-01-14,33794.22074721194
2008-01-15,34148.67462211684
2008-01-16,34956.63832990977
2008-01-17,35430.13617974288
2008-01-18,35402.39862278847
2008-01-21,35667.514072575235
2008-01-22,34599.553889176765
2008-01-23,34397.64835046951
2008-01-24,35129.437459430235
2008-01-25,35426.908600551214
2008-01-28,34891.57329155642
2008-01-29,35438.5775531538
2008-01-30,35359.0719843147
2008-01-31,35832.14583818709
2008-02-01,34940.08251625205
2008-02-04,34614.90782424
2008-02-05,34822.59731157267
2008-02-06,35017.47500428632
2008-02-07,35372.754881568166
2008-02-08,35370.53631296115
2008-02-11,35249.19920580972
2008-02-12,35554.312044933264
2008-02-13,36116.47847834214
2008-02-14,35150.176090916204
2008-02-15,34952.29045879085
2008-02-18,34829.36338546508
2008-02-19,34933.38358159105
2008-02-20,35580.206352214824
2008-02-21,34745.39412650138
2008-02-22,35084.96352009607
2008-02-25,34014.78494119772
2008-02-26,33561.92965641296
2008-02-27,33253.55298995471
2008-02-28,33097.28413778132
2008-02-29,32740.207698041213
2008-03-03,32444.218865847808
2008-03-04,32250.858681400445
2008-03-05,32099.453299256824
2008-03-06,31058.88589013573
2008-03-07,30292.052004184112
2008-03-10,30059.90028658518
2008-03-11,30350.80609084447
2008-03-12,30907.170591237107
2008-03-13,32535.375308612045
2008-03-14,32603.65971081116
2008-03-17,32151.95712303504
2008-03-18,32260.202323780064
2008-03-19,32662.072817639182
2008-03-20,32748.98361941599
2008-03-21,32137.950691535112
2008-03-24,32085.43883819753
2008-03-25,32067.163417332344
2008-03-26,31273.29169090454
2008-03-27,30609.111777928407
2008-03-28,31279.751295335074
2008-03-31,30060.5623850055
2008-04-01,30157.03238523363
2008-04-02,30022.11995797812
2008-04-03,30783.27602072958
2008-04-04,31127.393744139692
2008-04-07,30655.011883672083
2008-04-08,31360.292115703996
2008-04-09,31052.722364878297
2008-04-10,32185.58166218816
2008-04-11,33160.64533121522
2008-04-14,33120.01020680462
2008-04-15,33588.78276486483
2008-04-16,33706.83460641989
2008-04-17,33174.18094046343
2008-04-18,33819.42441052506
2008-04-21,34086.30434722128
2008-04-22,34617.73718465284
2008-04-23,35296.39824661675
2008-04-24,36211.109550911104
2008-04-25,36899.88206731843
2008-04-28,36853.51308928105
2008-04-29,36924.18614435565
2008-04-30,37211.248625528504
2008-05-01,37145.2341169153
2008-05-02,37003.3873773085
2008-05-05,38269.90314885311
2008-05-06,38622.06580265845
2008-05-07,39968.922534477715
2008-05-08,39440.626564708
2008-05-09,39429.008426222834
2008-05-12,39141.655185725875
2008-05-13,38887.63647109574
2008-05-14,38705.165527777404
2008-05-15,38638.21228958628
2008-05-16,38357.51205594873
2008-05-19,39630.263697519724
2008-05-20,40130.347314109014
2008-05-21,39620.08934080173
2008-05-22,39255.66884667452
2008-05-23,39800.33572809244
2008-05-26,40208.573460418615
2008-05-27,39793.550589769926
2008-05-28,40475.26265013204
2008-05-29,39474.74874313151
2008-05-30,39163.60432449586
2008-06-02,40408.60357442409
2008-06-03,38594.10315118754
2008-06-04,38473.986915719994
2008-06-05,39177.68619446552
2008-06-06,39096.86828648261
2008-06-09,38576.41609431406
2008-06-10,37989.11447288523
2008-06-11,36625.03760360182
2008-06-12,35788.31795986732
2008-06-13,35849.16594106266
2008-06-16,35505.709315451386
2008-06-17,35516.20386026009
2008-06-18,35440.139161645326
2008-06-19,35639.125118570075
2008-06-20,34618.12067351771
2008-06-23,34446.56369355643
2008-06-24,34257.14856107178
2008-06-25,34085.33843043148
2008-06-26,33567.51646451629
2008-06-27,32298.209994519253
2008-06-30,32680.435887838066
2008-07-01,33175.3879542598
2008-07-02,34624.698453376965
2008-07-03,35096.417386569236
2008-07-04,36157.77865153549
2008-07-07,36562.556148678705
2008-07-08,36334.86551146988
2008-07-09,36676.562192465804
2008-07-10,35940.580310531936
2008-07-11,36115.402090332485
2008-07-14,36064.263548518255
2008-07-15,35411.278804182315
2008-07-16,36210.097571759514
2008-07-17,36958.75161111013
2008-07-18,37284.33104342894
2008-07-21,37850.936620023735
2008-07-22,38999.7228763594
2008-07-23,38929.03090090641
2008-07-24,38023.35332402095
2008-07-25,37404.485586859235
2008-07-28,37894.01619394461
2008-07-29,38071.691211816345
2008-07-30,37097.9189738891
2008-07-31,38004.7302461745
2008-08-01,38173.450572349335
2008-08-04,39311.75493319667
2008-08-05,40136.518511246206
2008-08-06,39851.85165009165
2008-08-07,39945.749122719724
2008-08-08,39451.88253429007
2008-08-11,38891.073785555134
2008-08-12,38711.30578352556
2008-08-13,39085.53407859706
2008-08-14,40080.199968645
2008-08-15,39476.26060444916
2008-08-18,40002.85361216429
2008-08-19,40061.20044924538
2008-08-20,39935.50493524686
2008-08-21,40780.9043724299
2008-08-22,40557.08215838122
2008-08-25,41602.57243607143
2008-08-26,41392.51822143022
2008-08-27,40753.58592013633
2008-08-28,41353.9900803301
2008-08-29,40329.54576236872
2008-09-01,39451.35031010294
2008-09-02,39287.901369147614
2008-09-03,39257.97235846688
2008-09-04,39039.01963023723
2008-09-05,37656.19439460545
2008-09-08,36739.57153447205
2008-09-09,37049.26974513198
2008-09-10,37380.33631316523
2008-09-11,36684.512587383986
2008-09-12,36832.91268985889
2008-09-15,36942.28279683796
2008-09-16,37593.25295360773
2008-09-17,37077.62448713959
2008-09-18,38030.78195814555
2008-09-19,37799.16235302059
2008-09-22,38761.887962955065
2008-09-23,39382.540804793054
2008-09-24,38651.247463449785
2008-09-25,38412.16366952341
2008-09-26,38584.413989703324
2008-09-29,39267.53110945796
2008-09-30,38281.95668599259
2008-10-01,37917.136106162165
2008-10-02,38317.85721922175
2008-10-03,38623.203898934196
2008-10-06,37879.20950316111
2008-10-07,37251.462351850525
2008-10-08,37515.15203830761
2008-10-09,36809.964427217936
2008-10-10,36939.93448717653
2008-10-13,37526.889496422635
2008-10-14,37513.350412430664
2008-10-15,35731.11691550125
2008-10-16,36466.7589738126
2008-10-17,37202.449676719174
2008-10-20,38134.58819163023
2008-10-21,38701.16331150451
2008-10-22,37527.43830992701
2008-10-23,38467.300225197476
2008-10-24,38680.95161961586
2008-10-27,39312.58532814684
2008-10-28,39176.19693101165
2008-10-29,38980.71730669747
2008-10-30,38791.58606704142
2008-10-31,39892.10391872518
2008-11-03,40063.40584907569
2008-11-04,39892.812087988386
2008-11-05,38963.08382904759
2008-11-06,39268.27005503654
2008-11-07,39251.874412515564
2008-11-10,39337.396528608406
2008-11-11,40014.96952559212
2008-11-12,40512.394491077284
2008-11-13,40490.027475571675
2008-11-14,40622.213823626604
2008-11-17,40663.03524154349
2008-11-18,41164.46849049654
2008-11-19,41652.16478981777
2008-11-20,41731.8358906261
2008-11-21,41070.74748483603
2008-11-24,41671.700375733955
2008-11-25,42324.253486595575
2008-11-26,41493.831758402725
2008-11-27,41757.359891673135
2008-11-28,41442.24265748917
2008-12-01,39822.57768045751
2008-12-02,39764.102559029874
2008-12-03,40420.192866930585
2008-12-04,39865.976739218495
2008-12-05,39336.50095967308
2008-12-08,40034.035341192786
2008-12-09,39221.625372937364
2008-12-10,38535.13599358389
2008-12-11,38285.90970682095
2008-12-12,38685.79358965653
2008-12-15,39093.06202104132
2008-12-16,38693.73651768913
2008-12-17,38448.789081471405
2008-12-18,38479.15262904342
2008-12-19,38180.27172145499
2008-12-22,37561.80700865505
2008-12-23,36801.62292274989
2008-12-24,37244.12284395332
2008-12-25,37066.68474873667
2008-12-26,38988.21734922238
2008-12-29,39393.909136719136
2008-12-30,38833.44175137108
2008-12-31,38801.89363558355
2009-01-01,39007.2742611272
2009-01-02,39253.74913508205
2009-01-05,39535.70961717102
2009-01-06,39824.50114522889
2009-01-07,39692.109409544064
2009-01-08,40123.57168742833
2009-01-09,41693.38957146442
2009-01-12,41329.79507720644
2009-01-13,41012.93310595844
2009-01-14,41502.49819200649
2009-01-15,42404.49246778993
2009-01-16,42994.22344276927
2009-01-19,43905.42125244521
2009-01-20,43829.0054847628
2009-01-21,43610.590943472394
2009-01-22,44087.583520674634
2009-01-23,44585.393024502635
2009-01-26,45903.52527283414
2009-01-27,47164.45550606109
2009-01-28,45605.83186492687
2009-01-29,46206.39522750156
2009-01-30,45615.00481185715
2009-02-02,43884.05013832827
2009-02-03,44154.274721941176
2009-02-04,43980.90457505374
2009-02-05,43667.019696797106
2009-02-06,42633.149829159294
2009-02-09,41824.34610177136
2009-02-10,41623.89590758585
2009-02-11,40482.82815303121
2009-02-12,40364.003081592535
2009-02-13,40405.47547010065
2009-02-16,40253.78453236083
2009-02-17,40428.52851240539
2009-02-18,40336.96392482459
2009-02-19,39463.10143628748
2009-02-20,38696.95662907983
2009-02-23,38748.63789637501
2009-02-24,39382.565717064106
2009-02-25,39445.54442645699
2009-02-26,39048.443911644106
2009-02-27,39121.50328743569
2009-03-02,37829.662843993836
2009-03-03,37118.22494307949
2009-03-04,36825.200100439804
2009-03-05,36740.4145295058
2009-03-06,36483.883986954264
2009-03-09,36264.09879208553
2009-03-10,35457.378963589144
2009-03-11,35052.30029109046
2009-03-12,35166.22581515124
2009-03-13,33981.652027254844
2009-03-16,33216.15519674713
2009-03-17,32968.439365061495
2009-03-18,33814.790864991926
2009-03-19,34184.95298339357
2009-03-20,35114.121655329014
2009-03-23,35925.02193212302
2009-03-24,35592.51729037564
2009-03-25,35503.59617338915
2009-03-26,34719.58906793383
2009-03-27,35414.99051293692
2009-03-30,35836.476998487014
2009-03-31,36173.79531405735
2009-04-01,36626.91872073182
2009-04-02,36951.44479934876
2009-04-03,37110.752884845395
2009-04-06,37315.75108372482
2009-04-07,38156.96625876602
2009-04-08,37642.45527274354
2009-04-09,36964.031200452286
2009-04-10,36987.27184664997
2009-04-13,37786.86075979784
2009-04-14,37971.81838074383
2009-04-15,37854.14747345441
2009-04-16,38446.89098648019
2009-04-17,38546.61562895295
2009-04-20,37277.0337983475
2009-04-21,36631.67333111903
2009-04-22,35304.0720468519
2009-04-23,35185.764914522864
2009-04-24,34925.64617640374
2009-04-27,35223.271794364686
2009-04-28,36605.476039810055
2009-04-29,36238.32431016205
2009-04-30,36265.80411473994
2009-05-01,36040.96070209684
2009-05-04,34290.26276520019
2009-05-05,33846.423491170564
2009-05-06,33433.72845657348
2009-05-07,33620.02220626361
2009-05-08,33139.568709881634
2009-05-11,32402.12090606274
2009-05-12,32767.164260276393
2009-05-13,32750.05218286341
2009-05-14,32249.799782738603
2009-05-15,31835.423455262255
2009-05-18,31685.147982191094
2009-05-19,32174.898409775902
2009-05-20,33027.31867621859
2009-05-21,32283.70529261267
2009-05-22,32987.48772990309
2009-05-25,33041.84531582766
2009-05-26,33278.6934871178
2009-05-27,33886.128986302836
2009-05-28,33328.00624418846
2009-05-29,33868.139898667774
2009-06-01,33107.0961482484
2009-06-02,32853.89807641688
2009-06-03,32379.227594615542
2009-06-04,33396.11764278774
2009-06-05,34416.446408535994
2009-06-08,34911.77079774552
2009-06-09,35260.75018466644
2009-06-10,34951.85397812612
2009-06-11,36085.91717095962
2009-06-12,37028.21759087706
2009-06-15,37658.41921677996
2009-06-16,37612.03631827755
2009-06-17,37407.14008347768
2009-06-18,37380.57704311339
2009-06-19,38312.19627550806
2009-06-22,37700.49737139352
2009-06-23,37812.05973161662
2009-06-24,38968.62090160017
2009-06-25,39625.85525816654
2009-06-26,40918.43841731877
2009-06-29,41262.71021507898
2009-06-30,41621.60499749075
2009-07-01,42706.95205514169
2009-07-02,43253.175381568675
2009-07-03,43565.878281336634
2009-07-06,43217.22350453689
2009-07-07,42133.52517373545
2009-07-08,43320.0294411495
2009-07-09,43048.54190142533
2009-07-10,42529.41436324829
2009-07-13,43245.64629557689
2009-07-14,42617.972122897605
2009-07-15,41653.736262395905
2009-07-16,41284.4969471259
2009-07-17,41291.72863470121
2009-07-20,41547.1490687035
2009-07-21,41983.95839856673
2009-07-22,42773.75186802291
2009-07-23,42742.40829797901
2009-07-24,43080.652843798714
2009-07-27,43054.02606942805
2009-07-28,42624.52164303881
2009-07-29,42991.354453744636
2009-07-30,43323.74167130956
2009-07-31,44841.87406943041
2009-08-03,45387.370564598954
2009-08-04,44890.36666503532
2009-08-05,45434.91687903866
2009-08-06,45297.20449007004
2009-08-07,46655.170136396395
2009-08-10,45324.54324562275
2009-08-11,44857.71712292814
2009-08-12,44397.6566584368
2009-08-13,44557.154930808676
2009-08-14,44518.800528397296
2009-08-17,43339.46190724435
2009-08-18,41986.597922361805
2009-08-19,42184.355718827515
2009-08-20,43362.1528537474
2009-08-21,44563.14582312215
2009-08-24,44312.43817896818
2009-08-25,44741.90551351472
2009-08-26,44122.73643721197
2009-08-27,43066.691879861406
2009-08-28,44081.0425769766
2009-08-31,44680.776017589145
2009-09-01,44482.78801553548
2009-09-02,44254.76481690129
2009-09-03,45049.89544710231
2009-09-04,45376.24131765349
2009-09-07,45174.46916056493
2009-09-08,45470.48669273631
2009-09-09,45532.11581552807
2009-09-10,45272.81896518366
2009-09-11,44768.59641228456
2009-09-14,45580.15018385507
2009-09-15,45269.53640023894
2009-09-16,44400.45254806975
2009-09-17,45919.67712713109
2009-09-18,47020.795040274614
2009-09-21,47533.95291361138
2009-09-22,47553.144001064255
2009-09-23,47793.74930873725
2009-09-24,46652.90217236899
2009-09-25,46709.74822886251
2009-09-28,47009.99675526464
2009-09-29,46915.18212720956
2009-09-30,47350.457393905526
2009-10-01,46781.91318679449
2009-10-02,47002.36895360084
2009-10-05,45780.72577407807
2009-10-06,45825.38912827489
2009-10-07,45393.367724872194
2009-10-08,44400.16055915261
2009-10-09,44148.66278750245
2009-10-12,44224.37369772613
2009-10-13,43818.85567952802
2009-10-14,44602.48995218884
2009-10-15,44112.56509995813
2009-10-16,44906.96869747203
2009-10-19,45547.358982531616
2009-10-20,45119.60122904577
2009-10-21,46335.17515077054
2009-10-22,45288.86212054123
2009-10-23,45773.725827815644
2009-10-26,45882.45911154873
2009-10-27,46561.77921309318
2009-10-28,45343.871665945975
2009-10-29,44450.84345494657
2009-10-30,43851.766705129536
2009-11-02,43913.99577987324
2009-11-03,44025.08858498405
2009-11-04,44083.410590703716
2009-11-05,43924.261397799186
2009-11-06,43420.9769318044
2009-11-09,42423.036180173665
2009-11-10,42140.827228607355
2009-11-11,42573.406410285876
2009-11-12,43380.94617053635
2009-11-13,43031.74001214488
2009-11-16,43890.11669040539
2009-11-17,42889.445175693625
2009-11-18,43516.1770153288
2009-11-19,42724.02231254616
2009-11-20,42942.134103614684
2009-11-23,42257.21920123513
2009-11-24,41572.73249622654
2009-11-25,41206.51179656537
2009-11-26,42283.60633579573
2009-11-27,41821.87465811356
2009-11-30,42314.76253931106
2009-12-01,42462.787323484445
2009-12-02,42721.83728769621
2009-12-03,42990.48614309115
2009-12-04,43502.30805015917
2009-12-07,42623.841120995115
2009-12-08,42689.33865742192
2009-12-09,42985.42351188401
2009-12-10,42579.01839289838
2009-12-11,42880.15594664147
2009-12-14,42149.08486128892
2009-12-15,42723.85825599881
2009-12-16,42232.083549113486
2009-12-17,42057.31434302033
2009-12-18,42680.71388686466
2009-12-21,43533.95279201665
2009-12-22,43134.6981863957
2009-12-23,42686.210766032826
2009-12-24,43469.3515185681
2009-12-25,41352.17517456278
2009-12-28,42370.821268444706
2009-12-29,43379.14025624687
2009-12-30,42605.67719292079
2009-12-31,43541.73073773993
2010-01-01,43854.00780024108
2010-01-04,44242.81270784673
2010-01-05,42507.15877404546
2010-01-06,42172.741581660994
2010-01-07,42061.23681456817
2010-01-08,41789.918550761235
2010-01-11,41536.1336042235
2010-01-12,41357.76714267127
2010-01-13,39351.18135564128
2010-01-14,39241.186169964276
2010-01-15,38792.800764797335
2010-01-18,38759.947483407625
2010-01-19,38449.48789505632
2010-01-20,38473.96430305966
2010-01-21,38692.967788633716
2010-01-22,39949.103564388286
2010-01-25,39400.62182329096
2010-01-26,40617.518151101285
2010-01-27,40471.709613811385
2010-01-28,39865.87186983645
2010-01-29,38887.19809141665
2010-02-01,39509.19603691327
2010-02-02,38492.783128041556
2010-02-03,39140.98158159635
2010-02-04,39405.48709459658
2010-02-05,39037.44730235769
2010-02-08,38605.79569090112
2010-02-09,38961.452469791
2010-02-10,39091.55052041679
2010-02-11,39630.32044585727
2010-02-12,39653.440903814524
2010-02-15,39320.44110319437
2010-02-16,39718.38317744479
2010-02-17,38912.12575068632
2010-02-18,39520.14546023589
2010-02-19,39581.13546249324
2010-02-22,38831.74045617914
2010-02-23,38163.83702998823
2010-02-24,37967.76073448266
2010-02-25,36790.333257661856
2010-02-26,37726.80819480688
2010-03-01,38398.12632942468
2010-03-02,37685.10743917029
2010-03-03,37631.0169325297
2010-03-04,38796.67464907087
2010-03-05,39095.84933904011
2010-03-08,38422.55281539137
2010-03-09,37006.4261928789
2010-03-10,35969.1620384358
2010-03-11,36755.82268608788
2010-03-12,36982.842681722206
2010-03-15,36155.73555830916
2010-03-16,36632.02462118796
2010-03-17,36417.36492362083
2010-03-18,36008.94579304358
2010-03-19,35697.171136457626
2010-03-22,35423.89541626382
2010-03-23,36509.93808193585
2010-03-24,35922.22797805982
2010-03-25,35686.21695598821
2010-03-26,36561.513273766766
2010-03-29,37572.76252711789
2010-03-30,36944.14672348011
2010-03-31,38347.321788325906
2010-04-01,39128.16559385284
2010-04-02,38129.98649379988
2010-04-05,39397.32552960049
2010-04-06,38396.26409713055
2010-04-07,38886.38596505111
2010-04-08,38119.08856558122
2010-04-09,36950.646866695584
2010-04-12,37536.495361914494
2010-04-13,37841.46734654318
2010-04-14,37807.453653812765
2010-04-15,37958.48181411426
2010-04-16,37910.97802468076
2010-04-19,37758.13487952285
2010-04-20,37066.595437278746
2010-04-21,37475.80008527241
2010-04-22,37512.096499396284
2010-04-23,37370.65178008462
2010-04-26,37015.019408961685
2010-04-27,36851.196549204666
2010-04-28,35887.54619668978
2010-04-29,35710.512964447036
2010-04-30,35108.62094862244
2010-05-03,35943.18753423193
2010-05-04,35357.7922984726
2010-05-05,35094.766029904335
2010-05-06,35124.77105881284
2010-05-07,35647.2603476436
2010-05-10,35962.339709580556
2010-05-11,35992.982472972806
2010-05-12,37429.34717014811
2010-05-13,37439.76375605285
2010-05-14,37677.841361928266
2010-05-17,39584.146515843415
2010-05-18,38982.5785226498
2010-05-19,39681.58942541376
2010-05-20,40020.25930070228
2010-05-21,39112.88546606047
2010-05-24,38702.439181880996
2010-05-25,39305.329561686165
2010-05-26,38322.27700772158
2010-05-27,38217.470962663625
2010-05-28,38881.72725216449
2010-05-31,38739.2436542478
2010-06-01,38946.70307927609
2010-06-02,38506.45446146241
2010-06-03,38101.07999552144
2010-06-04,37706.226499929486
2010-06-07,37491.46036460076
2010-06-08,37938.247824097816
2010-06-09,38011.34133505086
2010-06-10,39395.53312146363
2010-06-11,39807.43380551671
2010-06-14,40027.730853312234
2010-06-15,41690.41879836347
2010-06-16,41632.04718743342
2010-06-17,41059.041984810116
2010-06-18,41194.37558282384
2010-06-21,40422.578474574875
2010-06-22,40819.760042509515
2010-06-23,41850.29628796376
2010-06-24,42353.351520315955
2010-06-25,42068.383307687654
2010-06-28,41983.13826251494
2010-06-29,42370.66356973971
2010-06-30,43297.30651119483
2010-07-01,43013.06920498189
2010-07-02,42718.90430296876
2010-07-05,43580.98528285328
2010-07-06,43776.562976269975
2010-07-07,44072.054759955136
2010-07-08,44479.819494670206
2010-07-09,43894.83286546755
2010-07-12,43804.471215523896
2010-07-13,44669.90257780475
2010-07-14,44571.1303574809
2010-07-15,44440.221667134276
2010-07-16,44705.37136248896
2010-07-19,45044.84850632819
2010-07-20,47166.56228868251
2010-07-21,46518.32094053991
2010-07-22,46664.4834217987
2010-07-23,48407.15765513863
2010-07-26,48467.70584543723
2010-07-27,48828.877005082395
2010-07-28,47607.14876599198
2010-07-29,48474.10557455832
2010-07-30,49267.13240465973
2010-08-02,50027.749312146836
2010-08-03,49899.20689274609
2010-08-04,50263.71539469377
2010-08-05,50236.915769650215
2010-08-06,51040.469049075036
2010-08-09,51062.76921619036
2010-08-10,51820.46617403218
2010-08-11,50631.960485732474
2010-08-12,50369.75550712339
2010-08-13,47902.02456116243
2010-08-16,47808.055848181975
2010-08-17,48504.60863600657
2010-08-18,48314.32548913261
2010-08-19,50421.57084754033
2010-08-20,49568.591040212756
2010-08-23,49303.309498537375
2010-08-24,48528.09501487925
2010-08-25,48126.62469319383
2010-08-26,47756.570337679055
2010-08-27,46545.91191626118
2010-08-30,45769.20688342931
2010-08-31,47492.18652347575
2010-09-01,47301.791891630804
2010-09-02,48111.140509851095
2010-09-03,47061.81077785765
2010-09-06,46995.10728204268
2010-09-07,47479.30540719093
2010-09-08,47364.19654035918
2010-09-09,46962.47159420496
2010-09-10,46835.092891153
2010-09-13,46889.110514938664
2010-09-14,47622.91768044313
2010-09-15,48691.83659483775
2010-09-16,47586.84214038618
2010-09-17,45896.95287977233
2010-09-20,45767.581702525466
2010-09-21,45798.9776377155
2010-09-22,46418.00163208116
2010-09-23,47341.3626877538
2010-09-24,46810.22363130375
2010-09-27,48597.78275383453
2010-09-28,48851.529140965584
2010-09-29,47359.80908485445
2010-09-30,48209.31638145623
2010-10-01,48478.680842424816
2010-10-04,48757.70148796974
2010-10-05,47417.50661884897
2010-10-06,47189.109880076336
2010-10-07,47352.25649987088
2010-10-08,47250.41472589841
2010-10-11,47863.69189226917
2010-10-12,48981.53410934891
2010-10-13,50366.315377964485
2010-10-14,51537.97230591878
2010-10-15,51433.184246214136
2010-10-18,53071.945251013305
2010-10-19,53353.22346692523
2010-10-20,54208.636419820534
2010-10-21,54006.428115007635
2010-10-22,52707.82918956255
2010-10-25,50642.78205847476
2010-10-26,50842.7921539824
2010-10-27,50261.26631406999
2010-10-28,50286.10002905265
2010-10-29,51128.14628652451
2010-11-01,49778.98771279487
2010-11-02,48263.33180483785
2010-11-03,48518.08593530031
2010-11-04,48866.15243746684
2010-11-05,48658.10116776214
2010-11-08,48232.81179961587
2010-11-09,46906.73222690702
2010-11-10,46863.20896432998
2010-11-11,46272.713599815215
2010-11-12,46659.99271737879
2010-11-15,47486.545238585306
2010-11-16,47044.716410643436
2010-11-17,47424.924363704115
2010-11-18,47611.198713242855
2010-11-19,48240.51536809644
2010-11-22,49612.42789756226
2010-11-23,50232.60654210574
2010-11-24,50906.00986463997
2010-11-25,51666.258788666324
2010-11-26,51304.98348371175
2010-11-29,51329.96783465286
2010-11-30,51679.45826694564
2010-12-01,52870.01664604451
2010-12-02,54141.386646238614
2010-12-03,56422.27071811302
2010-12-06,55364.24197023679
2010-12-07,55357.022814837306
2010-12-08,53705.22931169837
2010-12-09,53223.575228396
2010-12-10,51711.847179465025
2010-12-13,52835.242513775534
2010-12-14,53586.55997456878
2010-12-15,52598.0289907123
2010-12-16,52946.983050886614
2010-12-17,53683.488728198216
2010-12-20,55413.88838065874
2010-12-21,56276.77576055193
2010-12-22,56438.45138362098
2010-12-23,56380.06098679853
2010-12-24,57049.699818426794
2010-12-27,57395.977342867445
2010-12-28,56941.434556939006
2010-12-29,55745.61480317163
2010-12-30,56842.56241330134
2010-12-31,56148.18488696756
2011-01-03,55911.25166615117
2011-01-04,56751.30013706606
2011-01-05,56729.059441763915
2011-01-06,57926.688379111416
2011-01-07,56809.716458444454
2011-01-10,57624.704707919096
2011-01-11,56304.695162250544
2011-01-12,54844.9037536789
2011-01-13,53863.5523169931
2011-01-14,54009.7985258757
2011-01-17,53393.138117481336
2011-01-18,52122.20158741459
2011-01-19,53286.7890363347
2011-01-20,52408.581665789854
2011-01-21,52334.175817925934
2011-01-24,52604.64911793309
2011-01-25,52190.767595915524
2011-01-26,52562.04427000513
2011-01-27,53179.46113677467
2011-01-28,53114.83994121158
2011-01-31,54145.74365785654
2011-02-01,53606.94602902527
2011-02-02,52631.751425876166
2011-02-03,52855.70357610302
2011-02-04,51978.8192696052
2011-02-07,52362.21416448928
2011-02-08,52298.044167789245
2011-02-09,51892.32087388303
2011-02-10,52464.186638688945
2011-02-11,53001.093291339625
2011-02-14,50293.44943215881
2011-02-15,50036.05474018065
2011-02-16,50190.362909369105
2011-02-17,50661.42950800904
2011-02-18,50198.057961348204
2011-02-21,49204.966033747354
2011-02-22,49343.07386529786
2011-02-23,49977.52564911586
2011-02-24,48196.11191152926
2011-02-25,46943.17126875414
2011-02-28,46478.199222654235
2011-03-01,44396.681493449665
2011-03-02,43948.852916342046
2011-03-03,44625.981949000685
2011-03-04,43807.86630093827
2011-03-07,43940.90894669595
2011-03-08,43271.30409686532
2011-03-09,43624.3373433955
2011-03-10,44159.60415196093
2011-03-11,45228.35230752497
2011-03-14,45313.782156563284
2011-03-15,46201.42930007083
2011-03-16,46559.59716485863
2011-03-17,46190.66346833589
2011-03-18,47453.929135094484
2011-03-21,46972.39661328062
2011-03-22,47140.56796642513
2011-03-23,49282.39963105831
2011-03-24,50083.21140209056
2011-03-25,49375.84325760506
2011-03-28,49664.20651079901
2011-03-29,49200.048768640474
2011-03-30,49098.626212797906
2011-03-31,47815.653026324144
2011-04-01,48028.601192589565
2011-04-04,46733.993253647386
2011-04-05,47069.751181937754
2011-04-06,47411.135164300445
2011-04-07,48161.42940774137
2011-04-08,50152.3430213634
2011-04-11,48709.29842654302
2011-04-12,47700.80495620171
2011-04-13,46878.24270826233
2011-04-14,46427.1076508843
2011-04-15,47190.69083172513
2011-04-18,46930.55284611677
2011-04-19,46463.56362526311
2011-04-20,45554.475381368655
2011-04-21,45064.946337713365
2011-04-22,44733.90645459718
2011-04-25,44672.518583528
2011-04-26,43559.937900344696
2011-04-27,43521.654793064336
2011-04-28,43988.35861891198
2011-04-29,44285.80799732652
2011-05-02,43326.4074606905
2011-05-03,43991.27655410153
2011-05-04,44653.0886612746
2011-05-05,44915.669315618106
2011-05-06,43958.13922697039
2011-05-09,42832.0859493566
2011-05-10,42884.08599869346
2011-05-11,42120.425657429005
2011-05-12,41141.08191656383
2011-05-13,41826.76046781445
2011-05-16,42539.15721671435
2011-05-17,43054.657405147416
2011-05-18,44102.30037154442
2011-05-19,44845.78077686164
2011-05-20,43944.768247606764
2011-05-23,44882.376189326395
2011-05-24,45002.174669929336
2011-05-25,45384.53520911514
2011-05-26,46705.49270217367
2011-05-27,47102.55926086207
2011-05-30,48479.60047144705
2011-05-31,48554.25023184676
2011-06-01,48247.71480382367
2011-06-02,47663.60606204312
2011-06-03,47572.438585161
2011-06-06,46179.52667193468
2011-06-07,46151.80939366612
2011-06-08,46075.681080385315
2011-06-09,45658.99626405315
2011-06-10,43885.49968197746
2011-06-13,42244.44254056649
2011-06-14,42806.19172691061
2011-06-15,42096.875758784
2011-06-16,43170.665545802614
2011-06-17,42641.738960155926
2011-06-20,42941.064544982095
2011-06-21,41860.95385093604
2011-06-22,41404.972037477135
2011-06-23,41263.01744534669
2011-06-24,41718.27279542023
2011-06-27,43023.34377076389
2011-06-28,43799.177958695785
2011-06-29,42692.96592429692
2011-06-30,42720.842333386274
2011-07-01,42614.89614147118
2011-07-04,42152.18725274396
2011-07-05,42623.79313629156
2011-07-06,43875.75459688426
2011-07-07,43540.52619399637
2011-07-08,44449.39971419603
2011-07-11,45605.4950846787
2011-07-12,44766.22928563212
2011-07-13,46244.22943541561
2011-07-14,47696.629225260025
2011-07-15,47977.98820318205
2011-07-18,49504.82565617609
2011-07-19,49756.912980328794
2011-07-20,50828.30974672487
2011-07-21,51456.573246848675
2011-07-22,50692.13366678863
2011-07-25,50960.48885354034
2011-07-26,50835.3452893383
2011-07-27,50413.4195283792
2011-07-28,49405.132883217244
2011-07-29,48742.95115303301
2011-08-01,47699.14816388988
2011-08-02,48713.44524855931
2011-08-03,47050.53214031972
2011-08-04,47142.25376587692
2011-08-05,46651.91029906809
2011-08-08,45639.25140084773
2011-08-09,46265.273997993325
2011-08-10,45630.75591205427
2011-08-11,46659.93022259567
2011-08-12,46536.02256354175
2011-08-15,46842.275699090555
2011-08-16,46758.70857353582
2011-08-17,47335.74293833458
2011-08-18,48170.052112423145
2011-08-19,47808.33571803916
2011-08-22,47827.297953120746
2011-08-23,49393.78909343528
2011-08-24,48912.98495048836
2011-08-25,50561.59711621267
2011-08-26,50232.56914526513
2011-08-29,49758.33279721258
2011-08-30,48295.89878865442
2011-08-31,47590.35255416816
2011-09-01,46146.086396975326
2011-09-02,45698.7982632515
2011-09-05,46297.13044550433
2011-09-06,46271.79627736264
2011-09-07,45797.37448958139
2011-09-08,44983.10267031803
2011-09-09,44454.19277038029
2011-09-12,43328.820387231244
2011-09-13,42372.64039840698
2011-09-14,43908.39050624953
2011-09-15,44123.05701901784
2011-09-16,43424.90717151172
2011-09-19,43977.06126333793
2011-09-20,45205.79300329549
2011-09-21,44714.14595266625
2011-09-22,44651.585827255956
2011-09-23,43676.99880256029
2011-09-26,42463.43945356488
2011-09-27,43554.872870705796
2011-09-28,46350.892053953925
2011-09-29,45762.43082590168
2011-09-30,44466.8144844555
2011-10-03,45642.514354799685
2011-10-04,46545.323836717784
2011-10-05,46971.52264707107
2011-10-06,48259.76922314189
2011-10-07,47992.74713891425
2011-10-10,48258.56177111201
2011-10-11,48976.79910310975
2011-10-12,48727.42197070144
2011-10-13,49174.231461401374
2011-10-14,48990.3552774204
2011-10-17,49419.665668420945
2011-10-18,49589.87222169135
2011-10-19,47878.854395965966
2011-10-20,47981.90098550201
2011-10-21,46786.557015136335
2011-10-24,46098.20294304415
2011-10-25,44760.41066517243
2011-10-26,45445.11844838157
2011-10-27,45200.21315786956
2011-10-28,44909.37311429071
2011-10-31,45951.63656315825
2011-11-01,46566.731767908845
2011-11-02,46410.09386843425
2011-11-03,44726.04934491219
2011-11-04,45282.49803840977
2011-11-07,45089.16871669888
2011-11-08,44816.15642251352
2011-11-09,45434.90669280438
2011-11-10,44943.788657509635
2011-11-11,44898.76309000002
2011-11-14,45644.30873282244
2011-11-15,46138.84104090505
2011-11-16,45653.7772986545
2011-11-17,46886.84193597402
2011-11-18,47890.064573308395
2011-11-21,49571.98872633283
2011-11-22,49548.62769400488
2011-11-23,49766.11792228066
2011-11-24,50744.67381377769
2011-11-25,51175.204420818256
2011-11-28,51330.75231560143
2011-11-29,51264.66304876445
2011-11-30,51014.1769463097
2011-12-01,50447.17900728678
2011-12-02,49892.91284351554
2011-12-05,50287.32654412485
2011-12-06,50040.211361003654
2011-12-07,48812.708052494
2011-12-08,48887.08438661081
2011-12-09,50395.98040815572
2011-12-12,51673.97679806147
2011-12-13,49867.902269381935
2011-12-14,49142.9144980579
2011-12-15,49863.97690975674
2011-12-16,49964.89653852048
2011-12-19,50058.16428414266
2011-12-20,49971.21388867227
2011-12-21,50054.00487151357
2011-12-22,49176.53385100882
2011-12-23,50264.24913587302
2011-12-26,49361.19222470543
2011-12-27,49265.2636855756
2011-12-28,50674.494896536184
2011-12-29,51705.182372268064
2011-12-30,51731.46949821377
2012-01-02,51757.59794238609
2012-01-03,51238.13098475956
2012-01-04,50812.92862181087
2012-01-05,50630.37271336841
2012-01-06,51895.80720264359
2012-01-09,51528.6158247245
2012-01-10,52090.11502368889
2012-01-11,52530.29496153076
2012-01-12,52951.74819333656
2012-01-13,52724.58287939849
2012-01-16,53463.89309480265
2012-01-17,53659.18980526256
2012-01-18,53795.7083015402
2012-01-19,53384.02918409236
2012-01-20,51406.64668098247
2012-01-23,52126.78160551292
2012-01-24,52883.03144623424
2012-01-25,52453.433651190404
2012-01-26,52332.87455892033
2012-01-27,52649.47765279539
2012-01-30,51786.69592877412
2012-01-31,52496.09771346924
2012-02-01,53220.18324090823
2012-02-02,54090.2573713365
2012-02-03,55043.667590107354
2012-02-06,53254.85681862123
2012-02-07,53808.41482551422
2012-02-08,53439.82491338764
2012-02-09,54568.89959534188
2012-02-10,55669.031933950326
2012-02-13,56545.96275008737
2012-02-14,56520.18198470246
2012-02-15,59484.95081256082
2012-02-16,59491.19316380978
2012-02-17,58453.12676164748
2012-02-20,59541.403785944705
2012-02-21,58083.06451183242
2012-02-22,60181.82073769721
2012-02-23,61354.815801001845
2012-02-24,62901.162845128776
2012-02-27,64164.83179774482
2012-02-28,64708.23523560972
2012-02-29,63279.478528762185
2012-03-01,62684.28093228792
2012-03-02,63400.3333747058
2012-03-05,63253.992043581
2012-03-06,63757.77091233703
2012-03-07,63067.56547634493
2012-03-08,62269.63607347271
2012-03-09,62684.77546387057
2012-03-12,63603.38350311431
2012-03-13,63692.650256039014
2012-03-14,62674.74875592519
2012-03-15,60921.15690246206
2012-03-16,63243.014654216284
2012-03-19,62047.93265656095
2012-03-20,61166.633989879236
2012-03-21,60451.829614938666
2012-03-22,61499.46784974114
2012-03-23,60747.02055335856
2012-03-26,61415.56316098933
2012-03-27,61811.797473880775
2012-03-28,60633.07202937884
2012-03-29,60872.560734252074
2012-03-30,59623.610870281496
2012-04-02,59515.711446931266
2012-04-03,60369.65090936236
2012-04-04,60176.98463126518
2012-04-05,59266.2574755009
2012-04-06,58882.92667499629
2012-04-09,58743.5211904237
2012-04-10,59149.93436248586
2012-04-11,56828.743815468566
2012-04-12,55035.89161054814
2012-04-13,55563.1711077433
2012-04-16,55488.51477756842
2012-04-17,55538.86946110572
2012-04-18,55788.133794076915
2012-04-19,55662.39837654411
2012-04-20,55248.83903563319
2012-04-23,55388.70962751593
2012-04-24,56081.43247506037
2012-04-25,56452.14936667897
2012-04-26,56501.096790228534
2012-04-27,55489.404507622894
2012-04-30,55749.60208624277
2012-05-01,54638.34710817112
2012-05-02,54012.930023861045
2012-05-03,54181.52922611559
2012-05-04,54319.35494865902
2012-05-07,55412.13186533816
2012-05-08,56313.938233496534
2012-05-09,56831.21300130434
2012-05-10,56530.3498286782
2012-05-11,56542.78162760823
2012-05-14,56324.56816923589
2012-05-15,58116.35498857063
2012-05-16,58620.87293434792
2012-05-17,57973.95407880462
2012-05-18,57135.975917607815
2012-05-21,58439.52668281572
2012-05-22,57569.9225283184
2012-05-23,57975.7234059719
2012-05-24,58188.83321562445
2012-05-25,59331.99158282825
2012-05-28,58445.14066832061
2012-05-29,58958.443651913774
2012-05-30,59202.572429317624
2012-05-31,60080.8324122403
2012-06-01,61584.90343818632
2012-06-04,61732.12678385306
2012-06-05,61521.79873133664
2012-06-06,62525.2271116108
2012-06-07,61014.40432405322
2012-06-08,61255.50255928342
2012-06-11,60231.624636175075
2012-06-12,58987.74359933752
2012-06-13,57389.17003536621
2012-06-14,55760.31425123928
2012-06-15,56624.2862510804
2012-06-18,57546.25968620981
2012-06-19,57689.6094533506
2012-06-20,58799.55969361521
2012-06-21,58870.449122664126
2012-06-22,58393.985712749585
2012-06-25,57322.40807570478
2012-06-26,58150.72859686486
2012-06-27,59040.2393413169
2012-06-28,60422.82672172512
2012-06-29,59613.50361727797
2012-07-02,59358.24037538595
2012-07-03,57994.53255132561
2012-07-04,59231.5695898247
2012-07-05,60028.12947856244
2012-07-06,60624.96361989144
2012-07-09,60655.5295357521
2012-07-10,60545.50849246964
2012-07-11,60203.67205221376
2012-07-12,61433.9626655154
2012-07-13,60798.54486785025
2012-07-16,61819.48170163841
2012-07-17,62189.223298972014
2012-07-18,61140.423075294646
2012-07-19,59639.961632947394
2012-07-20,58867.977471743194
2012-07-23,58880.11486665909
2012-07-24,57593.73488955198
2012-07-25,58290.773896909595
2012-07-26,59534.74345338037
2012-07-27,60166.66453292214
2012-07-30,58435.4703122779
2012-07-31,56094.01666566039
2012-08-01,57018.96878084669
2012-08-02,58603.37222978579
2012-08-03,58240.95062809715
2012-08-06,58837.71572116
2012-08-07,58608.43048861845
2012-08-08,57998.718347050184
2012-08-09,59086.703381237865
2012-08-10,58563.02483224684
2012-08-13,59510.68112673181
2012-08-14,61419.449211291234
2012-08-15,61341.518549173205
2012-08-16,63480.05368023306
2012-08-17,62068.27358716836
2012-08-20,63149.81980629691
2012-08-21,63217.40492113302
2012-08-22,66237.84544784184
2012-08-23,66347.6278726479
2012-08-24,65472.982331653424
2012-08-27,67461.35185172987
2012-08-28,65702.04140810955
2012-08-29,66283.73238462048
2012-08-30,65445.60762238387
2012-08-31,67141.7003121678
2012-09-03,67078.6139542605
2012-09-04,68177.07390644966
2012-09-05,68191.57500060799
2012-09-06,66920.85745449591
2012-09-07,64449.870560806565
2012-09-10,66602.37362999427
2012-09-11,66940.02385004346
2012-09-12,65631.44976753753
2012-09-13,65321.81912428545
2012-09-14,66545.17013608737
2012-09-17,64849.68993904552
2012-09-18,67596.28644994606
2012-09-19,67352.83228345648
2012-09-20,66968.03977812422
2012-09-21,68584.70456959121
2012-09-24,68900.36060711059
2012-09-25,67730.51457016678
2012-09-26,68908.49191222318
2012-09-27,69523.00052235858
2012-09-28,70997.00060357281
2012-10-01,69888.79882645799
2012-10-02,68545.23058889256
2012-10-03,69371.74407462245
2012-10-04,68884.40902917959
2012-10-05,66322.86587753554
2012-10-08,65677.13888728114
2012-10-09,66467.38135835761
2012-10-10,65653.61386220022
2012-10-11,67223.25286974719
2012-10-12,66663.53936756303
2012-10-15,66591.63856430637
2012-10-16,64721.07080630667
2012-10-17,63839.12784258606
2012-10-18,63663.881148175955
2012-10-19,64366.693725923236
2012-10-22,64621.88836029731
2012-10-23,65904.35881311393
2012-10-24,63416.23978709838
2012-10-25,63480.3986354252
2012-10-26,63350.715987486066
2012-10-29,62208.39796503331
2012-10-30,62195.87866509151
2012-10-31,61402.767208865094
2012-11-01,61910.94405154346
2012-11-02,61561.09368799547
2012-11-05,62157.278710043814
2012-11-06,61182.797067088366
2012-11-07,62628.52540982167
2012-11-08,63112.37313137513
2012-11-09,65204.02632576409
2012-11-12,65082.282758200665
2012-11-13,64533.34942716425
2012-11-14,64726.73659247333
2012-11-15,64220.68085631709
2012-11-16,63065.22923168074
2012-11-19,63117.03507090482
2012-11-20,63077.339743873876
2012-11-21,62377.84557020968
2012-11-22,61982.17855605135
2012-11-23,60938.988408387464
2012-11-26,61131.294264079785
2012-11-27,59702.830486859035
2012-11-28,61588.35233881822
2012-11-29,61656.49049710116
2012-11-30,62748.098104283396
2012-12-03,61437.92613741927
2012-12-04,61854.42093070371
2012-12-05,61740.40074404573
2012-12-06,62878.079078379254
2012-12-07,63909.67871423467
2012-12-10,62084.66930367901
2012-12-11,63419.1927169364
2012-12-12,61769.230031483035
2012-12-13,63315.10429696428
2012-12-14,63289.780965673934
2012-12-17,61973.19794229378
2012-12-18,62802.32734271683
2012-12-19,62881.0988494348
2012-12-20,61800.789989119236
2012-12-21,61015.95095619771
2012-12-24,61578.20050022159
2012-12-25,60107.22348689848
2012-12-26,59212.413207224476
2012-12-27,61259.99028935765
2012-12-28,60450.17754334184
2012-12-31,60889.49014000985
2013-01-01,61417.24819077495
2013-01-02,62526.96553328474
2013-01-03,63563.548751289956
2013-01-04,60764.63649079254
2013-01-07,60268.4512255533
2013-01-08,61606.11039480992
2013-01-09,60766.35923840037
2013-01-10,62836.26003413904
2013-01-11,63155.517236035004
2013-01-14,61812.5702840135
2013-01-15,62483.9496683723
2013-01-16,64758.43000890255
2013-01-17,64015.00548780253
2013-01-18,64702.82082822438
2013-01-21,63714.07954485566
2013-01-22,63080.8727227046
2013-01-23,63249.34509085383
2013-01-24,63878.00641436915
2013-01-25,64325.93793941408
2013-01-28,64611.539295117764
2013-01-29,67530.84926096632
2013-01-30,66260.059717085
2013-01-31,64104.38181041796
2013-02-01,64797.91015772586
2013-02-04,65059.04116256418
2013-02-05,63428.31698099727
2013-02-06,65481.79877993881
2013-02-07,64695.906063769384
2013-02-08,63104.189367336876
2013-02-11,63628.35833528458
2013-02-12,64413.46701128204
2013-02-13,67266.01645692559
2013-02-14,65462.162113378625
2013-02-15,64008.19188210515
2013-02-18,63731.55414511908
2013-02-19,63268.08707484512
2013-02-20,63224.34283491343
2013-02-21,62456.866897438515
2013-02-22,60755.759819810824
2013-02-25,60303.79352661407
2013-02-26,61123.92183274362
2013-02-27,62046.3747377758
2013-02-28,61351.43841534183
2013-03-01,61994.14463693509
2013-03-04,62502.435043493875
2013-03-05,61986.33494274185
2013-03-06,61633.83995018387
2013-03-07,61726.72245896874
2013-03-08,64985.58264978608
2013-03-11,65224.500781341274
2013-03-12,64223.65111309186
2013-03-13,64081.262386719434
2013-03-14,63479.324891672084
2013-03-15,64850.84312203419
2013-03-18,62397.34758576041
2013-03-19,61211.31687778649
2013-03-20,62185.048143664506
2013-03-21,62703.665633789125
2013-03-22,62780.57643783548
2013-03-25,63652.588041211595
2013-03-26,62178.52665653866
2013-03-27,62637.25292979132
2013-03-28,61396.181286683895
2013-03-29,60022.89719712854
2013-04-01,60613.349542080425
2013-04-02,59783.615213748235
2013-04-03,59439.26393017233
2013-04-04,60163.38630510102
2013-04-05,59074.301977429124
2013-04-08,59777.209431867
2013-04-09,62316.981246364776
2013-04-10,62138.52900653344
2013-04-11,63281.5590232616
2013-04-12,64225.82186913714
2013-04-15,62811.24389019177
2013-04-16,61316.21931346227
2013-04-17,61368.80338715224
2013-04-18,59078.6711675337
2013-04-19,59172.56822120855
2013-04-22,59499.602345054336
2013-04-23,60058.1221514371
2013-04-24,60601.35203373828
2013-04-25,62141.97659098306
2013-04-26,61818.6754936896
2013-04-29,63411.4715993473
2013-04-30,64082.77623518927
2013-05-01,64758.79287940608
2013-05-02,64633.91765744094
2013-05-03,65829.03506511683
2013-05-06,64992.73793719101
2013-05-07,65918.59515221255
2013-05-08,67336.18901970075
2013-05-09,66583.09933070555
2013-05-10,65500.28551931419
2013-05-13,64664.03942474084
2013-05-14,64677.59019225055
2013-05-15,65168.70207489232
2013-05-16,66280.37327426008
2013-05-17,68675.16860637031
2013-05-20,70804.83573515335
2013-05-21,71227.97911076003
2013-05-22,70795.21515516253
2013-05-23,69324.24598399638
2013-05-24,70441.88260281924
2013-05-27,71178.99114693575
2013-05-28,70886.41185000387
2013-05-29,70742.49377246865
2013-05-30,70660.47689647893
2013-05-31,67483.66228090516
2013-06-03,67480.02949228218
2013-06-04,67948.36060621639
2013-06-05,67861.10032671837
2013-06-06,66623.39340869906
2013-06-07,66744.33923430661
2013-06-10,67395.44576198515
2013-06-11,69711.01881119363
2013-06-12,71139.24297581466
2013-06-13,71982.40155549061
2013-06-14,71984.57320195611
2013-06-17,70318.73164773326
2013-06-18,69787.68479855086
2013-06-19,68136.46621037462
2013-06-20,68075.13699967775
2013-06-21,69478.34694174559
2013-06-24,70887.46215828972
2013-06-25,72137.76606711962
2013-06-26,72236.29527905672
2013-06-27,73625.9992650238
2013-06-28,73333.883558761
2013-07-01,70831.86799689282
2013-07-02,71079.40370285122
2013-07-03,71198.52463732967
2013-07-04,69040.08663692161
2013-07-05,68443.15429053344
2013-07-08,65522.05239552196
2013-07-09,65018.718276228676
2013-07-10,66534.12202690059
2013-07-11,65819.5242911608
2013-07-12,67480.6554867112
2013-07-15,67827.34801887399
2013-07-16,66982.40091736538
2013-07-17,64911.325286209125
2013-07-18,65869.64549681025
2013-07-19,66738.59046646222
2013-07-22,65017.14092496284
2013-07-23,64580.88577904517
2013-07-24,65961.21218696143
2013-07-25,65132.01820835172
2013-07-26,65666.07705947006
2013-07-29,63432.7163175336
2013-07-30,62434.466627313435
2013-07-31,63326.941202604416
2013-08-01,62034.60135760675
2013-08-02,60482.957834347784
2013-08-05,59023.170451659666
2013-08-06,58673.571107433774
2013-08-07,57065.36804589274
2013-08-08,57002.41553390513
2013-08-09,57640.277139279766
2013-08-12,59329.60326221158
2013-08-13,58954.072725543294
2013-08-14,60772.782197290704
2013-08-15,61455.90874512236
2013-08-16,61266.26253371431
2013-08-19,61908.14495142783
2013-08-20,63707.33311690354
2013-08-21,65530.79540961081
2013-08-22,66503.03381242849
2013-08-23,66454.76954389141
2013-08-26,67535.6481153461
2013-08-27,67867.18768076232
2013-08-28,68141.02624098577
2013-08-29,68530.02118859017
2013-08-30,70903.20878195124
2013-09-02,69437.07230917345
2013-09-03,69406.52021182502
2013-09-04,68103.57206084681
2013-09-05,69253.08908492349
2013-09-06,70739.97749743982
2013-09-09,72578.64786037189
2013-09-10,72181.0508099915
2013-09-11,72322.23527472524
2013-09-12,73416.08885385831
2013-09-13,73735.3335042124
2013-09-16,74204.44578558533
2013-09-17,74548.33081885413
2013-09-18,74996.01027582814
2013-09-19,74917.01680317441
2013-09-20,75600.25272428624
2013-09-23,73688.96352470022
2013-09-24,73204.23586738152
2013-09-25,71527.70671045857
2013-09-26,71488.64901688327
2013-09-27,70616.79277397157
2013-09-30,71386.23130544121
2013-10-01,73121.22814997536
2013-10-02,71563.33519500302
2013-10-03,70629.78756146553
2013-10-04,71131.77141145068
2013-10-07,73103.81167658031
2013-10-08,74221.97424169071
2013-10-09,74904.86565724899
2013-10-10,74907.25524652113
2013-10-11,74387.44121609857
2013-10-14,74992.49621713163
2013-10-15,75762.66479219943
2013-10-16,76067.4808392071
2013-10-17,75347.6967267322
2013-10-18,73257.53271505194
2013-10-21,72210.49247871283
2013-10-22,71795.46875527647
2013-10-23,70368.71045857314
2013-10-24,70861.02994369432
2013-10-25,69122.84680364528
2013-10-28,68812.95610666026
2013-10-29,69326.37955089386
2013-10-30,70435.60791439554
2013-10-31,70822.02840298734
2013-11-01,72470.97264073163
2013-11-04,71767.97633485313
2013-11-05,70836.8396429692
2013-11-06,72330.1116968299
2013-11-07,71256.65734966157
2013-11-08,71128.59407938759
2013-11-11,68993.51937286822
2013-11-12,70489.09783422158
2013-11-13,71488.20482078579
2013-11-14,70590.64360345103
2013-11-15,68453.54759384708
2013-11-18,68839.30763605391
2013-11-19,69250.92404397884
2013-11-20,70806.48199967433
2013-11-21,73306.6518830042
2013-11-22,73694.53057968798
2013-11-25,73476.47312971688
2013-11-26,73233.37181173376
2013-11-27,72906.04937301532
2013-11-28,71184.70729650932
2013-11-29,70101.42282290728
2013-12-02,70057.7115118029
2013-12-03,68060.70896013154
2013-12-04,66518.72235410566
2013-12-05,68073.81386204294
2013-12-06,67310.77694809485
2013-12-09,68362.18413377345
2013-12-10,69806.18479417337
2013-12-11,69884.7505026152
2013-12-12,71014.49611739846
2013-12-13,70850.95342292619
2013-12-16,69802.3925153075
2013-12-17,69732.58554150998
2013-12-18,69889.40378266621
2013-12-19,70113.10216071269
2013-12-20,70274.60232770212
2013-12-23,69841.71430791492
2013-12-24,71272.63059639772
2013-12-25,71088.73455409824
2013-12-26,70627.88478274761
2013-12-27,71900.74203425406
2013-12-30,70684.06791838103
2013-12-31,70753.54394610132
2014-01-01,72748.11388091695
2014-01-02,72912.07028821833
2014-01-03,74895.90102952998
2014-01-06,74632.09672120598
2014-01-07,74031.28233299666
2014-01-08,73900.77468841484
2014-01-09,73241.7075688794
2014-01-10,72855.62203616858
2014-01-13,72365.16138324795
2014-01-14,73511.21693388309
2014-01-15,74135.20209462271
2014-01-16,73945.37015479669
2014-01-17,73040.20588285675
2014-01-20,77501.7390196911
2014-01-21,77318.19070587549
2014-01-22,79404.96374002544
2014-01-23,77828.92126496267
2014-01-24,76892.20960952615
2014-01-27,78717.29471158233
2014-01-28,77266.98792667365
2014-01-29,75882.97350138368
2014-01-30,75901.85651493193
2014-01-31,75001.785492343
2014-02-03,74700.16615173666
2014-02-04,75003.54314601883
2014-02-05,76288.53591586516
2014-02-06,76639.1706057912
2014-02-07,77146.16650117739
2014-02-10,79117.10650882851
2014-02-11,81270.94063282045
2014-02-12,80857.66401078239
2014-02-13,78293.04205007177
2014-02-14,76978.12885134874
2014-02-17,78584.18956143151
2014-02-18,78008.85928135755
2014-02-19,77117.62714795642
2014-02-20,76591.9426646808
2014-02-21,78931.64978404838
2014-02-24,79118.69976041789
2014-02-25,78686.54039395883
2014-02-26,77800.70415061968
2014-02-27,76374.65207641541
2014-02-28,80478.38308559806
2014-03-03,80529.09498128649
2014-03-04,80857.33205459417
2014-03-05,80502.52982377562
2014-03-06,82182.54874686307
2014-03-07,80808.98524478114
2014-03-10,78157.28509773494
2014-03-11,77452.16144282251
2014-03-12,78030.15462275142
2014-03-13,81397.95269718826
2014-03-14,81397.32934138026
2014-03-17,80248.72221419166
2014-03-18,80029.0162225555
2014-03-19,79014.48473395726
2014-03-20,78006.5799737213
2014-03-21,78242.13164585829
2014-03-24,78769.6072150898
2014-03-25,77943.02683020987
2014-03-26,79617.65200936768
2014-03-27,79618.11839462667
2014-03-28,79893.80430986047
2014-03-31,79262.62974389136
2014-04-01,79905.13086796024
2014-04-02,80614.20514703578
2014-04-03,81702.721057645
2014-04-04,80619.3320895232
2014-04-07,81663.89143503479
2014-04-08,80943.64798846049
2014-04-09,81205.37971980766
2014-04-10,82428.68205647476
2014-04-11,84845.56791125168
2014-04-14,84284.42953473816
2014-04-15,82732.4668356297
2014-04-16,83067.76996675656
2014-04-17,85054.8030668053
2014-04-18,84677.29214255173
2014-04-21,88620.54739454678
2014-04-22,85776.81539003766
2014-04-23,88279.93044158541
2014-04-24,90303.92639997523
2014-04-25,92282.6636567156
2014-04-28,91045.52834014712
2014-04-29,93459.682686643
2014-04-30,95611.00654814152
2014-05-01,97953.5554751167
2014-05-02,97707.96630815347
2014-05-05,97433.83390854846
2014-05-06,99906.31530208117
2014-05-07,100698.17787489266
2014-05-08,100200.27484365295
2014-05-09,98855.35991173782
2014-05-12,99487.18114302633
2014-05-13,97227.64598399632
2014-05-14,98405.90854983414
2014-05-15,98842.58697567706
2014-05-16,96253.65157469822
2014-05-19,97202.70553752047
2014-05-20,99502.97974488563
2014-05-21,100111.39374106079
2014-05-22,97883.6379329301
2014-05-23,96966.62785803412
2014-05-26,98603.59014102345
2014-05-27,96459.2063314458
2014-05-28,95956.64885688225
2014-05-29,98120.37692145028
2014-05-30,97766.42086343963
2014-06-02,96890.65218381165
2014-06-03,98467.5691967768
2014-06-04,101540.18712378191
2014-06-05,102429.52452073913
2014-06-06,100144.09180863337
2014-06-09,97406.39516510096
2014-06-10,97108.38667850402
2014-06-11,94120.11457390823
2014-06-12,94114.78602039657
2014-06-13,95820.89974180714
2014-06-16,91448.50202594881
2014-06-17,91288.84668469691
2014-06-18,91961.91517469859
2014-06-19,91197.90938986497
2014-06-20,91982.91171827757
2014-06-23,92956.55954482559
2014-06-24,94883.02666741646
2014-06-25,99795.66192699692
2014-06-26,100525.04661483793
2014-06-27,99042.83944532044
2014-06-30,97358.65336319595
2014-07-01,95336.48894726942
2014-07-02,96714.67175236723
2014-07-03,97454.87272202708
2014-07-04,98423.7248894694
2014-07-07,98921.0910628215
2014-07-08,101975.19493417339
2014-07-09,104170.73779410047
2014-07-10,106255.72836431197
2014-07-11,105102.55972721206
2014-07-14,104637.81504501624
2014-07-15,102335.75300088438
2014-07-16,101276.9298417694
2014-07-17,101583.90797862077
2014-07-18,99492.7976586402
2014-07-21,98486.2395869935
2014-07-22,102307.67241776502
2014-07-23,102109.93849183238
2014-07-24,99503.68253811261
2014-07-25,97413.17598128847
2014-07-28,97397.1594122794
2014-07-29,99039.53234721086
2014-07-30,99021.26005564877
2014-07-31,100735.02947551814
2014-08-01,101452.7819351729
2014-08-04,99562.9584954629
2014-08-05,101591.05982273312
2014-08-06,100901.83956757042
2014-08-07,104561.9498443644
2014-08-08,103598.35932815878
2014-08-11,103477.77960996801
2014-08-12,102606.68604375997
2014-08-13,102255.64330754931
2014-08-14,103257.26176072477
2014-08-15,103055.39298779688
2014-08-18,105450.33419004572
2014-08-19,106425.39274443607
2014-08-20,109690.05124792083
2014-08-21,109994.71474612212
2014-08-22,112774.79314582459
2014-08-25,115440.17075633035
2014-08-26,115317.82341441588
2014-08-27,120944.33532613814
2014-08-28,124508.92889715004
2014-08-29,125948.58534271359
2014-09-01,125701.34201782987
2014-09-02,125723.56947521362
2014-09-03,125543.44731253329
2014-09-04,126407.18647034901
2014-09-05,124047.16027805148
2014-09-08,124387.82608919044
2014-09-09,123246.6858375557
2014-09-10,127247.71941599053
2014-09-11,129257.10805649856
2014-09-12,133467.9987914063
2014-09-15,139614.17584722364
2014-09-16,141086.0915905137
2014-09-17,146608.0409504455
2014-09-18,147889.72248080611
2014-09-19,149873.17498277442
2014-09-22,147601.76524718717
2014-09-23,148107.26084232406
2014-09-24,152292.80244538534
2014-09-25,153967.18014900296
2014-09-26,153217.95406467727
2014-09-29,153535.5582650581
2014-09-30,151794.14428776235
2014-10-01,150249.35262023014
2014-10-02,146673.06949395317
2014-10-03,149946.3047133145
2014-10-06,153250.60082506225
2014-10-07,153247.57353211113
2014-10-08,149860.00653569508
2014-10-09,149507.10219038467
2014-10-10,155357.7434935803
2014-10-13,151960.55442657936
2014-10-14,150874.0169618234
2014-10-15,149885.25109309988
2014-10-16,152371.5423844567
2014-10-17,149198.88255832682
2014-10-20,150208.12387655803
2014-10-21,148278.19470224957
2014-10-22,147614.72443162312
2014-10-23,144685.5542246158
2014-10-24,146362.29634578945
2014-10-27,145349.77886991572
2014-10-28,144086.18330698225
2014-10-29,147268.8775771407
2014-10-30,148493.99206854726
2014-10-31,155294.5964904793
2014-11-03,156800.9846508886
2014-11-04,157359.66402347342
2014-11-05,158038.958577397
2014-11-06,166459.77868704736
2014-11-07,170618.06210774928
2014-11-10,170098.2054666212
2014-11-11,171443.58859159704
2014-11-12,170203.34028249144
2014-11-13,172623.64928840564
2014-11-14,171420.10153396937
2014-11-17,170054.73543113103
2014-11-18,171783.45197411327
2014-11-19,176420.8327398007
2014-11-20,179550.59380679842
2014-11-21,182381.78031244638
2014-11-24,182903.62100486076
2014-11-25,175441.9273996799
2014-11-26,175273.15217140887
2014-11-27,174969.01706681898
2014-11-28,177030.0391409643
2014-12-01,183116.92011035923
2014-12-02,186027.53206255694
2014-12-03,180603.79354958775
2014-12-04,181036.9603826643
2014-12-05,180618.42004991515
2014-12-08,183345.01869169055
2014-12-09,183494.53462612376
2014-12-10,177579.0973145337
2014-12-11,175017.0013312864
2014-12-12,174324.20775896325
2014-12-15,168275.00013286716
2014-12-16,168199.61396443355
2014-12-17,167626.3705802045
2014-12-18,171217.04249848053
2014-12-19,171147.745027524
2014-12-22,169507.21738443305
2014-12-23,169403.03891187074
2014-12-24,169736.97865396657
2014-12-25,173041.67683428337
2014-12-26,170338.57458948734
2014-12-29,163763.36285626452
2014-12-30,172448.39458098623
2014-12-31,175114.57999070114
2015-01-01,175515.49452579938
2015-01-02,183700.59928153368
2015-01-05,180198.6521048704
2015-01-06,177890.06140822519
2015-01-07,176736.9927786702
2015-01-08,178580.37267897604
2015-01-09,177351.98528567204
2015-01-12,180156.5453127027
2015-01-13,179267.0512462587
2015-01-14,183824.04059439563
2015-01-15,185654.77352929895
2015-01-16,180388.5009427014
2015-01-19,180536.7049723618
2015-01-20,177067.50777203086
2015-01-21,176865.16120465222
2015-01-22,177102.29124295074
2015-01-23,184735.60128351647
2015-01-26,184190.5128737503
2015-01-27,179089.73455769793
2015-01-28,179673.4412452842
2015-01-29,176119.62500481814
2015-01-30,182325.08448689702
2015-02-02,184929.66177205724
2015-02-03,190551.05516354297
2015-02-04,189398.2049605162
2015-02-05,186044.49682112155
2015-02-06,187261.0743115991
2015-02-09,182828.24961227406
2015-02-10,179838.92197484555
2015-02-11,177564.9660862126
2015-02-12,177296.46615063175
2015-02-13,172623.896779122
2015-02-16,166422.3864085879
2015-02-17,171023.83075538813
2015-02-18,169523.56491799568
2015-02-19,169145.13281896684
2015-02-20,171189.29289458747
2015-02-23,172765.53198015128
2015-02-24,170902.851936243
2015-02-25,169707.26288743922
2015-02-26,174996.23351843338
2015-02-27,179285.3670868475
2015-03-02,181977.82447327147
2015-03-03,187843.3168431228
2015-03-04,181700.08412257207
2015-03-05,182378.4020260093
2015-03-06,181693.48166928758
2015-03-09,175640.51115724212
2015-03-10,176979.33451758025
2015-03-11,179338.19921614006
2015-03-12,180451.95561630707
2015-03-13,174819.73595371936
2015-03-16,174378.91074587923
2015-03-17,175320.51270078798
2015-03-18,174813.65727292694
2015-03-19,175981.69652845067
2015-03-20,177871.1952000317
2015-03-23,182848.39981403435
2015-03-24,183923.4312355566
2015-03-25,193338.77069430586
2015-03-26,194425.45239775314
2015-03-27,195767.28057359232
2015-03-30,198918.50524869852
2015-03-31,198985.83561492327
2015-04-01,198140.55929245026
2015-04-02,203046.59467985135
2015-04-03,195565.5071098156
2015-04-06,189638.8048762254
2015-04-07,197353.12659231745
2015-04-08,200392.30242234818
2015-04-09,202753.859861261
2015-04-10,204253.7545158287
2015-04-13,205685.43165801678
2015-04-14,202509.30034254535
2015-04-15,201820.76957990206
2015-04-16,198421.06081780253
2015-04-17,203041.07094996292
2015-04-20,205810.78293114348
2015-04-21,207107.2549116098
2015-04-22,208985.53024566607
2015-04-23,208872.80919432954
2015-04-24,204891.94741441027
2015-04-27,211812.7212337046
2015-04-28,214770.81529849197
2015-04-29,214504.53070222758
2015-04-30,217269.96382207112
2015-05-01,222838.01898663846
2015-05-04,228166.18891534032
2015-05-05,231411.35431135655
2015-05-06,235414.8587146006
2015-05-07,234895.27222177965
2015-05-08,241284.9376802543
2015-05-11,246021.76819356973
2015-05-12,250857.12789123252
2015-05-13,245438.85554541313
2015-05-14,248856.03204953234
2015-05-15,252437.7192031781
2015-05-18,256695.62298258682
2015-05-19,245219.909102904
2015-05-20,237397.14304340264
2015-05-21,239073.08334072767
2015-05-22,235387.00367429617
2015-05-25,237497.30785840316
2015-05-26,237525.14267008615
2015-05-27,241740.18833935846
2015-05-28,239675.41363095195
2015-05-29,235423.68743562634
2015-06-01,238094.72453231347
2015-06-02,237268.78295165728
2015-06-03,232560.52785076568
2015-06-04,224577.76205376862
2015-06-05,238332.4206467626
2015-06-08,237111.29480607927
2015-06-09,236408.71990471447
2015-06-10,228337.7163659271
2015-06-11,224411.56178576444
2015-06-12,224070.5196039518
2015-06-15,225742.81429126873
2015-06-16,229325.87283315897
2015-06-17,226493.60760953175
2015-06-18,228830.05361896983
2015-06-19,234062.52565166788
2015-06-22,232174.4921206468
2015-06-23,232188.49316857272
2015-06-24,224882.77469729993
2015-06-25,221807.18800820012
2015-06-26,216502.336420262
2015-06-29,219484.87954015422
2015-06-30,219034.24008331643
2015-07-01,225863.1194999207
2015-07-02,226950.30316209426
2015-07-03,230637.78850791312
2015-07-06,233154.74528480493
2015-07-07,234347.5153675458
2015-07-08,230055.41709444486
2015-07-09,237525.08344831347
2015-07-10,237446.81856285466
2015-07-13,229801.45719929945
2015-07-14,227664.22452144604
2015-07-15,223360.31951573474
2015-07-16,228596.53645529007
2015-07-17,233397.28534683873
2015-07-20,240442.92041057695
2015-07-21,250728.55279043166
2015-07-22,248065.05271954898
2015-07-23,239849.78911956554
2015-07-24,236018.61343948907
2015-07-27,238141.06915687007
2015-07-28,226776.85965099558
2015-07-29,224560.16811361013
2015-07-30,228417.9680433135
2015-07-31,225133.2040923722
2015-08-03,224934.2171107917
2015-08-04,221466.0652453398
2015-08-05,229093.7570513267
2015-08-06,237885.14375616354
2015-08-07,233743.38382276706
2015-08-10,230404.01905557135
2015-08-11,231298.03828509428
2015-08-12,234672.99721624743
2015-08-13,236949.9542874703
2015-08-14,240291.70240411544
2015-08-17,245249.52965658778
2015-08-18,251397.48937915667
2015-08-19,261001.67979233904
2015-08-20,262582.6528386262
2015-08-21,261036.55347895468
2015-08-24,261466.3596174304
2015-08-25,273443.4914671031
2015-08-26,278671.594145633
2015-08-27,283360.75933663367
2015-08-28,291570.28417665424
2015-08-31,299415.4973692504
2015-09-01,314018.8551397294
2015-09-02,310423.3751170814
2015-09-03,312712.1599493822
2015-09-04,318286.6296018249
2015-09-07,324355.9818114528
2015-09-08,323158.51397753804
2015-09-09,314584.283290508
2015-09-10,314064.20294404856
2015-09-11,311080.8229533052
2015-09-14,311505.7579386269
2015-09-15,319045.1420255433
2015-09-16,324317.20786273305
2015-09-17,318481.04816839064
2015-09-18,315042.68677977374
2015-09-21,317182.6120733152
2015-09-22,325021.91598398215
2015-09-23,325626.1742497526
2015-09-24,327947.1973112909
2015-09-25,319723.162569739
2015-09-28,317716.7174952618
2015-09-29,313908.4579129242
2015-09-30,315931.6287362227
2015-10-01,315148.5274361505
2015-10-02,310788.48807702406
2015-10-05,305261.9292845298
2015-10-06,307160.93660641543
2015-10-07,304101.1894238797
2015-10-08,311293.7240609444
2015-10-09,312820.4925545154
2015-10-12,311881.2175866816
2015-10-13,317840.2850321384
2015-10-14,311400.4224340586
2015-10-15,317350.9127750546
2015-10-16,313670.0411325618
2015-10-19,318519.03975456045
2015-10-20,315029.69693828875
2015-10-21,310017.14503695763
2015-10-22,299995.7926660907
2015-10-23,300703.4688843628
2015-10-26,303893.3677341402
2015-10-27,296500.54451412574
2015-10-28,306939.46682203136
2015-10-29,307284.6004611666
2015-10-30,301297.0852059687
2015-11-02,312942.7554400066
2015-11-03,310995.32138730126
2015-11-04,320026.7520802901
2015-11-05,304020.80508756096
2015-11-06,316910.862830445
2015-11-09,318450.0129354511
2015-11-10,318830.5733567448
2015-11-11,321153.3783800075
2015-11-12,314693.93386846135
2015-11-13,320571.6087408495
2015-11-16,323607.18640603015
2015-11-17,325944.72928467375
2015-11-18,322889.12075716956
2015-11-19,316326.9623395671
2015-11-20,318830.2949815167
2015-11-23,324115.82123553223
2015-11-24,325325.731946467
2015-11-25,324478.9150976561
2015-11-26,321701.7248558396
2015-11-27,326378.64497049525
2015-11-30,335692.363173468
2015-12-01,335099.9481927952
2015-12-02,330173.6648772179
2015-12-03,346043.43938920123
2015-12-04,336530.94694030494
2015-12-07,338512.0462172566
2015-12-08,338222.0227130881
2015-12-09,346941.1331899603
2015-12-10,346418.9620109946
2015-12-11,336228.03264887095
2015-12-14,329550.54975646455
2015-12-15,330560.98049747484
2015-12-16,330763.246515531
2015-12-17,327052.6495195601
2015-12-18,323999.5531264105
2015-12-21,315058.5491380333
2015-12-22,306823.1205681862
2015-12-23,303574.86962867464
2015-12-24,300026.5225514436
2015-12-25,299553.8544332639
2015-12-28,293378.2983906203
2015-12-29,302349.2860485374
2015-12-30,292980.4789413657
2015-12-31,298079.8259820599
2016-01-01,301491.0122240414
2016-01-04,310868.6265401076
2016-01-05,319360.813108511
2016-01-06,312044.76633456536
2016-01-07,314535.42671475315
2016-01-08,319465.6404359882
2016-01-11,325574.1910651089
2016-01-12,329186.7503911352
2016-01-13,326220.7862382195
2016-01-14,334646.3026419844
2016-01-15,334441.8127330212
2016-01-18,331965.9044297072
2016-01-19,333660.20170001854
2016-01-20,331461.0549629565
2016-01-21,327933.34499568073
2016-01-22,329232.68960571266
2016-01-25,346269.3849038011
2016-01-26,348945.38783058245
2016-01-27,350088.86090364517
2016-01-28,347806.2402727874
2016-01-29,350700.69205065386
2016-02-01,343734.6319990754
2016-02-02,347470.3478237268
2016-02-03,349843.31170611305
2016-02-04,351054.23802205693
2016-02-05,354806.65592051804
2016-02-08,354159.56346139987
2016-02-09,359195.40969653527
2016-02-10,363448.82543770445
2016-02-11,367898.1250995469
2016-02-12,368599.37021933123
2016-02-15,375347.0996871804
2016-02-16,374774.4535391024
2016-02-17,384507.60121819744
2016-02-18,384422.74591654877
2016-02-19,394328.70556141646
2016-02-22,396923.3268049399
2016-02-23,397437.11870214384
2016-02-24,390850.5241655072
2016-02-25,396178.4578253407
2016-02-26,399565.87409981334
2016-02-29,400671.55627626495
2016-03-01,404469.5819804512
2016-03-02,406234.7109861792
2016-03-03,400175.5529802377
2016-03-04,392327.7423167359
2016-03-07,397686.6652128637
2016-03-08,399784.81544729247
2016-03-09,411968.3488608569
2016-03-10,428389.24108835176
2016-03-11,435830.7699899942
2016-03-14,441862.6805261158
2016-03-15,447375.48929172737
2016-03-16,449112.4810232797
2016-03-17,444714.55052804254
2016-03-18,424463.9868634046
2016-03-21,431336.5180098889
2016-03-22,436899.7644044282
2016-03-23,438030.39176553325
2016-03-24,439942.666993919
2016-03-25,448781.6516800546
2016-03-28,457344.87000786955
2016-03-29,459883.4118037163
2016-03-30,458686.45223506767
2016-03-31,464723.6557585296
2016-04-01,472572.008409606
2016-04-04,493219.10748320224
2016-04-05,485967.9674606765
2016-04-06,491423.8861874473
2016-04-07,484453.9655040189
2016-04-08,481352.08334459265
2016-04-11,503666.1169944108
2016-04-12,500807.8124942083
2016-04-13,500631.6982926875
2016-04-14,496297.02806982346
2016-04-15,505252.663840335
2016-04-18,502326.1447414754
2016-04-19,488054.40083399275
2016-04-20,490276.2842127554
2016-04-21,498779.5711071052
2016-04-22,499500.514794203
2016-04-25,501900.5394393327
2016-04-26,496402.6580131118
2016-04-27,488769.3249219661
2016-04-28,489703.7090131706
2016-04-29,480398.1461046342
2016-05-02,477337.1329906307
2016-05-03,469499.4192768698
2016-05-04,468262.6932568428
2016-05-05,475999.91165243025
2016-05-06,476489.38275410526
2016-05-09,487386.7168186851
2016-05-10,491488.54022756894
2016-05-11,491089.1378608341
2016-05-12,483687.1240636219
2016-05-13,485352.14727510803
2016-05-16,475755.42014976527
2016-05-17,483193.5755025957
2016-05-18,472026.63867873966
2016-05-19,460702.8154450957
2016-05-20,454125.9068752556
2016-05-23,440903.71509481384
2016-05-24,442383.2116927913
2016-05-25,436702.2298752416
2016-05-26,433580.0422120652
2016-05-27,439163.2788062558
2016-05-30,422150.0223422754
2016-05-31,420781.7934351928
2016-06-01,424122.69659874245
2016-06-02,432776.1758409081
2016-06-03,434411.77063739486
2016-06-06,429626.27076213126
2016-06-07,437684.5737738076
2016-06-08,445836.13534677424
2016-06-09,465083.00535244663
2016-06-10,484603.60078110185
2016-06-13,483406.42219713144
2016-06-14,496485.3709690277
2016-06-15,499091.65881372854
2016-06-16,490445.3590970845
2016-06-17,497564.23114143685
2016-06-20,510430.5042705468
2016-06-21,489386.98712939717
2016-06-22,502266.5931944981
2016-06-23,495293.81180713937
2016-06-24,510936.52314689645
2016-06-27,513871.4705228372
2016-06-28,516004.5643635604
2016-06-29,530221.3998745874
2016-06-30,527683.2983379521
2016-07-01,549227.377033464
2016-07-04,540274.28382719
2016-07-05,535014.3518065305
2016-07-06,525061.043973233
2016-07-07,531002.5475139268
2016-07-08,530975.9812811732
2016-07-11,539550.7390531842
2016-07-12,551261.5844934444
2016-07-13,560096.6105339522
2016-07-14,572057.8627836566
2016-07-15,584381.8562690056
2016-07-18,584113.8427561187
2016-07-19,576813.8497738976
2016-07-20,567030.1175948454
2016-07-21,575493.661698788
2016-07-22,570421.1715290267
2016-07-25,560803.0164618022
2016-07-26,552654.8075937676
2016-07-27,550897.7902856668
2016-07-28,553688.7035327603
2016-07-29,551528.6438920508
2016-08-01,541542.0286491739
2016-08-02,547347.3776761794
2016-08-03,525576.3054508338
2016-08-04,522727.6824900947
2016-08-05,533098.7666593676
2016-08-08,535942.6069921294
2016-08-09,548041.2431496424
2016-08-10,549274.0499471426
2016-08-11,555335.0488869863
2016-08-12,555915.2851073674
2016-08-15,551640.7555616982
2016-08-16,555603.5818984275
2016-08-17,565728.7508344223
2016-08-18,545578.1278072139
2016-08-19,537458.3523987633
2016-08-22,517032.07109054516
2016-08-23,508120.67897685594
2016-08-24,496110.85991132667
2016-08-25,491577.09268590226
2016-08-26,488710.77918926254
2016-08-29,497198.0097958255
2016-08-30,508383.9754072274
2016-08-31,500634.58017392165
2016-09-01,495810.30628271634
2016-09-02,501244.73797035695
2016-09-05,495025.92990964936
2016-09-06,491025.2687451955
2016-09-07,474238.1999271842
2016-09-08,480327.67072415946
2016-09-09,482320.3589698261
2016-09-12,473531.1813113477
2016-09-13,461809.3383030218
2016-09-14,452530.5455574642
2016-09-15,455877.7499934398
2016-09-16,451508.5486911791
2016-09-19,441160.98000709334
2016-09-20,438208.1482764143
2016-09-21,444889.20474332076
2016-09-22,454969.8334280765
2016-09-23,466080.0639178387
2016-09-26,466962.6766714365
2016-09-27,469038.2195369204
2016-09-28,471454.70822139515
2016-09-29,477184.29762356845
2016-09-30,482324.34350865625
2016-10-03,473802.61540928355
2016-10-04,467387.2317479326
2016-10-05,464042.7344088558
2016-10-06,470067.27984322153
2016-10-07,465644.6611611457
2016-10-10,459081.21873036213
2016-10-11,467747.08899496996
2016-10-12,480438.57081028307
2016-10-13,472473.8644993371
2016-10-14,471262.44128036516
2016-10-17,481347.11956445454
2016-10-18,477811.2149161612
2016-10-19,485929.2271597391
2016-10-20,473434.7183448726
2016-10-21,471517.5343864581
2016-10-24,477230.3654382954
2016-10-25,490830.81737325893
2016-10-26,499461.81828092906
2016-10-27,484807.45732645947
2016-10-28,471310.6813593296
2016-10-31,463824.94050484075
2016-11-01,470902.9959915323
2016-11-02,477212.5698846789
2016-11-03,486783.23928611353
2016-11-04,492954.25808746513
2016-11-07,487753.88106828445
2016-11-08,484335.99786763376
2016-11-09,476430.0288050774
2016-11-10,483708.13575574674
2016-11-11,472582.67757103004
2016-11-14,473069.584702155
2016-11-15,475151.5340622425
2016-11-16,485951.88867769716
2016-11-17,479120.4492398852
2016-11-18,482583.6445304893
2016-11-21,473734.26289564336
2016-11-22,482680.57458247413
2016-11-23,479410.70901060913
2016-11-24,476651.84107858664
2016-11-25,468335.9969982628
2016-11-28,463082.4699961114
2016-11-29,457549.72269137634
2016-11-30,452392.5622440031
2016-12-01,462053.12989539333
2016-12-02,453697.6085537118
2016-12-05,455667.27036293625
2016-12-06,462659.57102664316
2016-12-07,453083.92336713005
2016-12-08,435516.56005587324
2016-12-09,439236.53652407136
2016-12-12,426094.27363098506
2016-12-13,420020.60341270367
2016-12-14,419217.35437404097
2016-12-15,421279.7426197834
2016-12-16,419169.17951813893
2016-12-19,413753.15274686035
2016-12-20,421298.7194475314
2016-12-21,422983.8868346665
2016-12-22,438097.0684912463
2016-12-23,430874.23202573974
2016-12-26,430116.1520643661
2016-12-27,429735.20102532074
2016-12-28,433963.8051610358
2016-12-29,435767.79151042615
2016-12-30,435933.00822979986
2017-01-02,451811.49297110515
2017-01-03,450469.6077408845
2017-01-04,454096.09623227734
2017-01-05,455645.4221860005
2017-01-06,450579.3538163262
2017-01-09,456735.036709959
2017-01-10,441421.8416060051
2017-01-11,450737.72460727434
2017-01-12,438108.1906598218
2017-01-13,435591.94010300725
2017-01-16,436389.7294785076
2017-01-17,432478.01659461856
2017-01-18,428374.56931544736
2017-01-19,437847.48171015945
2017-01-20,457410.7523514647
2017-01-23,466210.09879815317
2017-01-24,467593.435801719
2017-01-25,462266.6666815606
2017-01-26,455826.8069649908
2017-01-27,466019.42842914094
2017-01-30,473699.70795087726
2017-01-31,485254.7158111624
2017-02-01,494229.83734663547
2017-02-02,506351.2529794796
2017-02-03,500833.57422664855
2017-02-06,493688.9165366923
2017-02-07,484635.61269373365
2017-02-08,484381.5246400496
2017-02-09,482671.10042010504
2017-02-10,483635.2110415765
2017-02-13,473109.2677858588
2017-02-14,474576.17350547964
2017-02-15,481581.55771487375
2017-02-16,482241.8502860619
2017-02-17,459083.23762126896
2017-02-20,458862.5556888992
2017-02-21,455853.83559089305
2017-02-22,463502.3223799518
2017-02-23,462123.68775571184
2017-02-24,467454.49490484345
2017-02-27,464145.2319367005
2017-02-28,466885.77738810837
2017-03-01,475189.5966302353
2017-03-02,472818.0637001799
2017-03-03,475454.5528973891
2017-03-06,476827.82630505005
2017-03-07,482132.9246754236
2017-03-08,481055.118762424
2017-03-09,485205.5648893754
2017-03-10,469301.8773187292
2017-03-13,467294.20782450034
2017-03-14,474333.8038916194
2017-03-15,480106.196725867
2017-03-16,471735.3267203181
2017-03-17,464891.52022734174
2017-03-20,468208.14718621824
2017-03-21,471225.09059449326
2017-03-22,475165.6524770582
2017-03-23,475666.98741837346
2017-03-24,476541.45583818847
2017-03-27,485533.4708630221
2017-03-28,477345.56888659537
2017-03-29,465471.0806839424
2017-03-30,474014.142047402
2017-03-31,467445.2127774396
2017-04-03,473243.4738354839
2017-04-04,467410.96861940116
2017-04-05,458104.8992680972
2017-04-06,471023.99331724824
2017-04-07,470359.39875908487
2017-04-10,458451.0276994051
2017-04-11,456545.4788482748
2017-04-12,455032.20838835137
2017-04-13,453201.2906218829
2017-04-14,454442.63506186585
2017-04-17,444946.4635565898
2017-04-18,442527.88838244247
2017-04-19,446002.74182833964
2017-04-20,450870.6376823936
2017-04-21,451416.43320099835
2017-04-24,444767.779398103
2017-04-25,429047.4722762463
2017-04-26,440382.996506005
2017-04-27,431418.4085123165
2017-04-28,427759.0416326709
2017-05-01,427721.35204362054
2017-05-02,431035.00251140725
2017-05-03,430701.1643874217
2017-05-04,424258.1433371362
2017-05-05,423818.6227761537
2017-05-08,439837.2812120191
2017-05-09,460032.2649772785
2017-05-10,458077.6606062446
2017-05-11,463314.2967236288
2017-05-12,448784.97102066607
2017-05-15,450390.6132677428
2017-05-16,456106.8840629552
2017-05-17,453523.84953355044
2017-05-18,468574.7757520492
2017-05-19,475948.32827771065
2017-05-22,481159.95438379404
2017-05-23,458882.73761637893
2017-05-24,453747.3182100712
2017-05-25,459538.075772925
2017-05-26,455410.98596700025
2017-05-29,441107.85503436514
2017-05-30,436465.0291465045
2017-05-31,448557.3623803664
2017-06-01,454036.6039486548
2017-06-02,461143.25919215527
2017-06-05,462719.18005399813
2017-06-06,476365.7929959751
2017-06-07,452842.32017916825
2017-06-08,443152.997775066
2017-06-09,458755.868656863
2017-06-12,467538.13449192385
2017-06-13,469587.59392483643
2017-06-14,466686.10976532416
2017-06-15,451665.5561476441
2017-06-16,448195.81819384045
2017-06-19,447055.7298230492
2017-06-20,439659.43117496907
2017-06-21,450726.4207042696
2017-06-22,459208.3763781845
2017-06-23,456881.21828311245
2017-06-26,464398.15636004345
2017-06-27,464061.1581949637
2017-06-28,466357.0188738724
2017-06-29,462351.143313367
2017-06-30,483559.74114400294
2017-07-03,470680.3915604969
2017-07-04,469495.14926082356
2017-07-05,478392.4948364209
2017-07-06,487381.25814401254
2017-07-07,473331.3541694504
2017-07-10,465343.65316853556
2017-07-11,464568.97680270864
2017-07-12,457940.4823897926
2017-07-13,452471.00909575785
2017-07-14,450456.0462018413
2017-07-17,449233.3559011816
2017-07-18,458316.1572112973
2017-07-19,444484.8474067512
2017-07-20,453104.37463566824
2017-07-21,451302.35821291694
2017-07-24,456145.5284391517
2017-07-25,453341.56071608653
2017-07-26,473076.09879395383
2017-07-27,457993.399411216
2017-07-28,467983.8145688716
2017-07-31,464307.0739485883
2017-08-01,462455.4947160812
2017-08-02,474574.33425152
2017-08-03,472939.4044309491
2017-08-04,480845.23385480227
2017-08-07,493753.61846519215
2017-08-08,488587.7790630823
2017-08-09,506925.690732132
2017-08-10,518764.4473561785
2017-08-11,516860.8452404012
2017-08-14,519128.66665725835
2017-08-15,512660.0955260806
2017-08-16,515585.29954509396
2017-08-17,523980.4712234617
2017-08-18,533799.1981892249
2017-08-21,536199.3463836083
2017-08-22,531424.526499241
2017-08-23,525479.4729187987
2017-08-24,516681.3759718869
2017-08-25,514296.1363480889
2017-08-28,520141.176151963
2017-08-29,514914.1263511556
2017-08-30,508822.0031554988
2017-08-31,499393.6438932415
2017-09-01,504784.9997599927
2017-09-04,502623.11936576624
2017-09-05,488318.0455629481
2017-09-06,498389.11549037276
2017-09-07,508216.01939320227
2017-09-08,508586.7086009402
2017-09-11,505561.57795371604
2017-09-12,505432.41905425343
2017-09-13,497247.4408104992
2017-09-14,506537.33488391706
2017-09-15,519566.2022738158
2017-09-18,529504.4477157622
2017-09-19,531988.0511102648
2017-09-20,534431.2867373682
2017-09-21,539791.9569201259
2017-09-22,556901.7385940177
2017-09-25,549165.7432939238
2017-09-26,549186.7738687649
2017-09-27,542609.8195298878
2017-09-28,531063.3890709431
2017-09-29,534463.8541076147
2017-10-02,545689.4638476159
2017-10-03,535561.0685989474
2017-10-04,545376.3184254188
2017-10-05,552226.792458663
2017-10-06,557090.6811261857
2017-10-09,571138.764739909
2017-10-10,564596.4099444733
2017-10-11,581482.3720475967
2017-10-12,577940.094571175
2017-10-13,583830.0553414894
2017-10-16,568001.1772441983
2017-10-17,578263.8800462801
2017-10-18,578762.771428838
2017-10-19,573094.4352515523
2017-10-20,562744.4808818933
2017-10-23,564972.5847100345
2017-10-24,578843.0386256292
2017-10-25,584578.3073999635
2017-10-26,581167.2063537195
2017-10-27,573357.8683009644
2017-10-30,562788.1735847174
2017-10-31,559611.6472770252
2017-11-01,543797.332815664
2017-11-02,540247.0429824371
2017-11-03,551138.1639683674
2017-11-06,550650.8911785706
2017-11-07,549223.1814536799
2017-11-08,543412.3870615636
2017-11-09,550534.3562966239
2017-11-10,556929.8153317373
2017-11-13,571467.0227182127
2017-11-14,564397.8030785699
2017-11-15,553243.0992702094
2017-11-16,547270.8283808319
2017-11-17,535298.7768370713
2017-11-20,534831.6889468022
2017-11-21,530698.6078081994
2017-11-22,522530.24291264254
2017-11-23,522051.7610771512
2017-11-24,531575.560931972
2017-11-27,538459.085478833
2017-11-28,532369.1539071263
2017-11-29,532672.9930790653
2017-11-30,535656.4220910996
2017-12-01,542041.3945420505
2017-12-04,538640.509521994
2017-12-05,526242.2263189211
2017-12-06,529463.2237714241
2017-12-07,520231.5771954662
2017-12-08,516721.7139620641
2017-12-11,514167.12337593484
2017-12-12,522703.0728925082
2017-12-13,518226.34654199786
2017-12-14,519681.77965810726
2017-12-15,517614.2292836546
2017-12-18,512461.3953194403
2017-12-19,520566.33351288125
2017-12-20,516180.2782476029
2017-12-21,520559.7599289018
2017-12-22,523177.9192046075
2017-12-25,505971.3517061484
2017-12-26,491105.63576122693
2017-12-27,463950.5531197214
2017-12-28,466351.8672353631
2017-12-29,468470.1218013491
2018-01-01,464011.9113146439
2018-01-02,459600.0391141861
2018-01-03,456902.1604102731
2018-01-04,451691.33533345506
2018-01-05,451314.87865741615
2018-01-08,450954.1193787674
2018-01-09,443730.6183174097
2018-01-10,455181.5972735233
2018-01-11,463463.52343206765
2018-01-12,460033.95956169174
2018-01-15,478290.4746913434
2018-01-16,499792.16334910627
2018-01-17,511027.77409747615
2018-01-18,522091.4530488955
2018-01-19,516631.1169886109
2018-01-22,513706.91738259763
2018-01-23,499310.1403593151
2018-01-24,495569.3430216238
2018-01-25,504347.68100379617
2018-01-26,500658.2236854689
2018-01-29,485790.36358879507
2018-01-30,500012.50696545007
2018-01-31,518041.0586262984
2018-02-01,532367.0459905885
2018-02-02,517963.32584382774
2018-02-05,525766.9969260583
2018-02-06,518022.8097621802
2018-02-07,516773.42294697126
2018-02-08,523365.2163244094
2018-02-09,538044.7565622212
2018-02-12,532076.4499018579
2018-02-13,528806.8966633106
2018-02-14,516967.5539778482
2018-02-15,517093.7232369503
2018-02-16,508149.82206781174
2018-02-19,503685.7666772206
2018-02-20,510693.47441915644
2018-02-21,510639.25083870394
2018-02-22,511808.5952818866
2018-02-23,514469.704177374
2018-02-26,522038.05315739533
2018-02-27,535313.3663614497
2018-02-28,524259.9809304594
2018-03-01,509334.39385970077
2018-03-02,514166.0157380308
2018-03-05,520725.9380979937
2018-03-06,534043.0377093173
2018-03-07,541733.4086073833
2018-03-08,559009.2088131693
2018-03-09,564285.6227485461
2018-03-12,557939.4197213243
2018-03-13,568221.2526797277
2018-03-14,559232.515239939
2018-03-15,552432.9907495279
2018-03-16,556608.0693312583
2018-03-19,554136.0067730637
2018-03-20,563652.9673564128
2018-03-21,559954.2192313723
2018-03-22,578844.5995729413
2018-03-23,568354.5100256639
2018-03-26,575750.2077085578
2018-03-27,571059.8817429495
2018-03-28,585953.9579894985
2018-03-29,580022.6036860747
2018-03-30,588229.5556111299
2018-04-02,555662.74408
2018-04-03,548451.2446066235
2018-04-04,565234.5629884496
2018-04-05,567375.9350604395
2018-04-06,568428.1457769056
2018-04-09,577808.1618124259
2018-04-10,603742.341599974
2018-04-11,592084.0691231333
2018-04-12,591451.2782895983
2018-04-13,586795.3184610963
2018-04-16,594550.6133481499
2018-04-17,587254.6270553517
2018-04-18,571133.2241404351
2018-04-19,555838.3570675973
2018-04-20,562767.7660126771
2018-04-23,565162.722294068
2018-04-24,574271.0468705579
2018-04-25,558132.5522924454
2018-04-26,549353.5581498471
2018-04-27,544217.1331793709
2018-04-30,552904.9487915896
2018-05-01,557640.2767070913
2018-05-02,556183.8471059381
2018-05-03,546421.7315162404
2018-05-04,548571.057268706
2018-05-07,544139.7818084719
2018-05-08,553234.5372031396
2018-05-09,571278.3994654578
2018-05-10,572808.7594908419
2018-05-11,561607.2091499199
2018-05-14,586645.6641529696
2018-05-15,593755.1681534852
2018-05-16,599889.8445156998
2018-05-17,601486.3523198519
2018-05-18,603721.8797947714
2018-05-21,605102.8642464513
2018-05-22,608346.5777272035
2018-05-23,592435.8086448758
2018-05-24,585204.0947859561
2018-05-25,584624.2567379249
2018-05-28,586569.1858061963
2018-05-29,589042.9269376538
2018-05-30,594038.7795220262
2018-05-31,575155.1689146432
2018-06-01,565559.3467220372
2018-06-04,559138.241150836
2018-06-05,560859.5423418679
2018-06-06,559288.6403073228
2018-06-07,580075.2720547139
2018-06-08,576488.387636399
2018-06-11,574345.1187605532
2018-06-12,558848.6242979944
2018-06-13,577981.5423173179
2018-06-14,579232.7731062443
2018-06-15,578427.7773799249
2018-06-18,572110.6426831638
2018-06-19,573403.6212307246
2018-06-20,570174.8668687205
2018-06-21,583249.9528738933
2018-06-22,575196.6940058206
2018-06-25,571105.8273197877
2018-06-26,566041.2045303362
2018-06-27,572514.675500057
2018-06-28,576371.824131843
2018-06-29,587151.9797185251
2018-07-02,593371.3798228202
2018-07-03,599980.0737575575
2018-07-04,601032.6276563033
2018-07-05,611422.2202233331
2018-07-06,617274.4260088933
2018-07-09,621479.9229317798
2018-07-10,604186.1871608886
2018-07-11,599565.9296502323
2018-07-12,592599.5488547307
2018-07-13,573876.640440165
2018-07-16,588055.596850776
2018-07-17,604129.3866235353
2018-07-18,616574.3068939793
2018-07-19,623450.3630563534
2018-07-20,640911.9836234574
2018-07-23,622208.5886424959
2018-07-24,637149.2746183322
2018-07-25,614650.1075948894
2018-07-26,616836.6236896138
2018-07-27,618563.6331860066
2018-07-30,624732.6355551474
2018-07-31,632565.43898047
2018-08-01,641161.5860362737
2018-08-02,633484.3502750769
2018-08-03,626160.912558637
2018-08-06,617172.5710541793
2018-08-07,618972.5228828712
2018-08-08,615499.9032105523
2018-08-09,598391.1030283025
2018-08-10,609198.9653467903
2018-08-13,597096.3455958177
2018-08-14,592143.8247229528
2018-08-15,584557.9474196313
2018-08-16,577022.5015313854
2018-08-17,583392.5495138656
2018-08-20,576420.0709206053
2018-08-21,561931.9922106199
2018-08-22,555520.2789896642
2018-08-23,545525.7376238912
2018-08-24,530833.7045956097
2018-08-27,539905.646041383
2018-08-28,551519.7072595754
2018-08-29,537583.20546322
2018-08-30,553259.8250181254
2018-08-31,572114.6307882724
2018-09-03,558213.6126660486
2018-09-04,562702.4648701545
2018-09-05,560120.559368108
2018-09-06,568827.3834387793
2018-09-07,539669.6391046159
2018-09-10,546011.5077202806
2018-09-11,542631.3539931694
2018-09-12,547559.3265880849
2018-09-13,556618.962370439
2018-09-14,533607.5693732604
2018-09-17,533353.7868589825
2018-09-18,533553.4811327353
2018-09-19,539616.3992719875
2018-09-20,551049.5462059923
2018-09-21,558877.5304852837
2018-09-24,551390.9012267424
2018-09-25,558738.7584737494
2018-09-26,551402.9757370084
2018-09-27,559370.3590025828
2018-09-28,557871.0298444893
2018-10-01,556320.298746916
2018-10-02,557923.5926238961
2018-10-03,542356.6783162556
2018-10-04,539483.7807893921
2018-10-05,528216.4457520276
2018-10-08,537376.1335052602
2018-10-09,550092.4979584253
2018-10-10,536173.1944938176
2018-10-11,515130.6564550344
2018-10-12,517594.2729660865
2018-10-15,512508.92482363177
2018-10-16,504187.28030719404
2018-10-17,525656.4013095689
2018-10-18,521958.9912407355
2018-10-19,512589.8995298509
2018-10-22,510252.7240044771
2018-10-23,513127.9254270737
2018-10-24,528147.3315018441
2018-10-25,531319.8920786831
2018-10-26,519685.4046651176
2018-10-29,515333.54002010985
2018-10-30,532969.8521923935
2018-10-31,516734.1714673099
2018-11-01,516523.0119265994
2018-11-02,527855.9201351923
2018-11-05,530667.1088253446
2018-11-06,528873.520106104
2018-11-07,520746.7991748025
2018-11-08,522508.57600899454
2018-11-09,527732.2683495821
2018-11-12,530123.9206837335
2018-11-13,540297.3872261818
2018-11-14,542577.2722588781
2018-11-15,555684.1286128309
2018-11-16,557418.1102204793
2018-11-19,566976.9809510506
2018-11-20,563995.6606592232
2018-11-21,582365.309687656
2018-11-22,596080.2847510944
2018-11-23,603946.5710742939
2018-11-26,593640.6168334167
2018-11-27,596063.61670346
2018-11-28,565646.766824438
2018-11-29,562322.7770985523
2018-11-30,564365.1804079597
2018-12-03,555977.7349676092
2018-12-04,557960.6961533811
2018-12-05,565091.2442156987
2018-12-06,584265.1428071242
2018-12-07,584863.4992326521
2018-12-10,568968.3703163929
2018-12-11,545760.9126163156
2018-12-12,544549.0548122101
2018-12-13,553885.3638651712
2018-12-14,565653.122568501
2018-12-17,567103.6781851663
2018-12-18,560819.8251284853
2018-12-19,554174.8192680164
2018-12-20,553212.7888098747
2018-12-21,554571.6791045675
2018-12-24,561045.1431759511
2018-12-25,562726.9630624726
2018-12-26,583976.6051464962
2018-12-27,586126.7406307593
2018-12-28,591880.6860566117
2018-12-31,603672.4726155453
2019-01-01,614624.9394797275
2019-01-02,608036.7153769648
2019-01-03,591033.8580191006
2019-01-04,577828.2415414371
2019-01-07,582230.6204545206
2019-01-08,589041.9276434821
2019-01-09,593264.2538135821
2019-01-10,602366.8250171707
2019-01-11,617224.6192453365
2019-01-14,609319.1415417546
2019-01-15,638740.6506585764
2019-01-16,670857.7337242261
2019-01-17,680867.9050847442
2019-01-18,679447.4532313445
2019-01-21,683310.4153085565
2019-01-22,666909.3558872445
2019-01-23,667944.0940211156
2019-01-24,658904.6302545398
2019-01-25,658487.9579518689
2019-01-28,655414.9854990812
2019-01-29,681052.9050362824
2019-01-30,671307.0446904297
2019-01-31,675829.6798792903
2019-02-01,671655.389831685
2019-02-04,691922.0446587985
2019-02-05,706118.0837570506
2019-02-06,687707.00041123
2019-02-07,676367.264950099
2019-02-08,680547.4802708275
2019-02-11,673747.3127054971
2019-02-12,680005.4909711226
2019-02-13,681775.7583003301
2019-02-14,669380.745290892
2019-02-15,666531.2615986796
2019-02-18,673063.3185604865
2019-02-19,672952.1326612361
2019-02-20,675418.0575665011
2019-02-21,680768.5855214985
2019-02-22,680060.9931998439
2019-02-25,697623.7994355058
2019-02-26,682659.3020948638
2019-02-27,689287.4305786137
2019-02-28,683652.8835795576
2019-03-01,689461.6378032462
2019-03-04,700870.4876250032
2019-03-05,709819.5352612524
2019-03-06,719372.0672815411
2019-03-07,730188.1255723353
2019-03-08,738114.984630144
2019-03-11,735914.5590385189
2019-03-12,746612.9605046072
2019-03-13,760753.7085546
2019-03-14,773674.3110024872
2019-03-15,778532.5205329482
2019-03-18,783423.499192382
2019-03-19,756695.0773609442
2019-03-20,746467.7395038679
2019-03-21,744625.9539850707
2019-03-22,759066.8361636958
2019-03-25,776520.2166982439
2019-03-26,779379.2614331313
2019-03-27,764547.0129162065
2019-03-28,772124.2639521229
2019-03-29,786850.7888398612
2019-04-01,798633.7631062444
2019-04-02,789465.4611954471
2019-04-03,775051.703374458
2019-04-04,763343.0459565239
2019-04-05,749418.139526721
2019-04-08,763863.5935300549
2019-04-09,768962.0382937322
2019-04-10,800365.0772949744
2019-04-11,825399.6813317649
2019-04-12,841453.6330849478
2019-04-15,831968.2464085823
2019-04-16,842823.3414567797
2019-04-17,850561.9584930316
2019-04-18,830063.7511328202
2019-04-19,812035.4437029349
2019-04-22,802069.3210101066
2019-04-23,821340.3280690884
2019-04-24,816324.5084752798
2019-04-25,796896.9130190441
2019-04-26,798877.7925647778
2019-04-29,808358.2235568201
2019-04-30,791548.8251924667
2019-05-01,820126.7348398707
2019-05-02,809819.9784446195
2019-05-03,826187.2538220646
2019-05-06,837196.7270637935
2019-05-07,826863.7216120027
2019-05-08,825797.0498996901
2019-05-09,826731.1352993472
2019-05-10,822069.4204225453
2019-05-13,834027.9858573136
2019-05-14,835548.3780574823
2019-05-15,810357.8344808085
2019-05-16,812338.7011350233
2019-05-17,796225.7666368904
2019-05-20,793458.7779675925
2019-05-21,797404.6722989663
2019-05-22,796375.921963305
2019-05-23,811804.790198926
2019-05-24,811267.1413326208
2019-05-27,804233.5365253468
2019-05-28,829239.7642263357
2019-05-29,840964.243987897
2019-05-30,839525.0481519023
2019-05-31,840262.4695113719
2019-06-03,834760.8594186453
2019-06-04,836593.2001878009
2019-06-05,822713.7917932924
2019-06-06,850012.03144334
2019-06-07,869816.3532806627
2019-06-10,835739.0925030187
2019-06-11,821877.92602434
2019-06-12,821725.491615551
2019-06-13,812680.8171715026
2019-06-14,782422.7162553507
2019-06-17,792843.911354124
2019-06-18,776430.6359355643
2019-06-19,786604.2020353137
2019-06-20,793627.0206269639
2019-06-21,816330.8296574565
2019-06-24,803742.5819632454
2019-06-25,831272.037777029
2019-06-26,813489.4539448122
2019-06-27,836442.5807015467
2019-06-28,853292.9930385684
2019-07-01,860635.4919976227
2019-07-02,844396.235772062
2019-07-03,870048.9564784836
2019-07-04,883464.0780972957
2019-07-05,857793.7718539109
2019-07-08,818879.0142094602
2019-07-09,809627.3342444265
2019-07-10,797612.3928759156
2019-07-11,808508.7307115716
2019-07-12,811078.1857932145
2019-07-15,816322.52845389
2019-07-16,809325.46634881
2019-07-17,823962.3972325486
2019-07-18,816014.2105152904
2019-07-19,794483.9626676593
2019-07-22,761082.7767751375
2019-07-23,768854.349707809
2019-07-24,760916.3514368589
2019-07-25,738083.7943983653
2019-07-26,726877.4334415891
2019-07-29,722211.4437130846
2019-07-30,731849.9957995445
2019-07-31,704578.3832589183
2019-08-01,699864.8818742776
2019-08-02,709857.8247875847
2019-08-05,716550.3192477565
2019-08-06,727882.77339693
2019-08-07,755165.2973038165
2019-08-08,744169.1881029184
2019-08-09,736760.2378152944
2019-08-12,752029.8262195113
2019-08-13,775283.7209323227
2019-08-14,780975.8790981501
2019-08-15,777367.0059874725
2019-08-16,762125.5457372398
2019-08-19,771755.9966383246
2019-08-20,777692.9784993662
2019-08-21,763726.4299672351
2019-08-22,757535.0963264534
2019-08-23,745175.3925543965
2019-08-26,754166.9635032606
2019-08-27,753222.8058956247
2019-08-28,771513.584435734
2019-08-29,791819.295046533
2019-08-30,797748.384461814
2019-09-02,816433.1339522724
2019-09-03,833405.0513107762
2019-09-04,857787.3364791716
2019-09-05,851871.3897994362
2019-09-06,863176.7797028946
2019-09-09,894252.702181269
2019-09-10,906727.0238537154
2019-09-11,901640.2339000506
2019-09-12,907483.2924873406
2019-09-13,947958.4003973104
2019-09-16,943243.4401719724
2019-09-17,934506.5143170604
2019-09-18,952055.9725635217
2019-09-19,947653.7726733254
2019-09-20,923030.8693666741
2019-09-23,898846.0015949444
2019-09-24,901049.2196362134
2019-09-25,892783.6951713695
2019-09-26,918956.0904858108
2019-09-27,911005.5591184658
2019-09-30,890254.9694417088
2019-10-01,879745.739645404
2019-10-02,862097.3266181275
2019-10-03,882666.6412854189
2019-10-04,872137.308600289
2019-10-07,898402.3284333957
2019-10-08,909784.0369713105
2019-10-09,946286.6890352735
2019-10-10,946683.5552485184
2019-10-11,963616.8929715011
2019-10-14,929739.3290786728
2019-10-15,923972.1796150886
2019-10-16,913635.0947291318
2019-10-17,935245.6650603735
2019-10-18,935243.4588047003
2019-10-21,949035.2175688901
2019-10-22,938924.0711078751
2019-10-23,919270.0336781973
2019-10-24,920069.4925642787
2019-10-25,944532.8757003506
2019-10-28,945946.2828431729
2019-10-29,975867.4108230099
2019-10-30,972390.2789028265
2019-10-31,968504.4725222443
2019-11-01,964634.0359698281
2019-11-04,962453.7362843937
2019-11-05,952745.3049751816
2019-11-06,950917.0810929317
2019-11-07,939240.5603955586
2019-11-08,923967.5178343734
2019-11-11,952335.9513607458
2019-11-12,970112.4906965484
2019-11-13,967169.7211187107
2019-11-14,958903.8015477199
2019-11-15,934169.3534428638
2019-11-18,946586.1988473926
2019-11-19,937315.4643144227
2019-11-20,973303.8149753656
2019-11-21,945204.6483216594
2019-11-22,953482.3548088733
2019-11-25,977312.1534204343
2019-11-26,970247.287163993
2019-11-27,1009474.6160012169
2019-11-28,1030831.3043322472
2019-11-29,1052371.4766083746
2019-12-02,1038639.5828262565
2019-12-03,1061096.4124769014
2019-12-04,1083689.6998344501
2019-12-05,1089259.8071491313
2019-12-06,1128678.692700638
2019-12-09,1138778.576240875
2019-12-10,1095622.662625895
2019-12-11,1105537.5596077412
2019-12-12,1144683.4352374678
2019-12-13,1135256.8624638906
2019-12-16,1154089.1809089214
2019-12-17,1143911.4476771546
2019-12-18,1147063.3630161318
2019-12-19,1094631.7845839094
2019-12-20,1061919.2762205922
2019-12-23,1059013.7818764793
2019-12-24,1050703.7399163863
2019-12-25,1018135.9482039256
2019-12-26,1034067.3148089134
2019-12-27,1043442.1591708614
2019-12-30,1029398.8134075808
2019-12-31,993660.3001730259
2020-01-01,1006693.0089402533
2020-01-02,1000062.555917572
2020-01-03,1015914.8930853779
2020-01-06,1039606.199873077
2020-01-07,1035334.9684847719
2020-01-08,1033203.8629163039
2020-01-09,1049874.4335594987
2020-01-10,1047006.954054499
2020-01-13,1011670.6721320578
2020-01-14,1024796.4968785356
2020-01-15,1032468.1237280759
2020-01-16,1023288.694264614
2020-01-17,1034641.525930388
2020-01-20,1028878.9652877416
2020-01-21,1022542.5012874643
2020-01-22,1038848.6905960736
2020-01-23,1014117.7172746942
2020-01-24,985525.51054369
2020-01-27,983758.9852437701
2020-01-28,961170.0389320685
2020-01-29,977418.2921442975
2020-01-30,965059.5609863023
2020-01-31,935706.4497974149
2020-02-03,929604.7565316972
2020-02-04,893094.4822713454
2020-02-05,916520.0110323373
2020-02-06,916778.6211242729
2020-02-07,929060.6372705705
2020-02-10,938705.2482133412
2020-02-11,942939.4242955856
2020-02-12,925848.8761392484
2020-02-13,940052.2090386301
2020-02-14,935114.3287208212
2020-02-17,922850.3979519135
2020-02-18,889738.1940398604
2020-02-19,911622.501695267
2020-02-20,906431.0002462786
2020-02-21,898357.7498502564
2020-02-24,866301.1796639556
2020-02-25,880043.5642015649
2020-02-26,877036.6229718252
2020-02-27,892169.38236472
2020-02-28,890339.0976504909
2020-03-02,875371.2894863775
2020-03-03,883312.6322787228
2020-03-04,857098.9663315279
2020-03-05,831928.780040906
2020-03-06,829739.42484798
2020-03-09,839954.616768427
2020-03-10,856079.2113109647
2020-03-11,853455.3200190598
2020-03-12,850440.3143865537
2020-03-13,852442.9455400889
2020-03-16,848046.3373481289
2020-03-17,839122.0420736087
2020-03-18,845637.6667116432
2020-03-19,836701.8635914441
2020-03-20,832235.5565242844
2020-03-23,849456.055844174
2020-03-24,851707.8794765202
2020-03-25,842498.1019820926
2020-03-26,852105.4009772557
2020-03-27,848721.2627043175
2020-03-30,858082.5796426662
2020-03-31,843510.3687678502
2020-04-01,830519.9919825961
2020-04-02,808014.291298844
2020-04-03,823572.0300561955
2020-04-06,843716.7362618305
2020-04-07,860990.2995386934
2020-04-08,865337.4574788606
2020-04-09,867225.3292569267
2020-04-10,862256.0031598663
2020-04-13,870208.5749796291
2020-04-14,865997.800790582
2020-04-15,848898.0774820537
2020-04-16,863163.523370065
2020-04-17,876057.3514184977
2020-04-20,883148.6392599563
2020-04-21,880749.3726962075
2020-04-22,873321.757818475
2020-04-23,873470.6892774452
2020-04-24,875447.8227839275
2020-04-27,855757.6520308822
2020-04-28,847397.7307595696
2020-04-29,829981.1060572347
2020-04-30,845562.5140670474
2020-05-01,825586.1046592469
2020-05-04,808181.5377882598
2020-05-05,795787.5566907673
2020-05-06,798531.0302036336
2020-05-07,785632.2441899537
2020-05-08,811410.235884418
2020-05-11,822655.6314302027
2020-05-12,788089.3246958422
2020-05-13,791660.9227065264
2020-05-14,797024.2691750133
2020-05-15,779325.4682868561
2020-05-18,778379.2373107478
2020-05-19,779890.582182264
2020-05-20,771210.3681197928
2020-05-21,770083.9991971031
2020-05-22,775072.9698630413
2020-05-25,768166.7757860294
2020-05-26,767554.2899942639
2020-05-27,751298.7130542056
2020-05-28,760124.9757358166
2020-05-29,751659.7684982299
2020-06-01,768613.7647610425
2020-06-02,798074.5084057401
2020-06-03,822906.068405099
2020-06-04,816275.9728339264
2020-06-05,822901.753866231
2020-06-08,819275.0319087664
2020-06-09,826366.1992210355
2020-06-10,814284.4110568236
2020-06-11,799696.811009945
2020-06-12,799154.1139547484
2020-06-15,787836.4585952754
2020-06-16,805708.1971263392
2020-06-17,816536.583271246
2020-06-18,821709.3098990719
2020-06-19,819717.7292463247
2020-06-22,817399.6515431603
2020-06-23,832080.040576022
2020-06-24,833424.0894256717
2020-06-25,833849.3538257455
2020-06-26,862797.2414269052
2020-06-29,865291.4747543925
2020-06-30,861509.5594106157
2020-07-01,858256.4750052487
2020-07-02,878577.7948543057
2020-07-03,871030.1901371148
2020-07-06,863835.4785806823
2020-07-07,881429.971975253
2020-07-08,900501.8019333164
2020-07-09,924100.4440852293
2020-07-10,910240.3978196395
2020-07-13,917855.4565660888
2020-07-14,908844.0463486376
2020-07-15,916096.7258542272
2020-07-16,890665.078846745
2020-07-17,887834.0278833429
2020-07-20,905727.9412639681
2020-07-21,909468.2988583565
2020-07-22,871041.228975361
2020-07-23,887292.113038912
2020-07-24,893565.8193705473
2020-07-27,889582.75863307
2020-07-28,889942.7385307129
2020-07-29,885180.7323575737
2020-07-30,904259.363162973
2020-07-31,904144.5065955414
2020-08-03,878755.361681405
2020-08-04,865720.3787338178
2020-08-05,892104.5830598102
2020-08-06,910939.9891907149
2020-08-07,924695.1269627569
2020-08-10,912062.0453355963
2020-08-11,921552.6208548294
2020-08-12,939439.0277868161
2020-08-13,941690.5439458875
2020-08-14,954809.176668486
2020-08-17,975277.9371770459
2020-08-18,994414.6854477294
2020-08-19,1003331.2873899763
2020-08-20,1012543.3195598003
2020-08-21,990897.5535923156
2020-08-24,986370.9764874884
2020-08-25,1002109.7668516517
2020-08-26,1034307.2208587575
2020-08-27,1038521.6815133996
2020-08-28,1059956.852481527
2020-08-31,1061034.696995558
2020-09-01,1043470.318809582
2020-09-02,1052547.9386748078
2020-09-03,1062196.6388003703
2020-09-04,1046059.0030350351
2020-09-07,1030686.8896518389
2020-09-08,1032446.7703942191
2020-09-09,1023830.8291399747
2020-09-10,1034069.759730701
2020-09-11,1009834.6568668879
2020-09-14,1025739.331498566
2020-09-15,1015239.4975006075
2020-09-16,1022627.8828134105
2020-09-17,995047.6568067775
2020-09-18,1012904.5181072393
2020-09-21,1017488.2867985195
2020-09-22,1057988.5955372672
2020-09-23,1027583.791616888
2020-09-24,995010.2111941341
2020-09-25,1008907.6621426478
2020-09-28,1026247.6025144148
2020-09-29,994517.453548338
2020-09-30,1005015.7540415529
2020-10-01,1023049.3886606031
2020-10-02,1050367.159418791
2020-10-05,1053824.1894402956
2020-10-06,1025720.0741292905
2020-10-07,991270.2511422691
2020-10-08,1030499.7648796202
2020-10-09,1039089.5860610253
2020-10-12,1058732.644436988
2020-10-13,1053552.1526392996
2020-10-14,1050111.4058357596
2020-10-15,1047118.5495691865
2020-10-16,1030469.6862433348
2020-10-19,1025997.9201218137
2020-10-20,1006442.7212504887
2020-10-21,999809.8170447833
2020-10-22,1021090.4485898667
2020-10-23,1022482.8306200483
2020-10-26,1010967.0144654737
2020-10-27,1044061.6393730622
2020-10-28,1070030.506074964
2020-10-29,1071884.605430302
2020-10-30,1039566.3774541179
2020-11-02,1065235.4881519987
2020-11-03,1091853.4600443824
2020-11-04,1081327.9779073698
2020-11-05,1110737.1502699605
2020-11-06,1095216.2051102254
2020-11-09,1090996.3457246723
2020-11-10,1082988.5751223639
2020-11-11,1087637.869374692
2020-11-12,1085983.0022121966
2020-11-13,1115618.6443078893
2020-11-16,1109661.6757349162
2020-11-17,1119705.252457784
2020-11-18,1121711.3650744609
2020-11-19,1127805.7832183044
2020-11-20,1112150.0449506936
2020-11-23,1112517.3521036308
2020-11-24,1141907.9917382493
2020-11-25,1160249.6267747907
2020-11-26,1136972.2079562317
2020-11-27,1129761.4400541517
2020-11-30,1110391.6231449433
2020-12-01,1097017.1590749072
2020-12-02,1085291.1733702593
2020-12-03,1062487.3852764713
2020-12-04,1072478.8060115208
2020-12-07,1091263.3893176133
2020-12-08,1095353.5948666546
2020-12-09,1086989.7534212796
2020-12-10,1091182.1646969821
2020-12-11,1077249.6831846882
2020-12-14,1098826.5823837048
2020-12-15,1147464.7988797007
2020-12-16,1094243.343025065
2020-12-17,1102970.0767223218
2020-12-18,1105016.9845987873
2020-12-21,1110015.3232978447
2020-12-22,1105528.6134555596
2020-12-23,1076902.5740311956
2020-12-24,1076382.4249629644
2020-12-25,1069594.7419459492
2020-12-28,1067736.5540567983
2020-12-29,1067847.0829251932
2020-12-30,1059214.7097803121
2020-12-31,1105041.7907709663
2021-01-01,1081394.9254148016
2021-01-04,1074798.0225503368
2021-01-05,1051206.3680610247
2021-01-06,1049092.7217338013
2021-01-07,1079879.1071972095
2021-01-08,1079969.5235911997
2021-01-11,1064753.080826705
2021-01-12,1040382.2511726933
2021-01-13,1051563.453109379
2021-01-14,1039009.062623152
2021-01-15,1051777.7734327072
2021-01-18,1039504.8907684244
2021-01-19,1030418.2435380981
2021-01-20,1030171.2530585178
2021-01-21,1000966.4816039384
2021-01-22,1023773.2857432144
2021-01-25,1003641.8316151958
2021-01-26,1007172.0967841155
2021-01-27,1016207.49440346
2021-01-28,1061269.9117050448
2021-01-29,1071274.7758706384
2021-02-01,1088532.596671733
2021-02-02,1079439.1441601473
2021-02-03,1077549.1229395065
2021-02-04,1078230.8059743287
2021-02-05,1100090.8653358996
2021-02-08,1081417.2787771018
2021-02-09,1090245.8836664155
2021-02-10,1148970.919677359
2021-02-11,1130103.095832886
2021-02-12,1094029.254244864
2021-02-15,1084689.257956889
2021-02-16,1083004.0261575105
2021-02-17,1117023.2360390024
2021-02-18,1127866.855365496
2021-02-19,1152441.1450701018
2021-02-22,1138752.5549256224
2021-02-23,1139007.0820294775
2021-02-24,1146107.153263404
2021-02-25,1129802.9456651758
2021-02-26,1136711.6613911877
2021-03-01,1132052.133461689
2021-03-02,1137842.0595476744
2021-03-03,1110567.7734844799
2021-03-04,1071451.7394764891
2021-03-05,1099389.7438378676
2021-03-08,1101457.2805379606
2021-03-09,1100812.823632186
2021-03-10,1154665.2422332675
2021-03-11,1177435.3532538658
2021-03-12,1188497.4680783802
2021-03-15,1175974.8392886855
2021-03-16,1185507.5317069944
2021-03-17,1192210.8382087825
2021-03-18,1188475.5451779692
2021-03-19,1221322.0619040295
2021-03-22,1239975.7196823386
2021-03-23,1254746.8746328414
2021-03-24,1238362.2719728306
2021-03-25,1225039.1869825902
2021-03-26,1251925.788088805
2021-03-29,1259340.459061828
2021-03-30,1248977.5981545139
2021-03-31,1258388.7916674668
2021-04-01,1261301.3476193035
2021-04-02,1253804.3146363657
2021-04-05,1252099.5521351642
2021-04-06,1271711.269354193
2021-04-07,1281814.3532263406
2021-04-08,1264484.8793534967
2021-04-09,1250129.6349326205
2021-04-12,1259131.9620886045
2021-04-13,1237937.5975392966
2021-04-14,1243099.1969465318
2021-04-15,1242613.2822269178
2021-04-16,1216054.2657507528
2021-04-19,1166712.28834608
2021-04-20,1151167.1862118617
2021-04-21,1152785.6337138554
2021-04-22,1154533.00596614
2021-04-23,1182773.5993771746
2021-04-26,1184708.5801200601
2021-04-27,1184942.6168824218
2021-04-28,1194640.6724757385
2021-04-29,1186990.6620684047
2021-04-30,1226083.967436278
2021-05-03,1215093.8633838105
2021-05-04,1198049.7224337822
2021-05-05,1188812.0910311353
2021-05-06,1216542.6202172542
2021-05-07,1205734.7721671148
2021-05-10,1190822.3405551943
2021-05-11,1204946.5994929473
2021-05-12,1232246.5687592824
2021-05-13,1224450.715220606
2021-05-14,1241331.8225860617
2021-05-17,1228114.585718539
2021-05-18,1260776.7523587854
2021-05-19,1238000.0900623347
2021-05-20,1233218.9131290081
2021-05-21,1225012.5556878021
2021-05-24,1205950.8256626811
2021-05-25,1205419.0665614926
2021-05-26,1221236.5951879632
2021-05-27,1204304.3451276121
2021-05-28,1247443.1958930972
2021-05-31,1254139.9112597904
2021-06-01,1262870.3231231123
2021-06-02,1246511.313994947
2021-06-03,1246088.0758994631
2021-06-04,1267241.3599543092
2021-06-07,1245589.6955562462
2021-06-08,1231165.1813287507
2021-06-09,1213862.891289574
2021-06-10,1186506.4089914619
2021-06-11,1200923.4774847906
2021-06-14,1184537.9614153265
2021-06-15,1221048.364637541
2021-06-16,1194664.258419238
2021-06-17,1188130.9200841761
2021-06-18,1189901.8803991487
2021-06-21,1169609.3017181773
2021-06-22,1126175.0583116817
2021-06-23,1113771.4700747414
2021-06-24,1114009.4299816343
2021-06-25,1095808.773363663
2021-06-28,1101758.7535555128
2021-06-29,1066170.0143428345
2021-06-30,1072554.383874396
2021-07-01,1114377.318780819
2021-07-02,1134562.0939175307
2021-07-05,1155807.600556429
2021-07-06,1149130.6674526029
2021-07-07,1141060.2335869325
2021-07-08,1165154.8667618553
2021-07-09,1158908.033327626
2021-07-12,1173139.6931827944
2021-07-13,1153367.5561104435
2021-07-14,1162090.2034084226
2021-07-15,1166476.3692674562
2021-07-16,1121413.145385114
2021-07-19,1119719.390479395
2021-07-20,1131877.2516402449
2021-07-21,1143624.2217003827
2021-07-22,1151966.6333011277
2021-07-23,1179617.2094476293
2021-07-26,1178927.8693098
2021-07-27,1163498.027918162
2021-07-28,1183404.4665001456
2021-07-29,1230271.6744989436
2021-07-30,1223472.109630298
2021-08-02,1258101.275683407
2021-08-03,1254849.4857845183
2021-08-04,1222417.518615328
2021-08-05,1203585.3392647125
2021-08-06,1185758.2696011371
2021-08-09,1211654.8176995728
2021-08-10,1214679.0546011701
2021-08-11,1203422.5249818356
2021-08-12,1206932.933346931
2021-08-13,1238559.4143821436
2021-08-16,1237546.0494280846
2021-08-17,1222289.3884393817
2021-08-18,1230939.5353075499
2021-08-19,1213267.2890811432
2021-08-20,1225068.1746215927
2021-08-23,1247899.843674329
2021-08-24,1252834.9032394788
2021-08-25,1243855.2191838222
2021-08-26,1247267.2687509698
2021-08-27,1216507.5898038594
2021-08-30,1252205.1181945913
2021-08-31,1307503.6232419473
2021-09-01,1308714.8524637735
2021-09-02,1261625.3813461447
2021-09-03,1247051.380995649
2021-09-06,1215662.3133469108
2021-09-07,1175888.6193529817
2021-09-08,1173562.764643247
2021-09-09,1170750.7999837769
2021-09-10,1158161.3125429007
2021-09-13,1182171.8178616364
2021-09-14,1183626.1225161322
2021-09-15,1163554.6495802063
2021-09-16,1172982.4473992325
2021-09-17,1147197.0644750632
2021-09-20,1140560.3195769293
2021-09-21,1124173.2286529727
2021-09-22,1130804.1126275607
2021-09-23,1125927.0100742397
2021-09-24,1114789.5918575055
2021-09-27,1120738.2761643624
2021-09-28,1130926.1344397264
2021-09-29,1136537.1556317157
2021-09-30,1160321.284772682
2021-10-01,1139226.4512435275
2021-10-04,1148078.761961653
2021-10-05,1183965.5456530477
2021-10-06,1184874.7538504724
2021-10-07,1139158.617356381
2021-10-08,1159992.3872871455
2021-10-11,1156407.2915316126
2021-10-12,1170674.4860654173
2021-10-13,1177182.0230429817
2021-10-14,1191095.7384478196
2021-10-15,1218345.4398896708
2021-10-18,1221883.2576907943
2021-10-19,1240103.8525628033
2021-10-20,1212022.5225890512
2021-10-21,1193324.9486719195
2021-10-22,1191366.7633573092
2021-10-25,1226568.2785429314
2021-10-26,1209037.744178719
2021-10-27,1202120.5723936572
2021-10-28,1217328.4081235868
2021-10-29,1206482.8157002279
2021-11-01,1179175.8097065096
2021-11-02,1138642.8964037143
2021-11-03,1155555.4303887626
2021-11-04,1132815.9496958884
2021-11-05,1140544.1076229922
2021-11-08,1151776.453414531
2021-11-09,1131795.2525050452
2021-11-10,1141541.313165147
2021-11-11,1098840.9132942199
2021-11-12,1097161.1994594089
2021-11-15,1077247.6298365437
2021-11-16,1082243.838932899
2021-11-17,1086660.5189337847
2021-11-18,1090749.3312801705
2021-11-19,1103570.8976293316
2021-11-22,1091406.310784173
2021-11-23,1063754.876374513
2021-11-24,1040682.6196423011
2021-11-25,1060060.394191487
2021-11-26,1040786.6447588796
2021-11-29,1034706.8586605641
2021-11-30,1041822.1645543935
2021-12-01,1039302.8235769781
2021-12-02,1021341.5285592731
2021-12-03,983570.7110006803
2021-12-06,1000848.5852575627
2021-12-07,990883.2886431864
2021-12-08,962589.1487303458
2021-12-09,951879.5786868057
2021-12-10,953122.9168500026
2021-12-13,920288.0712730341
2021-12-14,922975.10170264
2021-12-15,923480.1136069377
2021-12-16,931421.0998708424
2021-12-17,931999.1203098121
2021-12-20,915757.1905728678
2021-12-21,889545.5281867892
2021-12-22,886691.7800285474
2021-12-23,878673.513495039
2021-12-24,903614.741857135
2021-12-27,899205.6114038904
2021-12-28,906145.457857568
2021-12-29,907360.1509287748
2021-12-30,879371.0585780108
2021-12-31,891696.7436489844
2022-01-03,884539.0226406226
2022-01-04,861953.5157850436
2022-01-05,868588.3937262137
2022-01-06,888365.6466591869
2022-01-07,886643.5146690053
2022-01-10,882315.1578468792
2022-01-11,872328.6250647531
2022-01-12,865770.6204733368
2022-01-13,883458.2894765179
2022-01-14,884923.3806958244
2022-01-17,891824.0853527266
2022-01-18,901273.3620115267
2022-01-19,855079.3831121109
2022-01-20,857753.3251024814
2022-01-21,866726.88126796
2022-01-24,870336.6948883542
2022-01-25,847469.7638648195
2022-01-26,835676.8884111196
2022-01-27,846015.0089578365
2022-01-28,852456.5556750777
2022-01-31,859400.4271836029
2022-02-01,841972.1357306717
2022-02-02,846203.7077684206
2022-02-03,868582.402598268
2022-02-04,869318.3180216018
2022-02-07,890738.3952384763
2022-02-08,904793.8825595733
2022-02-09,918390.5848980838
2022-02-10,907426.6166356123
2022-02-11,896966.4619284901
2022-02-14,886254.4221172272
2022-02-15,904790.6101817241
2022-02-16,925394.6858045859
2022-02-17,908361.3078784184
2022-02-18,887694.198595487
2022-02-21,889764.6137193865
2022-02-22,910988.6292540075
2022-02-23,915503.9769241331
2022-02-24,926057.3971265159
2022-02-25,934194.4908177524
2022-02-28,943995.8618031046
2022-03-01,941786.4928320396
2022-03-02,950008.4157732981
2022-03-03,961824.1970467594
2022-03-04,960019.3459238427
2022-03-07,989442.4428707678
2022-03-08,970852.7100365087
2022-03-09,964234.1009042383
2022-03-10,949824.8876338735
2022-03-11,968236.9473714102
2022-03-14,987344.9068317587
2022-03-15,974264.1836396125
2022-03-16,975639.930775761
2022-03-17,967832.5136980168
2022-03-18,944501.633635389
2022-03-21,930996.9400180997
2022-03-22,936573.5431035011
2022-03-23,946123.9051485116
2022-03-24,933862.3551331447
2022-03-25,933856.3275071194
2022-03-28,947761.9494540176
2022-03-29,971507.8542385736
2022-03-30,977632.1486208558
2022-03-31,963584.653952748
2022-04-01,936881.2962981986
2022-04-04,938084.9634203551
2022-04-05,932979.1328258992
2022-04-06,923381.8052213839
2022-04-07,912157.2755929647
2022-04-08,903148.0935099303
2022-04-11,905736.0021356791
2022-04-12,916837.4606879454
2022-04-13,903669.3071045306
2022-04-14,934319.9636680835
2022-04-15,958474.3406059257
2022-04-18,954403.5631125324
2022-04-19,959819.5507940855
2022-04-20,986355.6937900524
2022-04-21,970588.9815401951
2022-04-22,960166.7663008751
2022-04-25,949955.2631345459
2022-04-26,933188.9798707435
2022-04-27,945371.3193054805
2022-04-28,941930.2771698004
2022-04-29,943824.076532424
2022-05-02,945453.4674153657
2022-05-03,942338.7444458617
2022-05-04,968395.7916690914
2022-05-05,965801.4958871448
2022-05-06,951432.2536557134
2022-05-09,928607.3610225376
2022-05-10,917692.7813243351
2022-05-11,921026.9930502194
2022-05-12,924127.0622470813
2022-05-13,929150.6185994648
2022-05-16,922561.3271039351
2022-05-17,930075.6482679928
2022-05-18,937980.2658412087
2022-05-19,918423.637373364
2022-05-20,925294.7162264334
2022-05-23,932521.46455644
2022-05-24,928348.393899769
2022-05-25,947023.7943501917
2022-05-26,948359.9360101183
2022-05-27,936080.9891438729
2022-05-30,952317.5548084183
2022-05-31,983264.4017529166
2022-06-01,963670.081300428
2022-06-02,962870.624012856
2022-06-03,978554.5726650588
2022-06-06,989703.0917846488
2022-06-07,1008261.8547527194
2022-06-08,1032574.2779921835
2022-06-09,1000649.5748244819
2022-06-10,1013509.4286671358
2022-06-13,985038.8920161048
2022-06-14,969018.1520984301
2022-06-15,950863.0126314298
2022-06-16,959461.2218893484
2022-06-17,931873.7812863694
2022-06-20,933945.3060865407
2022-06-21,909473.5871314735
2022-06-22,942800.9127195505
2022-06-23,934324.6735104078
2022-06-24,934413.5329611531
2022-06-27,915325.703637715
2022-06-28,906291.5563039649
2022-06-29,928127.8409702751
2022-06-30,932571.7260647042
2022-07-01,913785.9880141084
2022-07-04,905951.4727758676
2022-07-05,903721.3396223027
2022-07-06,932818.6160594866
2022-07-07,931201.315942909
2022-07-08,938845.8703028428
2022-07-11,957055.6005432067
2022-07-12,999093.6526970632
2022-07-13,1011100.6814454806
2022-07-14,992334.2729641186
2022-07-15,975282.0908047921
2022-07-18,1005849.648595542
2022-07-19,1013619.8603789049
2022-07-20,979727.4284077304
2022-07-21,971156.4337362006
2022-07-22,963577.4576415499
2022-07-25,958044.0338877557
2022-07-26,969503.8631685729
2022-07-27,981597.4646750486
2022-07-28,1005797.9356510682
2022-07-29,972679.3002382496
2022-08-01,978197.7493378588
2022-08-02,974996.6309982857
2022-08-03,956977.0057124112
2022-08-04,971894.9317770124
2022-08-05,949403.2105167453
2022-08-08,926428.9061581609
2022-08-09,954084.6509011415
2022-08-10,961510.1619204243
2022-08-11,976204.4671084278
2022-08-12,999914.8002960512
2022-08-15,977636.270422719
2022-08-16,1002431.7538781066
2022-08-17,1004758.9866344663
2022-08-18,1014977.4717382855
2022-08-19,1030312.5517375271
2022-08-22,1042711.4845357004
2022-08-23,1036123.3958256841
2022-08-24,1036393.6023738657
2022-08-25,1039994.9889346006
2022-08-26,1060488.3667559954
2022-08-29,1019759.7452692349
2022-08-30,1046656.178395384
2022-08-31,1029870.4133037613
2022-09-01,1071637.8602603222
2022-09-02,1081620.9681456338
2022-09-05,1117009.2060715738
2022-09-06,1113152.114169406
2022-09-07,1149149.92920824
2022-09-08,1158650.5397988474
2022-09-09,1168180.2339514834
2022-09-12,1178621.5148189927
2022-09-13,1127670.544676083
2022-09-14,1098707.0389016008
2022-09-15,1067790.7087141012
2022-09-16,1070135.5242141257
2022-09-19,1066560.8175370973
2022-09-20,1083215.9017166637
2022-09-21,1090848.1899239535
2022-09-22,1116275.346393399
2022-09-23,1102917.8886541175
2022-09-26,1110668.0428598046
2022-09-27,1101386.0870190237
2022-09-28,1079152.7201183573
2022-09-29,1045822.8014537091
2022-09-30,1044555.9237598317
2022-10-03,1027790.5888414932
2022-10-04,1018414.6566371431
2022-10-05,1001348.6499801535
2022-10-06,982119.188529584
2022-10-07,1033856.1256698259
2022-10-10,1035039.3571591385
2022-10-11,1011175.5740621517
2022-10-12,1007953.2747720765
2022-10-13,1008623.739937031
2022-10-14,982435.2372175895
2022-10-17,1001668.9241235714
2022-10-18,985265.2408787205
2022-10-19,994809.7300308935
2022-10-20,986659.942095373
2022-10-21,972377.8067808636
2022-10-24,1030957.8100588073
2022-10-25,1019530.2183934734
2022-10-26,991682.9810085937
2022-10-27,982238.232562193
2022-10-28,964490.7584448393
2022-10-31,983494.0406464979
2022-11-01,991087.3153090049
2022-11-02,969778.7322587087
2022-11-03,1001070.2423697961
2022-11-04,996651.2505536934
2022-11-07,972975.3397868642
2022-11-08,992153.0810808479
2022-11-09,1003741.1406200859
2022-11-10,985120.4922994995
2022-11-11,964795.834511715
2022-11-14,961731.4445642263
2022-11-15,949731.812364802
2022-11-16,958918.3297638214
2022-11-17,963522.5088124112
2022-11-18,942559.5162368915
2022-11-21,923818.6034031031
2022-11-22,919303.2985757185
2022-11-23,940931.5323953306
2022-11-24,929700.8096052136
2022-11-25,939542.4879684857
2022-11-28,928223.543794782
2022-11-29,935237.3107003723
2022-11-30,925196.5485426608
2022-12-01,931926.9697438822
2022-12-02,916518.1174977444
2022-12-05,903721.6072972128
2022-12-06,935668.3263672098
2022-12-07,951082.8851808346
2022-12-08,929174.1138882309
2022-12-09,948778.9202103945
2022-12-12,945332.7572016934
2022-12-13,968360.4833706771
2022-12-14,944433.7246020951
2022-12-15,942148.634859047
2022-12-16,934205.4984772934
2022-12-19,921739.3893659123
2022-12-20,901813.3985437597
2022-12-21,933726.9103377181
2022-12-22,933048.0949042231
2022-12-23,927129.826032624
2022-12-26,899039.455873653
2022-12-27,917096.7245411635
2022-12-28,935625.1802686284
2022-12-29,932290.4337075674
2022-12-30,908791.8253406078
2023-01-02,917903.5959814822
2023-01-03,917510.6484520438
2023-01-04,893063.0307390331
2023-01-05,927381.8088692978
2023-01-06,939431.9434894244
2023-01-09,922250.9021943711
2023-01-10,908397.6173659883
2023-01-11,921207.2086077052
2023-01-12,941202.637808908
2023-01-13,951238.9791548811
2023-01-16,960229.0062211454
2023-01-17,953632.3258542599
2023-01-18,990464.8995761367
2023-01-19,985626.5346227204
2023-01-20,989910.8710490965
2023-01-23,997146.3706553336
2023-01-24,992394.8127647346
2023-01-25,1006973.3708694881
2023-01-26,1036308.8482667317
2023-01-27,995520.8948611608
2023-01-30,992174.5970288448
2023-01-31,1015697.7576712859
2023-02-01,1042693.972937805
2023-02-02,1034422.6998971277
2023-02-03,1047817.3126647059
2023-02-06,1052091.8044714683
2023-02-07,1055558.4240167155
2023-02-08,1044163.2260038333
2023-02-09,1064183.1183570996
2023-02-10,1088473.9524113606
2023-02-13,1121448.353938554
2023-02-14,1127727.4248887417
2023-02-15,1131405.148640049
2023-02-16,1155914.8148899295
2023-02-17,1229141.3286626742
2023-02-20,1225038.1586723127
2023-02-21,1224197.2648099463
2023-02-22,1265412.2306219882
2023-02-23,1240697.3301739604
2023-02-24,1185803.723553404
2023-02-27,1208526.3763059883
2023-02-28,1241025.6613272377
2023-03-01,1272805.4149285196
2023-03-02,1297832.4798490412
2023-03-03,1325629.3533152712
2023-03-06,1310524.0878561966
2023-03-07,1337412.520228196
2023-03-08,1314892.1585776752
2023-03-09,1279335.8095810285
2023-03-10,1275603.0812757104
2023-03-13,1247363.7482237562
2023-03-14,1223894.2709805805
2023-03-15,1210789.8995951563
2023-03-16,1202867.839071387
2023-03-17,1207280.7227538456
2023-03-20,1186122.8636853723
2023-03-21,1174349.491862217
2023-03-22,1172092.628622194
2023-03-23,1176509.4111561112
2023-03-24,1187745.720280177
2023-03-27,1205580.6247741403
2023-03-28,1211662.236365789
2023-03-29,1222751.1046270262
2023-03-30,1238885.47624939
2023-03-31,1239599.309221846
2023-04-03,1244827.420066365
2023-04-04,1225404.096130468
2023-04-05,1231658.1724662655
2023-04-06,1255001.9059535093
2023-04-07,1241146.8404795795
2023-04-10,1272389.5648295693
2023-04-11,1261599.233991184
2023-04-12,1287722.9692474613
2023-04-13,1328857.0585861155
2023-04-14,1335560.409996941
2023-04-17,1327246.5449136703
2023-04-18,1339334.1244779988
2023-04-19,1330826.3885395995
2023-04-20,1310146.199097954
2023-04-21,1336465.2627941833
2023-04-24,1291672.6354717698
2023-04-25,1314290.266813246
2023-04-26,1296901.925801821
2023-04-27,1320249.2601769238
2023-04-28,1309182.5281168004
2023-05-01,1354651.3195650026
2023-05-02,1343453.0269256358
2023-05-03,1290607.8147179382
2023-05-04,1362437.1552499423
2023-05-05,1364296.5540152492
2023-05-08,1362205.6037298208
2023-05-09,1362998.0153077287
2023-05-10,1356077.305254746
2023-05-11,1364435.4600191414
2023-05-12,1346684.8254546348
2023-05-15,1402386.5616580585
2023-05-16,1385663.9208987907
2023-05-17,1403151.0735448657
2023-05-18,1438968.4273455564
2023-05-19,1434173.5044076524
2023-05-22,1458221.257429322
2023-05-23,1444922.5836169438
2023-05-24,1419889.7871420404
2023-05-25,1400243.905477205
2023-05-26,1429278.7164559748
2023-05-29,1457959.3213317234
2023-05-30,1434962.3325795967
2023-05-31,1462874.5767514505
2023-06-01,1439837.6528004608
2023-06-02,1445564.964270486
2023-06-05,1465080.0214203245
2023-06-06,1411899.4885951285
2023-06-07,1428892.2631581933
2023-06-08,1421884.7600707738
2023-06-09,1384764.1998010415
2023-06-12,1402829.484949045
2023-06-13,1410951.9679617654
2023-06-14,1420876.7124816866
2023-06-15,1414378.176399899
2023-06-16,1397709.9511132853
2023-06-19,1365017.0245478982
2023-06-20,1359772.0644085754
2023-06-21,1334346.017505303
2023-06-22,1323957.780572146
2023-06-23,1334146.3990213757
2023-06-26,1354060.1863670214
2023-06-27,1364948.1364942023
2023-06-28,1372408.9717356388
2023-06-29,1365906.7964374293
2023-06-30,1390046.0741734097
2023-07-03,1420519.8228090596
2023-07-04,1408128.3537017615
2023-07-05,1397290.033361232
2023-07-06,1372845.7529795659
2023-07-07,1365721.782805519
2023-07-10,1355192.344737261
2023-07-11,1404733.8847924971
2023-07-12,1440286.291802349
2023-07-13,1405392.7092925909
2023-07-14,1425706.1676275148
2023-07-17,1419784.9560851802
2023-07-18,1375688.6640019135
2023-07-19,1382349.966692037
2023-07-20,1365548.425418744
2023-07-21,1373500.091289022
2023-07-24,1386871.8361758
2023-07-25,1370726.2525221398
2023-07-26,1408885.629448982
2023-07-27,1412649.345425729
2023-07-28,1392832.4368153706
2023-07-31,1352151.6787633426
2023-08-01,1408388.9499783504
2023-08-02,1388181.340711288
2023-08-03,1390024.474179933
2023-08-04,1397464.287009108
2023-08-07,1420528.4450662835
2023-08-08,1386098.599981741
2023-08-09,1325938.6215210475
2023-08-10,1328586.520359429
2023-08-11,1292896.0802473526
2023-08-14,1286290.275823149
2023-08-15,1335603.5833910187
2023-08-16,1321131.8895562105
2023-08-17,1337432.2533493047
2023-08-18,1310419.9481237626
2023-08-21,1383721.3505919476
2023-08-22,1374077.1053442543
2023-08-23,1383958.5317663364
2023-08-24,1380267.2893720558
2023-08-25,1364824.3883136672
2023-08-28,1391535.8396712623
2023-08-29,1385427.3746884866
2023-08-30,1362061.058067539
2023-08-31,1348383.0195882325
2023-09-01,1340437.026608114
2023-09-04,1342222.1623084368
2023-09-05,1344987.0973117729
2023-09-06,1324400.2824578395
2023-09-07,1311343.8187888265
2023-09-08,1361091.5404982578
2023-09-11,1353732.5682908176
2023-09-12,1386728.5292392322
2023-09-13,1374444.3787200667
2023-09-14,1382192.954313699
2023-09-15,1365158.935447576
2023-09-18,1315303.311678459
2023-09-19,1300669.8230742302
2023-09-20,1320199.6633182785
2023-09-21,1349547.5378236484
2023-09-22,1374640.5466792507
2023-09-25,1359062.4109555588
2023-09-26,1349149.4015550027
2023-09-27,1319313.3563125369
2023-09-28,1324047.3383436108
2023-09-29,1341994.8947980732
2023-10-02,1345528.5209642886
2023-10-03,1325256.8749900865
2023-10-04,1332964.1338457533
2023-10-05,1333281.7217227446
2023-10-06,1343018.7228035764
2023-10-09,1336532.1160425856
2023-10-10,1339525.687767998
2023-10-11,1320020.3363690288
2023-10-12,1298115.6525021268
2023-10-13,1237534.44387546
2023-10-16,1240667.024097072
2023-10-17,1242652.396577194
2023-10-18,1219357.2751706669
2023-10-19,1252644.46133301
2023-10-20,1279348.7789566526
2023-10-23,1318665.732649933
2023-10-24,1314500.9409743017
2023-10-25,1307105.8484872128
2023-10-26,1313801.260691406
2023-10-27,1335154.2961230292
2023-10-30,1371431.0559319183
2023-10-31,1346532.5402456415
2023-11-01,1341380.8565093814
2023-11-02,1291547.9060978754
2023-11-03,1284451.8735608028
2023-11-06,1305219.2961778357
2023-11-07,1320923.9171572675
2023-11-08,1378438.1694753151
2023-11-09,1395012.2034329863
2023-11-10,1383474.234374218
2023-11-13,1363712.229348393
2023-11-14,1369630.8225774379
2023-11-15,1411089.7000350582
2023-11-16,1378290.294467713
2023-11-17,1353649.2501448826
2023-11-20,1355005.6774021224
2023-11-21,1345953.929858274
2023-11-22,1367568.687730772
2023-11-23,1355350.4010033272
2023-11-24,1355876.0176926379
2023-11-27,1354996.3255422027
2023-11-28,1359786.474296355
2023-11-29,1393732.1119776203
2023-11-30,1360369.593266361
2023-12-01,1317198.6281825604
2023-12-04,1281043.7262710338
2023-12-05,1273630.420947634
2023-12-06,1275751.8791050497
2023-12-07,1287753.461649098
2023-12-08,1294576.244400862
2023-12-11,1297065.5889834922
2023-12-12,1254784.3422928152
2023-12-13,1239115.1920632476
2023-12-14,1248342.1278175511
2023-12-15,1219718.0201009985
2023-12-18,1208332.346054974
2023-12-19,1198159.0475437255
2023-12-20,1208396.3437652383
2023-12-21,1188459.32573749
2023-12-22,1151913.5628608642
2023-12-25,1143577.317912877
2023-12-26,1136951.9362679173
2023-12-27,1153868.6984775795
2023-12-28,1140587.762179449
2023-12-29,1135140.082319471
2024-01-01,1123787.119862819
2024-01-02,1113291.5503968436
2024-01-03,1155840.445881661
2024-01-04,1102626.0138289575
2024-01-05,1114026.018351872
2024-01-08,1097268.93607607
2024-01-09,1098193.5219143573
2024-01-10,1067010.0127374167
2024-01-11,1070304.7923859688
2024-01-12,1053917.1448222366
2024-01-15,1064200.2767355437
2024-01-16,1090512.7447677054
2024-01-17,1065171.1226730999
2024-01-18,1033642.9238002135
2024-01-19,1055013.7842944802
2024-01-22,1092867.054455802
2024-01-23,1092428.5531589265
2024-01-24,1051123.2790953899
2024-01-25,1020841.1924819341
2024-01-26,1038325.3369457534
2024-01-29,1071742.3424725663
2024-01-30,1068676.89929787
2024-01-31,1041949.3716745225
2024-02-01,1063636.825853695
2024-02-02,1036850.1504169141
2024-02-05,1023375.599777898
2024-02-06,1011040.2988558396
2024-02-07,998668.633096077
2024-02-08,1008094.9015142531
2024-02-09,989771.0245029734
2024-02-12,991937.8557733566
2024-02-13,1011405.3281213077
2024-02-14,1031282.9797675806
2024-02-15,1056541.088936718
2024-02-16,1048768.928880268
2024-02-19,1015863.6776579358
2024-02-20,1018869.4837581498
2024-02-21,1022598.7290894462
2024-02-22,1027509.8714809705
2024-02-23,1019730.1625045531
2024-02-26,1027793.6559238266
2024-02-27,1008128.7864870725
2024-02-28,1022880.0198850738
2024-02-29,1056167.704042469
2024-03-01,1058403.045255232
2024-03-04,1059076.1514600313
2024-03-05,1071162.039256756
2024-03-06,1081675.6915206094
2024-03-07,1092733.3034541602
2024-03-08,1096506.3599834517
2024-03-11,1090585.222971025
2024-03-12,1122195.3359386139
2024-03-13,1097557.4798927298
2024-03-14,1120102.0168520205
2024-03-15,1102363.0822624646
2024-03-18,1111726.655107487
2024-03-19,1092183.8009915901
2024-03-20,1061371.1043506195
2024-03-21,1041128.212956596
2024-03-22,1022435.3921238789
2024-03-25,1047341.3932566898
2024-03-26,1035433.9684541312
2024-03-27,1021773.6833593661
2024-03-28,1003190.1618375423
2024-03-29,1002142.6857148386
2024-04-01,1001216.6465124865
2024-04-02,1011021.3547453142
2024-04-03,997728.2183782841
2024-04-04,975462.6504877971
2024-04-05,973764.1608542127
2024-04-08,988818.5532157355
2024-04-09,1001828.4608761821
2024-04-10,983316.9533953237
2024-04-11,973844.2426241264
2024-04-12,979221.2236667958
2024-04-15,968348.8859032175
2024-04-16,943291.7266636254
2024-04-17,946093.0443671423
2024-04-18,939410.2327186042
2024-04-19,943938.461562138
2024-04-22,958113.5247023172
2024-04-23,949011.4960598135
2024-04-24,929006.2685998328
2024-04-25,915694.1217141437
2024-04-26,928215.0794906338
2024-04-29,929380.2982882638
2024-04-30,942146.6139864924
2024-05-01,935717.366265598
2024-05-02,947936.9454686646
2024-05-03,939175.9849448573
2024-05-06,927834.8029491167
2024-05-07,927282.7625871073
2024-05-08,924775.5186092256
2024-05-09,920328.5790795331
2024-05-10,920776.6067253599
2024-05-13,936531.6952217573
2024-05-14,924718.2191068336
2024-05-15,895270.9598349689
2024-05-16,901671.0744906991
2024-05-17,932766.500649201
2024-05-20,950428.011556096
2024-05-21,929601.7257095102
2024-05-22,936935.5508159363
2024-05-23,955778.9337038049
2024-05-24,971163.1936997683
2024-05-27,1003595.9975420603
2024-05-28,1018893.7800836415
2024-05-29,968101.3534381302
2024-05-30,977954.8881403129
2024-05-31,963987.8203358528
2024-06-03,947552.3394327973
2024-06-04,918082.2075278825
2024-06-05,896572.8092483988
2024-06-06,890221.4887483855
2024-06-07,907831.2881251891
2024-06-10,926595.9604362354
2024-06-11,937539.778984239
2024-06-12,958603.1472604219
2024-06-13,951332.7853621346
2024-06-14,936513.8414373241
2024-06-17,969387.0534274491
2024-06-18,977303.6465950122
2024-06-19,970696.7287860259
2024-06-20,983743.6372839368
2024-06-21,970113.4174394083
2024-06-24,998185.0221718451
2024-06-25,974299.3379241282
2024-06-26,964438.3233988732
2024-06-27,960882.0343530099
2024-06-28,957125.827537044
2024-07-01,935184.7927279365
2024-07-02,949729.595758889
2024-07-03,960337.1527322929
2024-07-04,961104.0673846473
2024-07-05,971087.2241312814
2024-07-08,962679.4082629867
2024-07-09,979683.2411343354
2024-07-10,969290.7847219033
2024-07-11,950366.7671179668
2024-07-12,947121.8703264728
2024-07-15,943569.7092728321
2024-07-16,949543.2678211061
2024-07-17,961251.0162345889
2024-07-18,991411.6378433177
2024-07-19,967518.4914623237
2024-07-22,939683.1608276063
2024-07-23,944563.3544610541
2024-07-24,967477.0635265259
2024-07-25,986000.8414809281
2024-07-26,984307.8109003573
2024-07-29,980294.5714038697
2024-07-30,975409.3217987256
2024-07-31,1007848.5428041897
2024-08-01,1004459.6747255058
2024-08-02,1010855.1826043914
2024-08-05,989014.5150968621
2024-08-06,1006278.7831877159
2024-08-07,1004435.8235817426
2024-08-08,1000218.1282716552
2024-08-09,995414.1928075855
2024-08-12,993684.8121334126
2024-08-13,1044660.720891068
2024-08-14,1057122.9327160602
2024-08-15,1070719.0471988223
2024-08-16,1056826.2343533868
2024-08-19,1030804.8989677151
2024-08-20,992038.4788313704
2024-08-21,982265.0632413513
2024-08-22,986069.4688549839
2024-08-23,991014.1352516622
2024-08-26,965919.8353371958
2024-08-27,978225.0418564625
2024-08-28,969111.4633270208
2024-08-29,990067.0345594088
2024-08-30,986314.0059613343
2024-09-02,987986.1454232197
2024-09-03,975806.3987381494
2024-09-04,964601.2691274821
2024-09-05,966137.216444847
2024-09-06,977196.7964967455
2024-09-09,991005.7763722955
2024-09-10,979307.5060673082
2024-09-11,958404.7309191064
2024-09-12,966734.7694106328
2024-09-13,990474.793685394
2024-09-16,982658.0846800117
2024-09-17,976065.4893470884
2024-09-18,969223.1176674678
2024-09-19,976131.669815353
2024-09-20,994217.9976639571
2024-09-23,978500.7413673473
2024-09-24,987266.9750229021
2024-09-25,1014340.4598747948
2024-09-26,1026467.6945243495
2024-09-27,1013431.5005549594
2024-09-30,988301.4128482506
2024-10-01,990126.2063720924
2024-10-02,1015858.2316801326
2024-10-03,1031903.4523922174
2024-10-04,1060474.4320516994
2024-10-07,1054864.5678030816
2024-10-08,1057457.7914351323
2024-10-09,1043550.2971019122
2024-10-10,1055447.8037754474
2024-10-11,1053206.962005878
2024-10-14,1039809.333855558
2024-10-15,1034072.8934607209
2024-10-16,1046199.0721154325
2024-10-17,1064513.895923506
2024-10-18,1081332.6877017398
2024-10-21,1129534.1632572932
2024-10-22,1146888.603786233
2024-10-23,1129910.3354697288
2024-10-24,1154084.8312507125
2024-10-25,1138500.5284429786
2024-10-28,1118165.4763981085
2024-10-29,1134819.8772812868
2024-10-30,1124941.1609239667
2024-10-31,1127175.5168444111
2024-11-01,1119059.6923548032
2024-11-04,1117385.4723004117
2024-11-05,1085131.2066287834
2024-11-06,1104974.4841503897
2024-11-07,1131818.1138495975
2024-11-08,1129170.4849377098
2024-11-11,1157163.6240433033
2024-11-12,1177663.5551183713
2024-11-13,1205861.7114778187
2024-11-14,1241055.4875747403
2024-11-15,1216565.8743861434
2024-11-18,1237212.9891401497
2024-11-19,1236689.6464883382
2024-11-20,1256475.7085842201
2024-11-21,1253295.142400614
2024-11-22,1303693.0028767074
2024-11-25,1346343.322587848
2024-11-26,1349180.1219092968
2024-11-27,1363212.6495238813
2024-11-28,1372116.1144147643
2024-11-29,1381723.4607223524
2024-12-02,1408426.9093840607
2024-12-03,1387348.0014151433
2024-12-04,1355555.949681915
2024-12-05,1386539.0456477886
2024-12-06,1398576.6576698378
2024-12-09,1390609.4458043925
2024-12-10,1377127.7644782737
2024-12-11,1344128.5037087845
2024-12-12,1340596.256963904
2024-12-13,1302683.5875922914
2024-12-16,1309049.3390317596
2024-12-17,1318779.0508287975
2024-12-18,1305857.9827060378
2024-12-19,1332820.8519863104
2024-12-20,1353969.283381401
2024-12-23,1361599.9260254062
2024-12-24,1346077.7300240581
2024-12-25,1332881.6331469694
2024-12-26,1312858.979438158
2024-12-27,1269591.0929928492
2024-12-30,1271897.136469432
2024-12-31,1290772.9896742918
2025-01-01,1257822.2985915733
2025-01-02,1267783.093718216
2025-01-03,1263893.6880212375
2025-01-06,1268162.5883472736
2025-01-07,1286345.0231404677
2025-01-08,1309532.6666882557
2025-01-09,1295090.1611117187
2025-01-10,1314163.5138820487
2025-01-13,1305732.9811940326
2025-01-14,1248052.5519578587
2025-01-15,1296090.3712591587
2025-01-16,1298232.7002608557
2025-01-17,1291976.608272173
2025-01-20,1324958.203683811
2025-01-21,1337133.6869921482
2025-01-22,1324794.8802712397
2025-01-23,1331028.1970376193
2025-01-24,1340039.846514206
2025-01-27,1336325.2866388839
2025-01-28,1281122.6960100331
2025-01-29,1285658.263985721
2025-01-30,1264964.8015507997
2025-01-31,1242196.5970001249
2025-02-03,1244177.7492495326
2025-02-04,1294542.816802661
2025-02-05,1267735.868639325
2025-02-06,1275761.6595833292
2025-02-07,1242903.1661319067
2025-02-10,1208070.6841975092
2025-02-11,1200898.3492112085
2025-02-12,1221888.7289171822
2025-02-13,1228940.557385011
2025-02-14,1236057.7996429715
2025-02-17,1264558.3136131144
2025-02-18,1276643.623103826
2025-02-19,1264003.423698591
2025-02-20,1243188.9257138788
2025-02-21,1237118.7325133495
2025-02-24,1245812.293366864
2025-02-25,1239224.4949940206
2025-02-26,1234660.224843824
2025-02-27,1222946.0496269201
2025-02-28,1206007.6537236297
2025-03-03,1180831.6143503145
2025-03-04,1164673.3958176372
2025-03-05,1203585.1299683156
2025-03-06,1228059.0427820985
2025-03-07,1260022.3885874928
2025-03-10,1263520.955084406
2025-03-11,1261545.9078811363
2025-03-12,1281113.1321770651
2025-03-13,1273250.6777237526
2025-03-14,1300722.0143764908
2025-03-17,1304730.5354889994
2025-03-18,1324525.8587855895
2025-03-19,1306939.823600293
2025-03-20,1351632.45862012
2025-03-21,1357681.5456290515
2025-03-24,1375154.4824861563
2025-03-25,1357695.5666930408
2025-03-26,1341816.4241353902
2025-03-27,1359926.8733128808
2025-03-28,1321046.547790723
2025-03-31,1352092.2336685467
2025-04-01,1338585.916934276
2025-04-02,1363151.9723840067
2025-04-03,1348050.9275096168
2025-04-04,1347899.872465136
2025-04-07,1350935.6919332845
2025-04-08,1374514.9755741898
2025-04-09,1354376.2995725796
2025-04-10,1368965.2825657025
2025-04-11,1377268.8388581849
2025-04-14,1397704.6333987142
2025-04-15,1377694.3372102433
2025-04-16,1378774.9629428752
2025-04-17,1361518.9677186857
2025-04-18,1353137.8204197972
2025-04-21,1380625.0265958067
2025-04-22,1411600.1296472673
2025-04-23,1389022.3799817348
2025-04-24,1385941.1829149404
2025-04-25,1385080.1016551664
2025-04-28,1362477.7507143428
2025-04-29,1353795.6882705088
2025-04-30,1328720.405340747
2025-05-01,1343078.059953926
2025-05-02,1321033.356347878
2025-05-05,1356133.4733534874
2025-05-06,1309681.5675527232
2025-05-07,1324109.4759360238
2025-05-08,1339528.2796269055
2025-05-09,1324628.7988790246
2025-05-12,1285288.0606273015
2025-05-13,1290097.9939173197
2025-05-14,1262526.6534164022
2025-05-15,1288268.6189534809
2025-05-16,1291445.7019404587
2025-05-19,1291691.363004356
2025-05-20,1294866.1721461362
2025-05-21,1313157.2039644602
2025-05-22,1313206.427747731
2025-05-23,1326830.6031145456
2025-05-26,1336166.0232477493
2025-05-27,1324222.900942452
2025-05-28,1351381.683369979
2025-05-29,1391448.1158920687
2025-05-30,1420084.7465688006
2025-06-02,1423701.3953465754
2025-06-03,1441780.3021429281
2025-06-04,1414869.8820910756
2025-06-05,1394529.3583339239
2025-06-06,1373036.022647542
2025-06-09,1359118.2350491502
2025-06-10,1380055.6163310118
2025-06-11,1360133.212800383
2025-06-12,1344974.9933895855
2025-06-13,1309256.4861115841
2025-06-16,1293355.1180682252
2025-06-17,1255450.7283747818
2025-06-18,1275947.774324825
2025-06-19,1272547.1599950488
2025-06-20,1294128.329790964
2025-06-23,1326432.2497387747
2025-06-24,1337851.6339555094
2025-06-25,1346108.606846485
2025-06-26,1349520.6934483862
2025-06-27,1339386.6831875462
2025-06-30,1288393.7996190712
2025-07-01,1292819.3845788708
2025-07-02,1276925.0765319462
2025-07-03,1254562.0423319885
2025-07-04,1241772.6144900916
2025-07-07,1241410.5671309438
2025-07-08,1257102.4492432442
2025-07-09,1235128.0089125594
2025-07-10,1207739.406827932
2025-07-11,1231443.8017240828
2025-07-14,1243883.1004970632
2025-07-15,1261953.9375422678
2025-07-16,1255983.5916851708
2025-07-17,1225279.1224561103
2025-07-18,1254849.5779404936
2025-07-21,1283282.2403385476
2025-07-22,1269765.2902642062
2025-07-23,1279415.2014745937
2025-07-24,1304911.8870603803
2025-07-25,1364577.6538787952
2025-07-28,1394690.1560600922
2025-07-29,1409036.5408787872
2025-07-30,1404097.4953636462
2025-07-31,1393232.012922197
2025-08-01,1392312.2233848535
2025-08-04,1376516.4269782098
2025-08-05,1392921.3135486913
2025-08-06,1397193.5422903348
2025-08-07,1392134.3013665706
2025-08-08,1368014.1792758352
2025-08-11,1371624.4150360648
2025-08-12,1364325.4082311708
2025-08-13,1374807.5840920454
2025-08-14,1352694.0735607182
2025-08-15,1370170.5907432875
2025-08-18,1368365.7912194692
2025-08-19,1417188.7690427445
2025-08-20,1399079.2605547288
2025-08-21,1450477.9691272017
2025-08-22,1529274.4307957424
2025-08-25,1530107.8128896179
2025-08-26,1588971.8357666596
2025-08-27,1623802.937354542
2025-08-28,1591131.864295471
2025-08-29,1577643.5253276306
2025-09-01,1609162.076026694
2025-09-02,1620815.3658985938
2025-09-03,1649367.3854363002
2025-09-04,1665178.046152578
2025-09-05,1712599.3499612724
2025-09-08,1708604.2319036194
2025-09-09,1679872.6792057592
2025-09-10,1663186.3505210145
2025-09-11,1665609.5058430815
2025-09-12,1642046.0231814692
2025-09-15,1644330.8459159269
2025-09-16,1641275.5347105903
2025-09-17,1635185.0557645755
2025-09-18,1637004.2382922284
2025-09-19,1628684.3897370659
2025-09-22,1660840.7807957027
2025-09-23,1666903.5793065464
2025-09-24,1693134.0817993477
2025-09-25,1653157.2327220582
2025-09-26,1657022.0616407748
2025-09-29,1645976.7944195599
2025-09-30,1592376.2330613132
2025-10-01,1654592.969191839
2025-10-02,1618966.5315710776
2025-10-03,1645921.2840374566
2025-10-06,1671256.0912971413
2025-10-07,1709303.6722616632
2025-10-08,1698980.8659324844
2025-10-09,1625941.440201731
2025-10-10,1647431.2572658597
2025-10-13,1647449.571255368
2025-10-14,1670121.9444576385
2025-10-15,1668624.551546394
2025-10-16,1710958.480025136
2025-10-17,1730305.0540026498
2025-10-20,1722900.078161826
2025-10-21,1802346.941617351
2025-10-22,1786881.7598373157
2025-10-23,1721751.9218088763
2025-10-24,1729000.1408667795
2025-10-27,1747589.7929730434
2025-10-28,1769271.9388714936
2025-10-29,1756042.9996261827
2025-10-30,1759328.6422397185
2025-10-31,1736748.249325137
2025-11-03,1727561.5179867756
2025-11-04,1752018.7834020504
2025-11-05,1739490.9601102197
2025-11-06,1765812.8550069572
2025-11-07,1761814.32639231
2025-11-10,1768364.3483016903
2025-11-11,1761920.1748260963
2025-11-12,1802243.679839122
2025-11-13,1809795.9804956655
2025-11-14,1788298.125829386
2025-11-17,1796030.3279367483
2025-11-18,1838273.2162270388
2025-11-19,1850776.3853093479
2025-11-20,1819799.8531076573
2025-11-21,1798926.5361879538
2025-11-24,1769436.4131738094
2025-11-25,1816508.5688780453
2025-11-26,1825845.0071719843
2025-11-27,1858057.876663085
2025-11-28,1889077.8060149928
2025-12-01,1881401.9489550726
2025-12-02,1922182.3498667108
2025-12-03,1921525.022225446
2025-12-04,1935873.7528854862
2025-12-05,1870102.0763123247
2025-12-08,1869565.4760295975
2025-12-09,1858345.1610921584
2025-12-10,1835364.8982747805
2025-12-11,1844321.1391550153
2025-12-12,1804938.9086617064
2025-12-15,1798184.4489265298
2025-12-16,1719477.8620599285
2025-12-17,1714018.314827605
2025-12-18,1694117.2639588697
2025-12-19,1748793.971137471
2025-12-22,1755883.13295175
2025-12-23,1775917.2264281742
2025-12-24,1686255.113978272
2025-12-25,1674101.9570476196
2025-12-26,1640322.9651904586
2025-12-29,1680255.723168341
2025-12-30,1710439.4747738317
2025-12-31,1714970.1176640838
