date,price
1950-01-03,16.063609855325677
1950-01-04,16.3143196681779
1950-01-05,16.031570221919786
1950-01-06,16.310450740937625
1950-01-09,16.308931132432143
1950-01-10,16.185132827138208
1950-01-11,16.061795904664077
1950-01-12,15.894853249088435
1950-01-13,15.865372565033514
1950-01-16,16.004305023402242
1950-01-17,16.104172297458987
1950-01-18,16.21345166808197
1950-01-19,15.947038908920213
1950-01-20,15.704441060908174
1950-01-23,15.956425076299572
1950-01-24,16.117899552465314
1950-01-25,16.479918315540832
1950-01-26,16.686845697225912
1950-01-27,16.523057222839668
1950-01-30,16.743155324860727
1950-01-31,16.85510334491254
1950-02-01,16.89777116246608
1950-02-02,16.766167156385457
1950-02-03,16.773005830858935
1950-02-06,16.75473343240137
1950-02-07,16.91136975759483
1950-02-08,16.93887255619104
1950-02-09,17.21598979175076
1950-02-10,17.089662242870833
1950-02-13,17.17688799661934
1950-02-14,17.269348772767522
1950-02-15,17.127233473703818
1950-02-16,16.93253868902187
1950-02-17,17.111537301620125
1950-02-20,17.2068461519985
1950-02-21,17.185436067460586
1950-02-22,17.25990115570163
1950-02-23,17.150246017737885
1950-02-24,17.197705961401677
1950-02-27,17.100449225156378
1950-02-28,17.139275081385925
1950-03-01,17.31569841602173
1950-03-02,17.26354772313454
1950-03-03,17.417491302801093
1950-03-06,17.244839773803676
1950-03-07,17.201697098697245
1950-03-08,16.974982143533918
1950-03-09,16.96436149058864
1950-03-10,16.98416265816725
1950-03-13,16.957134756837682
1950-03-14,16.91823302706606
1950-03-15,17.153013365171088
1950-03-16,17.405596509271096
1950-03-17,17.201825001349352
1950-03-20,17.411599601086795
1950-03-21,17.120660177229347
1950-03-22,17.00183261648459
1950-03-23,16.97881997130493
1950-03-24,17.00414757473016
1950-03-27,16.833368261021903
1950-03-28,16.71854253218101
1950-03-29,16.73772197251175
1950-03-30,16.62837786382723
1950-03-31,16.528377262729947
1950-04-03,16.645191439996918
1950-04-04,16.807388524285155
1950-04-05,16.803682058268514
1950-04-06,16.813128030794985
1950-04-07,16.816222247604497
1950-04-10,16.746330297497398
1950-04-11,16.667241654093917
1950-04-12,16.501441974985074
1950-04-13,16.61509561835006
1950-04-14,16.607427914820164
1950-04-17,16.59092179661475
1950-04-18,16.63054545589207
1950-04-19,16.72538860304183
1950-04-20,16.971206718213498
1950-04-21,16.931278792994856
1950-04-24,16.869900605830566
1950-04-25,16.91019576641479
1950-04-26,16.77419532865197
1950-04-27,16.99545600321082
1950-04-28,17.160126304685683
1950-05-01,17.286186287797367
1950-05-02,17.27208392991292
1950-05-03,17.406912096282863
1950-05-04,17.59736933760218
1950-05-05,17.692281683762364
1950-05-08,17.64952117182965
1950-05-09,17.361201609599135
1950-05-10,17.533047830612492
1950-05-11,17.477861761031765
1950-05-12,17.337689125452076
1950-05-15,17.499436455420597
1950-05-16,17.56538830530394
1950-05-17,17.32450594391294
1950-05-18,17.313934054434373
1950-05-19,17.273944599025395
1950-05-22,17.452892456279393
1950-05-23,17.131762101087862
1950-05-24,17.072322174997353
1950-05-25,17.0552158984809
1950-05-26,17.305512266535032
1950-05-29,17.12554451749425
1950-05-30,16.63563133450517
1950-05-31,16.413211300091145
1950-06-01,16.462700978263314
1950-06-02,16.602830555727166
1950-06-05,16.89957750521181
1950-06-06,16.973918722026028
1950-06-07,16.844679834532958
1950-06-08,17.000772190941074
1950-06-09,17.00535319934263
1950-06-12,16.977664192142047
1950-06-13,16.987098337078464
1950-06-14,17.211536661159496
1950-06-15,17.06356487743465
1950-06-16,16.89615715197449
1950-06-19,16.891338700294373
1950-06-20,16.886513542316152
1950-06-21,16.755904469618173
1950-06-22,16.615502360606765
1950-06-23,16.684709952359913
1950-06-26,16.91585046405019
1950-06-27,17.04336534014558
1950-06-28,17.167056191281066
1950-06-29,17.388856730265264
1950-06-30,17.052551762103537
1950-07-03,16.803321708955156
1950-07-04,16.691550039279697
1950-07-05,16.49952337715911
1950-07-06,16.343291658173747
1950-07-07,16.360931333845738
1950-07-10,16.1582759392274
1950-07-11,16.092887276206813
1950-07-12,15.773413667550027
1950-07-13,15.62646728993708
1950-07-14,15.844169482100313
1950-07-17,15.7643746563965
1950-07-18,15.821567079684835
1950-07-19,15.94006189646839
1950-07-20,15.868032215896001
1950-07-21,15.966254164373696
1950-07-24,16.00662554443453
1950-07-25,16.12477299913349
1950-07-26,16.028706282645366
1950-07-27,15.805524711148971
1950-07-28,15.650742269905495
1950-07-31,15.570065294098216
1950-08-01,15.659667632628597
1950-08-02,15.633645842314756
1950-08-03,15.577340299064131
1950-08-04,15.555285736848823
1950-08-07,15.733277706288206
1950-08-08,15.648938376605644
1950-08-09,15.893280280279155
1950-08-10,15.70533506292591
1950-08-11,15.618531341340267
1950-08-14,15.75862985096401
1950-08-15,15.846464428613492
1950-08-16,15.717446197424447
1950-08-17,15.706285432958762
1950-08-18,15.601260012479628
1950-08-21,15.740576894237416
1950-08-22,15.831779809504333
1950-08-23,15.725257966206938
1950-08-24,15.793840792007963
1950-08-25,15.741941450107948
1950-08-28,15.73660322761914
1950-08-29,15.752759606637484
1950-08-30,15.670110697072682
1950-08-31,15.74283267494221
1950-09-01,15.821472199827799
1950-09-04,15.895043546204443
1950-09-05,16.077708237443726
1950-09-06,16.04017190453456
1950-09-07,15.810080232244015
1950-09-08,15.73892598538108
1950-09-11,15.77654549564017
1950-09-12,15.78601200805864
1950-09-13,15.883663248663092
1950-09-14,16.01835561081847
1950-09-15,16.00561169011486
1950-09-18,15.994032597009282
1950-09-19,15.842902601344253
1950-09-20,16.01350725980808
1950-09-21,15.977367731501644
1950-09-22,15.811224942992009
1950-09-25,15.641949698895752
1950-09-26,15.583127066989285
1950-09-27,15.833417256007955
1950-09-28,15.962275953206143
1950-09-29,15.700110696732496
1950-10-02,15.68667488705525
1950-10-03,15.734113900301896
1950-10-04,15.839024315533479
1950-10-05,15.899591487774272
1950-10-06,15.80404628421037
1950-10-09,15.875306715751961
1950-10-10,15.793577335989339
1950-10-11,15.449503631752584
1950-10-12,15.346205436771285
1950-10-13,15.247088510812324
1950-10-16,15.399035192059618
1950-10-17,15.568426240533514
1950-10-18,15.412395836599842
1950-10-19,15.445090805403202
1950-10-20,15.464894102478004
1950-10-23,15.25023028465027
1950-10-24,14.945992997768702
1950-10-25,14.937810005662733
1950-10-26,14.96389081975575
1950-10-27,14.88079863265905
1950-10-30,14.488279823631752
1950-10-31,14.489513701175323
1950-11-01,14.41139187169572
1950-11-02,14.28921322486495
1950-11-03,14.24837781352126
1950-11-06,14.093835393609593
1950-11-07,14.178346734354767
1950-11-08,14.185239633822068
1950-11-09,14.111462285899455
1950-11-10,14.156673258497865
1950-11-13,14.15750849539318
1950-11-14,13.949491514326796
1950-11-15,13.934692437461031
1950-11-16,13.876406502662045
1950-11-17,13.642130937242216
1950-11-20,13.558619119805723
1950-11-21,13.621723630556485
1950-11-22,13.542743758688236
1950-11-23,13.73992683998355
1950-11-24,13.980564659757317
1950-11-27,13.943098754144026
1950-11-28,14.025807382547923
1950-11-29,14.313534291522334
1950-11-30,14.27158187294973
1950-12-01,14.149237101569947
1950-12-04,14.094961422528772
1950-12-05,13.907874257349345
1950-12-06,13.726706587360718
1950-12-07,13.760605551206513
1950-12-08,13.708584955150675
1950-12-11,13.747633403715087
1950-12-12,13.820188174001348
1950-12-13,13.720173573930465
1950-12-14,13.698724823912844
1950-12-15,13.667075700177831
1950-12-18,13.581153476262044
1950-12-19,13.473145756698031
1950-12-20,13.520864441059564
1950-12-21,13.507046904196422
1950-12-22,13.557154429428973
1950-12-25,13.698736915001167
1950-12-26,13.843638415244515
1950-12-27,13.69574519771761
1950-12-28,13.58419491343098
1950-12-29,13.554579543198498
1951-01-01,13.57650649072828
1951-01-02,13.70971478082274
1951-01-03,13.583596407242343
1951-01-04,13.529525718181231
1951-01-05,13.568144708607486
1951-01-08,13.741128221553694
1951-01-09,13.937258733937382
1951-01-10,13.803000187974273
1951-01-11,13.778998718802528
1951-01-12,13.673342004692284
1951-01-15,13.79495422505983
1951-01-16,13.86200840855554
1951-01-17,13.817749045830105
1951-01-18,13.738765839103989
1951-01-19,13.784585618150638
1951-01-22,13.925670344283086
1951-01-23,13.824459942879825
1951-01-24,13.785025092199374
1951-01-25,13.805852582093797
1951-01-26,13.813587663891145
1951-01-29,13.865606079761724
1951-01-30,13.732916625913656
1951-01-31,13.656646801613501
1951-02-01,13.377916121033229
1951-02-02,13.390461610559791
1951-02-05,13.53967416557875
1951-02-06,13.269023366985106
1951-02-07,13.190464320897448
1951-02-08,13.31457647145203
1951-02-09,13.30062974050637
1951-02-12,13.055910652870235
1951-02-13,13.21442238606475
1951-02-14,13.032277199588663
1951-02-15,13.217189885271912
1951-02-16,13.145136475357443
1951-02-19,13.057548374502163
1951-02-20,13.066031302127366
1951-02-21,13.068099093793355
1951-02-22,13.151802636777717
1951-02-23,13.223081386042287
1951-02-26,13.208552243091079
1951-02-27,13.389486979816619
1951-02-28,13.490484613775916
1951-03-01,13.532612455515265
1951-03-02,13.556059746394222
1951-03-05,13.54829093325692
1951-03-06,13.542929486707239
1951-03-07,13.638457942711169
1951-03-08,13.708500638509648
1951-03-09,13.719161062170071
1951-03-12,13.864402757499782
1951-03-13,13.833351990943166
1951-03-14,13.899063290400079
1951-03-15,14.024372186481115
1951-03-16,13.874070177728884
1951-03-19,13.84273428275193
1951-03-20,14.081030811931909
1951-03-21,13.952204488240607
1951-03-22,14.119238777651628
1951-03-23,13.975708160773962
1951-03-26,14.037833043592762
1951-03-27,13.89451492985783
1951-03-28,13.81438256440213
1951-03-29,13.76786346167341
1951-03-30,13.69771373360664
1951-04-02,13.841822551109804
1951-04-03,13.962980420321545
1951-04-04,14.090350076857376
1951-04-05,14.123005371733216
1951-04-06,14.361513728759475
1951-04-09,14.515541378331102
1951-04-10,14.568292540881536
1951-04-11,14.421780029981889
1951-04-12,14.526492221013445
1951-04-13,14.627094800956723
1951-04-16,14.646465469537484
1951-04-17,14.756857868193128
1951-04-18,14.876566847852338
1951-04-19,14.837869825173723
1951-04-20,14.92765653550558
1951-04-23,14.985248601730017
1951-04-24,15.037961747761784
1951-04-25,14.99234628043303
1951-04-26,14.928767310841133
1951-04-27,14.952167705943793
1951-04-30,15.17354521229593
1951-05-01,15.536519029669595
1951-05-02,15.485053396687817
1951-05-03,15.328468577001848
1951-05-04,15.282007950712988
1951-05-07,15.160672729889004
1951-05-08,15.103313480454462
1951-05-09,15.169122956676373
1951-05-10,15.036783942478591
1951-05-11,15.134382302900592
1951-05-14,15.260452405964216
1951-05-15,15.499519635530802
1951-05-16,15.790078196035015
1951-05-17,15.954486414465155
1951-05-18,16.326539765003997
1951-05-21,16.25134559221045
1951-05-22,16.302531784067526
1951-05-23,16.33681232401673
1951-05-24,16.41495683143953
1951-05-25,16.590310695475445
1951-05-28,16.543051332511165
1951-05-29,16.83533364455022
1951-05-30,17.058005278751402
1951-05-31,17.124845660616582
1951-06-01,17.21235697044687
1951-06-04,17.05380550957693
1951-06-05,16.64306442872179
1951-06-06,16.635924029460522
1951-06-07,16.696254671083615
1951-06-08,16.74195976350706
1951-06-11,16.566792481469164
1951-06-12,16.49997846898774
1951-06-13,16.79920647094684
1951-06-14,16.92977077184931
1951-06-15,17.042269321710727
1951-06-18,16.997848593501192
1951-06-19,17.13176426715534
1951-06-20,17.361203890246895
1951-06-21,17.50141744944368
1951-06-22,17.439365097856435
1951-06-25,17.497562980899747
1951-06-26,17.35360877446395
1951-06-27,17.30963069280175
1951-06-28,17.420606978213268
1951-06-29,17.336918168588074
1951-07-02,17.30585571403664
1951-07-03,17.56354131855146
1951-07-04,17.54319066281615
1951-07-05,17.68648343795648
1951-07-06,17.642860153760576
1951-07-09,17.453546485605262
1951-07-10,17.46338136791108
1951-07-11,17.410144749786028
1951-07-12,17.074643026026997
1951-07-13,16.880739668393467
1951-07-16,16.81918652596451
1951-07-17,17.076492864528337
1951-07-18,16.988237138175386
1951-07-19,16.991748649647977
1951-07-20,17.107300538287205
1951-07-23,17.16586120015969
1951-07-24,17.11734462777981
1951-07-25,17.417997568058773
1951-07-26,17.660450899093306
1951-07-27,17.24711167099337
1951-07-30,17.421505523391573
1951-07-31,17.525029429823483
1951-08-01,17.70557018027348
1951-08-02,17.730620947897528
1951-08-03,17.885866862136353
1951-08-06,18.240806014516142
1951-08-07,18.563018420644486
1951-08-08,18.905512443335347
1951-08-09,19.11423917869823
1951-08-10,19.30033994691166
1951-08-13,19.491929744703203
1951-08-14,19.287096102394802
1951-08-15,19.737373644941222
1951-08-16,19.794514196840595
1951-08-17,19.869013801169178
1951-08-20,19.903287508989017
1951-08-21,20.0077871397504
1951-08-22,19.601722116157866
1951-08-23,19.657023825428517
1951-08-24,19.42194960535625
1951-08-27,19.243192627951633
1951-08-28,18.901518022869876
1951-08-29,18.591965886164438
1951-08-30,18.71021700409814
1951-08-31,18.62925210263817
1951-09-03,18.619727417655437
1951-09-04,18.597615618918688
1951-09-05,18.393905529648876
1951-09-06,18.274165473877183
1951-09-07,18.055987789010317
1951-09-10,18.009121578792257
1951-09-11,17.624879231206673
1951-09-12,17.564443322228446
1951-09-13,17.7322303574717
1951-09-14,17.954242760233946
1951-09-17,18.167694464004402
1951-09-18,18.265477416309274
1951-09-19,18.0919654131068
1951-09-20,18.263556131026203
1951-09-21,18.36586163500424
1951-09-24,18.42222406110372
1951-09-25,18.209317108891987
1951-09-26,18.287770032252602
1951-09-27,18.553740381449614
1951-09-28,18.698723969564103
1951-10-01,18.66392212488115
1951-10-02,18.773014561211486
1951-10-03,18.78132437127897
1951-10-04,18.822226279769932
1951-10-05,18.988661272246915
1951-10-08,19.06128612553038
1951-10-09,19.082750586829565
1951-10-10,19.1634721747394
1951-10-11,19.015586949308403
1951-10-12,18.835741013611287
1951-10-15,18.934174512150857
1951-10-16,18.8303688148794
1951-10-17,18.942759287290702
1951-10-18,18.606751962508966
1951-10-19,18.83689109178161
1951-10-22,18.825528765997284
1951-10-23,19.14721621013149
1951-10-24,18.689150923346297
1951-10-25,18.38655764297337
1951-10-26,18.652241690623985
1951-10-29,18.688837724183042
1951-10-30,18.753008684135224
1951-10-31,18.7839464505074
1951-11-01,18.82168078437633
1951-11-02,18.930500085199334
1951-11-05,18.749517500458804
1951-11-06,18.72636451407758
1951-11-07,18.97804017015586
1951-11-08,19.020360496158112
1951-11-09,18.911605972511097
1951-11-12,18.937861563237295
1951-11-13,19.143794813923396
1951-11-14,19.11425899543394
1951-11-15,19.08890953954926
1951-11-16,19.19074255770236
1951-11-19,19.36219129427136
1951-11-20,19.657110401100233
1951-11-21,19.64066191486378
1951-11-22,19.71765794121212
1951-11-23,19.932474641422406
1951-11-26,19.56818391179184
1951-11-27,19.605458413583687
1951-11-28,19.705191386753373
1951-11-29,19.698524556943966
1951-11-30,19.54205172951537
1951-12-03,19.66601937663179
1951-12-04,19.920753504052914
1951-12-05,19.91361528600649
1951-12-06,19.828736184927834
1951-12-07,19.79698572478105
1951-12-10,20.11681881635044
1951-12-11,20.378496222589032
1951-12-12,20.39878058501359
1951-12-13,20.18905332422696
1951-12-14,19.948102631752445
1951-12-17,19.895909394032728
1951-12-18,19.84533315480179
1951-12-19,19.910033877539718
1951-12-20,19.69922517071105
1951-12-21,19.6867898283281
1951-12-24,19.803712311942395
1951-12-25,19.485944619474726
1951-12-26,19.949038603918364
1951-12-27,20.076539559971565
1951-12-28,20.19502516138591
1951-12-31,19.94773123163248
1952-01-01,19.757951917979348
1952-01-02,19.972569444583133
1952-01-03,20.163495515188213
1952-01-04,19.69350683684743
1952-01-07,19.935128952842344
1952-01-08,20.0942372588073
1952-01-09,20.233626144457553
1952-01-10,20.02501230340918
1952-01-11,20.090928777241242
1952-01-14,19.98428508783866
1952-01-15,20.11121982425067
1952-01-16,20.4989410710855
1952-01-17,20.645843493684048
1952-01-18,20.872015213740255
1952-01-21,20.823046730766833
1952-01-22,20.627683315402106
1952-01-23,20.646669509978075
1952-01-24,20.877941982969322
1952-01-25,21.20314805483919
1952-01-28,21.20758488889163
1952-01-29,21.278561114154904
1952-01-30,21.211364616216226
1952-01-31,20.867834502378948
1952-02-01,20.902962186127226
1952-02-04,20.993006473542337
1952-02-05,20.923754151338617
1952-02-06,20.90515434550528
1952-02-07,20.54998818524748
1952-02-08,20.57892959377282
1952-02-11,20.882392487879976
1952-02-12,20.89517646681761
1952-02-13,21.037556718889252
1952-02-14,21.148865306877667
1952-02-15,21.007325018774445
1952-02-18,21.06921876261818
1952-02-19,20.91538940204625
1952-02-20,21.551623729473143
1952-02-21,21.61423281089351
1952-02-22,21.398666317499348
1952-02-25,21.09116784666729
1952-02-26,21.425737394989138
1952-02-27,21.575768654936116
1952-02-28,21.679702094797065
1952-02-29,21.40512862105471
1952-03-03,21.30319448072376
1952-03-04,21.064318774322484
1952-03-05,21.314441391327442
1952-03-06,21.22100746897467
1952-03-07,21.651189099790006
1952-03-10,21.78183123379765
1952-03-11,21.730106686699788
1952-03-12,22.041326761002797
1952-03-13,21.602487472184983
1952-03-14,21.441556986241725
1952-03-17,21.373555889557505
1952-03-18,21.62080099962268
1952-03-19,21.87261105118564
1952-03-20,21.96880248338562
1952-03-21,21.600742193889744
1952-03-24,21.50487268872405
1952-03-25,21.286986199441554
1952-03-26,21.571909553056003
1952-03-27,21.494966420031535
1952-03-28,21.63969578878241
1952-03-31,22.06279051954
1952-04-01,22.06469878459368
1952-04-02,22.237639356132018
1952-04-03,22.17095677653612
1952-04-04,22.199799584317415
1952-04-07,22.227659517605883
1952-04-08,22.249416733245123
1952-04-09,22.283176914189877
1952-04-10,22.214178318841153
1952-04-11,22.651271902518825
1952-04-14,22.52355647529347
1952-04-15,22.5977602728916
1952-04-16,22.549345259681715
1952-04-17,22.06389840424145
1952-04-18,22.297254006316653
1952-04-21,22.366798063942635
1952-04-22,22.079470354823734
1952-04-23,21.93673867909021
1952-04-24,21.602875229733733
1952-04-25,21.681327640278464
1952-04-28,22.039167158656962
1952-04-29,22.325985830447046
1952-04-30,22.055733002293135
1952-05-01,21.695332398446805
1952-05-02,21.826157127490347
1952-05-05,22.212828240733177
1952-05-06,22.240022013048964
1952-05-07,22.490635119987637
1952-05-08,22.19495135744582
1952-05-09,22.185626279989705
1952-05-12,22.298900017942756
1952-05-13,22.222457917932488
1952-05-14,22.186988501043224
1952-05-15,22.35399431612867
1952-05-16,22.22941896880838
1952-05-19,22.02397309397988
1952-05-20,22.203139192176497
1952-05-21,22.271266415781724
1952-05-22,22.064305964936672
1952-05-23,22.17385648020076
1952-05-26,22.063349352938292
1952-05-27,22.218474609392416
1952-05-28,22.230035827658423
1952-05-29,22.179776766233687
1952-05-30,22.02223950418676
1952-06-02,22.07994953984081
1952-06-03,22.082932720560827
1952-06-04,22.518032431366024
1952-06-05,22.521368290000286
1952-06-06,22.233008823749714
1952-06-09,22.71118427562002
1952-06-10,22.265989030100535
1952-06-11,22.64981791460234
1952-06-12,22.468238620641795
1952-06-13,22.795449367570182
1952-06-16,22.76628946636731
1952-06-17,22.903081162890327
1952-06-18,22.92269393558626
1952-06-19,22.909999291824626
1952-06-20,23.04219330058743
1952-06-23,22.90700482887802
1952-06-24,23.02905731533745
1952-06-25,22.793568810620908
1952-06-26,22.63928142027216
1952-06-27,22.53623402873231
1952-06-30,22.525466387260018
1952-07-01,22.81244398289828
1952-07-02,22.633855787245867
1952-07-03,22.45113926134411
1952-07-04,22.21107242096471
1952-07-07,22.131679419177388
1952-07-08,22.266974381461132
1952-07-09,22.111769355724032
1952-07-10,22.057247097685934
1952-07-11,21.93788642118631
1952-07-14,21.966311133429247
1952-07-15,21.53795250567415
1952-07-16,21.675926306935413
1952-07-17,21.886980655290415
1952-07-18,21.714455978058393
1952-07-21,21.708907985859096
1952-07-22,21.521951326231974
1952-07-23,21.748168089916813
1952-07-24,21.895688586977965
1952-07-25,22.549737087989385
1952-07-28,22.513282462436187
1952-07-29,22.32735551652532
1952-07-30,22.230951573371183
1952-07-31,21.96374796852727
1952-08-01,22.02033413790801
1952-08-04,22.099543248418158
1952-08-05,22.315873700034004
1952-08-06,22.41781051228236
1952-08-07,22.336994474901353
1952-08-08,22.63987353373418
1952-08-11,22.784001077262616
1952-08-12,22.986959894397597
1952-08-13,22.732217745545665
1952-08-14,22.556246249601053
1952-08-15,22.425151845597668
1952-08-18,22.350708993792782
1952-08-19,21.880727769924526
1952-08-20,22.159010956317136
1952-08-21,22.126464017630653
1952-08-22,22.32940147276738
1952-08-25,22.51776849545052
1952-08-26,22.87255026469136
1952-08-27,23.02030355505451
1952-08-28,23.123851967434184
1952-08-29,22.970581777148823
1952-09-01,23.0167906560032
1952-09-02,23.442985619341986
1952-09-03,23.052482057387554
1952-09-04,22.909744706646872
1952-09-05,22.99274697423297
1952-09-08,23.388093245716394
1952-09-09,23.153938238188218
1952-09-10,23.0714959958986
1952-09-11,23.129179064583305
1952-09-12,23.882179217728396
1952-09-15,23.700222874008414
1952-09-16,23.687800165092426
1952-09-17,23.890058559048313
1952-09-18,23.74801074525954
1952-09-19,23.86606832868449
1952-09-22,23.991714516650347
1952-09-23,23.932691879924327
1952-09-24,24.04474971121843
1952-09-25,24.49131051180135
1952-09-26,24.55142769564917
1952-09-29,24.476642682767757
1952-09-30,24.324293635577195
1952-10-01,24.410812871815857
1952-10-02,24.69643438083284
1952-10-03,24.764086771634005
1952-10-06,24.872815733463487
1952-10-07,25.573172758985162
1952-10-08,25.41168359531388
1952-10-09,25.17184059567608
1952-10-10,25.273721388604375
1952-10-13,25.25238492732973
1952-10-14,25.43076208224576
1952-10-15,25.78138890327326
1952-10-16,25.907769597970525
1952-10-17,25.890985406033945
1952-10-20,26.0597644064326
1952-10-21,26.220428253568098
1952-10-22,26.230952061875364
1952-10-23,26.115012737824713
1952-10-24,26.32434372747596
1952-10-27,26.305898637043793
1952-10-28,26.040527264559113
1952-10-29,26.25248009088404
1952-10-30,26.150137621823905
1952-10-31,26.04301502283977
1952-11-03,26.246038372393784
1952-11-04,26.074370843147523
1952-11-05,26.060984905911145
1952-11-06,25.8386922582868
1952-11-07,25.479101430850776
1952-11-10,25.584856036020106
1952-11-11,26.0171164776805
1952-11-12,25.822059424741237
1952-11-13,26.154815117160283
1952-11-14,26.466309253083946
1952-11-17,26.899157128478496
1952-11-18,26.644807460451798
1952-11-19,26.503076177125404
1952-11-20,26.9741999385402
1952-11-21,26.992563439603497
1952-11-24,27.023064092789834
1952-11-25,27.24819880420612
1952-11-26,27.449034253132105
1952-11-27,27.33352151464637
1952-11-28,27.310337615158037
1952-12-01,27.519910174722316
1952-12-02,27.62945552358764
1952-12-03,27.465067312148026
1952-12-04,27.854233283827224
1952-12-05,28.128944886300804
1952-12-08,28.07739422312897
1952-12-09,27.961044057035327
1952-12-10,28.25777902002172
1952-12-11,27.623200923613453
1952-12-12,27.69064962952293
1952-12-15,27.56534866409653
1952-12-16,27.41844894652542
1952-12-17,27.69994864486897
1952-12-18,27.823994432674155
1952-12-19,28.727029442860573
1952-12-22,28.707450973667562
1952-12-23,28.855613886860247
1952-12-24,28.498591183766187
1952-12-25,28.83081121969208
1952-12-26,28.70458855468126
1952-12-29,28.81245290270615
1952-12-30,29.23332736352272
1952-12-31,29.627016040390366
1953-01-01,29.820262483386536
1953-01-02,30.25197973955065
1953-01-05,30.167032807499492
1953-01-06,29.93635821160007
1953-01-07,29.533337389376555
1953-01-08,29.745790476423288
1953-01-09,30.38375975036814
1953-01-12,30.334471599316252
1953-01-13,30.38642335574078
1953-01-14,30.33971262503043
1953-01-15,30.535889875415126
1953-01-16,30.03293262405227
1953-01-19,30.338429543755755
1953-01-20,30.715842345109234
1953-01-21,30.55615123525204
1953-01-22,30.297849524740712
1953-01-23,30.07992425204865
1953-01-26,30.29351839900549
1953-01-27,30.78188808748781
1953-01-28,30.525306613064757
1953-01-29,30.105027312195894
1953-01-30,30.182054733091853
1953-02-02,30.308766291768606
1953-02-03,30.570035633982386
1953-02-04,30.40503241386643
1953-02-05,30.673863395225457
1953-02-06,31.058243584786062
1953-02-09,30.599465934108313
1953-02-10,30.552716935447027
1953-02-11,30.784072427323146
1953-02-12,31.064187789097797
1953-02-13,30.93622940519003
1953-02-16,30.383239761202088
1953-02-17,30.18801902038555
1953-02-18,29.801112337118045
1953-02-19,29.684005318539274
1953-02-20,30.02834688627308
1953-02-23,29.876413738159524
1953-02-24,29.938268556353034
1953-02-25,29.614584495853737
1953-02-26,29.926561297295894
1953-02-27,29.774981412425088
1953-03-02,29.500591114648454
1953-03-03,30.09063356894968
1953-03-04,30.226486957874812
1953-03-05,30.468339983760433
1953-03-06,29.901461201761112
1953-03-09,30.36427675055774
1953-03-10,30.924520092675646
1953-03-11,30.91698103561462
1953-03-12,30.85880993288095
1953-03-13,30.71387379346182
1953-03-16,31.079870200417766
1953-03-17,30.62993574310896
1953-03-18,30.763021348433043
1953-03-19,31.41632391852089
1953-03-20,31.492960606678725
1953-03-23,32.1538310761942
1953-03-24,32.195801853668776
1953-03-25,32.132311451184314
1953-03-26,32.460934133197306
1953-03-27,32.47147944647811
1953-03-30,32.538145718455176
1953-03-31,32.44122974494363
1953-04-01,32.08617182582225
1953-04-02,32.021206670635145
1953-04-03,32.2818713629055
1953-04-06,32.666160462341445
1953-04-07,32.67715601271246
1953-04-08,32.81233290712797
1953-04-09,32.54366813824166
1953-04-10,32.520653608488466
1953-04-13,32.504691857143456
1953-04-14,32.49482961966822
1953-04-15,32.54930182315416
1953-04-16,32.69923583452113
1953-04-17,33.13567805438396
1953-04-20,33.4276760328575
1953-04-21,33.63646676687087
1953-04-22,33.266106992781864
1953-04-23,33.035619727274295
1953-04-24,33.08751280985064
1953-04-27,33.1577300034934
1953-04-28,33.43730567241627
1953-04-29,32.8924318677037
1953-04-30,32.98795590904165
1953-05-01,33.06612133165734
1953-05-04,32.992388629189655
1953-05-05,32.77007257364939
1953-05-06,32.881202545568996
1953-05-07,32.86649719959231
1953-05-08,33.0589223991571
1953-05-11,32.44119228018153
1953-05-12,32.18723639171334
1953-05-13,32.71784718322954
1953-05-14,32.83004374539599
1953-05-15,32.6163642016898
1953-05-18,32.55100918692901
1953-05-19,32.17182911037222
1953-05-20,32.670022184652275
1953-05-21,33.178686948568085
1953-05-22,33.51244318932721
1953-05-25,33.95804212431904
1953-05-26,34.159089006737645
1953-05-27,34.65296930715497
1953-05-28,34.91645729674398
1953-05-29,35.45583502583637
1953-06-01,35.49388245281751
1953-06-02,35.510095416464154
1953-06-03,35.359615714586894
1953-06-04,35.2422979497587
1953-06-05,34.74145893049671
1953-06-08,35.25066321446302
1953-06-09,35.79384609703502
1953-06-10,36.104281245299944
1953-06-11,36.51439339161243
1953-06-12,36.647530547876165
1953-06-15,36.87726442893114
1953-06-16,36.437775064226386
1953-06-17,36.46171235983551
1953-06-18,35.86258992475368
1953-06-19,35.67125329622226
1953-06-22,35.619190217781416
1953-06-23,35.55778593296881
1953-06-24,35.23371040548505
1953-06-25,35.73429267134551
1953-06-26,36.136375574426225
1953-06-29,35.99747461316337
1953-06-30,35.610418035902505
1953-07-01,35.48644592419996
1953-07-02,35.86601319778604
1953-07-03,35.2415072410744
1953-07-06,35.570724111387065
1953-07-07,35.571965255105226
1953-07-08,35.47913661701008
1953-07-09,35.88654770796418
1953-07-10,35.941015416682866
1953-07-13,35.86293395528541
1953-07-14,36.35375431008694
1953-07-15,35.833070362154096
1953-07-16,36.458641350266085
1953-07-17,36.2024934361919
1953-07-20,35.95193959420562
1953-07-21,36.570310399907896
1953-07-22,37.84513720654712
1953-07-23,38.36114121997155
1953-07-24,38.09521985532465
1953-07-27,37.331716129290065
1953-07-28,37.47201894405592
1953-07-29,37.52383778888248
1953-07-30,37.35800079992885
1953-07-31,37.36113512470681
1953-08-03,37.16179533537927
1953-08-04,37.52372646069463
1953-08-05,37.542389124157566
1953-08-06,37.51527360929701
1953-08-07,36.75657601352068
1953-08-10,36.89771556969761
1953-08-11,36.41818397388925
1953-08-12,36.73271766317752
1953-08-13,36.767993357320464
1953-08-14,36.08330956501303
1953-08-17,36.00974342968694
1953-08-18,35.632259186200315
1953-08-19,35.87435708240086
1953-08-20,36.07929361798933
1953-08-21,36.50405578045747
1953-08-24,36.271040980138096
1953-08-25,36.493432298493936
1953-08-26,36.043711352701074
1953-08-27,36.20366884442209
1953-08-28,36.16408829516638
1953-08-31,36.29175178594478
1953-09-01,36.330398729856064
1953-09-02,36.7423646774584
1953-09-03,36.65965639164731
1953-09-04,36.635724859973394
1953-09-07,37.18980586927074
1953-09-08,37.2071055947986
1953-09-09,37.05414649784064
1953-09-10,36.76678110888814
1953-09-11,36.813834060596236
1953-09-14,36.84310240759293
1953-09-15,37.120459603591314
1953-09-16,37.100174613482814
1953-09-17,37.395940169112464
1953-09-18,37.34034042926405
1953-09-21,37.97747908730446
1953-09-22,38.00205552613696
1953-09-23,38.30169644858505
1953-09-24,38.49162975863826
1953-09-25,38.036074003483726
1953-09-28,38.470313568024025
1953-09-29,38.353641804501976
1953-09-30,38.74832391111603
1953-10-01,38.03104964807453
1953-10-02,37.38079458857574
1953-10-05,36.68765428081237
1953-10-06,36.0787269693834
1953-10-07,35.9758680978177
1953-10-08,35.99916405124693
1953-10-09,35.68572564643127
1953-10-12,35.59880689603982
1953-10-13,35.39228697687184
1953-10-14,35.6852077879725
1953-10-15,35.970480021023384
1953-10-16,36.110530149846085
1953-10-19,36.375784833897605
1953-10-20,37.032317369302675
1953-10-21,37.30440292875094
1953-10-22,36.780187707995395
1953-10-23,36.736466751109006
1953-10-26,36.660694025698206
1953-10-27,36.99116588356974
1953-10-28,37.1992640486937
1953-10-29,37.55120940001489
1953-10-30,37.0140111158838
1953-11-02,37.56165700266002
1953-11-03,37.53838216972419
1953-11-04,37.92964660262226
1953-11-05,38.142998383344604
1953-11-06,37.84332030326417
1953-11-09,37.5686493548948
1953-11-10,37.822897947789166
1953-11-11,38.2821565342973
1953-11-12,37.96794362413803
1953-11-13,37.56909918255378
1953-11-16,36.83905934035408
1953-11-17,36.5248544971352
1953-11-18,36.27968552952743
1953-11-19,36.1959524151187
1953-11-20,36.43405232299568
1953-11-23,36.27750619192249
1953-11-24,35.89810601977091
1953-11-25,35.78079839122288
1953-11-26,35.77013083908007
1953-11-27,35.838442790072314
1953-11-30,35.901160818177566
1953-12-01,35.85360422539074
1953-12-02,36.063090369178326
1953-12-03,35.973053898626844
1953-12-04,35.61707635811607
1953-12-07,35.569013855071894
1953-12-08,36.24037248354994
1953-12-09,35.96126325789625
1953-12-10,36.8556848375015
1953-12-11,36.68587457301855
1953-12-14,36.959457869300955
1953-12-15,36.38989674401311
1953-12-16,36.36677430778325
1953-12-17,36.90038413992208
1953-12-18,36.489337083662534
1953-12-21,36.24256614453532
1953-12-22,36.36958027510442
1953-12-23,36.50962814348875
1953-12-24,35.99330867108693
1953-12-25,35.56291342391105
1953-12-28,35.67723001468259
1953-12-29,35.79478496439191
1953-12-30,36.06852419090097
1953-12-31,36.023355855623905
1954-01-01,36.260375166078255
1954-01-04,36.708526119539584
1954-01-05,36.283722541131766
1954-01-06,36.6633265442103
1954-01-07,36.95184990616718
1954-01-08,37.43608384201587
1954-01-11,37.309245539524504
1954-01-12,37.31236267112118
1954-01-13,37.357172370638665
1954-01-14,37.19692255334781
1954-01-15,37.583922225121
1954-01-18,37.68403085815434
1954-01-19,37.33308906630861
1954-01-20,37.44491956216901
1954-01-21,37.071376053292425
1954-01-22,36.52217815608531
1954-01-25,36.166906511901765
1954-01-26,36.189608217100265
1954-01-27,36.246429772317256
1954-01-28,36.223556017382904
1954-01-29,36.432011157236566
1954-02-01,37.14112310524367
1954-02-02,36.74846826940183
1954-02-03,36.9184781557064
1954-02-04,37.034190531265075
1954-02-05,36.620493121906556
1954-02-08,36.45619798924897
1954-02-09,36.544421470765386
1954-02-10,36.57113439290288
1954-02-11,36.28983152169154
1954-02-12,36.578727393528546
1954-02-15,36.68002175774787
1954-02-16,36.92579262655547
1954-02-17,37.519558792556715
1954-02-18,37.07279053027547
1954-02-19,37.44778155038428
1954-02-22,37.63794744990044
1954-02-23,37.33444009932782
1954-02-24,37.32911587597667
1954-02-25,37.193275548722255
1954-02-26,36.78631234860516
1954-03-01,37.09200770766275
1954-03-02,36.82867301183411
1954-03-03,36.12034522829872
1954-03-04,36.42553176082167
1954-03-05,36.26749594489233
1954-03-08,36.41307920698419
1954-03-09,36.5004788223594
1954-03-10,36.40580178424662
1954-03-11,36.28508267422165
1954-03-12,35.41515806395973
1954-03-15,35.287720965900036
1954-03-16,34.91231454997378
1954-03-17,35.0978184703478
1954-03-18,34.84527922298761
1954-03-19,34.63714504551481
1954-03-22,34.68318576355621
1954-03-23,34.30955447588936
1954-03-24,34.085548032027155
1954-03-25,33.93675651682749
1954-03-26,34.082202603672854
1954-03-29,33.61639922073481
1954-03-30,33.87986064723645
1954-03-31,33.84470959739306
1954-04-01,33.69165705201293
1954-04-02,33.81611946222308
1954-04-05,34.16275434839616
1954-04-06,34.55973857951597
1954-04-07,34.22287726752738
1954-04-08,34.68515821986501
1954-04-09,34.70903819861375
1954-04-12,35.16582968895277
1954-04-13,34.81751079079333
1954-04-14,34.771601892911235
1954-04-15,34.74595399470204
1954-04-16,34.33115943114597
1954-04-19,34.1911995236798
1954-04-20,34.50437005204178
1954-04-21,34.89182794945458
1954-04-22,35.126952141157126
1954-04-23,35.23433200172123
1954-04-26,35.09404206460374
1954-04-27,35.8152265713732
1954-04-28,35.36066265146063
1954-04-29,34.9593153667661
1954-04-30,34.70852178147654
1954-05-03,34.77819037064689
1954-05-04,34.632796396489
1954-05-05,34.90339008716642
1954-05-06,34.384031792128376
1954-05-07,34.67214350778554
1954-05-10,35.2799070234307
1954-05-11,35.590170173903765
1954-05-12,35.49622589531489
1954-05-13,35.297565234238135
1954-05-14,35.68205070132246
1954-05-17,35.1046556100598
1954-05-18,34.84254972293712
1954-05-19,34.28611750246212
1954-05-20,34.245741290943364
1954-05-21,34.871431739586946
1954-05-24,34.73312278708887
1954-05-25,35.10505433771012
1954-05-26,34.74574889364385
1954-05-27,34.56765764560063
1954-05-28,34.38298241416155
1954-05-31,34.74427362501417
1954-06-01,34.4565519730262
1954-06-02,34.239128056854526
1954-06-03,34.24845998638184
1954-06-04,34.774692492959964
1954-06-07,34.80255324925191
1954-06-08,35.416645506834875
1954-06-09,35.560998232928185
1954-06-10,35.48118666499227
1954-06-11,35.88733600419766
1954-06-14,35.693131111029146
1954-06-15,35.38577183785901
1954-06-16,35.43011422998742
1954-06-17,34.910331865927105
1954-06-18,34.51644668402719
1954-06-21,34.25451531377402
1954-06-22,34.273497515164905
1954-06-23,34.628753067191774
1954-06-24,35.024117632455614
1954-06-25,34.96578667958556
1954-06-28,35.05302999259639
1954-06-29,34.95560025110892
1954-06-30,34.48533410926511
1954-07-01,34.62948193288947
1954-07-02,34.39190133779675
1954-07-05,34.65144854231643
1954-07-06,34.476753023592316
1954-07-07,34.147921257528665
1954-07-08,34.26549254855063
1954-07-09,34.09072113570781
1954-07-12,33.666075377534895
1954-07-13,34.01330111069396
1954-07-14,34.125624001120535
1954-07-15,34.237227477310036
1954-07-16,34.270306054426285
1954-07-19,34.09142058587812
1954-07-20,33.18258300795503
1954-07-21,33.00864263119779
1954-07-22,32.873681546236455
1954-07-23,33.01515397356225
1954-07-26,32.604603574671664
1954-07-27,32.761981124075916
1954-07-28,32.778720071717814
1954-07-29,33.2572045126375
1954-07-30,33.030923290119595
1954-08-02,33.04240007176599
1954-08-03,33.12955229129089
1954-08-04,33.32740532743109
1954-08-05,33.75638142712201
1954-08-06,33.92171566664149
1954-08-09,33.47146426575109
1954-08-10,34.02311961910368
1954-08-11,33.38167627705102
1954-08-12,33.60026705032123
1954-08-13,34.04371614356876
1954-08-16,33.82888253313436
1954-08-17,33.8246395592393
1954-08-18,33.81169830908883
1954-08-19,33.45805751355283
1954-08-20,33.59059694672829
1954-08-23,33.290114489577874
1954-08-24,33.407070541801346
1954-08-25,33.61623434489605
1954-08-26,33.988330570491435
1954-08-27,34.453556687666584
1954-08-30,34.60945308394564
1954-08-31,34.78823345494627
1954-09-01,34.72755087032423
1954-09-02,34.71969391015374
1954-09-03,35.034021571442395
1954-09-06,35.315429432015435
1954-09-07,35.49293323982781
1954-09-08,35.5040753262802
1954-09-09,35.87800790412207
1954-09-10,35.50170826382792
1954-09-13,35.33360684790924
1954-09-14,35.42469859135879
1954-09-15,35.83052608694274
1954-09-16,35.41674137032962
1954-09-17,35.06533324915004
1954-09-20,34.669767214771845
1954-09-21,34.93052273532966
1954-09-22,35.21821395012693
1954-09-23,35.76347970227689
1954-09-24,36.579171310810416
1954-09-27,36.17010368860621
1954-09-28,36.11978399237063
1954-09-29,35.942314711909766
1954-09-30,35.577892483762106
1954-10-01,35.606707211807134
1954-10-04,35.43179731467347
1954-10-05,35.49693232872986
1954-10-06,35.38923688979864
1954-10-07,34.90868674166799
1954-10-08,35.12477608062306
1954-10-11,35.33248857078736
1954-10-12,35.196835218344354
1954-10-13,34.47715889496039
1954-10-14,33.72140533579213
1954-10-15,33.28442850327966
1954-10-18,33.41767233927712
1954-10-19,33.64682836653351
1954-10-20,33.681969037573914
1954-10-21,33.716592151192515
1954-10-22,32.90491886732509
1954-10-25,33.031917847507394
1954-10-26,32.822020983605924
1954-10-27,32.74396047810995
1954-10-28,32.447605951562764
1954-10-29,31.83206776320671
1954-11-01,32.07695097242557
1954-11-02,32.20295056629333
1954-11-03,31.878990828001545
1954-11-04,31.410493981795252
1954-11-05,31.22637483772867
1954-11-08,31.49864066934664
1954-11-09,31.67260391271489
1954-11-10,31.6959704786654
1954-11-11,31.985700365713416
1954-11-12,32.09845565469032
1954-11-15,31.810040664817542
1954-11-16,32.01780209122788
1954-11-17,32.005255740921406
1954-11-18,31.754481840539995
1954-11-19,32.11418466272552
1954-11-22,32.25460542082793
1954-11-23,31.81233665459534
1954-11-24,32.056812247549544
1954-11-25,32.12543442648216
1954-11-26,32.0188907098423
1954-11-29,31.882429783072077
1954-11-30,31.57263967476166
1954-12-01,31.133129561823267
1954-12-02,31.223330323435103
1954-12-03,31.373130332640777
1954-12-06,31.277483351463136
1954-12-07,31.361793025095196
1954-12-08,31.253298253451145
1954-12-09,31.152436903391482
1954-12-10,31.313190334807622
1954-12-13,31.468615102688272
1954-12-14,31.911816208234487
1954-12-15,31.775385196444226
1954-12-16,31.890155652927415
1954-12-17,31.84571238038268
1954-12-20,31.920371624049842
1954-12-21,32.317467886418676
1954-12-22,32.450389068828436
1954-12-23,32.21387059980608
1954-12-24,32.07808195675856
1954-12-27,31.90248731005461
1954-12-28,31.828916806617862
1954-12-29,31.63208695838982
1954-12-30,31.48794497214503
1954-12-31,31.443154741891835
1955-01-03,31.548876091959787
1955-01-04,31.29761250455775
1955-01-05,31.324759072074542
1955-01-06,31.344075943738513
1955-01-07,31.607007697817995
1955-01-10,31.6911219822987
1955-01-11,31.856866215457597
1955-01-12,31.94749015268532
1955-01-13,32.306623524695965
1955-01-14,32.27379558938128
1955-01-17,31.820295374853057
1955-01-18,31.93313871203932
1955-01-19,31.638634198812156
1955-01-20,30.97533434919368
1955-01-21,31.121061601648403
1955-01-24,31.112526892164066
1955-01-25,31.17271800028218
1955-01-26,31.310842299189062
1955-01-27,31.258906354860958
1955-01-28,31.58353484201454
1955-01-31,31.603066561699222
1955-02-01,31.510626907735663
1955-02-02,31.518701089867303
1955-02-03,30.909928380820087
1955-02-04,31.05955624115156
1955-02-07,30.625316555802513
1955-02-08,30.739035683373857
1955-02-09,30.698022524136455
1955-02-10,30.718034049779252
1955-02-11,30.479763570720376
1955-02-14,30.967150513164892
1955-02-15,30.36892551918756
1955-02-16,30.327699647203783
1955-02-17,30.06737929370871
1955-02-18,29.612877908495108
1955-02-21,30.01803597689627
1955-02-22,30.069266121393866
1955-02-23,30.770674477309868
1955-02-24,30.99725650613262
1955-02-25,31.142968487096095
1955-02-28,31.3097164620652
1955-03-01,30.9285978693282
1955-03-02,30.543909578608584
1955-03-03,30.96230117518249
1955-03-04,31.202841229000846
1955-03-07,30.985972170827214
1955-03-08,31.019731090743978
1955-03-09,31.07032755535718
1955-03-10,31.435232629704878
1955-03-11,31.542543673118544
1955-03-14,31.340292690178266
1955-03-15,31.588090801921194
1955-03-16,31.434263731995696
1955-03-17,31.612917767855734
1955-03-18,31.446028409651166
1955-03-21,30.529200211767296
1955-03-22,31.0103822619885
1955-03-23,30.745632380537394
1955-03-24,31.047968834780665
1955-03-25,31.244540725380297
1955-03-28,31.09848711465689
1955-03-29,30.767748704900992
1955-03-30,31.3464245227874
1955-03-31,31.428454988028868
1955-04-01,31.828468619435263
1955-04-04,31.944956801446395
1955-04-05,32.24832941932708
1955-04-06,32.33484098068843
1955-04-07,31.95787313410196
1955-04-08,31.739879445318344
1955-04-11,31.872002019251195
1955-04-12,31.529942979951993
1955-04-13,31.44422462713838
1955-04-14,31.43016364142772
1955-04-15,31.77989183883473
1955-04-18,32.29061731569836
1955-04-19,31.68124105147111
1955-04-20,31.82522428012935
1955-04-21,32.394490159659455
1955-04-22,31.996019994332794
1955-04-25,31.68610827045386
1955-04-26,32.05995555070201
1955-04-27,32.13074059850945
1955-04-28,31.980200393266212
1955-04-29,32.06120872232835
1955-05-02,32.30233576399478
1955-05-03,32.35141955719985
1955-05-04,32.49218598503263
1955-05-05,32.58132040447491
1955-05-06,32.73120937273702
1955-05-09,32.82453557190889
1955-05-10,32.98679714359748
1955-05-11,32.96947694016334
1955-05-12,33.35386231077339
1955-05-13,33.29416728340614
1955-05-16,33.17186047287556
1955-05-17,32.759003332877576
1955-05-18,32.565888564279504
1955-05-19,32.651754699596665
1955-05-20,32.63467853638567
1955-05-23,32.859314018717775
1955-05-24,32.53555110480437
1955-05-25,32.37778383082735
1955-05-26,31.812759939835185
1955-05-27,31.767550942000092
1955-05-30,32.09463536272843
1955-05-31,32.273409353142114
1955-06-01,32.18594498534381
1955-06-02,32.36781952132255
1955-06-03,32.486601614686215
1955-06-06,32.24611304275345
1955-06-07,31.970033342157247
1955-06-08,31.72231288649005
1955-06-09,31.888272414892583
1955-06-10,32.095367522639506
1955-06-13,32.24806169547753
1955-06-14,32.19894439649265
1955-06-15,32.81347172531067
1955-06-16,32.78163559631788
1955-06-17,32.965848162528125
1955-06-20,33.05455942049422
1955-06-21,33.414699576563635
1955-06-22,32.918021382581294
1955-06-23,33.11266641855528
1955-06-24,33.084582814815384
1955-06-27,33.08853063203929
1955-06-28,32.793052515334516
1955-06-29,32.59836028989128
1955-06-30,33.00707296541667
1955-07-01,33.312528970150986
1955-07-04,32.895099541327426
1955-07-05,33.00351699220081
1955-07-06,32.88282219832832
1955-07-07,33.25076667407651
1955-07-08,33.42501723696668
1955-07-11,33.700083245113866
1955-07-12,33.7138716689566
1955-07-13,33.76111348507357
1955-07-14,33.585469445659236
1955-07-15,33.14208694908453
1955-07-18,32.995058483369704
1955-07-19,33.41253987283804
1955-07-20,33.87210857725111
1955-07-21,33.622516995665386
1955-07-22,33.38045998613067
1955-07-25,33.17263329287585
1955-07-26,32.95356344056375
1955-07-27,32.613559968730925
1955-07-28,32.42465969432219
1955-07-29,32.64822519800349
1955-08-01,32.896850142889456
1955-08-02,33.450700825049275
1955-08-03,33.41920219140674
1955-08-04,32.76421842207968
1955-08-05,32.60712002079554
1955-08-08,32.29482824124437
1955-08-09,32.20489781703659
1955-08-10,31.99512013113709
1955-08-11,32.30393874050496
1955-08-12,32.06139996775513
1955-08-15,32.07559121321542
1955-08-16,32.639058800720015
1955-08-17,32.64734650250736
1955-08-18,32.15098412134254
1955-08-19,32.43733578025013
1955-08-22,32.59294928319722
1955-08-23,32.77318774352882
1955-08-24,32.999341908156
1955-08-25,32.71601174212646
1955-08-26,32.42125509048918
1955-08-29,32.47848031990487
1955-08-30,31.972658759297634
1955-08-31,31.730787089778676
1955-09-01,32.08954854969493
1955-09-02,31.716848509379574
1955-09-05,31.832293576614788
1955-09-06,32.163257543178226
1955-09-07,32.155045939505456
1955-09-08,32.02939179396123
1955-09-09,32.43866686715741
1955-09-12,32.03101722920474
1955-09-13,32.54874016218748
1955-09-14,32.284514755458886
1955-09-15,32.30376506950487
1955-09-16,31.979541889054893
1955-09-19,31.66491078298273
1955-09-20,31.97189483602111
1955-09-21,32.00351056245209
1955-09-22,32.17052499891105
1955-09-23,31.78658580557299
1955-09-26,31.68905148922218
1955-09-27,31.32896585470543
1955-09-28,31.32981183992549
1955-09-29,31.475454397361606
1955-09-30,31.63396160495595
1955-10-03,31.79789654848694
1955-10-04,31.61055899954355
1955-10-05,31.79193758348531
1955-10-06,31.67005258414553
1955-10-07,32.08727517673363
1955-10-10,32.045067974879444
1955-10-11,32.41911173744841
1955-10-12,32.31897245794361
1955-10-13,32.531849765884296
1955-10-14,32.61233326642245
1955-10-17,32.17215942992584
1955-10-18,32.38636585931022
1955-10-19,32.11631537931654
1955-10-20,31.586565674461756
1955-10-21,31.6380877364694
1955-10-24,31.988597823091972
1955-10-25,32.22251728305195
1955-10-26,31.97497722690776
1955-10-27,31.46997237955895
1955-10-28,30.68901196451909
1955-10-31,30.510758179498843
1955-11-01,30.367946454871937
1955-11-02,30.329133843093157
1955-11-03,30.6946107499701
1955-11-04,30.64489144210686
1955-11-07,30.33972178108721
1955-11-08,30.026937090628802
1955-11-09,29.763650271422268
1955-11-10,29.582077146402188
1955-11-11,29.680476227663004
1955-11-14,29.598262558458142
1955-11-15,29.584482497474887
1955-11-16,29.620660244857138
1955-11-17,29.68691172030333
1955-11-18,29.87830580895055
1955-11-21,30.220315983958315
1955-11-22,29.94436849184649
1955-11-23,29.86937315476293
1955-11-24,29.844871409290583
1955-11-25,29.809550963802916
1955-11-28,30.050925831501093
1955-11-29,30.26773411192079
1955-11-30,30.09635855425271
1955-12-01,30.586964863412003
1955-12-02,30.74879567816022
1955-12-05,30.962695173330182
1955-12-06,30.79769035016342
1955-12-07,31.040902782506173
1955-12-08,30.958077045237758
1955-12-09,30.692223668136513
1955-12-12,30.73985799320158
1955-12-13,30.455659349284407
1955-12-14,30.154827441587553
1955-12-15,30.296143228982768
1955-12-16,30.537597657488508
1955-12-19,30.351399947107268
1955-12-20,30.640921718873695
1955-12-21,30.996119261523948
1955-12-22,31.34931248811639
1955-12-23,31.464196579115047
1955-12-26,31.38718652008178
1955-12-27,31.86366406792192
1955-12-28,31.76372858565705
1955-12-29,31.922287153864342
1955-12-30,32.28038928645126
1956-01-02,32.82666088963258
1956-01-03,32.93956602489507
1956-01-04,33.04315970938276
1956-01-05,33.23117704358096
1956-01-06,33.323924069694534
1956-01-09,33.70214472185094
1956-01-10,34.07123866341322
1956-01-11,34.660299587732695
1956-01-12,34.671180998936556
1956-01-13,34.945107503444454
1956-01-16,34.740229507326795
1956-01-17,34.63653097106403
1956-01-18,35.139498405239664
1956-01-19,35.081920194068175
1956-01-20,34.48867161306937
1956-01-23,34.34275397429666
1956-01-24,34.2029149834452
1956-01-25,33.64496339741441
1956-01-26,33.73706233293387
1956-01-27,34.03619303569961
1956-01-30,33.89872179616983
1956-01-31,34.24284416909719
1956-02-01,33.60754964552933
1956-02-02,33.87571736550155
1956-02-03,33.90043504239469
1956-02-06,34.662047310221766
1956-02-07,34.698739960191865
1956-02-08,34.719882823277516
1956-02-09,34.741366291425834
1956-02-10,34.65757192509586
1956-02-13,34.56285649042495
1956-02-14,34.820084585667516
1956-02-15,34.939898389653486
1956-02-16,35.0694205218527
1956-02-17,35.19227076967001
1956-02-20,34.99706964978766
1956-02-21,35.659505036693254
1956-02-22,35.35537060110604
1956-02-23,35.69991243240051
1956-02-24,35.67520371866707
1956-02-27,36.06045031981392
1956-02-28,36.01749456009457
1956-02-29,36.42456564413555
1956-03-01,36.63040291054899
1956-03-02,37.07408149460948
1956-03-05,37.81277865553614
1956-03-06,37.92802573081302
1956-03-07,38.023325491048624
1956-03-08,37.21471243196786
1956-03-09,37.26173849506659
1956-03-12,37.61763425129673
1956-03-13,37.569809277214176
1956-03-14,37.633186665080885
1956-03-15,37.617190493148634
1956-03-16,36.98199870939202
1956-03-19,37.323587715672886
1956-03-20,37.11374121035609
1956-03-21,36.68414638387947
1956-03-22,37.065133730644305
1956-03-23,37.24496882936714
1956-03-26,37.48587470395415
1956-03-27,37.57390153074757
1956-03-28,37.3859069048814
1956-03-29,37.74383126602705
1956-03-30,37.48244639070128
1956-04-02,37.616357314029614
1956-04-03,37.309829911053455
1956-04-04,36.96994831354644
1956-04-05,37.29767441814714
1956-04-06,37.07154688657228
1956-04-09,37.67591719053664
1956-04-10,37.265745513977095
1956-04-11,37.68566625747869
1956-04-12,37.62771035746484
1956-04-13,37.94792435113558
1956-04-16,38.244928199723525
1956-04-17,37.6464923333951
1956-04-18,37.909555742097794
1956-04-19,37.845870220089935
1956-04-20,37.56247009627282
1956-04-23,37.97933478140309
1956-04-24,38.158880020913095
1956-04-25,38.35562915530105
1956-04-26,38.91108506827829
1956-04-27,39.33197313707562
1956-04-30,39.41819971434731
1956-05-01,39.171866089583126
1956-05-02,39.764149262399684
1956-05-03,39.57548483575369
1956-05-04,39.03804781594387
1956-05-07,39.79642392283055
1956-05-08,40.63355242539387
1956-05-09,40.071957868813925
1956-05-10,40.266745777430856
1956-05-11,39.78990755130042
1956-05-14,40.08177335696866
1956-05-15,39.966277958809535
1956-05-16,39.501517660862994
1956-05-17,39.90900759737826
1956-05-18,39.639000482110895
1956-05-21,39.84115368755191
1956-05-22,39.646465531234284
1956-05-23,40.339616131599534
1956-05-24,40.803895668360276
1956-05-25,40.68903807065542
1956-05-28,39.93394344573275
1956-05-29,40.12633391951121
1956-05-30,39.82917351682463
1956-05-31,40.327830965415444
1956-06-01,40.980739120372526
1956-06-04,41.04023105695111
1956-06-05,41.44434245735626
1956-06-06,40.99227273686009
1956-06-07,41.269565691531135
1956-06-08,41.96300574131025
1956-06-11,41.47875155430155
1956-06-12,41.817343950296696
1956-06-13,41.96364408751305
1956-06-14,42.35594309548203
1956-06-15,42.428580058122236
1956-06-18,42.446005299149114
1956-06-19,42.97077625528006
1956-06-20,43.02995459948976
1956-06-21,43.267077359111596
1956-06-22,42.762539566458265
1956-06-25,42.96372139693447
1956-06-26,43.28525739836993
1956-06-27,43.26951122528078
1956-06-28,43.29312156423263
1956-06-29,42.53435232099989
1956-07-02,42.16172048695647
1956-07-03,42.096152506441065
1956-07-04,42.01197514241404
1956-07-05,42.91578500690023
1956-07-06,43.26938613118812
1956-07-09,42.829660618038865
1956-07-10,43.79268788127326
1956-07-11,43.26254635908206
1956-07-12,42.83635638175722
1956-07-13,42.523001577863916
1956-07-16,42.53864111315919
1956-07-17,43.62119136847954
1956-07-18,43.55404545428238
1956-07-19,43.819249054775284
1956-07-20,43.26079051630966
1956-07-23,43.119680695615294
1956-07-24,44.213773234783794
1956-07-25,44.803644480038244
1956-07-26,45.23630703472443
1956-07-27,45.935636319891664
1956-07-30,46.230021670047705
1956-07-31,46.51184643044648
1956-08-01,46.088433780006824
1956-08-02,45.48508612298469
1956-08-03,45.24581826803322
1956-08-06,45.15052627258414
1956-08-07,44.85366824874138
1956-08-08,45.20448747529322
1956-08-09,46.04127542883956
1956-08-10,46.083436743506155
1956-08-13,45.452709809915646
1956-08-14,44.968801562729865
1956-08-15,45.465117917559915
1956-08-16,45.85720993001241
1956-08-17,46.00712465570218
1956-08-20,46.33858843303599
1956-08-21,46.89031709475835
1956-08-22,46.96101297291651
1956-08-23,47.1493484696992
1956-08-24,47.04558558987872
1956-08-27,46.21792311466092
1956-08-28,46.31329201865235
1956-08-29,46.34436180766798
1956-08-30,46.56661170268941
1956-08-31,46.36852957966295
1956-09-03,46.5945299442046
1956-09-04,46.80976512487549
1956-09-05,46.664482087862275
1956-09-06,46.26053449815407
1956-09-07,45.99677049273579
1956-09-10,46.18626473683775
1956-09-11,46.61142187808231
1956-09-12,47.47094065212672
1956-09-13,47.46900185534374
1956-09-14,47.73921102731109
1956-09-17,48.33534184598064
1956-09-18,47.915956780652415
1956-09-19,48.24697339318766
1956-09-20,48.07693364399579
1956-09-21,47.94554193582299
1956-09-24,48.34048408733895
1956-09-25,48.27330647497329
1956-09-26,48.470999360716455
1956-09-27,47.9997807683068
1956-09-28,48.01203753170152
1956-10-01,47.65165500112385
1956-10-02,47.55269964330807
1956-10-03,48.91804556870977
1956-10-04,48.97188958800056
1956-10-05,48.913653779475936
1956-10-08,48.769616178388155
1956-10-09,48.45083920364139
1956-10-10,49.347699112355464
1956-10-11,49.062841860568284
1956-10-12,50.258726805160876
1956-10-15,50.19785832739131
1956-10-16,50.85017537930346
1956-10-17,50.95572447901548
1956-10-18,50.68754572764878
1956-10-19,50.642376887901165
1956-10-22,51.34640024656826
1956-10-23,51.30936066631367
1956-10-24,50.398731271771666
1956-10-25,51.3772765149554
1956-10-26,51.0737669512603
1956-10-29,50.95664643032314
1956-10-30,51.73844559136544
1956-10-31,50.94280217817732
1956-11-01,50.73734620896848
1956-11-02,51.099286023160595
1956-11-05,51.462053260156516
1956-11-06,51.79883008900964
1956-11-07,51.360838345258784
1956-11-08,51.87846320074876
1956-11-09,51.69627330951265
1956-11-12,51.837103927777605
1956-11-13,51.415173319247586
1956-11-14,52.345990416527854
1956-11-15,52.202836819161796
1956-11-16,52.21420391185634
1956-11-19,51.98344466798582
1956-11-20,52.23455876346702
1956-11-21,51.60057097906952
1956-11-22,51.60139641447882
1956-11-23,51.53759740866826
1956-11-26,52.42020721773515
1956-11-27,52.30159689734241
1956-11-28,52.25842800804976
1956-11-29,52.38713243522575
1956-11-30,52.97911511915405
1956-12-03,54.10952943029814
1956-12-04,54.40800435307197
1956-12-05,54.74857195783892
1956-12-06,55.702548969219905
1956-12-07,55.806732663960524
1956-12-10,56.113723539689694
1956-12-11,55.854255134187035
1956-12-12,55.84316280736331
1956-12-13,55.48510936125827
1956-12-14,56.775483751905014
1956-12-17,57.29357988656824
1956-12-18,57.7640560210195
1956-12-19,57.263006208327866
1956-12-20,57.40148631286064
1956-12-21,57.0809194026279
1956-12-24,56.75983855589837
1956-12-25,56.067734853363625
1956-12-26,55.77356251295354
1956-12-27,57.32739044625395
1956-12-28,57.05261646438503
1956-12-31,57.51443907099532
1957-01-01,58.13859822277073
1957-01-02,58.4841206581079
1957-01-03,59.0045408610928
1957-01-04,58.496254765781316
1957-01-07,59.48268719595973
1957-01-08,60.82229149265384
1957-01-09,60.92486732676629
1957-01-10,60.576368628355176
1957-01-11,60.15171726999658
1957-01-14,59.432064103640734
1957-01-15,59.86850397073713
1957-01-16,60.44871630384107
1957-01-17,61.55929273699592
1957-01-18,60.83852508874497
1957-01-21,61.432727959189194
1957-01-22,61.93167569111383
1957-01-23,61.84467861889334
1957-01-24,61.37784833771511
1957-01-25,61.63006741127835
1957-01-28,63.079837615037505
1957-01-29,62.351440726942116
1957-01-30,62.052357730878526
1957-01-31,61.7941292356973
1957-02-01,61.77248289341255
1957-02-04,62.51945798275664
1957-02-05,62.28806577848678
1957-02-06,60.95079279954472
1957-02-07,60.247192236619426
1957-02-08,59.5411990110972
1957-02-11,59.75344115463531
1957-02-12,59.903970345928904
1957-02-13,59.27841339030717
1957-02-14,59.764169228017224
1957-02-15,58.73521725986829
1957-02-18,58.67727076362327
1957-02-19,59.50134210602804
1957-02-20,58.623964994120605
1957-02-21,59.027699087579194
1957-02-22,59.69218453729781
1957-02-25,59.469214902797475
1957-02-26,59.61442631530409
1957-02-27,58.783385006564295
1957-02-28,59.03057684254044
1957-03-01,58.37205417686159
1957-03-04,58.092361321055535
1957-03-05,58.38388119274469
1957-03-06,58.20730963865301
1957-03-07,57.61278198529187
1957-03-08,57.631292421758154
1957-03-11,57.513699401821285
1957-03-12,57.08896065665879
1957-03-13,56.00397150954638
1957-03-14,55.92339997505401
1957-03-15,56.45119191430391
1957-03-18,56.134805011577775
1957-03-19,55.853746154423064
1957-03-20,55.616301343662656
1957-03-21,55.87157218079637
1957-03-22,55.06107526529102
1957-03-25,55.50751244351417
1957-03-26,56.68539089510522
1957-03-27,56.98384794605503
1957-03-28,57.04835326091242
1957-03-29,57.330262708109174
1957-04-01,57.638401300972134
1957-04-02,57.474959044229415
1957-04-03,57.4329964221262
1957-04-04,57.347037762099056
1957-04-05,57.6830691140735
1957-04-08,58.80777508048915
1957-04-09,58.921357771318526
1957-04-10,60.15981874457779
1957-04-11,59.676402098200185
1957-04-12,60.160915766736814
1957-04-15,59.77121484286034
1957-04-16,59.88515860446171
1957-04-17,59.868075477921494
1957-04-18,58.784994115276
1957-04-19,58.67975920387964
1957-04-22,58.951766814004706
1957-04-23,59.16699438140013
1957-04-24,58.34200997642644
1957-04-25,57.547986887133305
1957-04-26,57.93758932069111
1957-04-29,57.39143398203188
1957-04-30,58.61308178021459
1957-05-01,58.83282748058722
1957-05-02,59.06681732476598
1957-05-03,59.00162298134216
1957-05-06,58.58028462810623
1957-05-07,58.77848164672158
1957-05-08,58.68691231866739
1957-05-09,59.61437508611998
1957-05-10,59.751115457031545
1957-05-13,59.93958116576014
1957-05-14,60.622652673875095
1957-05-15,61.26243729134119
1957-05-16,60.07804267910008
1957-05-17,61.31307168265468
1957-05-20,60.42910837823749
1957-05-21,59.862742653176724
1957-05-22,59.727856883271144
1957-05-23,59.2965281695854
1957-05-24,60.42537907260665
1957-05-27,60.48917895724408
1957-05-28,59.852456387295696
1957-05-29,59.67013688125303
1957-05-30,59.24010575387685
1957-05-31,58.88090696408667
1957-06-03,59.15361041851929
1957-06-04,59.516392942496736
1957-06-05,59.46635196006244
1957-06-06,58.73112303490471
1957-06-07,58.40276865306467
1957-06-10,58.987500257618535
1957-06-11,59.34609415799029
1957-06-12,59.20380026328914
1957-06-13,59.698672315718404
1957-06-14,58.640378310175024
1957-06-17,58.27943686479986
1957-06-18,58.34384552847952
1957-06-19,58.567200123297944
1957-06-20,59.23231856633401
1957-06-21,59.32716083316483
1957-06-24,59.5499504165342
1957-06-25,59.68834558794124
1957-06-26,59.103224787946786
1957-06-27,59.0384509695498
1957-06-28,59.93378261464267
1957-07-01,60.41343997787457
1957-07-02,60.275065679289426
1957-07-03,60.331351516972205
1957-07-04,61.42928321669624
1957-07-05,62.4592453778642
1957-07-08,63.694226893743604
1957-07-09,64.576945246827
1957-07-10,64.54460446459017
1957-07-11,64.47803832060738
1957-07-12,63.50551084390795
1957-07-15,64.38292278925586
1957-07-16,65.23767359902098
1957-07-17,66.77005381550237
1957-07-18,66.32272906559588
1957-07-19,67.54371178241173
1957-07-22,67.98923627536622
1957-07-23,68.15872055366691
1957-07-24,68.41970061499342
1957-07-25,67.72170651812928
1957-07-26,67.75539370411268
1957-07-29,67.17122412845795
1957-07-30,66.93020799474579
1957-07-31,67.15797191223405
1957-08-01,66.92379028259052
1957-08-02,67.48707589958326
1957-08-05,67.10476497421877
1957-08-06,66.82403084195354
1957-08-07,66.52915647090371
1957-08-08,66.752987649877
1957-08-09,67.01380391360891
1957-08-12,67.77780031757378
1957-08-13,67.66218041913761
1957-08-14,67.30962379088535
1957-08-15,67.60101010645354
1957-08-16,68.92316960060603
1957-08-19,69.63760716726156
1957-08-20,68.45156546151621
1957-08-21,68.63281344410312
1957-08-22,68.46784387296977
1957-08-23,68.4447026476029
1957-08-26,69.1242007646123
1957-08-27,69.27317015711594
1957-08-28,69.31891921091726
1957-08-29,68.33528140783974
1957-08-30,68.37432869976482
1957-09-02,67.98045328351053
1957-09-03,68.25873870345325
1957-09-04,69.1078943058327
1957-09-05,68.62164310882737
1957-09-06,68.57884428369876
1957-09-09,69.10927680680868
1957-09-10,68.10634700944495
1957-09-11,67.73939145883193
1957-09-12,66.87457071947716
1957-09-13,66.56881618214733
1957-09-16,66.60670907216759
1957-09-17,66.48325735402202
1957-09-18,67.54049119867504
1957-09-19,68.1785240931457
1957-09-20,68.41357558418783
1957-09-23,69.29252083515294
1957-09-24,70.7403486394723
1957-09-25,70.59340563521602
1957-09-26,70.58565392135596
1957-09-27,70.94280459236893
1957-09-30,71.81553060682201
1957-10-01,70.50580378291114
1957-10-02,70.58127166995385
1957-10-03,72.6194059499072
1957-10-04,72.77040251223283
1957-10-07,74.31553121576852
1957-10-08,76.31477904359778
1957-10-09,77.05124990494056
1957-10-10,78.9976015398687
1957-10-11,79.18776962438515
1957-10-14,77.96342195042166
1957-10-15,77.743543450899
1957-10-16,79.05601102587947
1957-10-17,81.37400664315453
1957-10-18,82.02748323827937
1957-10-21,80.86847599854568
1957-10-22,81.03856985816329
1957-10-23,79.59324572389684
1957-10-24,79.8260547031595
1957-10-25,81.30744806056151
1957-10-28,80.723908883143
1957-10-29,80.17703775007712
1957-10-30,79.96129641910393
1957-10-31,79.84206350611568
1957-11-01,80.48163209161764
1957-11-04,80.9312692106794
1957-11-05,81.7153609058463
1957-11-06,81.05768590610181
1957-11-07,82.2146419995133
1957-11-08,82.93020800053024
1957-11-11,82.36755309302112
1957-11-12,82.09824993907029
1957-11-13,81.73103885433788
1957-11-14,80.48598480422218
1957-11-15,82.24414252137626
1957-11-18,82.93702670026985
1957-11-19,83.16288412817893
1957-11-20,84.30813035525814
1957-11-21,84.34652069035344
1957-11-22,84.38665928514475
1957-11-25,85.68710589985355
1957-11-26,84.9756064358242
1957-11-27,84.39734276666611
1957-11-28,83.13594725225713
1957-11-29,82.71789224262938
1957-12-02,83.7559403736309
1957-12-03,83.47349408282969
1957-12-04,84.93946233962741
1957-12-05,84.64632325972563
1957-12-06,84.99123989155373
1957-12-09,84.22539810733223
1957-12-10,84.9987493502317
1957-12-11,86.91833164964237
1957-12-12,86.8148127058055
1957-12-13,85.57362226583945
1957-12-16,85.64091343425191
1957-12-17,86.41727997581678
1957-12-18,85.83872511336664
1957-12-19,87.69304846475244
1957-12-20,86.70056660060439
1957-12-23,87.35961353876976
1957-12-24,88.7890350132847
1957-12-25,89.20708943943553
1957-12-26,90.53177053439303
1957-12-27,91.13803955107814
1957-12-30,90.90700071253048
1957-12-31,90.62244191770537
1958-01-01,92.47939790858871
1958-01-02,90.9776367857326
1958-01-03,91.34468109399721
1958-01-06,90.74423306748527
1958-01-07,90.4719262869589
1958-01-08,91.39231949046301
1958-01-09,90.71818882415343
1958-01-10,89.4153214546285
1958-01-13,90.64274833693281
1958-01-14,91.94360727063803
1958-01-15,92.10167901470048
1958-01-16,91.38004672195007
1958-01-17,90.56401601072194
1958-01-20,90.970886463181
1958-01-21,91.47962331439996
1958-01-22,92.04088641970056
1958-01-23,92.7679905484402
1958-01-24,92.85790732623609
1958-01-27,93.53600042035093
1958-01-28,93.59927782710164
1958-01-29,94.04832259319426
1958-01-30,93.9223773330642
1958-01-31,94.29660899976956
1958-02-03,93.49209148590057
1958-02-04,93.3722760803312
1958-02-05,92.37025033980866
1958-02-06,92.98813834389567
1958-02-07,92.50621384893492
1958-02-10,91.94350347609046
1958-02-11,91.41482345218353
1958-02-12,90.69769586851018
1958-02-13,89.8813323200183
1958-02-14,90.4814646733733
1958-02-17,91.01468450717708
1958-02-18,91.91874967817094
1958-02-19,91.42100908862189
1958-02-20,91.7256075851244
1958-02-21,89.98073849638828
1958-02-24,90.85779190238488
1958-02-25,89.98680162163687
1958-02-26,91.2154592228388
1958-02-27,91.93245189504576
1958-02-28,93.98132942474417
1958-03-03,94.54138803230994
1958-03-04,93.98898207764267
1958-03-05,96.17165314874666
1958-03-06,97.53403463219857
1958-03-07,98.7738235344211
1958-03-10,100.68026872622407
1958-03-11,100.75120865658286
1958-03-12,98.50017441979072
1958-03-13,98.40150896028806
1958-03-14,97.93502345593845
1958-03-17,98.68601886103251
1958-03-18,98.40546753527387
1958-03-19,99.09345656209429
1958-03-20,98.35600903278333
1958-03-21,99.61117120416972
1958-03-24,100.37019914479352
1958-03-25,99.76714031614657
1958-03-26,101.29294160196422
1958-03-27,103.01688864986392
1958-03-28,103.7866768102204
1958-03-31,103.30122600095753
1958-04-01,103.810139700277
1958-04-02,104.05583992613981
1958-04-03,103.72299686761168
1958-04-04,103.77751877412837
1958-04-07,103.74925770106118
1958-04-08,102.40366868104906
1958-04-09,102.46813572661596
1958-04-10,101.47617856791953
1958-04-11,101.55635422362452
1958-04-14,101.45680285079247
1958-04-15,102.44073299689448
1958-04-16,102.04217733222305
1958-04-17,102.30058170510218
1958-04-18,100.90277612397432
1958-04-21,102.21157618504131
1958-04-22,104.59776107726927
1958-04-23,104.58594262457508
1958-04-24,105.25753857417494
1958-04-25,106.11895021994762
1958-04-28,106.06354488755842
1958-04-29,107.16596070785151
1958-04-30,106.71280549054869
1958-05-01,106.71704843191199
1958-05-02,106.76230823356487
1958-05-05,106.22845088156419
1958-05-06,104.84988503086889
1958-05-07,106.04785848439938
1958-05-08,106.29210791073261
1958-05-09,105.59700118499579
1958-05-12,104.4838260753396
1958-05-13,104.44956694216947
1958-05-14,103.5173592708821
1958-05-15,104.18213092997232
1958-05-16,104.33078547864537
1958-05-19,104.87706347692786
1958-05-20,106.10280206800732
1958-05-21,106.42187237260318
1958-05-22,107.1925786524597
1958-05-23,108.58774644853858
1958-05-26,109.26376969310469
1958-05-27,106.88817050591781
1958-05-28,108.29383143962094
1958-05-29,108.68906089998832
1958-05-30,109.43822712679392
1958-06-02,111.30901596751845
1958-06-03,111.19995579886299
1958-06-04,111.86787895142571
1958-06-05,109.62102175986698
1958-06-06,111.42711475678568
1958-06-09,111.47514736753246
1958-06-10,111.31164519662977
1958-06-11,111.14115412122676
1958-06-12,111.92251793811879
1958-06-13,109.96386290039901
1958-06-16,112.18900054392678
1958-06-17,112.44183916884728
1958-06-18,112.44529568844521
1958-06-19,114.17391753828312
1958-06-20,115.32131867345537
1958-06-23,116.04802822779335
1958-06-24,115.1080437194085
1958-06-25,116.52726783204945
1958-06-26,116.96156794312508
1958-06-27,116.10974740980348
1958-06-30,116.02421131436195
1958-07-01,116.48273084408801
1958-07-02,115.72619868890506
1958-07-03,116.85136726086718
1958-07-04,116.31510263720693
1958-07-07,117.4854514500711
1958-07-08,117.95479481205234
1958-07-09,118.63838295532545
1958-07-10,117.56429354428055
1958-07-11,117.79165248937997
1958-07-14,118.6443182296801
1958-07-15,119.17071135016558
1958-07-16,118.84645340283582
1958-07-17,119.38747817034292
1958-07-18,119.09398088568972
1958-07-21,119.15381104031674
1958-07-22,120.72831876154798
1958-07-23,122.90106738574246
1958-07-24,125.24770304461477
1958-07-25,126.12556801483548
1958-07-28,125.53333056875668
1958-07-29,125.32460587795939
1958-07-30,126.8697211448685
1958-07-31,127.16857983865351
1958-08-01,129.30252055971624
1958-08-04,128.99288289383938
1958-08-05,130.30731213089334
1958-08-06,128.74350707167346
1958-08-07,128.47147684234093
1958-08-08,129.28018719086828
1958-08-11,129.9505374848503
1958-08-12,130.3047772545227
1958-08-13,128.97732076725183
1958-08-14,129.25614784130258
1958-08-15,128.99752009072895
1958-08-18,128.27503927951352
1958-08-19,128.69202301565116
1958-08-20,127.75257304693619
1958-08-21,127.04925369578265
1958-08-22,129.99372858740213
1958-08-25,130.5950722347607
1958-08-26,132.3619603275317
1958-08-27,131.80450670411676
1958-08-28,131.31904800110888
1958-08-29,129.70286944067547
1958-09-01,128.0956791548956
1958-09-02,126.57176851958047
1958-09-03,127.28570735549559
1958-09-04,126.19120659776438
1958-09-05,125.19169581004145
1958-09-08,124.52247008186087
1958-09-09,125.51315511347646
1958-09-10,125.10312243263196
1958-09-11,125.95522045010343
1958-09-12,124.73383641425596
1958-09-15,125.56401733067095
1958-09-16,125.61708615938223
1958-09-17,126.45507610355816
1958-09-18,125.093201750014
1958-09-19,124.9740421297507
1958-09-22,125.03120049461653
1958-09-23,124.2282151563492
1958-09-24,125.02471912420589
1958-09-25,125.16643986379984
1958-09-26,125.90377442608576
1958-09-29,125.22992648583727
1958-09-30,125.56104802650879
1958-10-01,123.87082399075238
1958-10-02,124.79292813251476
1958-10-03,123.18244490694525
1958-10-06,122.40607805399713
1958-10-07,122.57220208310994
1958-10-08,123.29540696533756
1958-10-09,123.50274866439537
1958-10-10,121.0798962144596
1958-10-13,119.60692801384448
1958-10-14,118.65187097055076
1958-10-15,118.5414686750101
1958-10-16,116.95606796934196
1958-10-17,115.9793569556351
1958-10-20,116.42130577938315
1958-10-21,116.52824987171292
1958-10-22,117.11711464300701
1958-10-23,117.54738033716482
1958-10-24,115.825348005324
1958-10-27,114.6153438621714
1958-10-28,114.65517010362126
1958-10-29,115.00866720281279
1958-10-30,114.30592117137671
1958-10-31,115.34180887625071
1958-11-03,114.48350925061764
1958-11-04,113.81675989833393
1958-11-05,113.75216263631611
1958-11-06,113.99110777607811
1958-11-07,113.23062668858428
1958-11-10,113.06935893284123
1958-11-11,111.91298729917132
1958-11-12,111.02955612151467
1958-11-13,112.677934595664
1958-11-14,111.33288567259989
1958-11-17,112.9811378744204
1958-11-18,112.2571861151043
1958-11-19,113.60809205980061
1958-11-20,113.0253827830031
1958-11-21,111.77130167335923
1958-11-24,111.61771358457493
1958-11-25,111.54328770313583
1958-11-26,111.76357205206277
1958-11-27,110.59171203941239
1958-11-28,108.90381256049837
1958-12-01,108.60152310120186
1958-12-02,108.03419394832852
1958-12-03,107.13584879665576
1958-12-04,106.98277089513739
1958-12-05,108.39896045879497
1958-12-08,109.70883099488579
1958-12-09,110.02484180114729
1958-12-10,111.49696544069403
1958-12-11,113.69717336510031
1958-12-12,115.39324146923853
1958-12-15,113.42110105033501
1958-12-16,112.58628828460591
1958-12-17,112.94394346483288
1958-12-18,114.0632806433759
1958-12-19,112.66532197597152
1958-12-22,115.2195382603066
1958-12-23,114.48599300647732
1958-12-24,113.39876242497057
1958-12-25,111.06840515686156
1958-12-26,112.132439924045
1958-12-29,113.31473045238343
1958-12-30,114.41387076894638
1958-12-31,114.7308911770955
1959-01-01,115.20144430216756
1959-01-02,115.38238724548854
1959-01-05,117.56897617614663
1959-01-06,118.49938450525872
1959-01-07,119.84829436034767
1959-01-08,117.9127190143707
1959-01-09,116.03236801876348
1959-01-12,117.45137919049755
1959-01-13,118.24733817609683
1959-01-14,118.93811178969833
1959-01-15,118.89426552367051
1959-01-16,119.31993806701928
1959-01-19,118.84233075066457
1959-01-20,119.68162475941611
1959-01-21,117.74015682165286
1959-01-22,117.9178658902293
1959-01-23,117.22440003576783
1959-01-26,116.26026991503853
1959-01-27,116.05006905727332
1959-01-28,115.87083927998052
1959-01-29,115.78048913069522
1959-01-30,117.8060951316292
1959-02-02,116.40254630479936
1959-02-03,115.32731883332242
1959-02-04,115.39595133460003
1959-02-05,115.42922967426072
1959-02-06,115.93296675668138
1959-02-09,117.07554589414154
1959-02-10,117.53339613019197
1959-02-11,116.53935586276334
1959-02-12,119.37603265098315
1959-02-13,119.66384296091
1959-02-16,119.76483878826643
1959-02-17,119.90519716524959
1959-02-18,118.92509187768275
1959-02-19,118.05875191703048
1959-02-20,118.12834246391103
1959-02-23,118.49425133597595
1959-02-24,119.18543033745047
1959-02-25,117.98102524965617
1959-02-26,118.87117000616252
1959-02-27,117.60906379489008
1959-03-02,118.93846476024143
1959-03-03,122.13240862476584
1959-03-04,120.59591944209389
1959-03-05,121.25266445980985
1959-03-06,122.58680996774851
1959-03-09,122.03407556790359
1959-03-10,123.90571405658739
1959-03-11,122.05101286224925
1959-03-12,121.31207002597031
1959-03-13,122.0746335701441
1959-03-16,124.06669542630806
1959-03-17,123.46960862241642
1959-03-18,121.69392970989173
1959-03-19,122.40340732012142
1959-03-20,124.54884442106915
1959-03-23,125.27612273508615
1959-03-24,124.35941207755084
1959-03-25,122.60561389850248
1959-03-26,126.20777354515793
1959-03-27,126.54179153305583
1959-03-30,124.4092306955491
1959-03-31,122.14530897000719
1959-04-01,123.7983674697733
1959-04-02,125.55216319110127
1959-04-03,125.48720167437715
1959-04-06,124.93789781618537
1959-04-07,125.9873985476917
1959-04-08,127.1677903748295
1959-04-09,127.54608427039484
1959-04-10,125.92561891829658
1959-04-13,126.38616791057673
1959-04-14,129.70974037432427
1959-04-15,128.32497645693255
1959-04-16,127.3579278018565
1959-04-17,126.35036939749943
1959-04-20,125.32958855842911
1959-04-21,127.42798773788472
1959-04-22,128.46743951330214
1959-04-23,127.14154669751701
1959-04-24,125.65204541996953
1959-04-27,125.58334653836653
1959-04-28,124.68422623912612
1959-04-29,125.18124314893456
1959-04-30,125.50591548648474
1959-05-01,123.52101305230973
1959-05-04,126.0562499275649
1959-05-05,125.04237053973726
1959-05-06,126.99276827156828
1959-05-07,127.253313336195
1959-05-08,126.89816422104194
1959-05-11,124.12467859041294
1959-05-12,123.30622617830043
1959-05-13,124.79715745324829
1959-05-14,125.94386473907929
1959-05-15,124.81473031999751
1959-05-18,121.45534671706118
1959-05-19,121.8103050310779
1959-05-20,120.19752673105084
1959-05-21,119.93998834679462
1959-05-22,118.60369859558664
1959-05-25,120.22620742737766
1959-05-26,119.51449905947537
1959-05-27,119.69696169426727
1959-05-28,119.49505572218374
1959-05-29,118.69919098655087
1959-06-01,119.65772666388773
1959-06-02,120.14891874176588
1959-06-03,120.59536597460556
1959-06-04,120.13087887153526
1959-06-05,120.78499265615821
1959-06-08,119.42447686684264
1959-06-09,119.80165546747784
1959-06-10,119.52124450507095
1959-06-11,115.81832527716222
1959-06-12,114.16922999336398
1959-06-15,113.69346794055751
1959-06-16,116.27378548477095
1959-06-17,117.87074616436037
1959-06-18,117.15470211643458
1959-06-19,118.59864534625895
1959-06-22,117.43096353974282
1959-06-23,118.90594811629873
1959-06-24,118.47245982560574
1959-06-25,117.39202283845304
1959-06-26,115.46180022437879
1959-06-29,115.26962665802058
1959-06-30,116.47289123581584
1959-07-01,116.42578948938916
1959-07-02,120.61935369741582
1959-07-03,119.83693620212175
1959-07-06,121.37737059246784
1959-07-07,122.60992481984806
1959-07-08,122.8047547613394
1959-07-09,122.5536155336685
1959-07-10,121.70782383711337
1959-07-13,122.66837898786223
1959-07-14,123.73631601920994
1959-07-15,123.48919968594562
1959-07-16,122.5814206431916
1959-07-17,120.94691495476167
1959-07-20,120.83732909111322
1959-07-21,118.67855755650343
1959-07-22,117.73890325290336
1959-07-23,120.18459947968533
1959-07-24,119.02447226553878
1959-07-27,118.42373629888695
1959-07-28,119.51287263190483
1959-07-29,120.08934297188112
1959-07-30,119.74478667967414
1959-07-31,120.2901699964925
1959-08-03,120.11604401449159
1959-08-04,120.16527986912817
1959-08-05,119.08397100085628
1959-08-06,119.74130567118914
1959-08-07,119.99052047939189
1959-08-10,120.08323964425203
1959-08-11,120.55530737197509
1959-08-12,120.6683382360201
1959-08-13,120.16949201844047
1959-08-14,120.24957081902502
1959-08-17,119.53372951065464
1959-08-18,116.63175597121129
1959-08-19,115.603984994389
1959-08-20,115.11274920091536
1959-08-21,115.11973262858001
1959-08-24,115.49898023504308
1959-08-25,117.05148736621794
1959-08-26,118.83437662454476
1959-08-27,120.7286128294992
1959-08-28,120.39879608639137
1959-08-31,121.6735666803267
1959-09-01,118.9213896032453
1959-09-02,117.47602835454423
1959-09-03,119.45072708653713
1959-09-04,119.22449764928108
1959-09-07,119.03069018853526
1959-09-08,119.49241454131119
1959-09-09,120.0919661739342
1959-09-10,119.72066821365392
1959-09-11,119.65460833722044
1959-09-14,117.88921161290126
1959-09-15,118.28320069144064
1959-09-16,119.34490790041613
1959-09-17,120.44184549077934
1959-09-18,120.65724433682924
1959-09-21,119.95513307887136
1959-09-22,119.51481409477198
1959-09-23,118.52086862108185
1959-09-24,116.79214578060319
1959-09-25,117.33220757648726
1959-09-28,116.51140096784322
1959-09-29,119.14664273787614
1959-09-30,119.48303403741619
1959-10-01,121.17870920715087
1959-10-02,119.28841283426112
1959-10-05,119.09679465697721
1959-10-06,120.15665871711914
1959-10-07,121.15333205333283
1959-10-08,121.63118312913144
1959-10-09,122.31036652951417
1959-10-12,121.35025313190464
1959-10-13,120.28905973801416
1959-10-14,119.69646913965218
1959-10-15,117.95788922164178
1959-10-16,119.1660490420488
1959-10-19,117.83960378634835
1959-10-20,116.61771382269943
1959-10-21,116.36630512625456
1959-10-22,118.33745256651972
1959-10-23,118.65805645928023
1959-10-26,119.29446014758946
1959-10-27,119.43308363363684
1959-10-28,121.38416953747593
1959-10-29,122.15108098928296
1959-10-30,120.37880715092278
1959-11-02,118.9181150257472
1959-11-03,119.14649686630746
1959-11-04,119.4860705177717
1959-11-05,118.84827668986316
1959-11-06,119.2568998905613
1959-11-09,120.86199489875895
1959-11-10,120.27368303741143
1959-11-11,122.00322468510089
1959-11-12,123.77135205429076
1959-11-13,120.08314883326254
1959-11-16,119.3281303429112
1959-11-17,120.26773896999978
1959-11-18,120.16261930817619
1959-11-19,120.22407970473617
1959-11-20,121.35247664961285
1959-11-23,122.36262163116261
1959-11-24,121.49274758358425
1959-11-25,118.39998677043262
1959-11-26,119.07726704834751
1959-11-27,120.33646696085732
1959-11-30,120.93772351667046
1959-12-01,121.40401771477109
1959-12-02,122.33372381163606
1959-12-03,122.95375355944144
1959-12-04,122.13415222934263
1959-12-07,122.45346027584776
1959-12-08,123.19889895847513
1959-12-09,122.43364207861775
1959-12-10,122.56985853880578
1959-12-11,123.97045863036965
1959-12-14,126.49187894321383
1959-12-15,127.43901754835281
1959-12-16,130.1526938040335
1959-12-17,130.10149866179674
1959-12-18,129.90153944899808
1959-12-21,131.7070005439524
1959-12-22,131.4883503205851
1959-12-23,130.9692361930339
1959-12-24,129.49512153847724
1959-12-25,129.47866586044125
1959-12-28,129.1114796744198
1959-12-29,127.43174750904595
1959-12-30,125.76346120225223
1959-12-31,126.24387101748
1960-01-01,127.29403453118954
1960-01-04,126.67374230758425
1960-01-05,125.76274424686973
1960-01-06,125.47361413605765
1960-01-07,120.25820227236214
1960-01-08,119.54693338875197
1960-01-11,120.9519902419634
1960-01-12,122.1610313715124
1960-01-13,121.47838825114275
1960-01-14,121.24862809936869
1960-01-15,119.19347373464225
1960-01-18,117.73128339238737
1960-01-19,117.80390881108261
1960-01-20,116.5215069147951
1960-01-21,118.46996439804512
1960-01-22,119.76207558235318
1960-01-25,120.35433849716158
1960-01-26,120.74154420420956
1960-01-27,120.03113470658509
1960-01-28,120.12608364449657
1960-01-29,117.86861283227499
1960-02-01,118.68922329875741
1960-02-02,119.56997926706995
1960-02-03,120.58684344744614
1960-02-04,120.43316243086821
1960-02-05,122.41948428995235
1960-02-08,122.56793415835519
1960-02-09,122.85298164151179
1960-02-10,122.25357935614353
1960-02-11,121.72088604454734
1960-02-12,119.8407380306424
1960-02-15,119.236130014504
1960-02-16,118.88067086258913
1960-02-17,118.6722703420196
1960-02-18,117.43101546592615
1960-02-19,115.7926257077142
1960-02-22,114.80134908497715
1960-02-23,114.40491456541223
1960-02-24,115.59326150091249
1960-02-25,114.48158593671853
1960-02-26,114.90738059754057
1960-02-29,114.53785984545067
1960-03-01,114.1555766499428
1960-03-02,113.07808028950835
1960-03-03,115.53288346080443
1960-03-04,115.77623751216416
1960-03-07,115.6805327373037
1960-03-08,116.51289101229916
1960-03-09,115.32326476068015
1960-03-10,114.31501793939535
1960-03-11,114.58421107543266
1960-03-14,113.25769198367313
1960-03-15,113.19436437053209
1960-03-16,114.84502035696902
1960-03-17,113.51537997897817
1960-03-18,113.54180616836305
1960-03-21,114.43790606667727
1960-03-22,112.80515933218462
1960-03-23,113.15762598352212
1960-03-24,113.21563555554725
1960-03-25,111.53139978885343
1960-03-28,111.51714714316948
1960-03-29,112.31757498004374
1960-03-30,113.45500260160813
1960-03-31,113.23591504652526
1960-04-01,114.8308718923754
1960-04-04,115.10293745188515
1960-04-05,115.17002767258663
1960-04-06,114.24726646493322
1960-04-07,113.77411484722302
1960-04-08,114.37829482022192
1960-04-11,114.44632455748325
1960-04-12,115.89453576899938
1960-04-13,116.23898977253204
1960-04-14,116.27351197437744
1960-04-15,118.99912346851653
1960-04-18,118.50224482640235
1960-04-19,119.05162918366351
1960-04-20,120.81549287726804
1960-04-21,121.1867163607932
1960-04-22,122.23641615199665
1960-04-25,123.23357347132925
1960-04-26,121.24755528801451
1960-04-27,123.2391302402351
1960-04-28,122.75687746794621
1960-04-29,122.85012805837975
1960-05-02,124.86641370799225
1960-05-03,124.7270664886828
1960-05-04,124.7399094966819
1960-05-05,125.4855343580958
1960-05-06,124.68760725105794
1960-05-09,125.58617465743228
1960-05-10,125.71572335120766
1960-05-11,125.3298531631702
1960-05-12,124.37112195576826
1960-05-13,125.09663629226043
1960-05-16,122.58607765923969
1960-05-17,121.88716939013568
1960-05-18,120.9943895349716
1960-05-19,121.69413904000562
1960-05-20,124.63435518800047
1960-05-23,125.3607171650699
1960-05-24,126.97499740359989
1960-05-25,125.48209191919518
1960-05-26,127.07609724496503
1960-05-27,125.75730107219408
1960-05-30,124.95858180615
1960-05-31,124.65206336402618
1960-06-01,123.00995945539216
1960-06-02,123.8282532689097
1960-06-03,125.0786667279586
1960-06-06,125.99835532698157
1960-06-07,124.17324750865968
1960-06-08,121.85190590825034
1960-06-09,121.33725094233263
1960-06-10,123.46248139760264
1960-06-13,121.08619838788508
1960-06-14,119.79564600265937
1960-06-15,121.61931807301487
1960-06-16,122.57722608687261
1960-06-17,123.7059001217668
1960-06-20,123.883231578736
1960-06-21,124.28808611606591
1960-06-22,124.53324767186378
1960-06-23,124.23723100494236
1960-06-24,121.58846262915483
1960-06-27,121.28761700466711
1960-06-28,122.71376694393877
1960-06-29,121.5883023821426
1960-06-30,122.536669333357
1960-07-01,122.36860949623131
1960-07-04,121.61596451184776
1960-07-05,122.90128032132831
1960-07-06,122.67169605913419
1960-07-07,120.97829604829508
1960-07-08,119.31203740636975
1960-07-11,120.63934186375418
1960-07-12,121.06277058821497
1960-07-13,119.92118891173047
1960-07-14,120.6308261012236
1960-07-15,120.46634424739378
1960-07-18,122.44536711410662
1960-07-19,121.52726829408655
1960-07-20,119.98894430835999
1960-07-21,118.40647461070768
1960-07-22,117.3158076105626
1960-07-25,116.56385718951286
1960-07-26,115.70783854555575
1960-07-27,115.07786199106688
1960-07-28,113.8872280120347
1960-07-29,114.8517437532365
1960-08-01,116.22461495724419
1960-08-02,114.98196356286536
1960-08-03,116.68843303237269
1960-08-04,117.95689617215942
1960-08-05,119.50137104419443
1960-08-08,118.8464241112992
1960-08-09,117.65045475618746
1960-08-10,119.2110543371276
1960-08-11,116.62088712368993
1960-08-12,116.2441344755278
1960-08-15,115.66738368749488
1960-08-16,115.01756403575148
1960-08-17,114.08414252569395
1960-08-18,113.85907668621252
1960-08-19,113.59996936145583
1960-08-22,113.86693380940588
1960-08-23,112.77335088995375
1960-08-24,112.66699664555811
1960-08-25,113.25576861244893
1960-08-26,113.35825708847895
1960-08-29,112.2255662216725
1960-08-30,111.53788481806839
1960-08-31,112.12845800090098
1960-09-01,111.87099076659095
1960-09-02,111.60971031814454
1960-09-05,111.45960902149282
1960-09-06,112.34400464901755
1960-09-07,112.85155555400017
1960-09-08,116.7605134283316
1960-09-09,118.53101810589065
1960-09-12,119.35091270231793
1960-09-13,120.3968564800052
1960-09-14,119.77893664834674
1960-09-15,119.91705446245936
1960-09-16,120.90881241169345
1960-09-19,122.67003158494727
1960-09-20,122.64449118421804
1960-09-21,122.07125531249966
1960-09-22,122.41680167222327
1960-09-23,122.05998922224525
1960-09-26,121.65757521600257
1960-09-27,122.2988777313596
1960-09-28,123.94835278050164
1960-09-29,123.26644905558597
1960-09-30,125.48860408559743
1960-10-03,125.50069853140987
1960-10-04,123.68697743061026
1960-10-05,124.34455289406397
1960-10-06,124.67347338758215
1960-10-07,125.38402263709602
1960-10-10,123.48032826223569
1960-10-11,124.30603192937456
1960-10-12,125.50799036064922
1960-10-13,124.18459748824012
1960-10-14,122.99237311080704
1960-10-17,124.18469951602245
1960-10-18,127.01818106719637
1960-10-19,129.17159187638308
1960-10-20,127.47676892019273
1960-10-21,129.71495034951366
1960-10-24,128.31367922886278
1960-10-25,128.21701478333563
1960-10-26,127.92467507993537
1960-10-27,129.66365748658592
1960-10-28,131.3063805289419
1960-10-31,131.30250908797623
1960-11-01,131.9486331184032
1960-11-02,130.8471036171516
1960-11-03,131.1146706507594
1960-11-04,133.11567048884305
1960-11-07,133.42440557995175
1960-11-08,132.8069932999082
1960-11-09,134.6239336284267
1960-11-10,134.22080153082973
1960-11-11,134.57964592953223
1960-11-14,135.12158700235295
1960-11-15,135.53940463762365
1960-11-16,134.93468572986453
1960-11-17,134.9318850635952
1960-11-18,134.5926704653873
1960-11-21,134.43218100312046
1960-11-22,131.58188596780144
1960-11-23,131.10969144435882
1960-11-24,130.71679544888877
1960-11-25,132.4989408808588
1960-11-28,134.09349879287322
1960-11-29,132.02567341298084
1960-11-30,130.48275694967543
1960-12-01,131.359334730181
1960-12-02,131.53412473940648
1960-12-05,130.7072031137349
1960-12-06,129.55390675695887
1960-12-07,128.97303437576412
1960-12-08,128.33655944339588
1960-12-09,126.79010094937993
1960-12-12,127.41950681398527
1960-12-13,129.35067853290894
1960-12-14,129.21487843228388
1960-12-15,129.59712736107014
1960-12-16,127.06252820267727
1960-12-19,125.80177489831387
1960-12-20,123.75284120452129
1960-12-21,124.54339813761015
1960-12-22,125.81676545244328
1960-12-23,124.49814805681243
1960-12-26,123.87253783117573
1960-12-27,122.68923536026969
1960-12-28,122.19946798938862
1960-12-29,120.49965073050898
1960-12-30,121.49598797120949
1961-01-02,120.55108865362384
1961-01-03,119.24245570615057
1961-01-04,118.0252083587201
1961-01-05,117.6370799647878
1961-01-06,119.09518516941317
1961-01-09,119.43465946714703
1961-01-10,119.6140242228242
1961-01-11,118.86272439778374
1961-01-12,117.84365056891397
1961-01-13,118.1980786946593
1961-01-16,119.2615659186069
1961-01-17,120.64680051358692
1961-01-18,120.68700534539525
1961-01-19,119.27748685139422
1961-01-20,118.5702252588427
1961-01-23,118.56211756577301
1961-01-24,118.96733242832838
1961-01-25,119.14232141721828
1961-01-26,120.40257627353962
1961-01-27,121.14470594592838
1961-01-30,122.02967695495988
1961-01-31,123.51741944599294
1961-02-01,123.92889187898665
1961-02-02,125.51097886815904
1961-02-03,125.18366659099496
1961-02-06,124.68693406116269
1961-02-07,126.81302696612063
1961-02-08,126.85274897522929
1961-02-09,129.7015432682416
1961-02-10,127.24952125733316
1961-02-13,127.72338412329198
1961-02-14,128.49421989944307
1961-02-15,131.5774569711394
1961-02-16,133.0469815803446
1961-02-17,132.59092251737155
1961-02-20,133.05871179915655
1961-02-21,132.16884652319263
1961-02-22,131.4199099260558
1961-02-23,132.26024182415063
1961-02-24,132.73673093749593
1961-02-27,135.3035852798386
1961-02-28,131.80138600584246
1961-03-01,131.70587508206367
1961-03-02,132.81205160891398
1961-03-03,134.71861458026342
1961-03-06,135.0839821936268
1961-03-07,135.28911267736905
1961-03-08,136.16512038357288
1961-03-09,140.323986508612
1961-03-10,141.58030957912885
1961-03-13,140.28860560210538
1961-03-14,139.31754347782297
1961-03-15,139.9969732532933
1961-03-16,139.00348375070996
1961-03-17,140.24846907497667
1961-03-20,140.61575865647688
1961-03-21,140.56610328759604
1961-03-22,141.0424044555574
1961-03-23,139.24563014398802
1961-03-24,138.33608172270306
1961-03-27,138.06505487515892
1961-03-28,138.17646691940675
1961-03-29,138.41592113171262
1961-03-30,138.67290935899163
1961-03-31,141.7338073101319
1961-04-03,139.55124016118648
1961-04-04,141.45210711053625
1961-04-05,142.31095934982355
1961-04-06,141.36506887064252
1961-04-07,141.66083767207945
1961-04-10,140.93528999999597
1961-04-11,140.66430225761846
1961-04-12,141.22437080863466
1961-04-13,142.06971904472647
1961-04-14,142.47958742063759
1961-04-17,144.03833308098484
1961-04-18,142.22223700989338
1961-04-19,144.16902813124153
1961-04-20,144.57054184250882
1961-04-21,143.26544137023163
1961-04-24,145.08973084744878
1961-04-25,145.49089986421785
1961-04-26,145.1998342257658
1961-04-27,145.11158612150047
1961-04-28,144.4705865378368
1961-05-01,142.39760567629384
1961-05-02,142.53683488572148
1961-05-03,143.12825091080737
1961-05-04,142.39387584015049
1961-05-05,142.2283914490658
1961-05-08,138.71351233928945
1961-05-09,140.29190106159996
1961-05-10,139.33370895447894
1961-05-11,137.80349678867273
1961-05-12,138.77454300801355
1961-05-15,140.40156255578043
1961-05-16,140.96171151589806
1961-05-17,142.25832563377148
1961-05-18,142.35998678077496
1961-05-19,141.78359390060817
1961-05-22,143.98622699571646
1961-05-23,140.6281597536158
1961-05-24,138.96296262432014
1961-05-25,138.76103312634456
1961-05-26,140.02946643843
1961-05-29,140.60284471239893
1961-05-30,140.43284099971757
1961-05-31,140.29634178711427
1961-06-01,141.34021296586454
1961-06-02,140.9923907802984
1961-06-05,141.31795017455823
1961-06-06,141.78796651655665
1961-06-07,140.25513339687237
1961-06-08,139.17085253698437
1961-06-09,138.6761537534505
1961-06-12,139.1468460121087
1961-06-13,140.74591335662905
1961-06-14,139.7473907217094
1961-06-15,137.2235358225534
1961-06-16,138.8131371015185
1961-06-19,136.95458056130593
1961-06-20,138.44778384352435
1961-06-21,137.45063546175487
1961-06-22,136.55402386078276
1961-06-23,136.44843143990653
1961-06-26,135.23508846745852
1961-06-27,136.45319589008804
1961-06-28,137.3940301688266
1961-06-29,134.03357076206385
1961-06-30,133.96260002582488
1961-07-03,132.0362385861861
1961-07-04,132.23698897572478
1961-07-05,132.96352396260957
1961-07-06,131.9624480555238
1961-07-07,132.0800968345371
1961-07-10,132.03661713641156
1961-07-11,132.6302874815565
1961-07-12,132.64022460756826
1961-07-13,131.4988179030688
1961-07-14,132.35016570817834
1961-07-17,132.85073558097693
1961-07-18,130.45793308298406
1961-07-19,130.00529739809895
1961-07-20,128.8057372375208
1961-07-21,128.62855693740426
1961-07-24,125.42729127378605
1961-07-25,124.72893013861504
1961-07-26,127.14556428351226
1961-07-27,125.40228293879447
1961-07-28,125.43728681060159
1961-07-31,127.81570981873078
1961-08-01,128.36739261186017
1961-08-02,129.70820805657894
1961-08-03,129.52140177609434
1961-08-04,127.79044024845855
1961-08-07,126.5530124000935
1961-08-08,127.20877946332801
1961-08-09,126.1506631606516
1961-08-10,125.91590476026576
1961-08-11,125.00253064312314
1961-08-14,122.80675684283688
1961-08-15,119.45314730557148
1961-08-16,120.4460965946456
1961-08-17,118.76217605481047
1961-08-18,117.39891336228469
1961-08-21,117.4472618820822
1961-08-22,117.2427368959277
1961-08-23,116.78853201641523
1961-08-24,117.27539812374698
1961-08-25,117.90070426665672
1961-08-28,117.51135614447828
1961-08-29,116.4979262137851
1961-08-30,117.61058714732333
1961-08-31,117.55409690973639
1961-09-01,116.96515715958452
1961-09-04,116.65824052515208
1961-09-05,118.06710564309071
1961-09-06,120.67793158172977
1961-09-07,120.48210350564334
1961-09-08,120.08520121241008
1961-09-11,120.87554581961811
1961-09-12,121.59849862195605
1961-09-13,122.90738116026057
1961-09-14,122.97376316823225
1961-09-15,122.01589118649392
1961-09-18,123.53032330113285
1961-09-19,122.6307966858234
1961-09-20,121.9577058804718
1961-09-21,121.05227521605404
1961-09-22,121.36510274516306
1961-09-25,119.67263349721846
1961-09-26,118.75404870361123
1961-09-27,120.94241450954898
1961-09-28,122.14563960793157
1961-09-29,123.30051414632358
1961-10-02,124.55989724047865
1961-10-03,127.09718486420228
1961-10-04,126.26533450701417
1961-10-05,126.40709112800654
1961-10-06,127.62418984480827
1961-10-09,127.2630487658023
1961-10-10,127.81806663350415
1961-10-11,127.22640029153264
1961-10-12,127.70815273070377
1961-10-13,128.41128554184385
1961-10-16,129.59144242372366
1961-10-17,130.66325851133155
1961-10-18,131.4404952514484
1961-10-19,128.6598613434712
1961-10-20,129.04741304018617
1961-10-23,129.01034502792348
1961-10-24,129.02053808337138
1961-10-25,127.97886226259716
1961-10-26,128.97107901364134
1961-10-27,129.27395421151428
1961-10-30,128.8430633999389
1961-10-31,129.05241343318818
1961-11-01,129.84120499629643
1961-11-02,128.67661770562555
1961-11-03,129.93966713798918
1961-11-06,130.32934444554587
1961-11-07,131.34545294721013
1961-11-08,130.80633494252905
1961-11-09,130.3719669267654
1961-11-10,129.16210659748464
1961-11-13,128.40389791242475
1961-11-14,128.8679205107885
1961-11-15,128.9845610524318
1961-11-16,129.40100811135142
1961-11-17,127.63698817615172
1961-11-20,127.5802175131067
1961-11-21,129.25826894595758
1961-11-22,129.02522340441428
1961-11-23,129.6428208936467
1961-11-24,129.03883715875668
1961-11-27,130.32079874741683
1961-11-28,130.32207499143504
1961-11-29,130.8736423658648
1961-11-30,131.1587867133929
1961-12-01,134.15877153636333
1961-12-04,133.67333829183926
1961-12-05,136.13222648815812
1961-12-06,134.38304864508436
1961-12-07,134.75132528999515
1961-12-08,135.9372069942732
1961-12-11,135.5143384875778
1961-12-12,137.0015029992114
1961-12-13,139.18477303739994
1961-12-14,139.17223374649038
1961-12-15,139.2808492678813
1961-12-18,138.8105908537505
1961-12-19,136.8240925177071
1961-12-20,136.24605700271596
1961-12-21,136.79060435747718
1961-12-22,137.82136779543353
1961-12-25,137.7123367749385
1961-12-26,137.01858943937285
1961-12-27,136.7662819452082
1961-12-28,136.3216476640932
1961-12-29,137.69178852860026
1962-01-01,138.21228391177604
1962-01-02,135.2484463326182
1962-01-03,135.20807389894884
1962-01-04,136.20312799346624
1962-01-05,133.13527038201158
1962-01-08,133.77348734979324
1962-01-09,133.65583372666708
1962-01-10,135.1411219067315
1962-01-11,134.4547072596985
1962-01-12,134.05615008226903
1962-01-15,133.57889885666626
1962-01-16,133.81389547885996
1962-01-17,135.3059632377599
1962-01-18,135.79702097626304
1962-01-19,137.31545599510952
1962-01-22,137.07118586016531
1962-01-23,137.16269948053636
1962-01-24,137.68098350545358
1962-01-25,138.72144185458484
1962-01-26,139.66010955272813
1962-01-29,142.02075967445649
1962-01-30,141.0403328043252
1962-01-31,140.77070515814043
1962-02-01,141.39131061412135
1962-02-02,143.406186949893
1962-02-05,143.98454531184737
1962-02-06,142.94782499371522
1962-02-07,144.40833150814657
1962-02-08,143.72525957360696
1962-02-09,143.4561864635769
1962-02-12,145.36619896572807
1962-02-13,147.02405143103627
1962-02-14,145.19473831621625
1962-02-15,147.73952017211832
1962-02-16,148.32032990768244
1962-02-19,149.13861726992772
1962-02-20,144.5675187594504
1962-02-21,143.5829562745241
1962-02-22,143.40259287861306
1962-02-23,142.38779143518622
1962-02-26,141.5130663466467
1962-02-27,141.51239350636666
1962-02-28,141.92245943240977
1962-03-01,142.48066874596475
1962-03-02,140.66969773783123
1962-03-05,140.65540573917633
1962-03-06,139.97973812399718
1962-03-07,143.61923388238566
1962-03-08,144.02435002795454
1962-03-09,143.0799198393317
1962-03-12,142.84966322109767
1962-03-13,140.4761144987944
1962-03-14,140.4663073916407
1962-03-15,141.97587884890234
1962-03-16,143.58389969221594
1962-03-19,146.658684815398
1962-03-20,146.02147253346067
1962-03-21,144.4177663155951
1962-03-22,144.41886868637968
1962-03-23,144.8353823114219
1962-03-26,144.76625697906934
1962-03-27,146.58410565779621
1962-03-28,146.1037416741038
1962-03-29,146.44920130417938
1962-03-30,148.0065059663061
1962-04-02,148.4474846145765
1962-04-03,150.5799308172093
1962-04-04,153.5539116276898
1962-04-05,154.40789522648774
1962-04-06,153.03176664083676
1962-04-09,155.4461408161028
1962-04-10,154.22905751935906
1962-04-11,154.01341177734474
1962-04-12,152.01849244206656
1962-04-13,150.93637637830602
1962-04-16,149.30843830307103
1962-04-17,149.34850150603424
1962-04-18,147.2455236578778
1962-04-19,145.92018803754883
1962-04-20,145.51954613747156
1962-04-23,147.6271045225121
1962-04-24,147.1172737696885
1962-04-25,145.11507926108806
1962-04-26,143.84529019410806
1962-04-27,147.3548830319035
1962-04-30,145.57954395991217
1962-05-01,143.54754460690003
1962-05-02,143.91461402289232
1962-05-03,144.3043330486533
1962-05-04,145.32894886789572
1962-05-07,143.1814682864556
1962-05-08,143.07205461785614
1962-05-09,142.5344968486395
1962-05-10,144.71838671982724
1962-05-11,146.47197295398303
1962-05-14,143.748161793748
1962-05-15,145.21961196362645
1962-05-16,144.6312843792592
1962-05-17,144.45480255253477
1962-05-18,143.85642444317827
1962-05-21,141.35815144188223
1962-05-22,141.00703266184883
1962-05-23,139.4116626678443
1962-05-24,139.71977080321454
1962-05-25,138.99769477580966
1962-05-28,139.27573426567494
1962-05-29,137.83338694609216
1962-05-30,135.9519814380258
1962-05-31,136.9689932595475
1962-06-01,134.71522378114136
1962-06-04,136.0351845821965
1962-06-05,137.15842116199124
1962-06-06,136.94395358155595
1962-06-07,137.14837514710388
1962-06-08,135.92657978466698
1962-06-11,136.04131308166066
1962-06-12,133.45156839451815
1962-06-13,133.877941761787
1962-06-14,133.32025142557163
1962-06-15,133.1441941045338
1962-06-18,130.814344037245
1962-06-19,131.87107713325915
1962-06-20,134.1410993720729
1962-06-21,134.02839098808238
1962-06-22,133.830051209775
1962-06-25,136.30283600025436
1962-06-26,136.62646430634288
1962-06-27,136.07912744228366
1962-06-28,133.22188507451142
1962-06-29,134.880528837594
1962-07-02,134.27117780072402
1962-07-03,135.1916390495466
1962-07-04,136.5431691612072
1962-07-05,137.10264272176497
1962-07-06,137.5347530320013
1962-07-09,136.9226932865365
1962-07-10,137.25673133129285
1962-07-11,137.51187856291372
1962-07-12,137.90001790155836
1962-07-13,136.04143746848948
1962-07-16,134.56730749763042
1962-07-17,133.41855629254624
1962-07-18,134.96612187914388
1962-07-19,135.2960281731281
1962-07-20,132.82904253824225
1962-07-23,134.21821752958454
1962-07-24,135.92106512007717
1962-07-25,136.05592887868508
1962-07-26,138.92215093926595
1962-07-27,139.9477641627397
1962-07-30,141.39948897173429
1962-07-31,143.74260942329605
1962-08-01,144.58145826159108
1962-08-02,143.77731176470158
1962-08-03,142.6479750012994
1962-08-06,141.37632786534462
1962-08-07,141.21238457354025
1962-08-08,140.962969990283
1962-08-09,140.0502009857614
1962-08-10,142.71199346295336
1962-08-13,143.7641833205551
1962-08-14,144.84578042343503
1962-08-15,144.98514984547302
1962-08-16,145.79293444331284
1962-08-17,146.03520000388775
1962-08-20,145.43763657209377
1962-08-21,145.72313375077832
1962-08-22,143.51041885574787
1962-08-23,143.23362416511432
1962-08-24,143.45610966420185
1962-08-27,143.66158062834967
1962-08-28,143.0288999997873
1962-08-29,142.8002643327102
1962-08-30,143.835856417713
1962-08-31,142.98636939811016
1962-09-03,141.9693374121075
1962-09-04,144.29258573583493
1962-09-05,143.66494426490422
1962-09-06,143.34039731866753
1962-09-07,143.04185244232966
1962-09-10,144.08691672760312
1962-09-11,144.00010021506074
1962-09-12,142.52978832322052
1962-09-13,140.95624645879437
1962-09-14,138.93412326127435
1962-09-17,139.35097981622926
1962-09-18,138.7948752905489
1962-09-19,139.72445464175928
1962-09-20,140.4393906929022
1962-09-21,139.5801532759099
1962-09-24,140.6440563611283
1962-09-25,140.38629107831775
1962-09-26,142.19578755326407
1962-09-27,143.10144850574045
1962-09-28,143.83785332024166
1962-10-01,145.93507629927686
1962-10-02,145.82123003655266
1962-10-03,144.74981325339223
1962-10-04,145.08892496744411
1962-10-05,144.5033609784011
1962-10-08,148.46977084519006
1962-10-09,147.89872023708858
1962-10-10,147.23625582294545
1962-10-11,146.12550430127212
1962-10-12,148.77661835286145
1962-10-15,146.5792481932443
1962-10-16,145.98109296188008
1962-10-17,145.56090744235226
1962-10-18,144.8943166931588
1962-10-19,144.67869751118022
1962-10-22,145.88347661960537
1962-10-23,143.8259838378804
1962-10-24,143.07852538706175
1962-10-25,143.84596302374007
1962-10-26,144.8241343669511
1962-10-29,146.5583167105519
1962-10-30,145.8939226347432
1962-10-31,143.0399518177614
1962-11-01,143.37080204989158
1962-11-02,145.48332503777016
1962-11-05,145.57723078442942
1962-11-06,146.49189851526677
1962-11-07,145.86184081907314
1962-11-08,144.9610583425468
1962-11-09,145.61132457018425
1962-11-12,143.08817584363373
1962-11-13,143.654515149539
1962-11-14,143.8785624247344
1962-11-15,145.0743152855838
1962-11-16,144.40711338587533
1962-11-19,145.80781918141543
1962-11-20,146.70657834357692
1962-11-21,147.68248802153084
1962-11-22,146.14880499902722
1962-11-23,144.52522366069053
1962-11-26,142.29611107748704
1962-11-27,142.31261088853887
1962-11-28,140.96607709946534
1962-11-29,141.72572880943804
1962-11-30,141.067990404492
1962-12-03,139.36048301630274
1962-12-04,138.69225049512352
1962-12-05,139.18147439894517
1962-12-06,138.73393642899043
1962-12-07,138.5119863988129
1962-12-10,138.74329798290063
1962-12-11,138.26654939403096
1962-12-12,137.34114280629646
1962-12-13,137.480047067307
1962-12-14,135.03213667433198
1962-12-17,134.2940553698614
1962-12-18,133.09811751122257
1962-12-19,132.92188344112287
1962-12-20,133.2744358618952
1962-12-21,133.14051855655808
1962-12-24,133.4840313530054
1962-12-25,133.14873604208591
1962-12-26,132.76199952700193
1962-12-27,133.66841406863853
1962-12-28,132.26226917608074
1962-12-31,131.505369947137
1963-01-01,131.92558483341801
1963-01-02,132.59570766759484
1963-01-03,132.90357554325962
1963-01-04,131.94600436915943
1963-01-07,132.13829205425435
1963-01-08,132.96446180400787
1963-01-09,131.70972114221706
1963-01-10,134.1243707541822
1963-01-11,135.01674780515498
1963-01-14,133.3604803312386
1963-01-15,135.97815016755268
1963-01-16,134.92915566594993
1963-01-17,136.3987279772334
1963-01-18,134.90146662480788
1963-01-21,134.35973454883154
1963-01-22,131.7668600675652
1963-01-23,130.54703922684584
1963-01-24,128.94547535274077
1963-01-25,128.88457632006958
1963-01-28,130.42512933629322
1963-01-29,130.5595819206216
1963-01-30,128.4489180275629
1963-01-31,130.75152456669403
1963-02-01,129.91034990808942
1963-02-04,130.11592939548854
1963-02-05,131.13941921981464
1963-02-06,132.43870576203295
1963-02-07,131.70066813341538
1963-02-08,133.60508578543076
1963-02-11,133.48404903932686
1963-02-12,133.79524606737635
1963-02-13,130.50328735352272
1963-02-14,132.09582485073088
1963-02-15,130.99320503799007
1963-02-18,129.3722797990026
1963-02-19,130.97029228544847
1963-02-20,130.8757883558693
1963-02-21,129.79108966238687
1963-02-22,129.31249897176545
1963-02-25,128.5644468038182
1963-02-26,127.63702108421293
1963-02-27,129.08429411041698
1963-02-28,128.45314443737436
1963-03-01,128.48534651812017
1963-03-04,127.30974240743414
1963-03-05,126.10863364034617
1963-03-06,125.46847675701041
1963-03-07,124.43709280879438
1963-03-08,124.4222622399287
1963-03-11,126.09838286544472
1963-03-12,129.0750537903783
1963-03-13,128.227145128603
1963-03-14,129.70115901188493
1963-03-15,129.06648600952423
1963-03-18,130.2479795873007
1963-03-19,130.16483511846084
1963-03-20,129.7092669584861
1963-03-21,129.7999218876095
1963-03-22,127.94150766157011
1963-03-25,126.34695524298857
1963-03-26,123.23809366689636
1963-03-27,125.37154090294817
1963-03-28,127.44697984046275
1963-03-29,127.55102441398267
1963-04-01,129.39688785499885
1963-04-02,129.5971091725754
1963-04-03,128.3557449017069
1963-04-04,128.104003958232
1963-04-05,126.23841427599464
1963-04-08,126.26798248141439
1963-04-09,126.93253013170947
1963-04-10,127.36227288251168
1963-04-11,125.99833445953593
1963-04-12,126.19666013822697
1963-04-15,124.7128902029129
1963-04-16,123.6073619572589
1963-04-17,121.37014688433928
1963-04-18,121.88299814288301
1963-04-19,121.99877440390634
1963-04-22,122.5578056877294
1963-04-23,124.44433663171593
1963-04-24,126.58648808449784
1963-04-25,126.1747430486419
1963-04-26,127.73227036577661
1963-04-29,127.4727349160335
1963-04-30,127.04006783775719
1963-05-01,127.38257956279361
1963-05-02,127.5672079439565
1963-05-03,127.69586445290989
1963-05-06,127.42507661838604
1963-05-07,128.06619665362632
1963-05-08,125.79475878831626
1963-05-09,127.10905682941667
1963-05-10,126.4432714210283
1963-05-13,126.01089578230975
1963-05-14,125.37984680219049
1963-05-15,123.99646469791857
1963-05-16,125.1080466442186
1963-05-17,124.39150450832614
1963-05-20,123.92836877497884
1963-05-21,124.850319309804
1963-05-22,126.10527346940522
1963-05-23,125.90445828841189
1963-05-24,125.94315932165408
1963-05-27,126.5241607029723
1963-05-28,126.79217089335529
1963-05-29,127.41106348682295
1963-05-30,126.63645690888244
1963-05-31,126.65277613011266
1963-06-03,125.66268920604577
1963-06-04,127.06924893855278
1963-06-05,127.91943711068394
1963-06-06,128.58182311608877
1963-06-07,128.93213584173526
1963-06-10,128.35792165124093
1963-06-11,126.74399537290225
1963-06-12,125.87233498839772
1963-06-13,126.58612992812151
1963-06-14,125.5984370155182
1963-06-17,127.47965100872169
1963-06-18,127.87086712610976
1963-06-19,127.04722355743006
1963-06-20,127.48571150194692
1963-06-21,130.1686908851141
1963-06-24,130.57191055280438
1963-06-25,133.309056345411
1963-06-26,133.26867811642163
1963-06-27,132.41803456323962
1963-06-28,133.00712897880354
1963-07-01,131.6165637151812
1963-07-02,129.7511956796553
1963-07-03,127.60439237332264
1963-07-04,129.34851018057606
1963-07-05,129.19559890619442
1963-07-08,126.74922446828789
1963-07-09,128.03726232286607
1963-07-10,126.32211185849283
1963-07-11,125.4539300091397
1963-07-12,127.14233606256158
1963-07-15,126.04372541386667
1963-07-16,127.4480779547145
1963-07-17,126.76167685888964
1963-07-18,127.10090737151992
1963-07-19,128.4267128950259
1963-07-22,128.68993699761532
1963-07-23,128.8604712863145
1963-07-24,129.3324884226618
1963-07-25,127.72373756866222
1963-07-26,128.01887089475963
1963-07-29,128.19420464335036
1963-07-30,130.3095568656126
1963-07-31,130.07109781506088
1963-08-01,131.26062885599865
1963-08-02,131.79202088364062
1963-08-05,129.92232667706858
1963-08-06,129.23567180014285
1963-08-07,129.3469408570359
1963-08-08,130.0079538468867
1963-08-09,129.3032813564031
1963-08-12,128.8249509947604
1963-08-13,129.59302869635812
1963-08-14,130.44414551038534
1963-08-15,129.93525628062278
1963-08-16,129.57500276296545
1963-08-19,130.49453093851665
1963-08-20,129.63719946908597
1963-08-21,130.22026056461823
1963-08-22,130.875378340233
1963-08-23,128.59857622995543
1963-08-26,130.60045644913055
1963-08-27,132.40782933682033
1963-08-28,133.46765069689613
1963-08-29,134.90896894311751
1963-08-30,135.08421230833164
1963-09-02,136.44988295103093
1963-09-03,135.5686931343953
1963-09-04,133.81891943913368
1963-09-05,133.98519499314
1963-09-06,134.42184880758748
1963-09-09,134.4128550989815
1963-09-10,133.79078581957828
1963-09-11,133.01915620750572
1963-09-12,132.31056346073194
1963-09-13,132.24842209205764
1963-09-16,130.2273347442902
1963-09-17,130.32655311191075
1963-09-18,129.97865081948532
1963-09-19,130.99138540617344
1963-09-20,129.62239852358678
1963-09-23,129.6888834207692
1963-09-24,129.39459921342078
1963-09-25,128.95913601819484
1963-09-26,129.49883157124233
1963-09-27,130.1014289632415
1963-09-30,131.37773774592384
1963-10-01,133.46656591644492
1963-10-02,135.18029373819982
1963-10-03,134.02999229917415
1963-10-04,130.60872016835881
1963-10-07,130.1104660214393
1963-10-08,130.01992640879251
1963-10-09,131.05191296875293
1963-10-10,131.7944717778362
1963-10-11,132.6505068585445
1963-10-14,131.8587617414339
1963-10-15,130.516816273542
1963-10-16,130.7314229787626
1963-10-17,133.53654683530726
1963-10-18,133.1052574541606
1963-10-21,131.43547875208407
1963-10-22,132.21935021540372
1963-10-23,132.22164448506533
1963-10-24,132.29150599241572
1963-10-25,133.50057140404851
1963-10-28,133.3653087394783
1963-10-29,130.71466562083862
1963-10-30,129.649575497999
1963-10-31,129.4743543436584
1963-11-01,130.6876686571857
1963-11-04,130.0474614293522
1963-11-05,130.7611167313592
1963-11-06,132.2133245640085
1963-11-07,134.13630310916756
1963-11-08,133.2426605765291
1963-11-11,133.3785228111377
1963-11-12,133.63901553725762
1963-11-13,133.37954384521268
1963-11-14,135.46985846510208
1963-11-15,135.0507701889148
1963-11-18,136.49014474304443
1963-11-19,135.85121383331793
1963-11-20,136.9006063925824
1963-11-21,138.90003156852515
1963-11-22,140.90478665579042
1963-11-25,140.56509213561134
1963-11-26,140.26910922825866
1963-11-27,141.05264389368415
1963-11-28,142.70142903960414
1963-11-29,142.54404916214546
1963-12-02,143.8875162083699
1963-12-03,141.88031029663864
1963-12-04,142.46469330404187
1963-12-05,143.43480192905255
1963-12-06,141.95752985518845
1963-12-09,141.95568165371043
1963-12-10,143.40039842198885
1963-12-11,141.3933702704508
1963-12-12,140.72795952314377
1963-12-13,138.75458773284566
1963-12-16,141.54811217582647
1963-12-17,139.45197974379346
1963-12-18,137.20872789525944
1963-12-19,138.1937181191942
1963-12-20,139.00586870719184
1963-12-23,137.64477026327904
1963-12-24,138.77116015197652
1963-12-25,140.3607349281993
1963-12-26,139.54262920698443
1963-12-27,140.71399496458136
1963-12-30,143.5990025964322
1963-12-31,143.40740738747914
1964-01-01,140.87263390464972
1964-01-02,140.37064304317286
1964-01-03,143.84388124134497
1964-01-06,140.52281655339695
1964-01-07,140.97654472135807
1964-01-08,140.16161831725262
1964-01-09,141.61510835944844
1964-01-10,141.40280335688286
1964-01-13,141.68479071921246
1964-01-14,140.85031089424476
1964-01-15,140.28546496252883
1964-01-16,141.75769868022584
1964-01-17,144.11989956171018
1964-01-20,145.94776979092904
1964-01-21,144.99960981002138
1964-01-22,144.10113573204728
1964-01-23,143.99108987354788
1964-01-24,144.23765124763167
1964-01-27,142.63904455884082
1964-01-28,141.71553919308732
1964-01-29,140.8059235573115
1964-01-30,139.92323187514498
1964-01-31,138.68081325331423
1964-02-03,139.21014740565883
1964-02-04,137.49950064061392
1964-02-05,135.86018384029694
1964-02-06,137.17670881970037
1964-02-07,136.49674490776397
1964-02-10,135.38391927873806
1964-02-11,134.80126143168835
1964-02-12,135.17385690392138
1964-02-13,135.85500463987253
1964-02-14,137.98945030413793
1964-02-17,138.336358493353
1964-02-18,135.81294235995819
1964-02-19,135.5419543084221
1964-02-20,133.5250606261309
1964-02-21,133.476747016165
1964-02-24,133.37830152754336
1964-02-25,131.62841545861227
1964-02-26,133.39320180001735
1964-02-27,134.08073467018767
1964-02-28,135.81004505656625
1964-03-02,134.17230421651013
1964-03-03,135.54380384026808
1964-03-04,136.00584781821303
1964-03-05,137.39631842196945
1964-03-06,138.42272271576147
1964-03-09,138.0795951076064
1964-03-10,136.90902242627337
1964-03-11,137.51372127900132
1964-03-12,137.95935393802372
1964-03-13,136.2866196869384
1964-03-16,134.40971028761345
1964-03-17,137.99095194064586
1964-03-18,137.49851320461732
1964-03-19,135.6180440756527
1964-03-20,133.9200465328347
1964-03-23,132.69326884131792
1964-03-24,132.93957162049543
1964-03-25,131.5196379056422
1964-03-26,132.11398819959857
1964-03-27,131.25274723062083
1964-03-30,129.16294665415515
1964-03-31,130.74057328948115
1964-04-01,131.72768649887607
1964-04-02,132.04046904194794
1964-04-03,133.57580886813932
1964-04-06,133.1371308668572
1964-04-07,133.5575746830877
1964-04-08,131.48831857449187
1964-04-09,129.44435202026716
1964-04-10,130.47612321601204
1964-04-13,129.36740213229933
1964-04-14,129.85548141473822
1964-04-15,131.16736649598388
1964-04-16,130.58619368461092
1964-04-17,129.1931317137169
1964-04-20,128.8881952727629
1964-04-21,129.48906678579942
1964-04-22,131.08420643263048
1964-04-23,132.07248109842726
1964-04-24,130.58476409190237
1964-04-27,132.186893526646
1964-04-28,130.46845957199474
1964-04-29,129.99863717631573
1964-04-30,129.2750393784214
1964-05-01,128.10856163863392
1964-05-04,125.3180818344667
1964-05-05,123.00435221428226
1964-05-06,122.84213448968117
1964-05-07,122.05132509809764
1964-05-08,123.44190122832356
1964-05-11,123.08018346808213
1964-05-12,122.21381147389425
1964-05-13,122.42188689962722
1964-05-14,120.71711240493738
1964-05-15,122.00160746581707
1964-05-18,122.16115357679924
1964-05-19,124.30598000344183
1964-05-20,122.83548649512193
1964-05-21,120.69618225557598
1964-05-22,118.62099533926754
1964-05-25,119.25944476659978
1964-05-26,118.85925878248578
1964-05-27,119.63568939342224
1964-05-28,118.39364620702509
1964-05-29,116.75314221439736
1964-06-01,115.86048410661738
1964-06-02,115.42068851615282
1964-06-03,115.87296980138989
1964-06-04,118.43562212522048
1964-06-05,119.42860934235804
1964-06-08,120.89319801088122
1964-06-09,120.21330607494964
1964-06-10,119.11597794896662
1964-06-11,117.65040156615414
1964-06-12,117.12165223998686
1964-06-15,115.85541614323853
1964-06-16,117.39117568873176
1964-06-17,117.83290879622982
1964-06-18,115.88370995550136
1964-06-19,115.04098404789657
1964-06-22,116.9184830701548
1964-06-23,117.08595628301278
1964-06-24,117.98148365121834
1964-06-25,118.28901718718816
1964-06-26,117.95487247145886
1964-06-29,114.58594967447222
1964-06-30,114.2177084434895
1964-07-01,112.0408426426992
1964-07-02,112.73918052948072
1964-07-03,112.8647506680843
1964-07-06,112.93522385619687
1964-07-07,114.45038087452338
1964-07-08,114.98249543426553
1964-07-09,113.85894439724099
1964-07-10,114.62487499124349
1964-07-13,114.2285551203056
1964-07-14,116.61861947301048
1964-07-15,115.71398335428593
1964-07-16,115.92651984887684
1964-07-17,115.30956293493506
1964-07-20,115.20987221203323
1964-07-21,115.56609261775913
1964-07-22,116.27742501419095
1964-07-23,114.7831185007975
1964-07-24,114.04229847857664
1964-07-27,114.71443812864877
1964-07-28,114.83135794987572
1964-07-29,114.76173746128364
1964-07-30,113.26797159925319
1964-07-31,114.18771635137583
1964-08-03,112.47836869492625
1964-08-04,113.84246898850667
1964-08-05,111.93863033643953
1964-08-06,113.75342623477769
1964-08-07,113.3728305006345
1964-08-10,112.52451402318232
1964-08-11,113.66431727337905
1964-08-12,112.87838898428804
1964-08-13,113.3520456448521
1964-08-14,113.63607752445172
1964-08-17,113.30471906280339
1964-08-18,112.4797221312399
1964-08-19,112.36380039699345
1964-08-20,111.01336453828807
1964-08-21,110.98145878639305
1964-08-24,111.91389454868929
1964-08-25,111.07168291460034
1964-08-26,111.24102216941981
1964-08-27,111.16338966753428
1964-08-28,109.92061013161792
1964-08-31,110.14110220448921
1964-09-01,113.97212434973106
1964-09-02,112.90462721852401
1964-09-03,111.89544783684607
1964-09-04,113.72795230716923
1964-09-07,115.79774652002055
1964-09-08,116.95240013587653
1964-09-09,117.10285660079334
1964-09-10,117.06710398977553
1964-09-11,116.99994813327018
1964-09-14,117.64682618900301
1964-09-15,116.60246149187758
1964-09-16,116.29021189889495
1964-09-17,114.46164956362188
1964-09-18,114.67308342906315
1964-09-21,112.2866087098467
1964-09-22,112.85626102546678
1964-09-23,111.88983412496701
1964-09-24,111.500123437057
1964-09-25,114.23839254390141
1964-09-28,113.19359943839562
1964-09-29,112.19874215087447
1964-09-30,112.68073922184917
1964-10-01,112.74826673754467
1964-10-02,113.79654661696799
1964-10-05,114.39218900263002
1964-10-06,115.04991255908104
1964-10-07,116.71171887064843
1964-10-08,116.1333979782295
1964-10-09,115.90784229029191
1964-10-12,116.76680809620308
1964-10-13,116.97446173470097
1964-10-14,115.98185646293558
1964-10-15,113.1290566968496
1964-10-16,113.73673523518914
1964-10-19,113.76859559907375
1964-10-20,112.72829781160247
1964-10-21,112.9426833930019
1964-10-22,114.35329734787776
1964-10-23,113.37744244581893
1964-10-26,113.88929909698484
1964-10-27,113.31326669736337
1964-10-28,113.0156259035698
1964-10-29,112.14367098105866
1964-10-30,111.66292025026546
1964-11-02,112.03802304218218
1964-11-03,112.18656670942316
1964-11-04,112.72918428455293
1964-11-05,113.06055783670006
1964-11-06,114.01884900063318
1964-11-09,115.46481923855761
1964-11-10,115.75062409257349
1964-11-11,116.55097289169957
1964-11-12,117.35615495801551
1964-11-13,118.04907583504402
1964-11-16,117.914670306823
1964-11-17,117.79641186536116
1964-11-18,117.43503158692239
1964-11-19,118.80404777097671
1964-11-20,119.27287863419316
1964-11-23,119.7032624059323
1964-11-24,118.97147872285858
1964-11-25,119.41772442359932
1964-11-26,120.51580745320949
1964-11-27,118.91255428040002
1964-11-30,119.24910631321194
1964-12-01,121.18675704135514
1964-12-02,119.88975893825129
1964-12-03,119.33250002307986
1964-12-04,120.41124222689426
1964-12-07,123.07665165153094
1964-12-08,122.85208900286757
1964-12-09,123.92017556066364
1964-12-10,121.87088877307623
1964-12-11,120.1985634405532
1964-12-14,120.02291129930187
1964-12-15,120.477441251299
1964-12-16,119.61051021624073
1964-12-17,121.10781900054567
1964-12-18,121.14285037717663
1964-12-21,118.73518233386547
1964-12-22,119.3896821856392
1964-12-23,119.95514422701014
1964-12-24,120.58104464067277
1964-12-25,118.55251460437024
1964-12-28,117.27380299483855
1964-12-29,117.47195369701612
1964-12-30,116.76121374183904
1964-12-31,118.76544152849519
1965-01-01,117.41917050279946
1965-01-04,116.00985891077292
1965-01-05,117.45316259457823
1965-01-06,120.3299644951758
1965-01-07,122.61803462630783
1965-01-08,121.1505288591715
1965-01-11,121.90912779527105
1965-01-12,119.76855084605678
1965-01-13,121.66013507646159
1965-01-14,120.55564731732773
1965-01-15,120.35779143158923
1965-01-18,118.92093687672111
1965-01-19,120.89912027451976
1965-01-20,118.7426871511217
1965-01-21,119.22963314376972
1965-01-22,119.76397178083553
1965-01-25,120.42935717507041
1965-01-26,119.60858814551051
1965-01-27,118.55236281990598
1965-01-28,118.41487029179176
1965-01-29,118.36396522172153
1965-02-01,118.58018549317181
1965-02-02,118.39110291094771
1965-02-03,117.7168665468304
1965-02-04,116.71206387145475
1965-02-05,116.71073554020464
1965-02-08,117.41283275607267
1965-02-09,116.08051409747432
1965-02-10,115.87217862900995
1965-02-11,116.8102378388364
1965-02-12,116.27376101727188
1965-02-15,116.43793004466418
1965-02-16,115.92892437259758
1965-02-17,115.52158986187604
1965-02-18,115.43881413945516
1965-02-19,113.91660777863505
1965-02-22,113.11475575577555
1965-02-23,111.28180256595776
1965-02-24,110.63683031128068
1965-02-25,111.68848953477648
1965-02-26,111.52844730373516
1965-03-01,113.4191127973229
1965-03-02,113.92171551081347
1965-03-03,112.29465958996704
1965-03-04,113.1184179798312
1965-03-05,113.22136971639975
1965-03-08,113.78655363637843
1965-03-09,114.28803361327925
1965-03-10,113.72393089521596
1965-03-11,112.94587488980906
1965-03-12,112.51403686142193
1965-03-15,112.04909460813398
1965-03-16,113.32260317322422
1965-03-17,113.83643692743165
1965-03-18,113.88529262307361
1965-03-19,112.85284748049315
1965-03-22,114.5304031828831
1965-03-23,115.50764565182178
1965-03-24,117.3477713206362
1965-03-25,116.90750320084332
1965-03-26,119.91451168701013
1965-03-29,120.87599463802499
1965-03-30,121.96862881956989
1965-03-31,123.13196287666344
1965-04-01,123.47318458857416
1965-04-02,121.79538009448456
1965-04-05,120.07788554443417
1965-04-06,121.67903914284311
1965-04-07,123.18697135539563
1965-04-08,122.26072895879453
1965-04-09,121.74540955185762
1965-04-12,123.36076155742522
1965-04-13,123.35859090319147
1965-04-14,122.86122447761555
1965-04-15,121.78813117833472
1965-04-16,119.27131198801908
1965-04-19,118.77029334296871
1965-04-20,118.76469586846534
1965-04-21,118.49552053565455
1965-04-22,119.16454481287028
1965-04-23,117.60959102121238
1965-04-26,119.36317276345108
1965-04-27,120.8022849853558
1965-04-28,119.19813392478879
1965-04-29,116.69789379235648
1965-04-30,116.12109345286441
1965-05-03,115.56910152553148
1965-05-04,117.23879169351275
1965-05-05,116.59757159062964
1965-05-06,116.34546591869147
1965-05-07,114.57997382959842
1965-05-10,113.24584847678047
1965-05-11,114.24667204418476
1965-05-12,111.77640748186327
1965-05-13,111.11631260053724
1965-05-14,110.25982271429707
1965-05-17,111.80186587433468
1965-05-18,115.27804818868981
1965-05-19,116.14113937561214
1965-05-20,113.60238210597839
1965-05-21,113.9969370968405
1965-05-24,115.47487238705135
1965-05-25,114.59957586595372
1965-05-26,115.77142321726221
1965-05-27,116.46609503830811
1965-05-28,116.29332959547494
1965-05-31,113.42834970577154
1965-06-01,112.09792026983776
1965-06-02,113.68130439852261
1965-06-03,115.34415024366226
1965-06-04,114.19946778781477
1965-06-07,114.9653184728728
1965-06-08,113.03427580967542
1965-06-09,112.59795460988434
1965-06-10,114.29308488415063
1965-06-11,115.19925905112369
1965-06-14,115.0291112362248
1965-06-15,114.90808788337638
1965-06-16,117.8668362305577
1965-06-17,118.19362995863307
1965-06-18,118.44423296399165
1965-06-21,118.4469123297633
1965-06-22,119.31977488104454
1965-06-23,119.56384365638084
1965-06-24,119.68529581194657
1965-06-25,120.54782569927627
1965-06-28,120.25946815208826
1965-06-29,120.39871526754655
1965-06-30,121.51168043365989
1965-07-01,122.08101036411011
1965-07-02,120.77089226526884
1965-07-05,121.25590411876672
1965-07-06,120.01403963343155
1965-07-07,119.56141380794536
1965-07-08,117.92772978182215
1965-07-09,117.42547732144324
1965-07-12,118.38884022014327
1965-07-13,118.71063993790807
1965-07-14,118.22883991210277
1965-07-15,119.17189490013337
1965-07-16,120.45197338374837
1965-07-19,119.75885450184349
1965-07-20,117.21389725313185
1965-07-21,116.26780360741515
1965-07-22,116.05414713789072
1965-07-23,115.66854432656451
1965-07-26,114.95019832634495
1965-07-27,116.05732000828644
1965-07-28,116.05466391744775
1965-07-29,117.61223909579591
1965-07-30,119.25513074518717
1965-08-02,118.84801281306181
1965-08-03,119.56472402651742
1965-08-04,120.76597410366261
1965-08-05,121.62802708099645
1965-08-06,121.88684789718324
1965-08-09,122.20857293790674
1965-08-10,122.05466501640564
1965-08-11,124.78687249863401
1965-08-12,125.66112159849465
1965-08-13,127.85596318666082
1965-08-16,128.47785672488294
1965-08-17,128.21889122128616
1965-08-18,127.50529577982364
1965-08-19,127.71152557000629
1965-08-20,125.27008113118113
1965-08-23,124.85884352334946
1965-08-24,124.62139233813075
1965-08-25,123.19513719432564
1965-08-26,124.59307782800282
1965-08-27,122.93175782151049
1965-08-30,123.70262857403817
1965-08-31,123.2897193201409
1965-09-01,123.56814827753773
1965-09-02,123.92145748344788
1965-09-03,123.71541735410375
1965-09-06,121.87772304001986
1965-09-07,122.09202829361448
1965-09-08,120.40125670285673
1965-09-09,120.90370954809019
1965-09-10,121.16541631808204
1965-09-13,119.408078363482
1965-09-14,118.91346777179051
1965-09-15,118.388822991407
1965-09-16,119.60144369334851
1965-09-17,117.70908020769565
1965-09-20,117.37183807421316
1965-09-21,117.33508555833357
1965-09-22,119.24010068003616
1965-09-23,120.77914308394627
1965-09-24,121.96266062093277
1965-09-27,120.92339509578667
1965-09-28,121.54761774741553
1965-09-29,121.84188383410464
1965-09-30,122.2967064003807
1965-10-01,122.42392402689175
1965-10-04,122.86287662531572
1965-10-05,122.82352902037772
1965-10-06,123.39476631770899
1965-10-07,125.73073647982667
1965-10-08,126.29766838532566
1965-10-11,127.85329761120673
1965-10-12,128.9838199256643
1965-10-13,128.00941919990154
1965-10-14,128.8175036845224
1965-10-15,129.2978283484484
1965-10-18,129.83235584152013
1965-10-19,128.0104941760272
1965-10-20,127.36013314737883
1965-10-21,127.07248142998914
1965-10-22,126.0369880559405
1965-10-25,124.54398738460078
1965-10-26,125.07303556785524
1965-10-27,124.27610787008206
1965-10-28,122.7591065723311
1965-10-29,122.34410760028372
1965-11-01,122.56372760811483
1965-11-02,121.56929637407347
1965-11-03,120.75216814705233
1965-11-04,119.45315479270008
1965-11-05,119.35994514773488
1965-11-08,120.00101128808123
1965-11-09,121.77757343209073
1965-11-10,122.20740414788295
1965-11-11,120.86773239281962
1965-11-12,120.55717578999207
1965-11-15,120.3153618013505
1965-11-16,124.14752348566392
1965-11-17,126.63951532236257
1965-11-18,126.06838512074351
1965-11-19,125.56859927657037
1965-11-22,122.52663461780352
1965-11-23,122.09778548232
1965-11-24,123.62974162206174
1965-11-25,122.70530284217708
1965-11-26,123.07774501434336
1965-11-29,122.9586142449952
1965-11-30,125.04972127863414
1965-12-01,127.2188381251139
1965-12-02,128.3135187884664
1965-12-03,127.55100171407135
1965-12-06,126.34171352571974
1965-12-07,125.66607491488345
1965-12-08,128.95097210063258
1965-12-09,129.41348996928463
1965-12-10,130.56635741258003
1965-12-13,127.75482250740515
1965-12-14,127.13004034986953
1965-12-15,127.98080782969174
1965-12-16,129.08524098153694
1965-12-17,130.99985060456308
1965-12-20,132.13313468275425
1965-12-21,136.48191081632302
1965-12-22,138.06971169624373
1965-12-23,141.04746606776965
1965-12-24,140.59431713726278
1965-12-27,141.7604870902243
1965-12-28,141.32320362795377
1965-12-29,142.6783168014389
1965-12-30,138.9865222214331
1965-12-31,137.6002525663726
1966-01-03,137.55102906028932
1966-01-04,137.2669644083744
1966-01-05,137.9865846491936
1966-01-06,137.56101986657947
1966-01-07,137.19484690907302
1966-01-10,136.62907169708564
1966-01-11,139.26476247311933
1966-01-12,137.58125286803377
1966-01-13,137.9447044430314
1966-01-14,139.50510445191767
1966-01-17,138.4380876690096
1966-01-18,136.89110961764115
1966-01-19,138.8659662169694
1966-01-20,139.16414428462977
1966-01-21,137.67605805791288
1966-01-24,140.5923649692698
1966-01-25,140.34050949283537
1966-01-26,140.59783284678633
1966-01-27,142.8577480245444
1966-01-28,141.2505672994692
1966-01-31,141.18223891868533
1966-02-01,140.74435045247853
1966-02-02,142.39063696755105
1966-02-03,140.60434485759177
1966-02-04,141.71837385321678
1966-02-07,142.50662652226367
1966-02-08,143.46041910857693
1966-02-09,141.84614123549375
1966-02-10,139.20824252866456
1966-02-11,139.98395242687647
1966-02-14,142.07851815367712
1966-02-15,143.962466344461
1966-02-16,144.36800359901537
1966-02-17,146.05632906187626
1966-02-18,149.0482442345164
1966-02-21,149.45100647806723
1966-02-22,150.61508404809425
1966-02-23,149.45498656754205
1966-02-24,153.79988266373104
1966-02-25,152.65039328393183
1966-02-28,153.84100702890547
1966-03-01,153.80095451593357
1966-03-02,156.01813324218438
1966-03-03,154.49173416292606
1966-03-04,151.7552346435297
1966-03-07,153.05832697935702
1966-03-08,151.23536237964106
1966-03-09,152.9394098168896
1966-03-10,153.31940914893627
1966-03-11,154.04866735715612
1966-03-14,152.3799574656196
1966-03-15,152.8574679304234
1966-03-16,152.90624594514526
1966-03-17,154.393955261841
1966-03-18,154.7495553187221
1966-03-21,155.14062006780821
1966-03-22,156.79107338772613
1966-03-23,159.69839917117164
1966-03-24,157.67062597368636
1966-03-25,157.2186593664032
1966-03-28,158.34826152778646
1966-03-29,157.9401480222359
1966-03-30,156.33553988924086
1966-03-31,155.20229397164695
1966-04-01,155.09950119540187
1966-04-04,155.1382650654284
1966-04-05,154.71416554025183
1966-04-06,156.33755123353112
1966-04-07,158.03842136541402
1966-04-08,158.83471522671078
1966-04-11,157.1983237437375
1966-04-12,158.36953932606082
1966-04-13,156.56051487916798
1966-04-14,160.0251833000095
1966-04-15,158.75286435765875
1966-04-18,157.27140700443155
1966-04-19,157.02055400942575
1966-04-20,156.45185702453279
1966-04-21,153.98125232546695
1966-04-22,153.70952111790123
1966-04-25,155.28512565535362
1966-04-26,153.65111519389066
1966-04-27,153.62047816520388
1966-04-28,152.40658541260225
1966-04-29,153.96293742719712
1966-05-02,153.8286407646571
1966-05-03,152.348862787796
1966-05-04,150.54554122926672
1966-05-05,150.74605570992387
1966-05-06,150.72295336572083
1966-05-09,153.41055809637749
1966-05-10,152.33205963283066
1966-05-11,153.2122797524581
1966-05-12,152.5962302950458
1966-05-13,150.7757304383716
1966-05-16,149.95770830141657
1966-05-17,151.4870578828671
1966-05-18,150.30358284596153
1966-05-19,151.0723708859037
1966-05-20,152.67199379009057
1966-05-23,153.48946697540708
1966-05-24,153.92953993178858
1966-05-25,156.09567363861694
1966-05-26,158.41741496797275
1966-05-27,155.93238501692014
1966-05-30,156.01506741019247
1966-05-31,155.08233363658988
1966-06-01,154.37589596317918
1966-06-02,152.84624730490182
1966-06-03,152.10749395984428
1966-06-06,155.36381689622868
1966-06-07,154.0237908070524
1966-06-08,155.44799430467958
1966-06-09,156.49240670957985
1966-06-10,153.47899923808046
1966-06-13,154.87133793455595
1966-06-14,156.79083148872564
1966-06-15,159.75827862647932
1966-06-16,160.71094397944847
1966-06-17,163.57893853172175
1966-06-20,164.10384581134642
1966-06-21,166.0374362324136
1966-06-22,164.43017077406614
1966-06-23,163.30997822291704
1966-06-24,164.55517721700917
1966-06-27,162.00138883874945
1966-06-28,159.56680296366886
1966-06-29,160.91892218809386
1966-06-30,160.90236661965093
1966-07-01,159.42661206587724
1966-07-04,158.796963646678
1966-07-05,157.72663966905424
1966-07-06,156.59139096920111
1966-07-07,155.59801050528176
1966-07-08,154.74871831349495
1966-07-11,152.16364490796727
1966-07-12,150.03030547643874
1966-07-13,150.40232129715199
1966-07-14,150.32986078118088
1966-07-15,148.68521085831793
1966-07-18,148.64898633299566
1966-07-19,149.35499888951725
1966-07-20,150.00367186444745
1966-07-21,149.2254025788059
1966-07-22,149.55830562670187
1966-07-25,150.79959117923616
1966-07-26,151.4121808966802
1966-07-27,151.49268655993788
1966-07-28,150.480702989398
1966-07-29,150.7426034298835
1966-08-01,150.56443725553714
1966-08-02,152.11171777024353
1966-08-03,151.82249973978202
1966-08-04,151.92954870974447
1966-08-05,150.68169747581757
1966-08-08,151.59423708711122
1966-08-09,152.44367349393394
1966-08-10,151.8029097203604
1966-08-11,152.49005000870537
1966-08-12,152.51562413926212
1966-08-15,151.3989639012722
1966-08-16,149.58038224880357
1966-08-17,149.7893026875287
1966-08-18,148.50984234531978
1966-08-19,151.27391940957455
1966-08-22,152.91285963240844
1966-08-23,153.17752043879824
1966-08-24,154.07741039228844
1966-08-25,155.46122189229808
1966-08-26,151.65051781965263
1966-08-29,151.1209762144394
1966-08-30,149.6210686342216
1966-08-31,149.35589504185802
1966-09-01,146.62897053457903
1966-09-02,147.60418368167552
1966-09-05,145.43170193802257
1966-09-06,145.98734463161253
1966-09-07,146.90119619821644
1966-09-08,145.449832898593
1966-09-09,144.9068103267335
1966-09-12,143.97048985943348
1966-09-13,143.47035308605933
1966-09-14,143.12037510089715
1966-09-15,141.87987370610196
1966-09-16,140.0843172860855
1966-09-19,138.18861147496355
1966-09-20,138.00925118993402
1966-09-21,139.10829200257746
1966-09-22,141.22707955524893
1966-09-23,141.45705304411788
1966-09-26,141.52835528497835
1966-09-27,142.15861784731618
1966-09-28,140.65522573240648
1966-09-29,142.08940008232358
1966-09-30,144.07208435933347
1966-10-03,143.31646565535485
1966-10-04,144.28304612713475
1966-10-05,144.53200406150867
1966-10-06,143.62428139782097
1966-10-07,145.03877186277123
1966-10-10,144.58609269311447
1966-10-11,145.67210135226688
1966-10-12,145.87023994483198
1966-10-13,144.75606174382656
1966-10-14,145.22057294518527
1966-10-17,142.48018186824547
1966-10-18,143.4867556707493
1966-10-19,144.20928929597412
1966-10-20,145.4444599188536
1966-10-21,144.99355939616956
1966-10-24,145.07485373623717
1966-10-25,145.6019941493237
1966-10-26,146.93915439312153
1966-10-27,148.9772751407406
1966-10-28,149.36386464689815
1966-10-31,151.55929056363865
1966-11-01,150.96147703433024
1966-11-02,148.89797804442213
1966-11-03,148.62431823426013
1966-11-04,147.12833738411328
1966-11-07,146.8895638647651
1966-11-08,146.48456824568004
1966-11-09,146.18150159147115
1966-11-10,145.76293026437253
1966-11-11,143.8930592081952
1966-11-14,143.64897032733816
1966-11-15,143.6635560271642
1966-11-16,144.70309282484826
1966-11-17,146.93028217282415
1966-11-18,146.15402655626934
1966-11-21,143.4737679294955
1966-11-22,141.7060327283026
1966-11-23,141.71102833911033
1966-11-24,141.04621340074866
1966-11-25,142.91073149933752
1966-11-28,143.38645862026854
1966-11-29,141.98172193266836
1966-11-30,140.92868282896038
1966-12-01,139.52944669878914
1966-12-02,143.3832129736478
1966-12-05,142.03767328460003
1966-12-06,141.00918776600784
1966-12-07,139.75645033286253
1966-12-08,138.894866697493
1966-12-09,137.6792753577054
1966-12-12,137.7994532887164
1966-12-13,137.04543634306057
1966-12-14,136.20905011998082
1966-12-15,136.86462702115705
1966-12-16,138.60991644975084
1966-12-19,139.54824884943528
1966-12-20,140.06615041200746
1966-12-21,139.83582652556865
1966-12-22,139.31510077546557
1966-12-23,139.30953635194894
1966-12-26,140.3167918234538
1966-12-27,139.52436832972919
1966-12-28,139.75626011931115
1966-12-29,139.97228046355457
1966-12-30,139.48438768297595
1967-01-02,136.99986320941116
1967-01-03,133.8217039110811
1967-01-04,133.88556480162424
1967-01-05,135.07594324080515
1967-01-06,133.8705987976288
1967-01-09,132.5619862045273
1967-01-10,133.78062809484115
1967-01-11,134.4335229604808
1967-01-12,134.2899110115853
1967-01-13,133.2737123793987
1967-01-16,134.8763846518026
1967-01-17,134.74378699767811
1967-01-18,137.0052065499396
1967-01-19,137.4088085570718
1967-01-20,138.56708701921647
1967-01-23,138.60242266095034
1967-01-24,137.74031419815083
1967-01-25,134.56633230459846
1967-01-26,132.39794685837433
1967-01-27,134.38633204955602
1967-01-30,133.08580641102228
1967-01-31,135.6771384097576
1967-02-01,136.6938276321958
1967-02-02,139.28942355207613
1967-02-03,138.46817557327412
1967-02-06,139.00243255427267
1967-02-07,139.89523466315313
1967-02-08,139.65572760045598
1967-02-09,137.4331801366692
1967-02-10,137.49101137695354
1967-02-13,139.77608144237877
1967-02-14,137.98660158754836
1967-02-15,137.6977184522438
1967-02-16,141.02523246145452
1967-02-17,140.85874788967223
1967-02-20,141.82363644386072
1967-02-21,142.44217242109914
1967-02-22,143.38582916193977
1967-02-23,142.9021555553889
1967-02-24,140.07685334914183
1967-02-27,140.42631652120423
1967-02-28,143.24192418014218
1967-03-01,145.0957637461586
1967-03-02,144.0778587490133
1967-03-03,145.53544633041082
1967-03-06,145.06218251666263
1967-03-07,144.98254202498697
1967-03-08,142.28005751873988
1967-03-09,140.7841953081047
1967-03-10,141.1209242035367
1967-03-13,139.65887114058668
1967-03-14,139.93106324479822
1967-03-15,139.00780216358186
1967-03-16,139.14270967585614
1967-03-17,140.56234641930774
1967-03-20,140.53671013366758
1967-03-21,138.31589840866923
1967-03-22,137.51222697324874
1967-03-23,134.7694452579893
1967-03-24,132.89062519796755
1967-03-27,133.43154548324853
1967-03-28,134.2962198706574
1967-03-29,135.10469254476916
1967-03-30,135.7466979767827
1967-03-31,136.8657775795976
1967-04-03,138.91046231008517
1967-04-04,141.83879622721568
1967-04-05,141.41185528093052
1967-04-06,140.70119151895923
1967-04-07,140.82992696269048
1967-04-10,142.40701464942734
1967-04-11,143.4916915672943
1967-04-12,143.33693243235916
1967-04-13,142.89986290528262
1967-04-14,143.29645195736032
1967-04-17,142.4283183220158
1967-04-18,146.0697694948419
1967-04-19,146.44597260785017
1967-04-20,144.35383261213366
1967-04-21,144.51558590441843
1967-04-24,142.80257308190863
1967-04-25,142.4873024383378
1967-04-26,141.6311866654758
1967-04-27,139.91068866240502
1967-04-28,139.78087085673795
1967-05-01,140.0100101310208
1967-05-02,139.68226954521407
1967-05-03,139.9518524302641
1967-05-04,137.09594286928262
1967-05-05,139.75410456725226
1967-05-08,141.4971403125784
1967-05-09,140.87908639000364
1967-05-10,139.56872862014174
1967-05-11,140.69356485484113
1967-05-12,139.7284460645441
1967-05-15,139.33190556472627
1967-05-16,138.6127997369073
1967-05-17,139.70531794683276
1967-05-18,139.19933451490277
1967-05-19,138.34601616094534
1967-05-22,140.6858638151339
1967-05-23,138.93406305133982
1967-05-24,138.9558885100147
1967-05-25,139.68826769192802
1967-05-26,139.9416097439598
1967-05-29,141.2441033219448
1967-05-30,142.27262562412054
1967-05-31,139.70593382620663
1967-06-01,139.0929254366366
1967-06-02,139.71920291889128
1967-06-05,138.27019204450704
1967-06-06,138.8647019344163
1967-06-07,139.1096231178157
1967-06-08,137.31791908191406
1967-06-09,139.37019161385416
1967-06-12,138.1251958222545
1967-06-13,138.02914218155533
1967-06-14,137.5363060653922
1967-06-15,137.48893115916803
1967-06-16,140.41019709461614
1967-06-19,141.08759704528765
1967-06-20,143.18215383091618
1967-06-21,142.9159315167988
1967-06-22,142.25968459596749
1967-06-23,142.3195758424277
1967-06-26,143.24496200424923
1967-06-27,142.67993137505576
1967-06-28,144.91848574152007
1967-06-29,146.4905124113938
1967-06-30,147.84324048488875
1967-07-03,149.5619226545116
1967-07-04,147.78311307560358
1967-07-05,146.81295190566235
1967-07-06,144.78952446077048
1967-07-07,145.35243073626535
1967-07-10,148.04222678280385
1967-07-11,149.64438446139806
1967-07-12,148.51677505284513
1967-07-13,147.9401653379819
1967-07-14,151.07838500268596
1967-07-17,150.34832730195347
1967-07-18,148.26253587035856
1967-07-19,146.29939938478896
1967-07-20,146.6969616579736
1967-07-21,145.9185203337802
1967-07-24,145.4074180896608
1967-07-25,145.79098975650678
1967-07-26,144.91256247552985
1967-07-27,145.203869330535
1967-07-28,145.24302651303674
1967-07-31,145.30111427207586
1967-08-01,147.7317182149664
1967-08-02,144.6068481402218
1967-08-03,144.9738918054544
1967-08-04,146.12619393302938
1967-08-07,147.22295895888752
1967-08-08,147.77388078811745
1967-08-09,148.79499193923178
1967-08-10,146.74179473485103
1967-08-11,146.78811060162073
1967-08-14,149.57570686065012
1967-08-15,150.41576629143134
1967-08-16,151.6037447864973
1967-08-17,154.3388308660159
1967-08-18,156.84388566407202
1967-08-21,157.41483773654977
1967-08-22,156.91851189715672
1967-08-23,159.0667267623224
1967-08-24,160.066302568988
1967-08-25,161.41073990906773
1967-08-28,162.32383322086736
1967-08-29,161.87704746148745
1967-08-30,160.68838736296786
1967-08-31,162.1552433479718
1967-09-01,160.42454577595808
1967-09-04,161.1651929744632
1967-09-05,162.35531671699823
1967-09-06,163.48841198176794
1967-09-07,163.96090555565672
1967-09-08,164.31919716601658
1967-09-11,165.25361601529926
1967-09-12,167.98750762440352
1967-09-13,166.08170680135538
1967-09-14,165.60244860081917
1967-09-15,163.72710714888612
1967-09-18,163.49634401305946
1967-09-19,162.5794963275065
1967-09-20,161.79267608993905
1967-09-21,160.75189687720038
1967-09-22,160.4653988841156
1967-09-25,161.0665110467176
1967-09-26,161.6558744224255
1967-09-27,164.48826161807276
1967-09-28,163.6988640199038
1967-09-29,165.78487354769058
1967-10-02,166.69767177564609
1967-10-03,166.37466682293405
1967-10-04,165.9120756857853
1967-10-05,164.22204091148308
1967-10-06,164.64534877957664
1967-10-09,164.96275235958564
1967-10-10,164.98488081791328
1967-10-11,166.66402691336737
1967-10-12,164.54507384680127
1967-10-13,162.26641171214263
1967-10-16,161.8986788805784
1967-10-17,163.34750280183343
1967-10-18,162.53586188359884
1967-10-19,164.5295064006827
1967-10-20,164.74869308804873
1967-10-23,166.28756811464987
1967-10-24,166.06145148745398
1967-10-25,163.86042612502075
1967-10-26,164.06550397826962
1967-10-27,162.36063547160128
1967-10-30,161.93080935486736
1967-10-31,162.4690101775448
1967-11-01,161.6987373703218
1967-11-02,160.37195160337862
1967-11-03,162.31690901249115
1967-11-06,164.733544713609
1967-11-07,166.65065299649754
1967-11-08,164.52088066971288
1967-11-09,165.50043428231004
1967-11-10,164.5292355978544
1967-11-13,162.59286713068357
1967-11-14,158.5708412742845
1967-11-15,156.60736039989166
1967-11-16,157.6308927771442
1967-11-17,157.18058359476638
1967-11-20,156.83959581569246
1967-11-21,159.63766571139166
1967-11-22,158.2012295037432
1967-11-23,155.124479776462
1967-11-24,153.41906069388895
1967-11-27,150.24605893704341
1967-11-28,149.49562835743617
1967-11-29,149.09178642874716
1967-11-30,151.13092887940212
1967-12-01,150.08369176517638
1967-12-04,147.3312532685112
1967-12-05,146.61450161869556
1967-12-06,146.23686435020286
1967-12-07,148.3104586846379
1967-12-08,147.31234799119628
1967-12-11,146.45248701602685
1967-12-12,146.78659448357791
1967-12-13,142.34851245141058
1967-12-14,143.02513450481607
1967-12-15,144.20439218650915
1967-12-18,145.37008769802256
1967-12-19,144.06076588839625
1967-12-20,147.14349008312274
1967-12-21,147.7079362603887
1967-12-22,151.8773860894299
1967-12-25,152.85687506324902
1967-12-26,152.99057338048465
1967-12-27,154.5657108306361
1967-12-28,152.3584530358066
1967-12-29,153.04078813101017
1968-01-01,150.02231170107112
1968-01-02,147.82421641371644
1968-01-03,149.3122784421349
1968-01-04,148.33380885075078
1968-01-05,148.1287083450316
1968-01-08,148.78178232516711
1968-01-09,147.9291232510976
1968-01-10,148.20386778257017
1968-01-11,149.01875937213333
1968-01-12,148.9105444745932
1968-01-15,150.16097827282067
1968-01-16,153.2693535714848
1968-01-17,152.023398684103
1968-01-18,150.31190737963124
1968-01-19,148.40775586640794
1968-01-22,148.56288801371628
1968-01-23,151.1037643125557
1968-01-24,149.2183429471395
1968-01-25,147.3953290885664
1968-01-26,146.27199825948543
1968-01-29,146.95427745475124
1968-01-30,145.40731492652574
1968-01-31,143.89616793441598
1968-02-01,142.60382203277092
1968-02-02,141.31068627770378
1968-02-05,141.23198868958215
1968-02-06,141.70302103216574
1968-02-07,139.86921861094902
1968-02-08,138.63342185993469
1968-02-09,138.22038084519548
1968-02-12,138.7793172860792
1968-02-13,140.58114201591874
1968-02-14,140.9579246794101
1968-02-15,141.78403098563442
1968-02-16,139.4512601634433
1968-02-19,139.6543858755904
1968-02-20,139.40038610832784
1968-02-21,138.49807168813564
1968-02-22,138.9771859465221
1968-02-23,136.6074171481781
1968-02-26,136.24136946305208
1968-02-27,133.5646322164849
1968-02-28,133.29448018729843
1968-02-29,133.35492775124908
1968-03-01,134.85384355452678
1968-03-04,134.85730756551908
1968-03-05,133.5937430953004
1968-03-06,132.54593558622548
1968-03-07,135.0353295914917
1968-03-08,135.8332464382137
1968-03-11,135.96608252228813
1968-03-12,135.8312027249211
1968-03-13,137.0368009150317
1968-03-14,134.47178473273618
1968-03-15,134.36179233664168
1968-03-18,134.0571467549857
1968-03-19,135.6645225968297
1968-03-20,134.24865842226873
1968-03-21,133.40099787516144
1968-03-22,135.72722665665037
1968-03-25,137.68157111561766
1968-03-26,134.99632258117185
1968-03-27,133.9022697436268
1968-03-28,134.72405135416844
1968-03-29,135.59815222326347
1968-04-01,134.16658781807305
1968-04-02,132.6020365516687
1968-04-03,134.82159775000724
1968-04-04,135.51461258468697
1968-04-05,136.47744188036052
1968-04-08,135.75364144675146
1968-04-09,134.88024070983835
1968-04-10,134.2055498458164
1968-04-11,135.27526280215653
1968-04-12,135.55051833754433
1968-04-15,137.1017409243629
1968-04-16,137.09947385656437
1968-04-17,134.9217183209192
1968-04-18,135.34061832124831
1968-04-19,134.68505402274312
1968-04-22,135.80028971890292
1968-04-23,136.31355582464434
1968-04-24,135.59127531269758
1968-04-25,137.23558967934824
1968-04-26,137.74032231936215
1968-04-29,138.67091821408926
1968-04-30,138.72510019507348
1968-05-01,139.24870813582464
1968-05-02,139.72918429424845
1968-05-03,139.4993623318727
1968-05-06,139.30816492369843
1968-05-07,139.7047565999205
1968-05-08,141.4142159324497
1968-05-09,141.80200777500323
1968-05-10,138.56902871563014
1968-05-13,137.0066428262611
1968-05-14,134.6036534448595
1968-05-15,132.90697476501214
1968-05-16,132.7132656470621
1968-05-17,131.68067749708715
1968-05-20,131.92071774083686
1968-05-21,129.76677536211412
1968-05-22,128.89754215075232
1968-05-23,126.95998101245418
1968-05-24,126.37838953096468
1968-05-27,127.02024431185664
1968-05-28,124.91293063325293
1968-05-29,124.6595256960459
1968-05-30,125.74600877194612
1968-05-31,126.33605922549414
1968-06-03,125.44888930833038
1968-06-04,125.13651548473572
1968-06-05,124.26168216603422
1968-06-06,125.91440200897482
1968-06-07,126.2039333234069
1968-06-10,127.87878299177278
1968-06-11,126.31796945115966
1968-06-12,128.18958737480233
1968-06-13,127.21862814657837
1968-06-14,127.25377856401366
1968-06-17,128.7147944504446
1968-06-18,128.2372645865062
1968-06-19,128.69142794215037
1968-06-20,127.82359484181495
1968-06-21,128.690816311303
1968-06-24,128.53895792014455
1968-06-25,130.2249780273069
1968-06-26,130.30656582211148
1968-06-27,130.59763726292752
1968-06-28,129.41309769493336
1968-07-01,128.1624917097694
1968-07-02,127.33058320597247
1968-07-03,127.94630066962475
1968-07-04,129.38388835754517
1968-07-05,132.60227420626563
1968-07-08,132.74007200808535
1968-07-09,132.08767525117563
1968-07-10,131.31974375066804
1968-07-11,132.34347026187925
1968-07-12,132.74727146766733
1968-07-15,133.29282440080706
1968-07-16,136.10756059125936
1968-07-17,136.06764822029535
1968-07-18,135.08161927211844
1968-07-19,135.07378722124957
1968-07-22,133.7955154671706
1968-07-23,135.52845571079183
1968-07-24,135.58378517149492
1968-07-25,135.37560411227466
1968-07-26,136.62890742223485
1968-07-29,136.77032034841122
1968-07-30,136.0329790850806
1968-07-31,134.90364305136265
1968-08-01,136.37999320164948
1968-08-02,137.12476068230637
1968-08-05,138.64132026153473
1968-08-06,139.2122572040781
1968-08-07,140.85017132943048
1968-08-08,139.28331709687455
1968-08-09,138.42630183864097
1968-08-12,138.22818883969083
1968-08-13,137.8093544571718
1968-08-14,136.790432148381
1968-08-15,136.84558394612046
1968-08-16,138.27424423428153
1968-08-19,141.36528979284122
1968-08-20,141.389832151718
1968-08-21,142.54757141919822
1968-08-22,140.38069623617483
1968-08-23,138.0374696892199
1968-08-26,140.19482252740002
1968-08-27,140.43050258949685
1968-08-28,139.63405187301495
1968-08-29,139.5040191038615
1968-08-30,137.3974632615974
1968-09-02,138.49942667727782
1968-09-03,136.490493083703
1968-09-04,136.9495335860741
1968-09-05,137.26855570166512
1968-09-06,136.72439213298324
1968-09-09,137.80929475088922
1968-09-10,135.86765185385858
1968-09-11,136.01395997400556
1968-09-12,137.8210255719239
1968-09-13,138.16466438316345
1968-09-16,139.12952290247958
1968-09-17,139.14455154091732
1968-09-18,139.53858337107735
1968-09-19,139.28573698255985
1968-09-20,137.16623207485978
1968-09-23,136.05342677588177
1968-09-24,136.49787158236273
1968-09-25,136.62290492976413
1968-09-26,137.45294748878837
1968-09-27,136.96555745271834
1968-09-30,137.80720819686567
1968-10-01,140.05864219798127
1968-10-02,139.54736442679805
1968-10-03,139.51699344030595
1968-10-04,140.4173954964499
1968-10-07,142.41157654391066
1968-10-08,142.93458796942897
1968-10-09,144.00248450460427
1968-10-10,144.0919442288136
1968-10-11,144.65555569097234
1968-10-14,146.18767073446097
1968-10-15,146.53260010148074
1968-10-16,147.88240166480588
1968-10-17,148.42045102749572
1968-10-18,147.00617910596486
1968-10-21,146.55314532137257
1968-10-22,145.85113262997191
1968-10-23,146.48405523817877
1968-10-24,146.07985157464748
1968-10-25,145.41834186217554
1968-10-28,146.66621548854076
1968-10-29,147.98716257729788
1968-10-30,147.77904848888755
1968-10-31,150.0296646630467
1968-11-01,153.59255686424225
1968-11-04,154.7461523130311
1968-11-05,153.81240063988756
1968-11-06,153.24123668604867
1968-11-07,155.54902610935125
1968-11-08,156.52193683148735
1968-11-11,155.53892000472842
1968-11-12,155.78720122286836
1968-11-13,156.87735901883275
1968-11-14,158.57745938308165
1968-11-15,159.34420372161154
1968-11-18,158.79923350417627
1968-11-19,159.9493667255518
1968-11-20,157.3765381330727
1968-11-21,158.69193187226327
1968-11-22,156.5183595581622
1968-11-25,155.23455408130272
1968-11-26,153.41624767951205
1968-11-27,153.508493344639
1968-11-28,150.6424435007329
1968-11-29,147.99265983550444
1968-12-02,149.75298672048055
1968-12-03,149.43395082878908
1968-12-04,151.92109085837527
1968-12-05,150.13107452947912
1968-12-06,147.6441976051952
1968-12-09,145.49839625026019
1968-12-10,146.3452264274375
1968-12-11,148.06490785523553
1968-12-12,148.0686249215864
1968-12-13,148.61154689760397
1968-12-16,150.6509980461548
1968-12-17,153.70529513770325
1968-12-18,152.8221469745193
1968-12-19,151.1551093468481
1968-12-20,153.59870021915106
1968-12-23,154.69752225214123
1968-12-24,155.09541335892152
1968-12-25,155.06561668218177
1968-12-26,154.33339145567757
1968-12-27,151.58825745146677
1968-12-30,150.25176720171422
1968-12-31,150.86070993250866
1969-01-01,151.3021288579094
1969-01-02,150.52473923909383
1969-01-03,148.51094078572703
1969-01-06,148.95215406508817
1969-01-07,148.25525944812452
1969-01-08,148.02400126235176
1969-01-09,148.59639937113414
1969-01-10,149.10764786901163
1969-01-13,150.23635435408332
1969-01-14,149.28208810524185
1969-01-15,149.7328910373693
1969-01-16,150.0619701055536
1969-01-17,150.91824683771682
1969-01-20,151.08095321155741
1969-01-21,151.46357543770924
1969-01-22,150.11060554567644
1969-01-23,147.21643777047518
1969-01-24,146.10507339548053
1969-01-27,144.08641334230626
1969-01-28,144.33913061319953
1969-01-29,144.62104505797666
1969-01-30,147.24103461935226
1969-01-31,146.5414029666005
1969-02-03,146.70144583504418
1969-02-04,146.4203031128918
1969-02-05,143.54797573080222
1969-02-06,145.08760354751576
1969-02-07,145.9544697930008
1969-02-10,143.38677494532217
1969-02-11,145.23093135689172
1969-02-12,143.59019784018957
1969-02-13,145.44650803320042
1969-02-14,144.9022446326237
1969-02-17,143.14313021527585
1969-02-18,141.3029586674948
1969-02-19,142.48419784808496
1969-02-20,143.27540025279058
1969-02-21,143.3747330506262
1969-02-24,142.95196983158945
1969-02-25,145.21026786243482
1969-02-26,142.48479143944462
1969-02-27,140.85572838823174
1969-02-28,140.48879640507346
1969-03-03,140.45818992259206
1969-03-04,140.6470073513234
1969-03-05,141.90939731543847
1969-03-06,142.20930485101664
1969-03-07,141.93562827450023
1969-03-10,142.98054582490482
1969-03-11,143.04702267170202
1969-03-12,140.87829504194366
1969-03-13,141.35649619654632
1969-03-14,139.30375316946598
1969-03-17,138.10285519566722
1969-03-18,138.39698060419383
1969-03-19,136.53824337754833
1969-03-20,137.20600012153292
1969-03-21,138.81226097197566
1969-03-24,140.4150950166367
1969-03-25,140.76291808236834
1969-03-26,141.37388994659548
1969-03-27,142.30483066082473
1969-03-28,143.05056553045392
1969-03-31,143.15837722260295
1969-04-01,143.8109592874109
1969-04-02,143.19321467246436
1969-04-03,143.50809316468815
1969-04-04,145.66930586161268
1969-04-07,144.92402763478862
1969-04-08,144.9545878230127
1969-04-09,143.43432730184614
1969-04-10,141.3581776042764
1969-04-11,142.24298619366422
1969-04-14,139.30878857580493
1969-04-15,140.8161285821469
1969-04-16,139.84254406318445
1969-04-17,140.79809795990772
1969-04-18,140.2727105306584
1969-04-21,139.82439878967116
1969-04-22,140.69500046382893
1969-04-23,140.07449042936898
1969-04-24,140.64278682643373
1969-04-25,137.48347690604734
1969-04-28,134.92269988975448
1969-04-29,136.33797338850704
1969-04-30,135.11345847590272
1969-05-01,134.98427894801478
1969-05-02,137.65548052161913
1969-05-05,135.6117051515895
1969-05-06,135.63332308000886
1969-05-07,134.60801190371794
1969-05-08,135.8763985410529
1969-05-09,136.66930850100516
1969-05-12,136.1218605577344
1969-05-13,138.46824506732023
1969-05-14,139.24998530712426
1969-05-15,137.6532593660899
1969-05-16,139.2424909982467
1969-05-19,137.9478860948292
1969-05-20,139.92915892456253
1969-05-21,142.4420872198106
1969-05-22,140.62970688723513
1969-05-23,141.21106953108756
1969-05-26,140.18355212375462
1969-05-27,139.12728452100717
1969-05-28,139.18483924207828
1969-05-29,139.76715507928668
1969-05-30,142.5606479360372
1969-06-02,142.53283158410883
1969-06-03,142.8855105962553
1969-06-04,140.38159001626246
1969-06-05,141.33167885072407
1969-06-06,141.9135100594409
1969-06-09,141.75628510787146
1969-06-10,141.88120725299186
1969-06-11,139.25074122948203
1969-06-12,140.24293299311603
1969-06-13,140.28480653957322
1969-06-16,140.1112317510791
1969-06-17,140.6890117859373
1969-06-18,140.2674109061556
1969-06-19,140.25138665233965
1969-06-20,139.8618744561925
1969-06-23,141.65491312344076
1969-06-24,140.01343535082918
1969-06-25,141.4811004855138
1969-06-26,144.12393944873162
1969-06-27,144.26099714898024
1969-06-30,144.90115415627642
1969-07-01,147.04141476712235
1969-07-02,146.1766718980726
1969-07-03,145.5083446410813
1969-07-04,144.75038227213503
1969-07-07,145.87559558054835
1969-07-08,147.59871868665175
1969-07-09,149.39543650472123
1969-07-10,149.88843358895227
1969-07-11,149.2900661133949
1969-07-14,149.01576298683955
1969-07-15,150.21632680339872
1969-07-16,148.6033737828651
1969-07-17,147.27346881801424
1969-07-18,145.6122371501784
1969-07-21,145.1194995097046
1969-07-22,143.68340443805948
1969-07-23,144.37862442295526
1969-07-24,146.34665754488742
1969-07-25,144.7753070951681
1969-07-28,146.01698377712464
1969-07-29,146.7981814625102
1969-07-30,147.30140488287952
1969-07-31,147.65195269480975
1969-08-01,145.54879443654087
1969-08-04,144.96236016795558
1969-08-05,142.92769044670783
1969-08-06,143.419207974645
1969-08-07,142.67014729938938
1969-08-08,142.8307592886251
1969-08-11,139.18616430031432
1969-08-12,138.80475685448582
1969-08-13,138.61029614950652
1969-08-14,137.6883376890787
1969-08-15,138.7249649434765
1969-08-18,139.03471483761786
1969-08-19,138.87010918677595
1969-08-20,139.3139534994798
1969-08-21,139.17204231944882
1969-08-22,140.27946285461888
1969-08-25,137.9519263777539
1969-08-26,136.0613300053501
1969-08-27,135.16914978227098
1969-08-28,136.57169618638306
1969-08-29,137.4040700281597
1969-09-01,139.57666659382727
1969-09-02,141.9029866582828
1969-09-03,140.26585403346442
1969-09-04,140.2912100325245
1969-09-05,139.84180318942154
1969-09-08,139.79393465529625
1969-09-09,139.96282440319217
1969-09-10,139.95151963855238
1969-09-11,139.73190659436463
1969-09-12,139.93097105312526
1969-09-15,138.9919741737154
1969-09-16,140.5168454594575
1969-09-17,140.19293206322945
1969-09-18,140.63538590487343
1969-09-19,140.82286411267043
1969-09-22,139.42849478269196
1969-09-23,138.77715035582384
1969-09-24,139.70295648158526
1969-09-25,142.2785723477868
1969-09-26,141.88835893455027
1969-09-29,141.83353987826212
1969-09-30,141.29941093596375
1969-10-01,138.65958521594558
1969-10-02,138.14215111744622
1969-10-03,137.65392634196206
1969-10-06,139.91197412719296
1969-10-07,140.79934622983723
1969-10-08,141.05221348115313
1969-10-09,140.43809819534928
1969-10-10,139.91524732101834
1969-10-13,140.25860976500724
1969-10-14,139.846413929716
1969-10-15,140.54467735739144
1969-10-16,142.30574303668735
1969-10-17,139.68513355465058
1969-10-20,140.01332897134438
1969-10-21,142.56392221983822
1969-10-22,139.66286871978807
1969-10-23,141.228802811435
1969-10-24,143.85753862606504
1969-10-27,145.50426391639957
1969-10-28,144.6145782313002
1969-10-29,145.1452756119523
1969-10-30,145.209752627537
1969-10-31,144.2208551698671
1969-11-03,144.47163696852604
1969-11-04,145.9710420663087
1969-11-05,147.37667998156982
1969-11-06,148.2680926275702
1969-11-07,147.9043509207783
1969-11-10,147.1065344664354
1969-11-11,149.81458773778922
1969-11-12,146.3091556839951
1969-11-13,145.31820631752277
1969-11-14,142.0247876095965
1969-11-17,140.21830088243408
1969-11-18,139.47301998706104
1969-11-19,138.41389917515033
1969-11-20,139.40072824289084
1969-11-21,139.26923703894943
1969-11-24,139.18794282582917
1969-11-25,139.72501862471492
1969-11-26,143.49009078088721
1969-11-27,142.85542438880802
1969-11-28,141.98326095746998
1969-12-01,142.18076398676422
1969-12-02,141.1153111371612
1969-12-03,138.6767345871172
1969-12-04,138.0213276612431
1969-12-05,141.05598475839275
1969-12-08,142.00414732261342
1969-12-09,141.68899882701658
1969-12-10,139.33944227240215
1969-12-11,141.42735741474655
1969-12-12,142.34679159386903
1969-12-15,142.32906277557768
1969-12-16,143.72501546836733
1969-12-17,143.26732884614722
1969-12-18,142.58184767295353
1969-12-19,143.1584349733099
1969-12-22,141.9069839594936
1969-12-23,142.02936956567686
1969-12-24,141.90430396764273
1969-12-25,141.67490943286663
1969-12-26,143.60620973725
1969-12-29,141.1792067700994
1969-12-30,140.26301954168258
1969-12-31,140.5442348607676
1970-01-01,141.573146861062
1970-01-02,143.50034321320592
1970-01-05,144.6873219799149
1970-01-06,146.74787168876
1970-01-07,148.33373824887389
1970-01-08,148.61531747465548
1970-01-09,148.65875670490186
1970-01-12,147.94708137758298
1970-01-13,147.34405797349768
1970-01-14,146.50069734366693
1970-01-15,148.901144299595
1970-01-16,149.2395493718767
1970-01-19,147.6671604389954
1970-01-20,146.73687149556136
1970-01-21,145.79818996478568
1970-01-22,147.5414107549345
1970-01-23,147.3179486878788
1970-01-26,145.5495610541556
1970-01-27,145.6414622594191
1970-01-28,144.70419308618676
1970-01-29,143.12995821823625
1970-01-30,145.0382044082522
1970-02-02,146.1174219914681
1970-02-03,148.01063380834208
1970-02-04,146.84678380692327
1970-02-05,146.74086702876136
1970-02-06,147.19751946789398
1970-02-09,145.4000788053748
1970-02-10,144.48909519067453
1970-02-11,144.81966343130935
1970-02-12,144.47386128981853
1970-02-13,145.64883464468582
1970-02-16,146.48488271919132
1970-02-17,145.7695022975114
1970-02-18,145.94618048358518
1970-02-19,146.46535853613094
1970-02-20,146.84577001708786
1970-02-23,147.77179063191025
1970-02-24,148.90808271602302
1970-02-25,146.284953526102
1970-02-26,144.2413158850526
1970-02-27,141.31173854169222
1970-03-02,142.54119231627547
1970-03-03,142.14547900447405
1970-03-04,144.33698873790897
1970-03-05,145.34630679463356
1970-03-06,144.49244122072025
1970-03-09,146.1107452858563
1970-03-10,144.91276793704765
1970-03-11,144.34503562566428
1970-03-12,142.43948389621133
1970-03-13,143.39941424990582
1970-03-16,141.02610056326097
1970-03-17,143.00597071894535
1970-03-18,145.0405671820329
1970-03-19,147.54921619847445
1970-03-20,147.04204079591844
1970-03-23,147.4828655240775
1970-03-24,146.0716392970016
1970-03-25,147.11901902193202
1970-03-26,145.0703809560875
1970-03-27,144.55143658939144
1970-03-30,142.18174754527877
1970-03-31,142.7974837211039
1970-04-01,141.70845779054739
1970-04-02,140.7243419691343
1970-04-03,140.80290343521196
1970-04-06,140.54258766806913
1970-04-07,139.79304600878115
1970-04-08,137.97747909250984
1970-04-09,139.86640164712063
1970-04-10,140.4252064930194
1970-04-13,141.18465520894637
1970-04-14,141.30224779505568
1970-04-15,141.71129053122732
1970-04-16,141.86938973641787
1970-04-17,141.95549003239512
1970-04-20,143.34803826012157
1970-04-21,141.89605966051926
1970-04-22,141.06791279743584
1970-04-23,138.25305019646817
1970-04-24,140.220798261768
1970-04-27,139.68658315148485
1970-04-28,138.88236911365235
1970-04-29,138.7970469236889
1970-04-30,137.84460041232168
1970-05-01,137.8124312411333
1970-05-04,138.24762136467362
1970-05-05,137.65357487623126
1970-05-06,136.06225499450255
1970-05-07,135.96525397895468
1970-05-08,136.55474633644602
1970-05-11,137.73263660293193
1970-05-12,136.79874106861652
1970-05-13,134.1778229144962
1970-05-14,133.44787972371776
1970-05-15,134.47493766579734
1970-05-18,133.89186600604972
1970-05-19,134.22853411536607
1970-05-20,134.3469222902155
1970-05-21,133.28611433143703
1970-05-22,135.20310028165522
1970-05-25,137.92659754869462
1970-05-26,137.35792460131182
1970-05-27,137.13370746331728
1970-05-28,137.47725213398962
1970-05-29,138.26074908458824
1970-06-01,138.07183570875188
1970-06-02,136.07267819704893
1970-06-03,138.12102535236923
1970-06-04,137.8567590433389
1970-06-05,137.82116422133623
1970-06-08,140.37748612852835
1970-06-09,140.90795759217536
1970-06-10,140.9570192296746
1970-06-11,140.92841481992014
1970-06-12,142.0821455010491
1970-06-15,142.521740867772
1970-06-16,143.16858282012365
1970-06-17,144.56018519633457
1970-06-18,144.77486889746243
1970-06-19,144.61158684571507
1970-06-22,141.95491203089819
1970-06-23,146.71800963098943
1970-06-24,146.66978560834022
1970-06-25,146.2417674567608
1970-06-26,146.70276087319513
1970-06-29,146.69423709348055
1970-06-30,148.1049054680714
1970-07-01,147.02085653476823
1970-07-02,146.31619953499836
1970-07-03,145.34635994958197
1970-07-06,146.81319697687573
1970-07-07,146.59611716264234
1970-07-08,148.6900258385997
1970-07-09,150.38302291365966
1970-07-10,148.57561277990956
1970-07-13,147.393200360093
1970-07-14,146.41067816259266
1970-07-15,145.8948164626097
1970-07-16,146.2400603871108
1970-07-17,144.67169896819388
1970-07-20,144.6265121813077
1970-07-21,144.37456933131094
1970-07-22,143.9137344921678
1970-07-23,143.07298027718377
1970-07-24,144.09751509668308
1970-07-27,142.8851301009601
1970-07-28,142.7352453759467
1970-07-29,140.741968905769
1970-07-30,142.69096744303639
1970-07-31,142.2256643147013
1970-08-03,144.16509485163544
1970-08-04,143.14347181143881
1970-08-05,144.26780524118823
1970-08-06,141.79646015692006
1970-08-07,143.39619244609
1970-08-10,143.7774552535495
1970-08-11,142.1935837533495
1970-08-12,140.580278930394
1970-08-13,140.36669151219442
1970-08-14,140.5097433480063
1970-08-17,138.92490152900882
1970-08-18,139.91875287469233
1970-08-19,140.7657338103286
1970-08-20,141.42723920776427
1970-08-21,142.76107138099186
1970-08-24,140.14907846679526
1970-08-25,142.18421148408433
1970-08-26,141.05215286978992
1970-08-27,140.5541501341604
1970-08-28,140.02257352914705
1970-08-31,141.12844272167845
1970-09-01,141.81661066729387
1970-09-02,141.44471963850143
1970-09-03,142.28329327444555
1970-09-04,141.553133575491
1970-09-07,139.52735732856104
1970-09-08,140.15091432064511
1970-09-09,140.8196338045831
1970-09-10,142.10165670585272
1970-09-11,141.55171712973268
1970-09-14,144.1935758072189
1970-09-15,142.49682760768394
1970-09-16,145.33196797826747
1970-09-17,146.49020737479472
1970-09-18,146.04094202635216
1970-09-21,144.44520805532835
1970-09-22,143.04725715098752
1970-09-23,143.5910231169065
1970-09-24,141.82205198770063
1970-09-25,141.20114639167724
1970-09-28,141.61749993675744
1970-09-29,143.05518146275588
1970-09-30,144.03331226014788
1970-10-01,145.3571344781996
1970-10-02,145.9348170600087
1970-10-05,144.98192306261075
1970-10-06,145.0506611128161
1970-10-07,144.50651714184468
1970-10-08,142.77907890208672
1970-10-09,142.0580762140497
1970-10-12,140.3099843655557
1970-10-13,138.73196252949072
1970-10-14,141.12743363700739
1970-10-15,139.7185769930254
1970-10-16,142.43874303674485
1970-10-19,142.69234147265573
1970-10-20,143.0928264194206
1970-10-21,142.891371169931
1970-10-22,143.57026358930497
1970-10-23,144.3524931260579
1970-10-26,142.62590437849292
1970-10-27,142.93516761294862
1970-10-28,142.2064037020915
1970-10-29,141.63169453297508
1970-10-30,141.40952064967342
1970-11-02,141.958054182108
1970-11-03,145.1943134637405
1970-11-04,146.80604278195565
1970-11-05,145.85401262517283
1970-11-06,145.3289206596713
1970-11-09,143.7791520891575
1970-11-10,144.20201208396315
1970-11-11,141.40674946849526
1970-11-12,140.26069447054493
1970-11-13,140.28017504205147
1970-11-16,143.4892873898361
1970-11-17,143.96848614431735
1970-11-18,146.0516503143501
1970-11-19,148.94348785427212
1970-11-20,148.94326091806647
1970-11-23,150.36171573870894
1970-11-24,149.1777171868474
1970-11-25,150.38071769267282
1970-11-26,149.6617872803536
1970-11-27,150.45415595853754
1970-11-30,149.3232409895648
1970-12-01,148.8293106922051
1970-12-02,151.92664731358352
1970-12-03,151.35191200049948
1970-12-04,151.67294331895405
1970-12-07,152.2106216628536
1970-12-08,152.67492485713768
1970-12-09,154.844213811398
1970-12-10,157.19715075700395
1970-12-11,155.2592364697912
1970-12-14,154.88693955076315
1970-12-15,153.99899921224082
1970-12-16,155.87791860313254
1970-12-17,158.75156985103453
1970-12-18,158.18783709923306
1970-12-21,157.46181977557683
1970-12-22,155.99452874280436
1970-12-23,159.39442933905318
1970-12-24,160.91358603834257
1970-12-25,161.0671596081115
1970-12-28,161.67360476734152
1970-12-29,161.67958802385976
1970-12-30,161.00858675765537
1970-12-31,160.37047345241146
1971-01-01,160.73903612846573
1971-01-04,160.39546665620995
1971-01-05,159.42161463277506
1971-01-06,158.60122120974054
1971-01-07,159.83327598312664
1971-01-08,163.04436136903612
1971-01-11,162.17951334098743
1971-01-12,162.31908483789664
1971-01-13,163.80788343098052
1971-01-14,162.81501259149456
1971-01-15,165.09463727196646
1971-01-18,166.55666112199432
1971-01-19,167.8627086950679
1971-01-20,167.68656236136766
1971-01-21,170.3310640146973
1971-01-22,169.9118582302816
1971-01-25,170.7273827133799
1971-01-26,171.20716391928468
1971-01-27,173.23628627096002
1971-01-28,169.83203150689005
1971-01-29,167.40629057484358
1971-02-01,169.46097567312822
1971-02-02,166.68515895820892
1971-02-03,167.08632156036688
1971-02-04,164.43326077544634
1971-02-05,165.65343305634462
1971-02-08,163.5160676407309
1971-02-09,165.6363208338153
1971-02-10,163.28202550872743
1971-02-11,163.13701909869513
1971-02-12,164.60219916775768
1971-02-15,167.4652482141254
1971-02-16,167.65242142476876
1971-02-17,168.079998720802
1971-02-18,165.97436571985227
1971-02-19,164.62651871626295
1971-02-22,165.50976571556475
1971-02-23,164.55702784222746
1971-02-24,161.8236673495944
1971-02-25,161.18457936707458
1971-02-26,161.7515041516302
1971-03-01,160.02135619294606
1971-03-02,161.52583092105706
1971-03-03,162.61622710602745
1971-03-04,160.89977850971624
1971-03-05,161.62503240422606
1971-03-08,158.19166065306248
1971-03-09,155.81117569484323
1971-03-10,156.85548849711768
1971-03-11,156.17769191362703
1971-03-12,154.5900141662656
1971-03-15,155.35642336013117
1971-03-16,155.79622674963994
1971-03-17,156.76425603828542
1971-03-18,157.5338631499134
1971-03-19,159.1534740728667
1971-03-22,159.6038973927322
1971-03-23,161.33664623322343
1971-03-24,164.8266051700249
1971-03-25,163.61739105864356
1971-03-26,164.29307924594386
1971-03-29,163.6786470689521
1971-03-30,165.73578381720378
1971-03-31,167.69260314001528
1971-04-01,168.62241347202823
1971-04-02,171.5087552607281
1971-04-05,172.57937645804043
1971-04-06,169.40654489314437
1971-04-07,169.16943601155157
1971-04-08,169.98560868567324
1971-04-09,171.0529772731947
1971-04-12,171.46769837440655
1971-04-13,174.87076149944792
1971-04-14,174.1330245385763
1971-04-15,176.4868674482804
1971-04-16,177.43759780810655
1971-04-19,177.5375990407684
1971-04-20,178.04240781944696
1971-04-21,180.56856182008246
1971-04-22,182.22257296036042
1971-04-23,179.40507672781956
1971-04-26,182.06727179087306
1971-04-27,178.14041119625355
1971-04-28,178.47515562325898
1971-04-29,178.99120618159074
1971-04-30,181.00828076682066
1971-05-03,180.81607737283312
1971-05-04,178.20024458966589
1971-05-05,178.1506367864262
1971-05-06,176.88899529064585
1971-05-07,177.51947255043663
1971-05-10,175.17487099074216
1971-05-11,174.7006048493526
1971-05-12,174.33950416654795
1971-05-13,179.5598565047261
1971-05-14,179.92273123617704
1971-05-17,181.28021321890998
1971-05-18,180.70158998421059
1971-05-19,182.7864671154863
1971-05-20,182.29637027336312
1971-05-21,183.24629757475066
1971-05-24,182.73397413292227
1971-05-25,183.57614850063925
1971-05-26,185.12692792581487
1971-05-27,184.79751823334558
1971-05-28,191.3304757866268
1971-05-31,190.7862297060419
1971-06-01,189.99948616200146
1971-06-02,188.52529277816862
1971-06-03,188.6449921234241
1971-06-04,190.31744373612932
1971-06-07,190.02631331022224
1971-06-08,189.24458013504423
1971-06-09,187.81538951038965
1971-06-10,189.00015658333268
1971-06-11,188.97920250969517
1971-06-14,188.7104847534793
1971-06-15,188.52692799063314
1971-06-16,187.7549859667454
1971-06-17,187.09160532868782
1971-06-18,185.62468320858625
1971-06-21,186.16058853564067
1971-06-22,185.23517393696656
1971-06-23,186.70765890094307
1971-06-24,187.24504049386627
1971-06-25,184.28806016284008
1971-06-28,187.14360824517357
1971-06-29,186.47396603806146
1971-06-30,188.10543841316974
1971-07-01,187.816723926966
1971-07-02,188.2431262388632
1971-07-05,190.03921109288615
1971-07-06,189.4020962968618
1971-07-07,187.37641300758526
1971-07-08,185.99738124240093
1971-07-09,188.61595224591554
1971-07-12,188.3647821688359
1971-07-13,185.82351292806104
1971-07-14,185.9812643933809
1971-07-15,184.14246004637934
1971-07-16,181.81363191283316
1971-07-19,183.18315687243182
1971-07-20,185.05551754879565
1971-07-21,184.70380512178596
1971-07-22,182.67572230691277
1971-07-23,179.1361999460723
1971-07-26,179.74395218176144
1971-07-27,181.3007059932007
1971-07-28,179.0877804721619
1971-07-29,182.27771362462505
1971-07-30,177.13696198808032
1971-08-02,175.4011452586841
1971-08-03,177.85711987693014
1971-08-04,180.30010713887026
1971-08-05,177.43755775065716
1971-08-06,179.2086554539734
1971-08-09,181.8861874057313
1971-08-10,183.5612177855438
1971-08-11,183.7782355463781
1971-08-12,184.21065523517427
1971-08-13,181.49113599389614
1971-08-16,181.63375512932876
1971-08-17,181.51863924084788
1971-08-18,179.61940112027355
1971-08-19,177.72683769734113
1971-08-20,176.6032088637152
1971-08-23,176.1739637247892
1971-08-24,178.2151719795263
1971-08-25,178.6176631095981
1971-08-26,179.75036006635557
1971-08-27,182.00114399412098
1971-08-30,179.95811533620505
1971-08-31,180.06586294534088
1971-09-01,179.3781941368384
1971-09-02,178.15306743084483
1971-09-03,179.62494568765536
1971-09-06,179.57756355467774
1971-09-07,182.66723071327507
1971-09-08,181.94794944621168
1971-09-09,184.64014056350243
1971-09-10,182.80942421792713
1971-09-13,184.26526940368728
1971-09-14,183.32628885846378
1971-09-15,184.89336132208638
1971-09-16,186.52775090853984
1971-09-17,188.9062160577889
1971-09-20,188.11896031081375
1971-09-21,189.31051009742313
1971-09-22,188.04892499021148
1971-09-23,186.90209215931665
1971-09-24,186.88291631398627
1971-09-27,183.22180191579056
1971-09-28,184.4400364234867
1971-09-29,182.9920171113391
1971-09-30,183.84241850675642
1971-10-01,182.14611114393207
1971-10-04,182.37390404310548
1971-10-05,180.249478107138
1971-10-06,181.88099112596103
1971-10-07,182.812824198759
1971-10-08,182.5654996244886
1971-10-11,182.33883827902454
1971-10-12,180.17087875255152
1971-10-13,179.49237461398948
1971-10-14,182.52808742871017
1971-10-15,183.0212045712985
1971-10-18,185.76079571460818
1971-10-19,188.71602708432982
1971-10-20,183.39518446677855
1971-10-21,184.27797517886393
1971-10-22,185.21365314974275
1971-10-25,187.71653358727696
1971-10-26,188.12730391727095
1971-10-27,183.68710982324126
1971-10-28,184.6755762835714
1971-10-29,188.7015896514371
1971-11-01,187.87035028390463
1971-11-02,186.32711006318198
1971-11-03,186.90387190948508
1971-11-04,187.4969928749201
1971-11-05,185.27444015181243
1971-11-08,188.24206989517333
1971-11-09,192.81710016812488
1971-11-10,192.6599124638825
1971-11-11,190.47182369106923
1971-11-12,189.33325720983902
1971-11-15,190.78513145836683
1971-11-16,186.00004537443218
1971-11-17,186.16810833268718
1971-11-18,184.1758121721484
1971-11-19,181.18112716520204
1971-11-22,180.1553846168557
1971-11-23,181.30233012191752
1971-11-24,180.74548056029897
1971-11-25,180.922449978039
1971-11-26,184.44393126716537
1971-11-29,184.13735795338872
1971-11-30,182.17723711338127
1971-12-01,182.24795778338367
1971-12-02,181.57635660320105
1971-12-03,183.58934487343453
1971-12-06,181.83556597472787
1971-12-07,179.92720553546386
1971-12-08,178.88879889825577
1971-12-09,179.23072009461524
1971-12-10,180.93166752237562
1971-12-13,182.79341051809192
1971-12-14,185.58758791916236
1971-12-15,186.45659507243815
1971-12-16,185.05748227968672
1971-12-17,185.36618188820069
1971-12-20,188.50955579431877
1971-12-21,186.91334475895422
1971-12-22,185.87518764807456
1971-12-23,183.69343655659023
1971-12-24,183.25831048271752
1971-12-27,182.06260120289744
1971-12-28,180.58933797268224
1971-12-29,179.74966274018462
1971-12-30,180.26065297740175
1971-12-31,182.56743944239642
1972-01-03,182.8966687037851
1972-01-04,183.23859406313565
1972-01-05,183.33439231734937
1972-01-06,183.0586155860399
1972-01-07,183.53778547249544
1972-01-10,184.1089740864942
1972-01-11,183.0690531209725
1972-01-12,182.87665989462363
1972-01-13,182.12304696914865
1972-01-14,183.2680836412925
1972-01-17,183.76174885052856
1972-01-18,184.63514695131528
1972-01-19,189.37311813341105
1972-01-20,188.04885006977221
1972-01-21,192.71835164385377
1972-01-24,194.843487701021
1972-01-25,197.02626986489966
1972-01-26,197.46956362072353
1972-01-27,199.73875583109307
1972-01-28,201.87112615225996
1972-01-31,203.77008218420195
1972-02-01,199.0797568349486
1972-02-02,196.8900711590718
1972-02-03,199.89747042913595
1972-02-04,203.13790567182306
1972-02-07,203.90312389940718
1972-02-08,203.73319088369328
1972-02-09,204.66577909983235
1972-02-10,202.66399301819783
1972-02-11,205.99689968446162
1972-02-14,206.55342999096084
1972-02-15,206.96802751662094
1972-02-16,209.048512171014
1972-02-17,207.10694904041895
1972-02-18,206.54501215778532
1972-02-21,208.396166054973
1972-02-22,210.06754383102947
1972-02-23,212.011217056892
1972-02-24,211.54204949631466
1972-02-25,210.68464549108654
1972-02-28,211.26591471099897
1972-02-29,211.30868008651058
1972-03-01,214.10433191913066
1972-03-02,212.62432399066407
1972-03-03,213.60029904692286
1972-03-06,215.2361363348702
1972-03-07,221.1036397958213
1972-03-08,219.09108150795143
1972-03-09,221.94760388501874
1972-03-10,224.46177858592245
1972-03-13,224.39709236913887
1972-03-14,225.5214248019361
1972-03-15,227.42548556596762
1972-03-16,227.24064176953908
1972-03-17,222.41244451021367
1972-03-20,222.46846685412743
1972-03-21,221.97159830210163
1972-03-22,219.4660901951872
1972-03-23,222.9832368806511
1972-03-24,220.21415021370714
1972-03-27,221.04609232234554
1972-03-28,219.92286175507033
1972-03-29,218.3405498525473
1972-03-30,217.78193372632572
1972-03-31,216.73519170957485
1972-04-03,212.9204470511399
1972-04-04,210.71630043925413
1972-04-05,208.6750368570289
1972-04-06,208.00018961286332
1972-04-07,210.58527636344624
1972-04-10,207.571135828646
1972-04-11,204.9870343278935
1972-04-12,205.60672619672604
1972-04-13,205.41416299039008
1972-04-14,204.9570404606657
1972-04-17,206.7322105730219
1972-04-18,210.96175531891032
1972-04-19,212.46691669861463
1972-04-20,210.9714355666289
1972-04-21,211.04694146780562
1972-04-24,210.67849718199906
1972-04-25,210.49436368292413
1972-04-26,210.2027574366372
1972-04-27,209.6009475089737
1972-04-28,208.95010875168563
1972-05-01,209.24857670215042
1972-05-02,212.24144466349685
1972-05-03,213.45321802514698
1972-05-04,216.44906197998867
1972-05-05,216.85638775875813
1972-05-08,218.11168729889155
1972-05-09,215.98617325423527
1972-05-10,216.3869259031382
1972-05-11,218.74165283957973
1972-05-12,217.68085015988632
1972-05-15,218.69443104589408
1972-05-16,219.79399966523692
1972-05-17,217.01427625065187
1972-05-18,216.4773713921331
1972-05-19,220.2991422253053
1972-05-22,215.93066604754438
1972-05-23,218.58753303316962
1972-05-24,219.24396851107235
1972-05-25,224.4182102656705
1972-05-26,223.97228747898998
1972-05-29,226.0568869154437
1972-05-30,224.03325480668605
1972-05-31,226.4962748767377
1972-06-01,228.46880879581732
1972-06-02,227.6481704302638
1972-06-05,229.7196803403205
1972-06-06,230.66171217535643
1972-06-07,228.8628766316141
1972-06-08,228.52939019385417
1972-06-09,224.32659309610372
1972-06-12,222.75394296276846
1972-06-13,221.45608990178084
1972-06-14,225.26140839119364
1972-06-15,224.1074686319476
1972-06-16,225.42241014040374
1972-06-19,226.64788543214053
1972-06-20,229.8080280551781
1972-06-21,228.73357048370423
1972-06-22,229.17620990971722
1972-06-23,227.2224593449351
1972-06-26,228.49375060082085
1972-06-27,231.00380833228397
1972-06-28,233.0657774108783
1972-06-29,230.52800703525526
1972-06-30,226.53166745367952
1972-07-03,224.59397528552148
1972-07-04,223.4045176405893
1972-07-05,224.91757823711302
1972-07-06,226.05935300930798
1972-07-07,227.57339962856736
1972-07-10,222.26941813411884
1972-07-11,222.02926008200305
1972-07-12,223.32255054248955
1972-07-13,222.76185892205922
1972-07-14,220.17047317637002
1972-07-17,218.36571920743077
1972-07-18,223.30378641058599
1972-07-19,223.0593894820366
1972-07-20,224.22344006724825
1972-07-21,222.71362079859892
1972-07-24,221.9694876233962
1972-07-25,220.86583750963612
1972-07-26,221.80617989371066
1972-07-27,221.3047599547999
1972-07-28,219.9910810477321
1972-07-31,216.26720800464756
1972-08-01,215.2314458255435
1972-08-02,214.1592606094824
1972-08-03,209.73107210532126
1972-08-04,207.4315102080049
1972-08-07,203.2518329397211
1972-08-08,203.78313312951468
1972-08-09,204.5946833480651
1972-08-10,206.71570163382472
1972-08-11,206.6344607888963
1972-08-14,208.1011712424246
1972-08-15,209.0056137610521
1972-08-16,207.93941487836216
1972-08-17,208.7624924493847
1972-08-18,207.7765671735331
1972-08-21,204.82443493936057
1972-08-22,207.07373920155615
1972-08-23,209.99798019541416
1972-08-24,211.23616664590605
1972-08-25,211.21651921565996
1972-08-28,209.37505017477886
1972-08-29,209.65969818080976
1972-08-30,207.16537390412606
1972-08-31,206.36433409987652
1972-09-01,207.03184844192194
1972-09-04,204.09935514849946
1972-09-05,200.4204217120915
1972-09-06,199.15863674598953
1972-09-07,195.14052551942322
1972-09-08,193.9445112118208
1972-09-11,194.55048217009502
1972-09-12,192.8133164254732
1972-09-13,194.40153400633966
1972-09-14,197.20330058478874
1972-09-15,199.24549488068556
1972-09-18,199.7796419258979
1972-09-19,198.7521396671559
1972-09-20,200.6197360340797
1972-09-21,196.09406478359247
1972-09-22,195.25668743353066
1972-09-25,193.19519714342766
1972-09-26,190.83691649099092
1972-09-27,193.4667367424895
1972-09-28,193.8732038549491
1972-09-29,192.0723476123996
1972-10-02,188.29429051518213
1972-10-03,189.50407727993317
1972-10-04,189.06382004677334
1972-10-05,188.41193865881945
1972-10-06,186.93252307331
1972-10-09,187.3190863889906
1972-10-10,187.98003034350123
1972-10-11,183.7377856859891
1972-10-12,182.96086878346244
1972-10-13,182.3268459141208
1972-10-16,180.1179266991696
1972-10-17,178.93188833794898
1972-10-18,182.19138283757906
1972-10-19,179.3622723567672
1972-10-20,179.19937781224814
1972-10-23,181.64995049118392
1972-10-24,184.06814995652041
1972-10-25,186.21896989076834
1972-10-26,186.23980078983996
1972-10-27,187.04760926373706
1972-10-30,191.63309581012516
1972-10-31,188.5174353875511
1972-11-01,183.91452426837327
1972-11-02,182.3547497012771
1972-11-03,182.04100792733317
1972-11-06,183.55113546473652
1972-11-07,181.6341271104589
1972-11-08,178.97894229678047
1972-11-09,177.638329082519
1972-11-10,177.8426136771535
1972-11-13,177.11731989429558
1972-11-14,176.5582678044832
1972-11-15,178.02627773288873
1972-11-16,176.0286747643534
1972-11-17,174.05222691634958
1972-11-20,173.864460338081
1972-11-21,174.55147430710997
1972-11-22,177.45515130066343
1972-11-23,177.3290303722315
1972-11-24,178.92705016651763
1972-11-27,182.56221109338185
1972-11-28,185.6356802711096
1972-11-29,184.81896195180383
1972-11-30,185.94299458778045
1972-12-01,182.5171496504359
1972-12-04,181.85644455861902
1972-12-05,182.86448691335676
1972-12-06,185.87197259407498
1972-12-07,186.3479078157749
1972-12-08,189.57234162941637
1972-12-11,191.02241012975037
1972-12-12,192.46997961439976
1972-12-13,194.0719756645718
1972-12-14,190.87613426407282
1972-12-15,192.81471119721573
1972-12-18,192.74355977763636
1972-12-19,193.85981023212952
1972-12-20,194.92601406625081
1972-12-21,193.71070751282076
1972-12-22,192.35138126441706
1972-12-25,192.51901407485553
1972-12-26,191.1784698574161
1972-12-27,191.23480355636858
1972-12-28,191.58178414613852
1972-12-29,190.15171024962538
1973-01-01,189.12838937548926
1973-01-02,187.55477425189298
1973-01-03,188.33013339720074
1973-01-04,187.30062926512676
1973-01-05,188.94652580069024
1973-01-08,187.2785267325491
1973-01-09,187.90215207676195
1973-01-10,188.24785012876106
1973-01-11,184.81824603714696
1973-01-12,184.48645969183218
1973-01-15,189.07349290550408
1973-01-16,190.00585529335885
1973-01-17,189.42934517131175
1973-01-18,190.2091657776923
1973-01-19,188.20806323203365
1973-01-22,187.16878984094149
1973-01-23,189.240293225858
1973-01-24,190.34973429406145
1973-01-25,189.445821711631
1973-01-26,188.72818071648288
1973-01-29,187.7706213001087
1973-01-30,188.5665834365379
1973-01-31,190.35363815940335
1973-02-01,189.43505551819496
1973-02-02,187.9030436479301
1973-02-05,185.3326678254068
1973-02-06,182.7286554489386
1973-02-07,184.73018295648131
1973-02-08,183.97592231670544
1973-02-09,179.47675533082756
1973-02-12,181.52823131534345
1973-02-13,183.10980075032106
1973-02-14,182.63380097367562
1973-02-15,185.67707180328767
1973-02-16,186.93215806981496
1973-02-19,184.34396233984583
1973-02-20,183.8375709898635
1973-02-21,183.57849551697612
1973-02-22,184.49859182446397
1973-02-23,183.2021572228836
1973-02-26,179.57114054000365
1973-02-27,179.70053472056836
1973-02-28,181.86863806684036
1973-03-01,178.22975299277115
1973-03-02,176.78463751331788
1973-03-05,173.09457650513136
1973-03-06,171.4456576926189
1973-03-07,170.87617169627381
1973-03-08,168.58201075956723
1973-03-09,168.58642065890274
1973-03-12,165.60640738628095
1973-03-13,164.39515058593267
1973-03-14,164.92500724362645
1973-03-15,164.98549755422633
1973-03-16,167.52270849932978
1973-03-19,165.95543166341972
1973-03-20,167.61016980850036
1973-03-21,167.272196293456
1973-03-22,164.94925961727495
1973-03-23,164.80236193942528
1973-03-26,166.115198830091
1973-03-27,165.6535174455655
1973-03-28,165.82753366096915
1973-03-29,166.6302752684253
1973-03-30,163.17588901376104
1973-04-02,163.5366897159117
1973-04-03,164.36917124796787
1973-04-04,163.92505814556253
1973-04-05,165.4495161810308
1973-04-06,165.7077662137722
1973-04-09,163.13035217404635
1973-04-10,161.51065536688682
1973-04-11,160.83427490283614
1973-04-12,159.85645229818232
1973-04-13,161.4421944757145
1973-04-16,162.70222830868735
1973-04-17,159.70213308649926
1973-04-18,160.4431528423944
1973-04-19,163.41859152637082
1973-04-20,165.8840680699731
1973-04-23,165.60195886039196
1973-04-24,164.43266667029278
1973-04-25,160.89298031136414
1973-04-26,160.90325650331582
1973-04-27,161.6037438262663
1973-04-30,160.2686142597495
1973-05-01,159.63351915876453
1973-05-02,161.8392001861185
1973-05-03,161.8183617155377
1973-05-04,163.352259897725
1973-05-07,163.36461934737267
1973-05-08,160.9314823445785
1973-05-09,162.2443964716854
1973-05-10,162.49833040169284
1973-05-11,163.72632934664762
1973-05-14,163.03681195985087
1973-05-15,162.08491398293188
1973-05-16,162.2715778223799
1973-05-17,164.95295382837782
1973-05-18,166.13050543624166
1973-05-21,167.30139439688676
1973-05-22,166.28435032757798
1973-05-23,169.05443322742582
1973-05-24,169.65819870584534
1973-05-25,171.42811303140942
1973-05-28,173.63133476202614
1973-05-29,172.20481541058132
1973-05-30,171.9002012261374
1973-05-31,172.52014778351588
1973-06-01,173.39875831316132
1973-06-04,171.8601287627165
1973-06-05,170.7859721700473
1973-06-06,167.5060100888788
1973-06-07,165.08588999247846
1973-06-08,165.39012170449857
1973-06-11,168.2503612607402
1973-06-12,168.66138898595392
1973-06-13,169.47017226293963
1973-06-14,173.1568248735549
1973-06-15,172.2021508102747
1973-06-18,170.0626771438263
1973-06-19,173.0723591248959
1973-06-20,173.8533767306897
1973-06-21,174.02484760425529
1973-06-22,174.0754141031889
1973-06-25,176.48234613577554
1973-06-26,175.69972299295907
1973-06-27,177.35216520507217
1973-06-28,175.7530268015995
1973-06-29,172.9773514785949
1973-07-02,173.19339481421324
1973-07-03,173.5340490259829
1973-07-04,174.08391342675984
1973-07-05,172.4741182144679
1973-07-06,170.46527191671686
1973-07-09,170.1480863281006
1973-07-10,172.1831883488868
1973-07-11,173.4527872925679
1973-07-12,174.09741180644994
1973-07-13,175.00376601366716
1973-07-16,176.98891148723115
1973-07-17,174.8869163272089
1973-07-18,174.9962007571694
1973-07-19,176.47362537757795
1973-07-20,178.42652765675192
1973-07-23,180.30323672133233
1973-07-24,180.89412486206265
1973-07-25,178.66107924691212
1973-07-26,178.52062627571092
1973-07-27,180.0795970823836
1973-07-30,178.61833792801787
1973-07-31,176.71422105410215
1973-08-01,173.80346651638695
1973-08-02,174.3076591309299
1973-08-03,174.2165005811664
1973-08-06,174.68360071791165
1973-08-07,178.7020119572545
1973-08-08,180.5946949302808
1973-08-09,181.53728246555943
1973-08-10,184.636677777845
1973-08-13,184.79684143897228
1973-08-14,185.9366195413645
1973-08-15,185.96242509194218
1973-08-16,186.87700580298682
1973-08-17,184.75646098403166
1973-08-20,184.0969030835956
1973-08-21,182.58775663518773
1973-08-22,179.16145840235754
1973-08-23,176.0969508013161
1973-08-24,173.19870924344573
1973-08-27,170.2252301301007
1973-08-28,172.10659710850015
1973-08-29,174.9991341108289
1973-08-30,177.8235310267376
1973-08-31,178.45049291797977
1973-09-03,177.9536149836787
1973-09-04,175.37945256619832
1973-09-05,173.86642147396506
1973-09-06,178.22321222534362
1973-09-07,177.14929785635792
1973-09-10,175.21862409667483
1973-09-11,175.79976490408447
1973-09-12,173.43339450328722
1973-09-13,175.31212604598466
1973-09-14,172.756693722809
1973-09-17,173.20425559859004
1973-09-18,171.3623294671129
1973-09-19,171.04506477640746
1973-09-20,171.6722510044889
1973-09-21,173.4220089061428
1973-09-24,175.9179864354877
1973-09-25,177.90770728197174
1973-09-26,179.36783409078626
1973-09-27,181.14507687462122
1973-09-28,183.23694034179553
1973-10-01,184.8609520569996
1973-10-02,187.54811967963204
1973-10-03,186.59267833927103
1973-10-04,186.80608634301234
1973-10-05,186.47035831692787
1973-10-08,188.06292837538928
1973-10-09,186.6638245599325
1973-10-10,184.9671423295932
1973-10-11,184.19742566900717
1973-10-12,182.2844108883657
1973-10-15,182.9371045869451
1973-10-16,183.96488231284437
1973-10-17,182.60587339547567
1973-10-18,185.78905418850874
1973-10-19,187.1354155092903
1973-10-22,188.33943335033112
1973-10-23,188.22857033533438
1973-10-24,189.05613086963672
1973-10-25,192.7972685548828
1973-10-26,192.3841454969363
1973-10-29,193.51828000187234
1973-10-30,193.4486893071867
1973-10-31,190.6102638254456
1973-11-01,187.4210231068955
1973-11-02,185.41183223985476
1973-11-05,183.45729313019402
1973-11-06,185.77922830330465
1973-11-07,184.77904108584846
1973-11-08,185.39061567954926
1973-11-09,184.7759473441258
1973-11-12,184.94183761334824
1973-11-13,185.0885900842735
1973-11-14,180.85718013275905
1973-11-15,179.5973902718461
1973-11-16,175.70161776895355
1973-11-19,175.38718437905868
1973-11-20,177.5731240463815
1973-11-21,176.6979523971075
1973-11-22,176.58305087960088
1973-11-23,177.34322006146664
1973-11-26,175.74985625989913
1973-11-27,177.12899731731997
1973-11-28,175.53080290540888
1973-11-29,177.83389614382196
1973-11-30,178.26438999389188
1973-12-03,176.04080394306504
1973-12-04,174.3178766151351
1973-12-05,176.31176288664594
1973-12-06,172.38787987434017
1973-12-07,170.29762182082652
1973-12-10,169.85282143484415
1973-12-11,170.690344743572
1973-12-12,168.927606200884
1973-12-13,166.53087727265168
1973-12-14,169.1893736910572
1973-12-17,167.8337435343489
1973-12-18,165.55130988332442
1973-12-19,168.17012360745784
1973-12-20,166.78969581417437
1973-12-21,166.1995277609557
1973-12-24,166.01100000249616
1973-12-25,166.32504113198542
1973-12-26,167.02755746267667
1973-12-27,167.30891089531693
1973-12-28,167.52754119601857
1973-12-31,167.86188663898534
1974-01-01,169.1162744399205
1974-01-02,170.505115547782
1974-01-03,168.70220368542022
1974-01-04,168.36266100473327
1974-01-07,170.5589650483533
1974-01-08,170.04411969845978
1974-01-09,171.1034072588243
1974-01-10,170.7462844250068
1974-01-11,169.17020845215845
1974-01-14,168.18413805878717
1974-01-15,168.27637348313868
1974-01-16,170.44440909804405
1974-01-17,171.267386675109
1974-01-18,169.9810769723465
1974-01-21,171.43531788448803
1974-01-22,171.7168865850525
1974-01-23,168.03661302324312
1974-01-24,170.48440745359272
1974-01-25,172.56493793763673
1974-01-28,174.34593934523969
1974-01-29,176.38374149741654
1974-01-30,174.28272887041283
1974-01-31,174.35897700265764
1974-02-01,177.14559796617482
1974-02-04,177.17536266879543
1974-02-05,175.81468703860565
1974-02-06,173.79628623659428
1974-02-07,173.0942910207388
1974-02-08,171.2289405009535
1974-02-11,169.55679759220172
1974-02-12,167.54114530534932
1974-02-13,168.70776992176727
1974-02-14,166.8632933832104
1974-02-15,168.2787389856273
1974-02-18,167.32677268402605
1974-02-19,169.10914956688976
1974-02-20,167.66851691666957
1974-02-21,166.6616816610447
1974-02-22,169.07002585892954
1974-02-25,167.36196588644904
1974-02-26,167.8515085665564
1974-02-27,171.12614980418977
1974-02-28,170.14561483718336
1974-03-01,171.29550778955502
1974-03-04,170.04965999561693
1974-03-05,168.83373679295926
1974-03-06,167.72983995665237
1974-03-07,168.63946791541727
1974-03-08,168.96017014474148
1974-03-11,168.15471303923215
1974-03-12,166.9913079152893
1974-03-13,167.10134581249235
1974-03-14,168.10880418946803
1974-03-15,168.63739591678632
1974-03-18,168.28866236557045
1974-03-19,169.79563768034262
1974-03-20,174.25539479801523
1974-03-21,177.30681923199057
1974-03-22,180.83082370477314
1974-03-25,180.4421158047483
1974-03-26,178.94106272412128
1974-03-27,179.12635602879007
1974-03-28,179.08737876939216
1974-03-29,179.31517052834374
1974-04-01,180.9906570419296
1974-04-02,181.08453316924803
1974-04-03,181.73941362363152
1974-04-04,183.0315060028474
1974-04-05,182.04291633629794
1974-04-08,183.05372094717882
1974-04-09,184.15411178331624
1974-04-10,182.92018952310025
1974-04-11,182.40941277115218
1974-04-12,185.13425109258094
1974-04-15,184.46686732081443
1974-04-16,183.8643445041135
1974-04-17,183.10518385842065
1974-04-18,182.79521547471373
1974-04-19,182.25151369318863
1974-04-22,183.83212987378485
1974-04-23,185.57183885563538
1974-04-24,186.12247984954107
1974-04-25,187.15263979919607
1974-04-26,188.9357310054121
1974-04-29,188.11604787181392
1974-04-30,187.11423795615286
1974-05-01,189.03163972308147
1974-05-02,191.53687275607842
1974-05-03,189.25406888967518
1974-05-06,191.1107201420584
1974-05-07,191.51014542023213
1974-05-08,194.23254391536958
1974-05-09,194.98804675314562
1974-05-10,192.78252802254661
1974-05-13,190.7509183328759
1974-05-14,191.33862348994754
1974-05-15,193.36170004369114
1974-05-16,191.46480989225373
1974-05-17,188.65853406116747
1974-05-20,188.89372054691904
1974-05-21,188.69737660936667
1974-05-22,193.92969640822767
1974-05-23,192.28945778170277
1974-05-24,191.13057822784128
1974-05-27,189.13885766181951
1974-05-28,187.6536172061687
1974-05-29,187.04553842530555
1974-05-30,188.71582982318853
1974-05-31,189.71025646595598
1974-06-03,191.18427891471265
1974-06-04,189.32719806236932
1974-06-05,188.2517275585228
1974-06-06,189.28930383458834
1974-06-07,189.40741500810432
1974-06-10,188.27987953963176
1974-06-11,187.93824128773275
1974-06-12,189.68914616264718
1974-06-13,192.0413418663534
1974-06-14,195.24015972688832
1974-06-17,195.5365516883864
1974-06-18,199.76377503814138
1974-06-19,199.79322407868582
1974-06-20,200.7995639349351
1974-06-21,202.76121765265705
1974-06-24,201.49471619305186
1974-06-25,201.82406452431454
1974-06-26,201.16078181100013
1974-06-27,205.01454086929186
1974-06-28,207.0754736803125
1974-07-01,204.26141992016045
1974-07-02,204.8999691815749
1974-07-03,206.80764507744198
1974-07-04,210.81854324087627
1974-07-05,211.13543048250858
1974-07-08,206.14091473473647
1974-07-09,206.40484006770293
1974-07-10,209.32014699879832
1974-07-11,210.09931079215883
1974-07-12,208.14244581183928
1974-07-15,207.30754596313105
1974-07-16,206.46793044224108
1974-07-17,210.51304704957343
1974-07-18,210.8374605523029
1974-07-19,208.34540025734412
1974-07-22,207.16541033440888
1974-07-23,210.44039694864338
1974-07-24,204.27387006845635
1974-07-25,200.23075769605884
1974-07-26,198.40252310972704
1974-07-29,198.0690481187082
1974-07-30,194.619712613835
1974-07-31,197.03110466123943
1974-08-01,195.6548702188591
1974-08-02,192.91937209608085
1974-08-05,191.79244765796287
1974-08-06,187.3929081372891
1974-08-07,186.15807648112207
1974-08-08,189.36170718779806
1974-08-09,186.98769302875
1974-08-12,186.82749703714032
1974-08-13,186.50796096940147
1974-08-14,185.2602965266213
1974-08-15,187.69643758165074
1974-08-16,193.46740760950337
1974-08-19,190.33332268088182
1974-08-20,190.04261177318446
1974-08-21,188.26829884226848
1974-08-22,187.61664314858126
1974-08-23,189.24219813338817
1974-08-26,195.4946913871465
1974-08-27,195.82067765957808
1974-08-28,195.68143490773804
1974-08-29,193.19868393534776
1974-08-30,192.22922505944624
1974-09-02,194.3224480986493
1974-09-03,193.47024821809
1974-09-04,190.9888790331374
1974-09-05,189.2098219159432
1974-09-06,185.79004209773902
1974-09-09,184.22403991645538
1974-09-10,185.90071354042377
1974-09-11,188.47920681111376
1974-09-12,191.4874711653344
1974-09-13,190.55922813541716
1974-09-16,189.15120458181485
1974-09-17,191.74364328387716
1974-09-18,188.4865990191948
1974-09-19,190.60919228220126
1974-09-20,192.67845904504955
1974-09-23,191.84407479978788
1974-09-24,191.22951466026342
1974-09-25,198.16242498782415
1974-09-26,198.74597737239733
1974-09-27,198.98226459406845
1974-09-30,203.20792371442013
1974-10-01,203.3405842203276
1974-10-02,201.3910036742517
1974-10-03,202.17022547477572
1974-10-04,204.09511591924368
1974-10-07,203.92282954962982
1974-10-08,205.2224525701374
1974-10-09,208.52252548424326
1974-10-10,207.69429361697433
1974-10-11,206.79830606736314
1974-10-14,207.6685488207888
1974-10-15,209.96926004235644
1974-10-16,206.90754581129536
1974-10-17,209.0093743037829
1974-10-18,203.42696528348918
1974-10-21,204.81177116375017
1974-10-22,201.34514909737388
1974-10-23,202.25619430502016
1974-10-24,204.01965088599533
1974-10-25,201.12278934480725
1974-10-28,198.48390311998475
1974-10-29,199.2230196777586
1974-10-30,200.17757605687268
1974-10-31,200.61503099708156
1974-11-01,198.45927069246073
1974-11-04,198.85064627936038
1974-11-05,198.80334955292687
1974-11-06,200.6324889857767
1974-11-07,201.92480988919803
1974-11-08,203.3011097924372
1974-11-11,201.06424620947388
1974-11-12,203.34810359315253
1974-11-13,206.82572723797333
1974-11-14,208.05931947154292
1974-11-15,208.03776139160988
1974-11-18,205.93550342461376
1974-11-19,205.13765136321254
1974-11-20,202.99214142166073
1974-11-21,204.80648611136334
1974-11-22,205.47162037416595
1974-11-25,204.25907344890297
1974-11-26,206.95779325772045
1974-11-27,207.37706084878295
1974-11-28,208.59454235064092
1974-11-29,206.92510333145577
1974-12-02,206.48806017167902
1974-12-03,206.38581854070785
1974-12-04,206.01432302827973
1974-12-05,208.4716135487882
1974-12-06,208.52653571468562
1974-12-09,207.99496909608462
1974-12-10,211.50170459320864
1974-12-11,212.9428632652561
1974-12-12,216.3175349648648
1974-12-13,215.46483132926795
1974-12-16,211.95906657389395
1974-12-17,209.66883172145725
1974-12-18,210.5721924022146
1974-12-19,211.24385908337769
1974-12-20,213.1068768909938
1974-12-23,215.48831091813997
1974-12-24,215.58378141899385
1974-12-25,214.98526781502048
1974-12-26,216.62712527684832
1974-12-27,215.4513023666677
1974-12-30,213.89839455409825
1974-12-31,213.80951450194638
1975-01-01,215.26307482743206
1975-01-02,215.96835399568036
1975-01-03,215.03638261140586
1975-01-06,215.78178120837842
1975-01-07,213.77335077222077
1975-01-08,214.70796054664441
1975-01-09,211.09087693783954
1975-01-10,213.65259192214228
1975-01-13,211.63790060465465
1975-01-14,211.82265158693198
1975-01-15,209.86134543690503
1975-01-16,209.7299151294921
1975-01-17,211.04442804651868
1975-01-20,206.97017927451034
1975-01-21,210.26400505957426
1975-01-22,208.18425045172523
1975-01-23,205.4312429594002
1975-01-24,206.72098619833147
1975-01-27,204.55106425272228
1975-01-28,204.54075019087537
1975-01-29,204.47229800977243
1975-01-30,207.4148040812252
1975-01-31,207.6165047317344
1975-02-03,207.55605023642414
1975-02-04,204.23011711412158
1975-02-05,203.05446406909343
1975-02-06,201.77433051312735
1975-02-07,202.13930796398947
1975-02-10,203.98965306599126
1975-02-11,200.70036703747536
1975-02-12,200.4450327339516
1975-02-13,203.0699548646297
1975-02-14,201.3945584047595
1975-02-17,201.9937184108283
1975-02-18,203.101579716829
1975-02-19,207.79451961159398
1975-02-20,209.64365293447017
1975-02-21,209.0889665736877
1975-02-24,207.91189254947446
1975-02-25,207.9864897591722
1975-02-26,210.2729593394592
1975-02-27,213.57255210177564
1975-02-28,213.18079603483903
1975-03-03,213.78915389443713
1975-03-04,212.3495627046248
1975-03-05,213.25375479825968
1975-03-06,211.21043822158583
1975-03-07,211.61643918825175
1975-03-10,211.0051230690384
1975-03-11,210.201243204236
1975-03-12,212.37042150332042
1975-03-13,209.04901022221804
1975-03-14,210.61416621413784
1975-03-17,210.32426090964526
1975-03-18,211.56994638974697
1975-03-19,210.58930913398902
1975-03-20,207.90660194309828
1975-03-21,207.1599220254429
1975-03-24,205.12855013821965
1975-03-25,202.70769467345724
1975-03-26,200.35160542996437
1975-03-27,200.47627646765304
1975-03-28,196.83700183114328
1975-03-31,195.98968249048227
1975-04-01,198.89032039383065
1975-04-02,201.12102783716287
1975-04-03,199.9022103468776
1975-04-04,202.2882943838039
1975-04-07,200.29867916423916
1975-04-08,200.8406161359515
1975-04-09,201.1899924907968
1975-04-10,203.4801539723966
1975-04-11,200.54168977136987
1975-04-14,205.69844702971602
1975-04-15,207.15042307042336
1975-04-16,208.80124182673055
1975-04-17,210.02126792459816
1975-04-18,211.1712989877779
1975-04-21,213.99522292926238
1975-04-22,215.20924550528503
1975-04-23,214.30820401894064
1975-04-24,211.3180714653655
1975-04-25,214.80970889789404
1975-04-28,216.8030526244623
1975-04-29,216.3573109619786
1975-04-30,215.33268075593003
1975-05-01,216.50041971337936
1975-05-02,214.5570791896497
1975-05-05,215.6452563657441
1975-05-06,218.65831207488174
1975-05-07,215.44688048431266
1975-05-08,214.78016652340054
1975-05-09,216.24216127051398
1975-05-12,218.8091154790679
1975-05-13,220.39667330978867
1975-05-14,220.4537218685428
1975-05-15,218.63366614881056
1975-05-16,218.69980353502174
1975-05-19,213.15509896277496
1975-05-20,210.94657102617256
1975-05-21,212.58343464298196
1975-05-22,212.04632723072245
1975-05-23,210.83179421432303
1975-05-26,213.84316695397442
1975-05-27,212.4119405494341
1975-05-28,213.88702203273846
1975-05-29,215.73093104198458
1975-05-30,216.15718246192858
1975-06-02,216.43337683647204
1975-06-03,214.56841201632398
1975-06-04,218.40209980944445
1975-06-05,218.60873883603898
1975-06-06,217.67445983041378
1975-06-09,220.31725499259662
1975-06-10,221.24540747280147
1975-06-11,223.23461193287775
1975-06-12,221.55232961325348
1975-06-13,224.02810615883476
1975-06-16,223.48849167499898
1975-06-17,221.61455627209295
1975-06-18,223.39177641634225
1975-06-19,222.45917633520332
1975-06-20,221.44172644354506
1975-06-23,219.783748985259
1975-06-24,222.97340056456684
1975-06-25,220.41917666945358
1975-06-26,219.05381715424758
1975-06-27,219.8469898860443
1975-06-30,222.20099454111656
1975-07-01,219.07954232162584
1975-07-02,222.57375447663173
1975-07-03,223.5972513218458
1975-07-04,220.59956800793918
1975-07-07,221.23558928759843
1975-07-08,221.97852575237928
1975-07-09,221.69065222005813
1975-07-10,221.6264766793531
1975-07-11,219.41367992631737
1975-07-14,221.2110119508654
1975-07-15,223.1786425714391
1975-07-16,227.56015291076187
1975-07-17,222.63737391420025
1975-07-18,223.76482913665336
1975-07-21,222.98322520180642
1975-07-22,225.5947706333459
1975-07-23,221.99661347783547
1975-07-24,217.45670693165425
1975-07-25,218.45151157293517
1975-07-28,218.28826012918532
1975-07-29,218.4261959945741
1975-07-30,219.91538612584634
1975-07-31,220.2433429858922
1975-08-01,216.2271578390674
1975-08-04,216.46254914561473
1975-08-05,218.12050965149032
1975-08-06,221.91154058461132
1975-08-07,222.2211902862174
1975-08-08,222.59382308859298
1975-08-11,220.1924593273856
1975-08-12,221.1702335841848
1975-08-13,220.2819757829289
1975-08-14,219.364464258936
1975-08-15,217.3909029817255
1975-08-18,221.6648305764893
1975-08-19,223.51940377778845
1975-08-20,221.42066285389743
1975-08-21,222.40747972363553
1975-08-22,221.828039107349
1975-08-25,220.16042950659832
1975-08-26,223.79220151516802
1975-08-27,222.94725389238573
1975-08-28,221.22642768744046
1975-08-29,217.97842156194417
1975-09-01,218.3877791918189
1975-09-02,220.2581480278681
1975-09-03,220.35159842145313
1975-09-04,222.73657180776823
1975-09-05,221.81757635179605
1975-09-08,218.33370045126495
1975-09-09,216.26419393740176
1975-09-10,218.45079637656247
1975-09-11,216.47939616899453
1975-09-12,210.71948340937737
1975-09-15,209.7338958069796
1975-09-16,207.66997737991701
1975-09-17,207.22817080944301
1975-09-18,208.75396482557383
1975-09-19,210.8686138410249
1975-09-22,210.96086768074508
1975-09-23,209.60680247936804
1975-09-24,210.5912522583201
1975-09-25,211.1293450368767
1975-09-26,212.93571456435737
1975-09-29,213.24657643235633
1975-09-30,213.23408890266958
1975-10-01,212.47000127852039
1975-10-02,211.9229621529043
1975-10-03,213.4750076108819
1975-10-06,215.41500444130182
1975-10-07,214.47718377244232
1975-10-08,215.3589066736443
1975-10-09,220.1009500004538
1975-10-10,219.6587725511692
1975-10-13,218.14845654993184
1975-10-14,215.7544144763732
1975-10-15,215.37601736567473
1975-10-16,218.9202037864596
1975-10-17,216.65334898878675
1975-10-20,213.7148194890074
1975-10-21,215.4300881247268
1975-10-22,213.7022251951794
1975-10-23,216.79873661573694
1975-10-24,219.82110030705698
1975-10-27,221.26355915174153
1975-10-28,219.70245669124682
1975-10-29,218.09591973218335
1975-10-30,217.81570019794444
1975-10-31,219.44928347478674
1975-11-03,217.40915620666829
1975-11-04,217.8103957298805
1975-11-05,215.45866891062795
1975-11-06,214.70508821170426
1975-11-07,215.40179733593624
1975-11-10,215.52696276491238
1975-11-11,216.6292435011764
1975-11-12,215.12942162275294
1975-11-13,211.13078292988067
1975-11-14,212.66779625926478
1975-11-17,216.12642740027303
1975-11-18,211.44003844551185
1975-11-19,213.4621912049929
1975-11-20,213.70628532048644
1975-11-21,215.53010496503816
1975-11-24,215.44269937387205
1975-11-25,215.2095186305759
1975-11-26,215.35008380674114
1975-11-27,216.31740699745498
1975-11-28,216.44322082954844
1975-12-01,218.46752395773797
1975-12-02,215.75593662510343
1975-12-03,215.76022698212756
1975-12-04,215.68832838005545
1975-12-05,215.6887479698412
1975-12-08,217.47077060099704
1975-12-09,217.97647673975356
1975-12-10,221.65646618394993
1975-12-11,224.24043781290712
1975-12-12,224.8297005159183
1975-12-15,226.61089245764114
1975-12-16,227.0024364692177
1975-12-17,224.51041596678428
1975-12-18,223.64877285322146
1975-12-19,227.54606625423224
1975-12-22,229.84827764469742
1975-12-23,227.75018614003733
1975-12-24,229.365730031881
1975-12-25,227.75103819289077
1975-12-26,226.10619257937105
1975-12-29,226.21051529146726
1975-12-30,229.7796288743324
1975-12-31,227.54054519532588
1976-01-01,229.231973585834
1976-01-02,231.9062620125048
1976-01-05,226.91829041613178
1976-01-06,226.1081590393662
1976-01-07,227.19405377413008
1976-01-08,224.78372395526478
1976-01-09,228.64757861021386
1976-01-12,226.60677885514485
1976-01-13,230.31296303066915
1976-01-14,229.23108055553598
1976-01-15,228.13436060364063
1976-01-16,232.3048553433339
1976-01-19,233.33702583409848
1976-01-20,232.49815937405526
1976-01-21,230.56560087696835
1976-01-22,233.5571707694477
1976-01-23,235.78057418342397
1976-01-26,231.70588320931057
1976-01-27,230.69642845527173
1976-01-28,229.88002121269912
1976-01-29,230.03540777356602
1976-01-30,230.12454623625044
1976-02-02,228.11662551922745
1976-02-03,225.6435183245225
1976-02-04,223.08862013905255
1976-02-05,224.89429229187832
1976-02-06,224.81291286620535
1976-02-09,226.20454813148754
1976-02-10,226.73363017164218
1976-02-11,228.87220284654745
1976-02-12,231.23033590870574
1976-02-13,231.3131583348276
1976-02-16,230.05157554324526
1976-02-17,230.43475413717437
1976-02-18,229.79395886172506
1976-02-19,232.7784541736902
1976-02-20,232.74348164462657
1976-02-23,232.25510289168918
1976-02-24,232.3612503308084
1976-02-25,235.5596867428513
1976-02-26,233.77333301195716
1976-02-27,233.40739824246023
1976-03-01,233.93504386468265
1976-03-02,238.88467646668295
1976-03-03,238.00228313034606
1976-03-04,237.56990341678951
1976-03-05,235.3345690067833
1976-03-08,239.27755098554726
1976-03-09,240.89191647841423
1976-03-10,241.99971108343146
1976-03-11,244.3551394682325
1976-03-12,244.58971392264573
1976-03-15,243.8613798153105
1976-03-16,240.3962842102166
1976-03-17,240.56934124043374
1976-03-18,238.87699130085358
1976-03-19,242.3407316182708
1976-03-22,241.15529498847644
1976-03-23,239.4443372486643
1976-03-24,237.41344280769542
1976-03-25,238.81846049862634
1976-03-26,243.33564493274054
1976-03-29,245.80502642887356
1976-03-30,240.46265260130338
1976-03-31,241.08738897421532
1976-04-01,241.85651655819223
1976-04-02,247.74563236542033
1976-04-05,249.07003518976296
1976-04-06,245.75326923887695
1976-04-07,244.3033438196724
1976-04-08,241.56262788698646
1976-04-09,243.50514310914159
1976-04-12,246.0587851488952
1976-04-13,249.8199662947215
1976-04-14,252.59591857881782
1976-04-15,250.1893044458739
1976-04-16,248.81900472913603
1976-04-19,249.09130285178486
1976-04-20,249.03660723288152
1976-04-21,249.65951101557272
1976-04-22,255.02065107358248
1976-04-23,253.4993690385015
1976-04-26,252.84035126688838
1976-04-27,251.95430471095145
1976-04-28,249.80986198011303
1976-04-29,246.72146481178157
1976-04-30,244.99133652030542
1976-05-03,241.57807554519204
1976-05-04,244.30704994581828
1976-05-05,241.2262773182268
1976-05-06,239.13040189111928
1976-05-07,235.33398453022514
1976-05-10,235.80379867800477
1976-05-11,233.5901105402156
1976-05-12,236.20814225955965
1976-05-13,233.46844168017338
1976-05-14,234.74854549199816
1976-05-17,228.84685977568085
1976-05-18,227.18353993130287
1976-05-19,225.48701780687202
1976-05-20,224.8495839979129
1976-05-21,222.2803706359588
1976-05-24,223.32030711258557
1976-05-25,221.4466675916298
1976-05-26,221.10938472343756
1976-05-27,222.36756843983895
1976-05-28,222.6441880228335
1976-05-31,224.901907886719
1976-06-01,224.08425549789445
1976-06-02,222.29538755336787
1976-06-03,223.58475445579703
1976-06-04,223.46424534274954
1976-06-07,222.11464277853054
1976-06-08,223.13287460615757
1976-06-09,224.41860722889388
1976-06-10,226.1365167097736
1976-06-11,228.2090119729309
1976-06-14,226.40421499719213
1976-06-15,225.9544963617847
1976-06-16,224.7555232125548
1976-06-17,224.46596090987677
1976-06-18,221.76098781102652
1976-06-21,222.0814595155115
1976-06-22,224.43959795728267
1976-06-23,225.53093770815642
1976-06-24,223.10806761159438
1976-06-25,222.27827355922307
1976-06-28,223.00465954704464
1976-06-29,226.77195100704182
1976-06-30,225.814122734664
1976-07-01,225.91803025868427
1976-07-02,224.9876782786221
1976-07-05,222.97930036150555
1976-07-06,223.3545668203985
1976-07-07,224.51099852665402
1976-07-08,224.06026526079563
1976-07-09,226.5920295218986
1976-07-12,226.10762251071014
1976-07-13,225.40483465573797
1976-07-14,226.71608844075777
1976-07-15,229.38190203278182
1976-07-16,229.0139175887103
1976-07-19,231.89395114420765
1976-07-20,234.28493184649918
1976-07-21,234.3366377968384
1976-07-22,238.0351073879273
1976-07-23,240.31356659310802
1976-07-26,242.6474663828827
1976-07-27,244.5869824072724
1976-07-28,239.52328660663244
1976-07-29,238.72955063955206
1976-07-30,243.88998821746725
1976-08-02,242.864211657276
1976-08-03,245.60996191761575
1976-08-04,242.10507824095436
1976-08-05,243.59325642223683
1976-08-06,241.7514566535018
1976-08-09,241.21813533940093
1976-08-10,238.8921440015795
1976-08-11,239.44458952312348
1976-08-12,238.41218365359143
1976-08-13,239.05074454619185
1976-08-16,238.60665723464533
1976-08-17,239.86624218086928
1976-08-18,238.36223606655088
1976-08-19,238.31207512799386
1976-08-20,232.97105582904877
1976-08-23,234.00739991107045
1976-08-24,233.24091636302694
1976-08-25,234.44805091672401
1976-08-26,235.42073834536774
1976-08-27,238.45827245564396
1976-08-30,235.08718974288718
1976-08-31,233.46146212243673
1976-09-01,229.54174285755218
1976-09-02,228.68957928844966
1976-09-03,229.80411913386578
1976-09-06,230.33323364718117
1976-09-07,231.17713587977968
1976-09-08,233.68555478907092
1976-09-09,233.18051502147452
1976-09-10,232.292814340025
1976-09-13,234.6785064344978
1976-09-14,237.10725998527727
1976-09-15,232.6029743845168
1976-09-16,233.3056724753931
1976-09-17,235.268398145878
1976-09-20,234.3451498727692
1976-09-21,233.95428223053796
1976-09-22,235.03175228714622
1976-09-23,232.259648996066
1976-09-24,230.80748546725488
1976-09-27,229.66973649862894
1976-09-28,228.42675979183448
1976-09-29,230.8493787784389
1976-09-30,233.0475923412103
1976-10-01,231.50110401551586
1976-10-04,236.39827666983658
1976-10-05,232.71757961746857
1976-10-06,233.25699816212182
1976-10-07,231.75612044200417
1976-10-08,229.78916012045636
1976-10-11,229.14104758188898
1976-10-12,233.11054981217902
1976-10-13,234.65801976354922
1976-10-14,233.7743170658177
1976-10-15,232.3136131136463
1976-10-18,232.10354017735082
1976-10-19,230.17295791950562
1976-10-20,233.83217319356393
1976-10-21,231.40881098932292
1976-10-22,227.80495246447094
1976-10-25,228.91476725537356
1976-10-26,235.47332888443674
1976-10-27,235.2034412328835
1976-10-28,234.19319492277253
1976-10-29,234.60182897000226
1976-11-01,234.26170085747125
1976-11-02,234.32184539849393
1976-11-03,236.31428981949864
1976-11-04,238.22960246273405
1976-11-05,236.05920316199808
1976-11-08,235.52370856689956
1976-11-09,238.20070242635325
1976-11-10,233.74891149120518
1976-11-11,231.52894882203978
1976-11-12,231.97048226584025
1976-11-15,231.90122177255157
1976-11-16,236.27493508232928
1976-11-17,235.50913712014324
1976-11-18,238.80554941068579
1976-11-19,239.01578704243002
1976-11-22,237.53908931224873
1976-11-23,241.67787949415154
1976-11-24,240.26843444490115
1976-11-25,242.7698174172485
1976-11-26,244.69238423278114
1976-11-29,246.9436921314072
1976-11-30,247.2017975716808
1976-12-01,248.41729245998403
1976-12-02,250.08119644035213
1976-12-03,249.4820076145827
1976-12-06,249.12685768392816
1976-12-07,247.6731549545632
1976-12-08,247.78725637937967
1976-12-09,252.28534816129235
1976-12-10,254.2228570590963
1976-12-13,254.92166445557652
1976-12-14,252.31789461844937
1976-12-15,251.7424759842762
1976-12-16,249.15453287278345
1976-12-17,248.21744107112897
1976-12-20,248.4898769138312
1976-12-21,245.51825848222367
1976-12-22,243.71083961255317
1976-12-23,244.70253595315918
1976-12-24,244.5978954729923
1976-12-27,243.42018678190198
1976-12-28,245.30285494878535
1976-12-29,247.1781262726825
1976-12-30,241.47541057086832
1976-12-31,240.60633456415493
1977-01-03,245.24050431204287
1977-01-04,245.01924128201642
1977-01-05,241.30854434973668
1977-01-06,238.06539003491355
1977-01-07,235.56769537390636
1977-01-10,237.65164321078365
1977-01-11,239.15869719561428
1977-01-12,238.72677774322034
1977-01-13,236.9607580222402
1977-01-14,234.1323950878962
1977-01-17,236.03453256845808
1977-01-18,238.52720930569174
1977-01-19,235.37633187495842
1977-01-20,241.50100224443332
1977-01-21,244.1158268205038
1977-01-24,245.30966199314645
1977-01-25,236.42794783182742
1977-01-26,239.0772168870491
1977-01-27,239.5429785888368
1977-01-28,242.25725857133077
1977-01-31,240.80937219374852
1977-02-01,237.34806854853596
1977-02-02,236.22526529983017
1977-02-03,240.4895718736681
1977-02-04,240.5905732205865
1977-02-07,241.00661869722802
1977-02-08,239.48658795094957
1977-02-09,240.88888813259138
1977-02-10,246.93893262745146
1977-02-11,246.0821657407472
1977-02-14,245.04493005257274
1977-02-15,240.66725052126534
1977-02-16,241.3781713754671
1977-02-17,241.93607969927916
1977-02-18,237.63550545771542
1977-02-21,238.6366499142252
1977-02-22,236.4136281211326
1977-02-23,239.80638155185358
1977-02-24,241.76235175035842
1977-02-25,241.89585087403663
1977-02-28,238.8491486058893
1977-03-01,238.8261935329276
1977-03-02,237.0168456691391
1977-03-03,241.49700728939993
1977-03-04,243.69693415637005
1977-03-07,244.54384875794963
1977-03-08,243.26822703013113
1977-03-09,243.7626138002428
1977-03-10,242.64008781111335
1977-03-11,247.86094766280434
1977-03-14,249.1578307987661
1977-03-15,246.57375752500053
1977-03-16,243.733328464473
1977-03-17,247.34842053756014
1977-03-18,247.707811867435
1977-03-21,247.35938696321193
1977-03-22,242.9167504118568
1977-03-23,244.67034590904137
1977-03-24,241.2695245932819
1977-03-25,242.4975221596393
1977-03-28,243.59633989933425
1977-03-29,245.59871393641635
1977-03-30,246.36783851531936
1977-03-31,246.63321784994054
1977-04-01,241.74257756002976
1977-04-04,241.21511299866728
1977-04-05,245.294364619453
1977-04-06,245.92038901030924
1977-04-07,248.3027569642876
1977-04-08,248.48728500662585
1977-04-11,247.4541491859687
1977-04-12,248.2465424637907
1977-04-13,245.10106275899128
1977-04-14,245.93115482400268
1977-04-15,243.31248222994608
1977-04-18,245.85037545182254
1977-04-19,244.13575480310888
1977-04-20,243.8290317567005
1977-04-21,242.85129901446578
1977-04-22,239.55897266705554
1977-04-25,238.8946588231081
1977-04-26,239.7880700654946
1977-04-27,240.65409471038396
1977-04-28,239.2853059653782
1977-04-29,235.08545690422946
1977-05-02,235.92903000132975
1977-05-03,241.83611602961867
1977-05-04,244.8795010677495
1977-05-05,243.9683455946603
1977-05-06,244.31912804773725
1977-05-09,245.69208801346275
1977-05-10,245.11794632570036
1977-05-11,247.0217513962618
1977-05-12,249.56962467616052
1977-05-13,249.2011771612213
1977-05-16,249.67441038844476
1977-05-17,255.70340977203583
1977-05-18,254.46199455821025
1977-05-19,254.1791565423746
1977-05-20,251.8298563088162
1977-05-23,253.55160735698402
1977-05-24,252.20170363430555
1977-05-25,249.79270148173183
1977-05-26,250.65823117429287
1977-05-27,250.0597045567981
1977-05-30,248.66439165555292
1977-05-31,251.86629669711655
1977-06-01,255.159143753623
1977-06-02,254.50180691566752
1977-06-03,252.75679044747892
1977-06-06,253.95579133728495
1977-06-07,257.74001257254105
1977-06-08,256.16147298339024
1977-06-09,255.44122119745202
1977-06-10,253.34068898206544
1977-06-13,250.90971717159934
1977-06-14,247.79970225121934
1977-06-15,246.3915898367455
1977-06-16,242.5873869953195
1977-06-17,241.5066936795072
1977-06-20,237.7395235861039
1977-06-21,236.6745734935039
1977-06-22,233.6856959502056
1977-06-23,230.8556117141002
1977-06-24,227.16632532276614
1977-06-27,227.0171557375192
1977-06-28,231.06144611976438
1977-06-29,235.01448225676194
1977-06-30,236.31057933392074
1977-07-01,236.32440356382142
1977-07-04,233.95464250953722
1977-07-05,237.5181579233087
1977-07-06,235.50565516627805
1977-07-07,240.0977021023487
1977-07-08,241.96599160957226
1977-07-11,243.0906129151616
1977-07-12,244.05152062386443
1977-07-13,246.52357436661862
1977-07-14,239.8079731050666
1977-07-15,239.04268216708726
1977-07-18,243.58270361191273
1977-07-19,244.12262851194515
1977-07-20,244.61688900373767
1977-07-21,241.6373117538579
1977-07-22,242.15403881474998
1977-07-25,244.3137801369382
1977-07-26,242.80605193558918
1977-07-27,240.11581086855264
1977-07-28,239.03212446859308
1977-07-29,237.37776384252393
1977-08-01,238.24730567475717
1977-08-02,236.91455954740314
1977-08-03,238.28599193405702
1977-08-04,244.34669322672823
1977-08-05,248.57076956822598
1977-08-08,250.0308343858957
1977-08-09,250.48396847716583
1977-08-10,250.99379654831364
1977-08-11,250.08678096947614
1977-08-12,252.81342255504023
1977-08-15,252.02062877253366
1977-08-16,247.7807430806427
1977-08-17,252.237358395768
1977-08-18,251.13808793140242
1977-08-19,248.52170512762626
1977-08-22,248.7000770787247
1977-08-23,249.2999963438831
1977-08-24,251.13646162090635
1977-08-25,250.24804864060553
1977-08-26,251.95653843724938
1977-08-29,252.7312653242252
1977-08-30,253.62530148782972
1977-08-31,254.257281178451
1977-09-01,255.36026382747502
1977-09-02,256.2433906064019
1977-09-05,252.4670035193919
1977-09-06,249.02434610853456
1977-09-07,246.1726310510561
1977-09-08,247.56536766567703
1977-09-09,247.36941887157326
1977-09-12,245.04301475354018
1977-09-13,246.36153153260437
1977-09-14,250.8480166974659
1977-09-15,252.02791161899827
1977-09-16,250.42492372893156
1977-09-19,255.13731722236687
1977-09-20,252.65328759476574
1977-09-21,254.40678704137903
1977-09-22,257.42255025555147
1977-09-23,259.69921768330073
1977-09-26,259.88295719162494
1977-09-27,259.2937058613567
1977-09-28,259.8294532684608
1977-09-29,260.22332899566555
1977-09-30,260.9353535563799
1977-10-03,260.66055467106474
1977-10-04,265.96140256228017
1977-10-05,260.4769382033799
1977-10-06,265.9154187605917
1977-10-07,264.5761553792746
1977-10-10,265.25144852059066
1977-10-11,268.41587767665925
1977-10-12,265.24799381684153
1977-10-13,268.71857810368414
1977-10-14,268.2834291056597
1977-10-17,267.47971447888193
1977-10-18,267.1219261839632
1977-10-19,271.183379632701
1977-10-20,270.63752845145103
1977-10-21,274.3932306080588
1977-10-24,273.3814204066891
1977-10-25,274.4692900950825
1977-10-26,277.47037627735097
1977-10-27,283.07048457994046
1977-10-28,281.9842669080193
1977-10-31,282.7777379647472
1977-11-01,284.0401656259343
1977-11-02,283.6727898056066
1977-11-03,279.9781639894071
1977-11-04,284.34973763536476
1977-11-07,289.77048915752283
1977-11-08,286.44691293811064
1977-11-09,289.6971999315775
1977-11-10,289.5901187924838
1977-11-11,287.1063055183896
1977-11-14,291.40342367501734
1977-11-15,291.92567397862393
1977-11-16,296.62356443214884
1977-11-17,297.7435228139648
1977-11-18,301.87227756333846
1977-11-21,306.77769422414855
1977-11-22,307.05439227657155
1977-11-23,306.2069103756528
1977-11-24,309.35951823298825
1977-11-25,310.2257859709865
1977-11-28,307.4469910555982
1977-11-29,303.17856643115334
1977-11-30,301.4375507654086
1977-12-01,294.0950144516779
1977-12-02,294.1244176030625
1977-12-05,291.31206195075856
1977-12-06,285.7530989686836
1977-12-07,286.0387480709365
1977-12-08,286.3323663805278
1977-12-09,285.4586444418746
1977-12-12,287.2657570168547
1977-12-13,285.461729582957
1977-12-14,284.306915966314
1977-12-15,284.32900788597493
1977-12-16,283.0597410628643
1977-12-19,282.72306113994887
1977-12-20,284.40204904227244
1977-12-21,282.7478997178446
1977-12-22,283.0714446644389
1977-12-23,287.4264451625353
1977-12-26,288.5845914048955
1977-12-27,291.0926398276696
1977-12-28,289.16432764694
1977-12-29,291.3010589747712
1977-12-30,289.68633658867213
1978-01-02,286.54666939522343
1978-01-03,280.85093399403166
1978-01-04,276.44584094303286
1978-01-05,279.48305965503107
1978-01-06,281.27863983809476
1978-01-09,280.6838134725399
1978-01-10,280.30816308263167
1978-01-11,279.4124888914273
1978-01-12,279.8520752932419
1978-01-13,278.55756015018096
1978-01-16,278.7701464881535
1978-01-17,280.4206089919741
1978-01-18,279.4483117684547
1978-01-19,280.6985997125418
1978-01-20,284.73791430672827
1978-01-23,285.65703926540726
1978-01-24,292.0520728043493
1978-01-25,294.70976927311267
1978-01-26,294.6581930586585
1978-01-27,293.3820350280462
1978-01-30,291.03045652095415
1978-01-31,286.7232008965014
1978-02-01,283.93786152001854
1978-02-02,283.18469850031045
1978-02-03,282.6000853657872
1978-02-06,281.67295556797933
1978-02-07,287.17179232835906
1978-02-08,284.3642552938565
1978-02-09,287.45372044562043
1978-02-10,285.2050871317677
1978-02-13,278.7449869735661
1978-02-14,276.4898297056647
1978-02-15,280.5963273385613
1978-02-16,280.76382247551896
1978-02-17,277.49585045660814
1978-02-20,282.37010971954015
1978-02-21,278.88339585968805
1978-02-22,284.5741528964607
1978-02-23,285.2691598702298
1978-02-24,288.9115996745059
1978-02-27,290.30254538063406
1978-02-28,288.1938111090718
1978-03-01,290.2608282967797
1978-03-02,288.5397352807764
1978-03-03,287.6436863331001
1978-03-06,287.79109827279956
1978-03-07,290.8188161229102
1978-03-08,287.23829987240646
1978-03-09,285.42831375774404
1978-03-10,288.2085566633338
1978-03-13,289.31905644386046
1978-03-14,286.5564186813185
1978-03-15,283.68206773336
1978-03-16,282.85218020341273
1978-03-17,281.4814731396924
1978-03-20,283.6154263150699
1978-03-21,286.7766764102877
1978-03-22,285.76538089851186
1978-03-23,285.63849789314685
1978-03-24,286.83806589528916
1978-03-27,289.95470600379525
1978-03-28,286.7412613442154
1978-03-29,285.3258435546393
1978-03-30,285.69208633938763
1978-03-31,286.71919401185687
1978-04-03,288.37665165485475
1978-04-04,291.92126372188227
1978-04-05,289.1660439910708
1978-04-06,289.2400163294314
1978-04-07,290.23158996860593
1978-04-10,290.3443101767479
1978-04-11,293.382164437662
1978-04-12,294.65051973442934
1978-04-13,294.99118103872405
1978-04-14,294.76101025389266
1978-04-17,296.4825900255764
1978-04-18,298.19245331394154
1978-04-19,297.1502790979099
1978-04-20,295.9455238549083
1978-04-21,295.5078121731978
1978-04-24,297.9082556068416
1978-04-25,295.6926037909888
1978-04-26,297.649477952728
1978-04-27,293.39064837227437
1978-04-28,295.93146030250915
1978-05-01,301.93142959506093
1978-05-02,302.99693885567586
1978-05-03,303.59446685128853
1978-05-04,306.49091195557446
1978-05-05,305.9411494010844
1978-05-08,308.58150474377203
1978-05-09,303.82691917463865
1978-05-10,306.4788194399163
1978-05-11,306.1876164749118
1978-05-12,302.6279643089665
1978-05-15,306.9713306636812
1978-05-16,305.8762415256526
1978-05-17,301.18867275653054
1978-05-18,306.71547175391044
1978-05-19,309.8989879785442
1978-05-22,317.16312176864585
1978-05-23,317.9303784704485
1978-05-24,319.6199519823504
1978-05-25,316.6489136697202
1978-05-26,316.6647363013737
1978-05-29,313.78714979856574
1978-05-30,314.15512219952063
1978-05-31,318.79064385073667
1978-06-01,317.5984550207077
1978-06-02,314.74065978950733
1978-06-05,314.33112122228295
1978-06-06,314.65585815349067
1978-06-07,312.97869803325
1978-06-08,313.19193359106555
1978-06-09,315.3691518428276
1978-06-12,313.50342836235484
1978-06-13,310.98492110007743
1978-06-14,311.3219745978675
1978-06-15,307.51785759474774
1978-06-16,301.821720254431
1978-06-19,295.6297271432426
1978-06-20,298.73720764214534
1978-06-21,296.8807325150539
1978-06-22,303.260815305159
1978-06-23,304.8756519890487
1978-06-26,305.0801083950929
1978-06-27,310.03047718227856
1978-06-28,313.72507525018403
1978-06-29,312.042612585
1978-06-30,313.251994415641
1978-07-03,315.41064557824524
1978-07-04,313.08282950963275
1978-07-05,313.130138983903
1978-07-06,315.3851209923067
1978-07-07,314.18915929403835
1978-07-10,312.3109026243752
1978-07-11,310.98331306261605
1978-07-12,314.9452830458772
1978-07-13,315.74241838034226
1978-07-14,314.70744323761653
1978-07-17,315.30601813641766
1978-07-18,314.7304471431109
1978-07-19,314.8636203660363
1978-07-20,314.8874411536715
1978-07-21,314.54638886944207
1978-07-24,312.06902996997985
1978-07-25,313.34531769853413
1978-07-26,317.8029113889895
1978-07-27,315.26077903810045
1978-07-28,315.7253188945549
1978-07-31,314.33608249358247
1978-08-01,312.2209984216766
1978-08-02,310.4790245291608
1978-08-03,311.3508658203637
1978-08-04,313.7765979880166
1978-08-07,313.12268697150637
1978-08-08,312.27635858269974
1978-08-09,312.46365760443496
1978-08-10,308.82290968785577
1978-08-11,310.3691279692382
1978-08-14,306.7290104494849
1978-08-15,302.1125400912729
1978-08-16,305.7452660342201
1978-08-17,307.23818282528913
1978-08-18,307.99714209774754
1978-08-21,312.25841347708916
1978-08-22,313.2096603062741
1978-08-23,318.2441618442373
1978-08-24,313.4174560516011
1978-08-25,311.5215351622287
1978-08-28,313.20851958037633
1978-08-29,310.4758760127877
1978-08-30,310.1029250345151
1978-08-31,305.6807300048534
1978-09-01,308.09317200877376
1978-09-04,304.7680713375544
1978-09-05,303.38957622360584
1978-09-06,298.73429606506767
1978-09-07,295.91794309441997
1978-09-08,296.3527443803787
1978-09-11,295.50210415660666
1978-09-12,296.60671930369506
1978-09-13,298.8548506206299
1978-09-14,291.3128925775426
1978-09-15,286.51993473563596
1978-09-18,282.9177339408921
1978-09-19,287.4106252034342
1978-09-20,286.7258147885275
1978-09-21,283.51704717842694
1978-09-22,281.2453050241745
1978-09-25,284.02792798447007
1978-09-26,283.15053935931314
1978-09-27,284.08700569574603
1978-09-28,282.45917987433205
1978-09-29,283.3071421364293
1978-10-02,280.2149958514327
1978-10-03,279.62859297843715
1978-10-04,275.72737564654426
1978-10-05,279.73057158154097
1978-10-06,280.8015935650041
1978-10-09,277.6671065074914
1978-10-10,279.7219538772514
1978-10-11,279.6949371144
1978-10-12,280.4088507189008
1978-10-13,280.0971992258994
1978-10-16,275.2128542163691
1978-10-17,276.08771244526093
1978-10-18,275.9342970547566
1978-10-19,275.32099364387614
1978-10-20,274.26544756810483
1978-10-23,270.9180187642542
1978-10-24,271.8145561445504
1978-10-25,272.2279614716163
1978-10-26,273.8268396914949
1978-10-27,273.7326127840423
1978-10-30,275.4380999769173
1978-10-31,269.5006256875316
1978-11-01,266.0833963867398
1978-11-02,267.1573268892588
1978-11-03,268.9400885104053
1978-11-06,271.1155068375056
1978-11-07,267.6573046350861
1978-11-08,271.6998148384143
1978-11-09,273.0864104237107
1978-11-10,272.1647167289159
1978-11-13,267.2036605151967
1978-11-14,267.0181253718879
1978-11-15,264.8859347412122
1978-11-16,262.940374924635
1978-11-17,263.5199023848523
1978-11-20,263.4170625433225
1978-11-21,263.3719480084844
1978-11-22,263.03471504610866
1978-11-23,266.3622050773587
1978-11-24,268.3563272715189
1978-11-27,266.1652422077101
1978-11-28,268.9258092976591
1978-11-29,263.89907363565095
1978-11-30,255.7736001617711
1978-12-01,253.9540160564008
1978-12-04,262.41676716881864
1978-12-05,262.1401449756133
1978-12-06,266.94318751776586
1978-12-07,266.8526084850476
1978-12-08,269.090446441541
1978-12-11,261.9207669052378
1978-12-12,263.40381013385036
1978-12-13,263.6702509313648
1978-12-14,266.1359285713165
1978-12-15,267.4477758768189
1978-12-18,264.2439977885704
1978-12-19,267.1872845362714
1978-12-20,269.06319093337214
1978-12-21,273.6438247022595
1978-12-22,271.6923234091036
1978-12-25,265.871253721429
1978-12-26,262.4533479028144
1978-12-27,258.7178937174129
1978-12-28,255.52903563584454
1978-12-29,257.64653740827646
1979-01-01,254.0726507154432
1979-01-02,251.38554444381174
1979-01-03,255.5572592859258
1979-01-04,255.31990503412248
1979-01-05,254.89789198509584
1979-01-08,255.29794818102215
1979-01-09,259.73485648402357
1979-01-10,262.5813940928057
1979-01-11,264.5900479576348
1979-01-12,269.1793509995206
1979-01-15,273.78860468487863
1979-01-16,276.4494973505049
1979-01-17,276.17712257652187
1979-01-18,274.2769467439992
1979-01-19,274.102658672878
1979-01-22,273.512432813916
1979-01-23,269.1168855437216
1979-01-24,270.2644988550919
1979-01-25,273.58817886519836
1979-01-26,277.2036326252537
1979-01-29,281.41780050231415
1979-01-30,283.1024325037773
1979-01-31,283.4557612195331
1979-02-01,287.1455929428119
1979-02-02,284.32809047946046
1979-02-05,284.4596403497733
1979-02-06,284.91449805335793
1979-02-07,289.8127151469876
1979-02-08,292.6301417255048
1979-02-09,295.5384092698688
1979-02-12,299.280336801017
1979-02-13,297.7032520439595
1979-02-14,302.0905856598602
1979-02-15,297.1557577946991
1979-02-16,298.35060635643
1979-02-19,298.9911627725956
1979-02-20,298.2604893440961
1979-02-21,299.008617634289
1979-02-22,300.00995693519013
1979-02-23,301.7109903828489
1979-02-26,297.000176708032
1979-02-27,294.530315284023
1979-02-28,292.091650649053
1979-03-01,292.4392228211796
1979-03-02,291.3394767489565
1979-03-05,293.4482845224703
1979-03-06,289.56779848266444
1979-03-07,289.1740922687131
1979-03-08,292.3496574047723
1979-03-09,290.84920766591654
1979-03-12,286.6582453326699
1979-03-13,282.4352574129837
1979-03-14,280.7276646870209
1979-03-15,282.71140286021625
1979-03-16,285.03423622151666
1979-03-19,282.840158786908
1979-03-20,284.0877787547955
1979-03-21,281.31151496540053
1979-03-22,278.92919981569264
1979-03-23,282.10796719581015
1979-03-26,281.6857598924047
1979-03-27,279.9496006956683
1979-03-28,279.2857480725256
1979-03-29,281.3000788382432
1979-03-30,281.9978682741632
1979-04-02,279.87881076294326
1979-04-03,278.16833393420313
1979-04-04,278.9425130694306
1979-04-05,285.936599864888
1979-04-06,283.17306275229953
1979-04-09,289.4358590555934
1979-04-10,287.1726959708472
1979-04-11,286.72765708283083
1979-04-12,290.80303636147846
1979-04-13,291.973912749656
1979-04-16,291.1423026694329
1979-04-17,292.212276313057
1979-04-18,287.61368574190624
1979-04-19,283.9331088548194
1979-04-20,287.2085946349713
1979-04-23,285.57541970642876
1979-04-24,283.06865519640775
1979-04-25,282.3380281959236
1979-04-26,284.69957827880904
1979-04-27,290.59603459297773
1979-04-30,288.9130411779134
1979-05-01,289.1900798265506
1979-05-02,293.0023317041567
1979-05-03,294.1106206570515
1979-05-04,296.4889225305948
1979-05-07,292.4939673008556
1979-05-08,291.7109683230989
1979-05-09,290.79298477200547
1979-05-10,292.84793955795595
1979-05-11,294.2036553032192
1979-05-14,292.5504340146778
1979-05-15,293.6707124744486
1979-05-16,295.87671838155103
1979-05-17,293.1082481568093
1979-05-18,297.12344761242633
1979-05-21,296.15731242147217
1979-05-22,297.1499417736102
1979-05-23,300.5230960729722
1979-05-24,297.89151222430075
1979-05-25,300.7757525675892
1979-05-28,298.9488980644835
1979-05-29,303.3044819671481
1979-05-30,301.226621344862
1979-05-31,295.07007696987057
1979-06-01,291.9794126712968
1979-06-04,296.33183643141336
1979-06-05,296.21358481250866
1979-06-06,299.0302923166269
1979-06-07,304.47786299656553
1979-06-08,308.2433889654648
1979-06-11,313.63374911360506
1979-06-12,309.23656718939856
1979-06-13,311.97361460982154
1979-06-14,311.1948199921821
1979-06-15,301.63000867017456
1979-06-18,305.22952869693665
1979-06-19,309.2980731975581
1979-06-20,311.3859217288937
1979-06-21,309.4099866224163
1979-06-22,308.1693093880666
1979-06-25,309.3841503972237
1979-06-26,314.8858205050215
1979-06-27,311.2554452809719
1979-06-28,304.1406550892723
1979-06-29,301.54112950652
1979-07-02,300.81920981449923
1979-07-03,301.37283671862497
1979-07-04,304.7726867747209
1979-07-05,302.1371963727912
1979-07-06,296.2880724426718
1979-07-09,293.27898865132767
1979-07-10,296.04096809979444
1979-07-11,297.4301375544805
1979-07-12,295.11004520225254
1979-07-13,287.66425799406596
1979-07-16,287.6993059494467
1979-07-17,287.13979264341725
1979-07-18,288.73797208146584
1979-07-19,288.43868210069013
1979-07-20,291.6702505094325
1979-07-23,291.02941247658146
1979-07-24,290.51123900004455
1979-07-25,291.3097856874243
1979-07-26,289.01131188021253
1979-07-27,288.58686986692175
1979-07-30,290.6460876503648
1979-07-31,286.21540985662705
1979-08-01,286.4750951750288
1979-08-02,290.07063881194887
1979-08-03,293.00017187268435
1979-08-06,294.41414879866795
1979-08-07,293.0192546136758
1979-08-08,294.68492269840385
1979-08-09,292.92717593898084
1979-08-10,292.367588180571
1979-08-13,293.0185115238186
1979-08-14,294.1590048574679
1979-08-15,295.1360063125398
1979-08-16,292.78931353591065
1979-08-17,292.93820602059054
1979-08-20,290.3723471260869
1979-08-21,290.47710010459656
1979-08-22,294.5003600292636
1979-08-23,288.09892048796416
1979-08-24,285.1259243455608
1979-08-27,281.2959646081829
1979-08-28,281.59249444385335
1979-08-29,280.85150446334444
1979-08-30,279.8424773967156
1979-08-31,279.85854065285423
1979-09-03,279.0089602700196
1979-09-04,281.67217037670304
1979-09-05,284.2233578194959
1979-09-06,288.22347713602556
1979-09-07,290.8409041244297
1979-09-10,291.0920943869193
1979-09-11,290.1857778296532
1979-09-12,288.6520742728196
1979-09-13,289.64904279150414
1979-09-14,291.81076761708954
1979-09-17,291.1893883498734
1979-09-18,290.797670700422
1979-09-19,296.62124190731697
1979-09-20,300.4631242659154
1979-09-21,298.9714770300898
1979-09-24,303.7874856850083
1979-09-25,302.4884594327495
1979-09-26,300.2036823522294
1979-09-27,301.4613941205888
1979-09-28,302.0646772148166
1979-10-01,305.8021392507835
1979-10-02,308.23012127057274
1979-10-03,314.25616673717013
1979-10-04,308.67348508878985
1979-10-05,312.02056082049063
1979-10-08,314.0294713678158
1979-10-09,313.0712651575178
1979-10-10,310.6174275676073
1979-10-11,312.79579374950765
1979-10-12,313.48637719194323
1979-10-15,313.5694099082718
1979-10-16,318.3090941481019
1979-10-17,319.68836397676296
1979-10-18,325.7161613416692
1979-10-19,327.8570235189202
1979-10-22,333.1757386367505
1979-10-23,329.4203760174622
1979-10-24,322.568501078811
1979-10-25,325.30575628483814
1979-10-26,332.7741524362727
1979-10-29,329.9678764404183
1979-10-30,330.69390657980307
1979-10-31,334.26088395295744
1979-11-01,335.1845081562739
1979-11-02,335.0185511700252
1979-11-05,334.87803924360594
1979-11-06,332.28515368413673
1979-11-07,331.60483667340276
1979-11-08,339.56920436523274
1979-11-09,337.1368286788859
1979-11-12,336.2625963041992
1979-11-13,332.12907085511137
1979-11-14,336.05627339225396
1979-11-15,339.0335150845019
1979-11-16,338.6256700082991
1979-11-19,334.09317402574084
1979-11-20,332.5969925275266
1979-11-21,331.8163807376741
1979-11-22,334.18377904562317
1979-11-23,333.8502582535242
1979-11-26,336.5825298992934
1979-11-27,338.53260526494336
1979-11-28,341.24162386381266
1979-11-29,339.5779892392693
1979-11-30,343.35281121350124
1979-12-03,347.1031597140486
1979-12-04,351.01238219496827
1979-12-05,351.29967482981584
1979-12-06,355.7740237268079
1979-12-07,354.04203142013887
1979-12-10,351.0564908681282
1979-12-11,354.64282894728655
1979-12-12,354.3843322318453
1979-12-13,350.13911759529105
1979-12-14,347.74787892451724
1979-12-17,354.419115790582
1979-12-18,353.10109564104886
1979-12-19,355.11842539948236
1979-12-20,362.8044540154183
1979-12-21,358.1934472927299
1979-12-24,359.98135992240367
1979-12-25,359.15342621668617
1979-12-26,358.9754635533929
1979-12-27,363.25199383168285
1979-12-28,353.8973527850418
1979-12-31,356.97177836837295
1980-01-01,352.6226967171407
1980-01-02,350.9126923261588
1980-01-03,346.2223633209799
1980-01-04,348.73508675453826
1980-01-07,350.3854012671442
1980-01-08,354.60095035049704
1980-01-09,358.1079188027308
1980-01-10,358.78434303854414
1980-01-11,363.3215070538882
1980-01-14,364.100771362097
1980-01-15,366.4576912347945
1980-01-16,369.2730558610467
1980-01-17,369.9819686397325
1980-01-18,372.2872945469792
1980-01-21,373.73403528665455
1980-01-22,370.4191403139129
1980-01-23,363.91171633539824
1980-01-24,361.6703550521711
1980-01-25,360.9094603048863
1980-01-28,362.49221405364034
1980-01-29,363.0882361995945
1980-01-30,366.61123396265486
1980-01-31,362.6804625181822
1980-02-01,363.0379684164118
1980-02-04,365.92493050976157
1980-02-05,368.05643774663974
1980-02-06,371.2875845589859
1980-02-07,362.9554095723195
1980-02-08,361.17463324121917
1980-02-11,352.40577213581685
1980-02-12,353.101431313968
1980-02-13,359.9662864501303
1980-02-14,358.8669849190533
1980-02-15,359.2177449032373
1980-02-18,355.8295582459914
1980-02-19,352.96780997403283
1980-02-20,360.50659694263754
1980-02-21,356.03505459621005
1980-02-22,355.9794161551951
1980-02-25,356.3942987131584
1980-02-26,364.06790699877655
1980-02-27,366.62042392371063
1980-02-28,370.1201329795659
1980-02-29,369.52617580045484
1980-03-03,369.49591662553814
1980-03-04,374.06601126877104
1980-03-05,373.9122801861278
1980-03-06,379.5124563038226
1980-03-07,375.68695103771006
1980-03-10,374.8525811235695
1980-03-11,375.2678959293135
1980-03-12,378.39914833141495
1980-03-13,375.60168264170596
1980-03-14,377.63039372436606
1980-03-17,375.97598426902556
1980-03-18,379.6392533980584
1980-03-19,374.48343175825414
1980-03-20,374.6982838856443
1980-03-21,371.7094890369302
1980-03-24,373.21277760101196
1980-03-25,375.160810210828
1980-03-26,373.34126712389104
1980-03-27,370.6003084557147
1980-03-28,365.87730819638153
1980-03-31,364.44900746959024
1980-04-01,368.7192015255939
1980-04-02,370.778871449111
1980-04-03,368.10654159298684
1980-04-04,375.11159400121977
1980-04-07,378.56235923931354
1980-04-08,382.9497443979887
1980-04-09,385.92041849153634
1980-04-10,391.0304213010642
1980-04-11,390.02061124031
1980-04-14,394.23103530378324
1980-04-15,396.2231557770485
1980-04-16,392.3604356080696
1980-04-17,394.75180453101683
1980-04-18,405.07490186914697
1980-04-21,405.97110327580936
1980-04-22,406.1196228112485
1980-04-23,407.33880081629525
1980-04-24,412.3122174864839
1980-04-25,419.5132339696054
1980-04-28,417.66342140221286
1980-04-29,419.4531267448521
1980-04-30,419.3793447358489
1980-05-01,415.56168404679465
1980-05-02,417.8433983623428
1980-05-05,422.19388581463573
1980-05-06,421.09622041975473
1980-05-07,427.19599011887925
1980-05-08,430.2678842971588
1980-05-09,429.94151585667737
1980-05-12,431.7328204214562
1980-05-13,433.3707021420353
1980-05-14,443.6444396795731
1980-05-15,450.28428122170624
1980-05-16,454.4975962642032
1980-05-19,452.35885962784715
1980-05-20,450.2302882504605
1980-05-21,450.49212874791664
1980-05-22,452.304803757507
1980-05-23,455.65576105828114
1980-05-26,459.85535574017973
1980-05-27,460.42917078268897
1980-05-28,461.14857757085
1980-05-29,471.11925168203186
1980-05-30,470.4968554140798
1980-06-02,470.6934426396815
1980-06-03,468.79918570084317
1980-06-04,465.280535123668
1980-06-05,468.9980089867527
1980-06-06,463.9076299766695
1980-06-09,460.92768411564447
1980-06-10,463.85816935611746
1980-06-11,467.48938012103764
1980-06-12,471.50689835569057
1980-06-13,476.59761100946474
1980-06-16,481.60246757551
1980-06-17,484.0180194117627
1980-06-18,476.6015709988374
1980-06-19,479.0416444231977
1980-06-20,479.6996323045181
1980-06-23,478.1564491743967
1980-06-24,478.9342019906349
1980-06-25,486.2203947142933
1980-06-26,489.25044369215146
1980-06-27,494.959039433098
1980-06-30,494.53184597263265
1980-07-01,498.9547888598756
1980-07-02,497.759560698064
1980-07-03,490.33330559058686
1980-07-04,497.28825984887396
1980-07-07,494.64559149055566
1980-07-08,488.2637487100096
1980-07-09,488.3707004471935
1980-07-10,482.6557637110071
1980-07-11,480.9424441849555
1980-07-14,479.6282948160745
1980-07-15,480.83998899709815
1980-07-16,476.4643182641385
1980-07-17,483.46638220707797
1980-07-18,486.6603593312221
1980-07-21,483.79071483940373
1980-07-22,483.07636323088263
1980-07-23,485.04090615183543
1980-07-24,488.3742798781661
1980-07-25,482.81184076375155
1980-07-28,475.826526878515
1980-07-29,477.0032537168371
1980-07-30,476.5232419467269
1980-07-31,476.7404136001036
1980-08-01,473.2351522026677
1980-08-04,477.3279151720904
1980-08-05,480.19794207982665
1980-08-06,485.2111692519452
1980-08-07,491.55101299962354
1980-08-08,491.69572518861753
1980-08-11,489.9877175443275
1980-08-12,477.179911306098
1980-08-13,480.48981477634686
1980-08-14,487.97477767507587
1980-08-15,490.19028025765385
1980-08-18,489.82940326440297
1980-08-19,493.8921125911527
1980-08-20,500.08180135064265
1980-08-21,507.75989438325786
1980-08-22,509.7765298027132
1980-08-25,508.3268774576558
1980-08-26,507.44261324953214
1980-08-27,509.26957584128314
1980-08-28,504.698733103925
1980-08-29,503.35671669301144
1980-09-01,508.8001038458435
1980-09-02,516.7287973750804
1980-09-03,525.3972988953668
1980-09-04,521.1069075406539
1980-09-05,527.7280473840863
1980-09-08,533.2123056833057
1980-09-09,529.6508394069559
1980-09-10,531.7673436513546
1980-09-11,537.3869527814422
1980-09-12,535.7625610088543
1980-09-15,531.1894870190905
1980-09-16,532.1676183766161
1980-09-17,536.9462535372371
1980-09-18,532.1295637928173
1980-09-19,528.4991198327249
1980-09-22,519.0111318888909
1980-09-23,517.9335214996212
1980-09-24,517.0909191819385
1980-09-25,517.1489720270185
1980-09-26,509.9076988627933
1980-09-29,514.1852176562526
1980-09-30,513.0927442669305
1980-10-01,514.4898469261917
1980-10-02,519.2693472774849
1980-10-03,521.1320596726582
1980-10-06,521.350298840404
1980-10-07,529.0562694651535
1980-10-08,526.0489665117387
1980-10-09,522.8165032104581
1980-10-10,523.688840431251
1980-10-13,525.7611106561313
1980-10-14,526.7842261745279
1980-10-15,520.6766495503994
1980-10-16,512.2730426497144
1980-10-17,508.54358569597326
1980-10-20,506.3197893642427
1980-10-21,515.520673587832
1980-10-22,520.4400559139588
1980-10-23,522.7548353279034
1980-10-24,518.5490431172129
1980-10-27,516.8086003272581
1980-10-28,507.4632259596138
1980-10-29,497.31717726182836
1980-10-30,491.06850461079193
1980-10-31,497.9196136140534
1980-11-03,491.63641876663803
1980-11-04,495.00710219058664
1980-11-05,491.10106420830783
1980-11-06,495.1171596802066
1980-11-07,494.1596882824774
1980-11-10,491.2751382420931
1980-11-11,490.658412329723
1980-11-12,494.11173980136056
1980-11-13,497.80352923066397
1980-11-14,499.94050463639286
1980-11-17,508.133205952099
1980-11-18,499.3077966836473
1980-11-19,496.44603557709786
1980-11-20,505.49343907281036
1980-11-21,502.31648746384917
1980-11-24,501.85367271386616
1980-11-25,501.59618153021967
1980-11-26,502.5692566790074
1980-11-27,500.9034217614994
1980-11-28,502.93221230870165
1980-12-01,508.3459730963362
1980-12-02,505.2026941493199
1980-12-03,510.6292184865271
1980-12-04,507.59280924462394
1980-12-05,515.6604355263295
1980-12-08,518.4009689537455
1980-12-09,517.7880093446807
1980-12-10,519.4890701388299
1980-12-11,520.2372706607491
1980-12-12,526.9756572112143
1980-12-15,520.5858210192612
1980-12-16,523.065127441633
1980-12-17,528.769087598904
1980-12-18,526.8503116349249
1980-12-19,529.2816522199352
1980-12-22,527.0817442246297
1980-12-23,529.2206349959201
1980-12-24,538.9239349924754
1980-12-25,535.9455643511749
1980-12-26,523.9934106976037
1980-12-29,522.3196418918662
1980-12-30,514.0313903178087
1980-12-31,504.8019917529336
1981-01-01,501.866204115238
1981-01-02,502.45943364226196
1981-01-05,500.90891851031404
1981-01-06,491.41581258899316
1981-01-07,494.55164191440207
1981-01-08,495.3616252991597
1981-01-09,483.28415538223805
1981-01-12,487.1888530177279
1981-01-13,481.9616310182118
1981-01-14,482.1704446555651
1981-01-15,478.83194847669836
1981-01-16,475.9762986053137
1981-01-19,474.66151188218413
1981-01-20,473.0084551001874
1981-01-21,475.27979920744923
1981-01-22,476.3847107168003
1981-01-23,472.16131790474947
1981-01-26,474.38224981241694
1981-01-27,478.86298962797844
1981-01-28,478.8386133772313
1981-01-29,482.39080439222374
1981-01-30,477.3429709705416
1981-02-02,483.65271242683053
1981-02-03,483.4311265774847
1981-02-04,482.85351680858804
1981-02-05,478.28580601369947
1981-02-06,483.9731972088279
1981-02-09,483.47547598940986
1981-02-10,490.95541226344506
1981-02-11,487.18117621932583
1981-02-12,489.3311808044745
1981-02-13,486.2747567426872
1981-02-16,484.5076975930987
1981-02-17,484.8098033423302
1981-02-18,486.0818287255702
1981-02-19,483.0720127759439
1981-02-20,475.6740170258961
1981-02-23,475.16520608086154
1981-02-24,470.2888182993778
1981-02-25,477.42520594286407
1981-02-26,478.6838875055858
1981-02-27,482.1830283616826
1981-03-02,480.5952071238497
1981-03-03,480.17548902411886
1981-03-04,490.3558236861705
1981-03-05,489.13946015965166
1981-03-06,486.14746331232817
1981-03-09,477.68770862249255
1981-03-10,482.03407556289187
1981-03-11,488.45006433657335
1981-03-12,487.49860835407884
1981-03-13,490.9468706546371
1981-03-16,494.3563762967297
1981-03-17,487.59093117335095
1981-03-18,493.981717113767
1981-03-19,493.5776403252376
1981-03-20,499.29532259530464
1981-03-23,504.1825611342296
1981-03-24,502.55166593529043
1981-03-25,513.0165852232693
1981-03-26,512.3992971102547
1981-03-27,507.34498995769576
1981-03-30,515.7377013189587
1981-03-31,515.901926911539
1981-04-01,511.26470831103586
1981-04-02,502.1705104333062
1981-04-03,507.45265131567584
1981-04-06,504.9031315853997
1981-04-07,503.9772257841598
1981-04-08,506.34192227435074
1981-04-09,514.2842491296316
1981-04-10,502.6094546063668
1981-04-13,498.9260759268253
1981-04-14,497.84142616501595
1981-04-15,496.74653991835663
1981-04-16,493.7633030897101
1981-04-17,498.28689267720375
1981-04-20,496.1335356955315
1981-04-21,498.21615630473605
1981-04-22,500.5985745788123
1981-04-23,494.76243904520874
1981-04-24,500.03155501955564
1981-04-27,500.62665171419593
1981-04-28,502.4869042760371
1981-04-29,503.24456386427835
1981-04-30,495.5703403101688
1981-05-01,493.3213993375218
1981-05-04,501.80995415583465
1981-05-05,501.70852703813375
1981-05-06,497.7690584351744
1981-05-07,488.6271256057949
1981-05-08,488.9990098589177
1981-05-11,489.1958958182108
1981-05-12,487.00596256619303
1981-05-13,488.38611683853867
1981-05-14,482.9719314154221
1981-05-15,474.0547751870816
1981-05-18,470.56281192914645
1981-05-19,468.8658924298354
1981-05-20,475.15501471418776
1981-05-21,467.54716466265074
1981-05-22,466.95456010901313
1981-05-25,478.1942629804857
1981-05-26,484.00089414071584
1981-05-27,485.336956901688
1981-05-28,484.76744781865
1981-05-29,486.10327881662033
1981-06-01,489.6574384983422
1981-06-02,493.38737114284334
1981-06-03,492.8229932978435
1981-06-04,484.58582069406947
1981-06-05,475.4718535295988
1981-06-08,467.6490015848234
1981-06-09,469.48111254963703
1981-06-10,465.5744190675061
1981-06-11,466.22777259335356
1981-06-12,461.3815859115868
1981-06-15,464.24027861649586
1981-06-16,463.8891794373425
1981-06-17,459.6803129670118
1981-06-18,453.3054225112369
1981-06-19,458.151170918858
1981-06-22,450.37853165038854
1981-06-23,455.5425043847702
1981-06-24,452.6522520779547
1981-06-25,454.11955881605303
1981-06-26,453.5298336839861
1981-06-29,451.5449200647735
1981-06-30,448.9238646111421
1981-07-01,450.7734251524768
1981-07-02,450.1464845546756
1981-07-03,450.73307596870933
1981-07-06,452.9797188806443
1981-07-07,455.4791984428821
1981-07-08,458.5122248395796
1981-07-09,456.7532416448574
1981-07-10,450.24019717590613
1981-07-13,447.19844927510957
1981-07-14,452.37450726167253
1981-07-15,447.1394905388043
1981-07-16,448.2578031488801
1981-07-17,451.6959968654847
1981-07-20,451.5052720759993
1981-07-21,454.03554828122174
1981-07-22,460.76701249240875
1981-07-23,465.106247032477
1981-07-24,473.5685842468048
1981-07-27,476.0700901791709
1981-07-28,474.44845613473916
1981-07-29,473.5753410630469
1981-07-30,467.1177351606392
1981-07-31,461.9590313393294
1981-08-03,465.48443410720927
1981-08-04,466.760006113322
1981-08-05,467.5306293406699
1981-08-06,468.79085516234335
1981-08-07,467.7654199132207
1981-08-10,463.4261848876112
1981-08-11,468.7167292416753
1981-08-12,466.67467172195836
1981-08-13,463.38215735520964
1981-08-14,462.1147605895315
1981-08-17,463.58220541011013
1981-08-18,469.0101841277572
1981-08-19,465.96242536737566
1981-08-20,466.73638486941974
1981-08-21,471.4647571416653
1981-08-24,470.0148798115537
1981-08-25,478.07797307074685
1981-08-26,477.9063052861539
1981-08-27,478.9386832371529
1981-08-28,474.477854870426
1981-08-31,479.8068452081079
1981-09-01,483.9101880770262
1981-09-02,484.6302798601078
1981-09-03,481.3710574606381
1981-09-04,482.7507393733474
1981-09-07,482.70419179874773
1981-09-08,479.352676529359
1981-09-09,481.83041417039124
1981-09-10,476.1712681846233
1981-09-11,465.77001434375
1981-09-14,473.7838835539756
1981-09-15,475.2548037101767
1981-09-16,469.4461360901728
1981-09-17,467.348403500037
1981-09-18,470.74361894885243
1981-09-21,468.7536890385597
1981-09-22,471.4640193960483
1981-09-23,461.3286658026867
1981-09-24,461.06545186354737
1981-09-25,460.9734391034002
1981-09-28,455.608285415576
1981-09-29,461.1059174409367
1981-09-30,466.09137321546035
1981-10-01,463.6300990015013
1981-10-02,458.230204915995
1981-10-05,452.8663953011285
1981-10-06,459.16823640501457
1981-10-07,456.90266117663526
1981-10-08,452.1529347656723
1981-10-09,444.827671872166
1981-10-12,453.5404432183831
1981-10-13,461.14938914266315
1981-10-14,460.3401162003851
1981-10-15,461.0765987928958
1981-10-16,466.91750377660213
1981-10-19,469.4050766475129
1981-10-20,462.91572703637786
1981-10-21,464.0054726171836
1981-10-22,461.0489752159207
1981-10-23,462.8817086608254
1981-10-26,463.9773993332534
1981-10-27,462.6908777597138
1981-10-28,457.670392375147
1981-10-29,462.42999141276886
1981-10-30,464.8627855859905
1981-11-02,459.6748681977259
1981-11-03,460.7008715492545
1981-11-04,458.033250858397
1981-11-05,458.16094961772336
1981-11-06,456.7809833974347
1981-11-09,458.84946993289486
1981-11-10,462.3511582559033
1981-11-11,458.22768352897566
1981-11-12,458.31863066030235
1981-11-13,457.5755715114192
1981-11-16,455.60745964773776
1981-11-17,454.52600414945965
1981-11-18,452.2122008161822
1981-11-19,458.99789506744895
1981-11-20,456.8387060218338
1981-11-23,458.0206351169606
1981-11-24,458.25157589118345
1981-11-25,461.3504178411372
1981-11-26,461.39899440777043
1981-11-27,457.32802549359593
1981-11-30,454.82448264141505
1981-12-01,451.96877852863236
1981-12-02,454.62390720636415
1981-12-03,453.84286721288714
1981-12-04,455.2067889591884
1981-12-07,455.6474377532107
1981-12-08,452.2552079508587
1981-12-09,462.9526543515223
1981-12-10,465.67316503257166
1981-12-11,470.3275099191871
1981-12-14,467.9062069388399
1981-12-15,470.2088594094636
1981-12-16,470.0117345331052
1981-12-17,461.21249215295535
1981-12-18,463.33576583462775
1981-12-21,459.88944290077984
1981-12-22,457.3251983794817
1981-12-23,464.774498576075
1981-12-24,465.790273161967
1981-12-25,465.073049570855
1981-12-28,465.0640790265053
1981-12-29,463.52262907501574
1981-12-30,461.0246986583358
1981-12-31,463.9937040652659
1982-01-01,466.47489536124357
1982-01-04,468.9910223154246
1982-01-05,457.8997878502045
1982-01-06,457.18861836139416
1982-01-07,460.58667789217003
1982-01-08,449.9125739353548
1982-01-11,453.956945786209
1982-01-12,455.10544188069315
1982-01-13,454.710128834726
1982-01-14,456.31235075725243
1982-01-15,455.8180348967373
1982-01-18,461.47528413673234
1982-01-19,462.3965995445485
1982-01-20,467.9339839211493
1982-01-21,468.5136155293267
1982-01-22,457.8483070036451
1982-01-25,455.3265011066599
1982-01-26,454.82974261902956
1982-01-27,450.099022487795
1982-01-28,446.2342231648561
1982-01-29,438.4889666357466
1982-02-01,444.08071196172665
1982-02-02,448.270856480101
1982-02-03,451.33149614021454
1982-02-04,445.82751550405084
1982-02-05,439.91817727541553
1982-02-08,432.61897210066246
1982-02-09,443.5613058574062
1982-02-10,449.0608377580064
1982-02-11,455.7964392789614
1982-02-12,454.08244815710333
1982-02-15,458.36179921436775
1982-02-16,458.12394794843436
1982-02-17,454.59436508598924
1982-02-18,449.23167823076693
1982-02-19,446.11324726272494
1982-02-22,447.5817328540284
1982-02-23,453.9187302588025
1982-02-24,449.25848973637926
1982-02-25,448.20513853817505
1982-02-26,446.8745856174197
1982-03-01,438.8854545136568
1982-03-02,441.3122252040778
1982-03-03,450.15549563754365
1982-03-04,443.8738631805641
1982-03-05,438.656062927791
1982-03-08,441.9478007189811
1982-03-09,432.2357243440234
1982-03-10,431.1544805372812
1982-03-11,430.1726389486128
1982-03-12,431.1908111424731
1982-03-15,425.64371900160864
1982-03-16,428.3175598885257
1982-03-17,431.5794169337886
1982-03-18,433.8933356282266
1982-03-19,430.50320398355854
1982-03-22,425.00355802872843
1982-03-23,423.59658772446426
1982-03-24,425.82549122461813
1982-03-25,419.36757191027937
1982-03-26,422.0181968692529
1982-03-29,423.23590589017084
1982-03-30,427.78711671751887
1982-03-31,426.5641152078453
1982-04-01,417.64146094367
1982-04-02,413.6080741713499
1982-04-05,401.8685785281949
1982-04-06,403.83894479941335
1982-04-07,403.1521100385825
1982-04-08,407.5013376747973
1982-04-09,410.6945871958042
1982-04-12,404.69635685037144
1982-04-13,400.8078907579075
1982-04-14,403.8508290448371
1982-04-15,397.42656373127704
1982-04-16,396.0197849415988
1982-04-19,390.9802679614995
1982-04-20,391.84576183694526
1982-04-21,389.18801585668666
1982-04-22,390.6711872097759
1982-04-23,393.8862335897401
1982-04-26,393.22704600707465
1982-04-27,393.1086323221201
1982-04-28,391.11490361436387
1982-04-29,390.2392279038341
1982-04-30,390.0997028719955
1982-05-03,390.8548807331008
1982-05-04,388.1121626146163
1982-05-05,383.6796214467313
1982-05-06,388.1608390019043
1982-05-07,393.33866459460467
1982-05-10,389.6381604056991
1982-05-11,384.66157056798335
1982-05-12,386.24280799740967
1982-05-13,384.6042752017127
1982-05-14,388.17758472794895
1982-05-17,387.09763489525267
1982-05-18,381.3916894810384
1982-05-19,379.2053667212844
1982-05-20,376.59046228444515
1982-05-21,376.6027600958755
1982-05-24,377.8109182208596
1982-05-25,376.48013226385115
1982-05-26,370.6119795510257
1982-05-27,367.7262202951168
1982-05-28,366.643275520368
1982-05-31,370.3547252080973
1982-06-01,369.2056121549916
1982-06-02,371.2381863253438
1982-06-03,371.282575402107
1982-06-04,375.74294087430127
1982-06-07,373.57058580496795
1982-06-08,362.9862529240808
1982-06-09,370.1810472820956
1982-06-10,379.0628214254674
1982-06-11,381.2980425802714
1982-06-14,379.5069775217757
1982-06-15,380.4070450354816
1982-06-16,379.3309021463696
1982-06-17,374.9156261426837
1982-06-18,376.6511375058578
1982-06-21,379.49865691340284
1982-06-22,385.5936498441385
1982-06-23,377.1232291006809
1982-06-24,374.20689187228487
1982-06-25,371.41236780437686
1982-06-28,367.1246940579121
1982-06-29,368.8232371181984
1982-06-30,368.87291842396326
1982-07-01,367.6537222682395
1982-07-02,370.9593734274454
1982-07-05,377.9050432010443
1982-07-06,377.3430549222556
1982-07-07,375.7247991285597
1982-07-08,370.2538925022835
1982-07-09,367.2658937764887
1982-07-12,366.69308677685746
1982-07-13,367.2776268412046
1982-07-14,365.2687715029513
1982-07-15,363.64541449442254
1982-07-16,364.0337871684864
1982-07-19,357.4400981418365
1982-07-20,362.25586004015236
1982-07-21,357.19835626030533
1982-07-22,361.631133430895
1982-07-23,359.1395193229609
1982-07-26,357.0913081420414
1982-07-27,359.65974097894645
1982-07-28,360.5438242610053
1982-07-29,356.3247587174958
1982-07-30,350.97765045088306
1982-08-02,353.21141991322514
1982-08-03,357.7563260887024
1982-08-04,357.4887025273514
1982-08-05,360.25464160759446
1982-08-06,362.79638640903596
1982-08-09,365.34169827787343
1982-08-10,366.70599610524715
1982-08-11,367.1816224665727
1982-08-12,371.3281606181865
1982-08-13,370.15149783732227
1982-08-16,370.77334176198104
1982-08-17,374.4444554868372
1982-08-18,379.4648158421396
1982-08-19,380.4283238753157
1982-08-20,384.78723278804324
1982-08-23,389.5370054657425
1982-08-24,393.739396120722
1982-08-25,390.50973646543895
1982-08-26,390.24758717533945
1982-08-27,391.43670348810815
1982-08-30,397.85241352287335
1982-08-31,396.25878630525
1982-09-01,394.14655638914667
1982-09-02,390.0497164954347
1982-09-03,387.65539294634016
1982-09-06,386.61519733171224
1982-09-07,392.67883905549553
1982-09-08,391.9200319264506
1982-09-09,381.2138135760799
1982-09-10,385.39705621413685
1982-09-13,382.2803066255699
1982-09-14,381.3543926004155
1982-09-15,382.6969273318284
1982-09-16,384.4265525884987
1982-09-17,390.9523348479249
1982-09-20,384.9281497756125
1982-09-21,391.9676434516218
1982-09-22,395.2148522577591
1982-09-23,394.502758660398
1982-09-24,398.0090435285305
1982-09-27,404.1426692352553
1982-09-28,403.46747915262347
1982-09-29,394.998563287906
1982-09-30,400.89450014273035
1982-10-01,404.9878661126172
1982-10-04,405.67063880688437
1982-10-05,407.85409250506876
1982-10-06,401.8150912892727
1982-10-07,402.9478624830862
1982-10-08,394.67609651066465
1982-10-11,394.9617125362233
1982-10-12,392.6436950974097
1982-10-13,393.9305172459689
1982-10-14,386.00415744733453
1982-10-15,388.9078362232633
1982-10-18,384.66218316496025
1982-10-19,381.4469822371379
1982-10-20,379.4626492897049
1982-10-21,378.4897445444807
1982-10-22,374.3421874512581
1982-10-25,370.2175411644587
1982-10-26,375.08523541012977
1982-10-27,374.095760303869
1982-10-28,371.4613122136706
1982-10-29,374.31414482619493
1982-11-01,366.42028430546833
1982-11-02,368.56920146665163
1982-11-03,367.3066898581671
1982-11-04,368.1701551441612
1982-11-05,371.8986091034198
1982-11-08,375.39379233180114
1982-11-09,375.39482062980517
1982-11-10,381.64146282950685
1982-11-11,376.0127337066662
1982-11-12,375.53676655003716
1982-11-15,375.24215442635983
1982-11-16,378.4632941702985
1982-11-17,380.728533919699
1982-11-18,381.72691792868386
1982-11-19,382.3945348489896
1982-11-22,380.36549863557605
1982-11-23,379.9422727682174
1982-11-24,379.66449380034095
1982-11-25,380.7878962520062
1982-11-26,386.4351484646382
1982-11-29,389.7707101495054
1982-11-30,382.7923333259712
1982-12-01,379.56761101739386
1982-12-02,378.90215175854235
1982-12-03,373.9695527410897
1982-12-06,371.6049848135358
1982-12-07,368.26010526388444
1982-12-08,367.7910429092358
1982-12-09,368.18964899924225
1982-12-10,380.6843663785222
1982-12-13,376.30727009013265
1982-12-14,378.2451202102797
1982-12-15,372.50098365190433
1982-12-16,367.48728789534755
1982-12-17,371.09229724989035
1982-12-20,365.1930817084768
1982-12-21,369.50795536954035
1982-12-22,369.20014385602326
1982-12-23,361.2233355617172
1982-12-24,357.47614731727475
1982-12-27,351.67844662746256
1982-12-28,353.6331486030534
1982-12-29,354.909684261066
1982-12-30,355.30439987508237
1982-12-31,350.946486776508
1983-01-03,353.7492659347263
1983-01-04,364.316401063697
1983-01-05,367.90947296278097
1983-01-06,367.0155990265416
1983-01-07,367.56342122963605
1983-01-10,367.1457217621774
1983-01-11,372.59292493182755
1983-01-12,374.0015050153168
1983-01-13,371.5525663375323
1983-01-14,372.7359819323434
1983-01-17,370.25869845708934
1983-01-18,375.1881660393358
1983-01-19,378.5751486954876
1983-01-20,377.3724230886713
1983-01-21,380.22279205926503
1983-01-24,379.20246244523497
1983-01-25,384.82093904937716
1983-01-26,387.97846711558486
1983-01-27,385.83828761017116
1983-01-28,385.5255618151055
1983-01-31,386.73652592912543
1983-02-01,386.03157742121005
1983-02-02,386.04809441633154
1983-02-03,390.3116554455017
1983-02-04,392.2713509045152
1983-02-07,401.6985267360722
1983-02-08,394.64039687093504
1983-02-09,397.00382705931344
1983-02-10,394.4999565268281
1983-02-11,394.2126777711609
1983-02-14,397.21979800021484
1983-02-15,397.7876276848977
1983-02-16,395.5259221448342
1983-02-17,394.9664698950398
1983-02-18,393.2559246219151
1983-02-21,385.93273710070054
1983-02-22,385.79650012303154
1983-02-23,391.1489739926339
1983-02-24,393.5180737774096
1983-02-25,391.5327903229558
1983-02-28,375.75251100600707
1983-03-01,365.35541669339665
1983-03-02,370.4346795269602
1983-03-03,370.1338511906495
1983-03-04,371.9798449075924
1983-03-07,375.2110695071478
1983-03-08,370.23482873821604
1983-03-09,373.3730544868635
1983-03-10,368.33911901636293
1983-03-11,367.8533421704356
1983-03-14,366.0211856079009
1983-03-15,369.4239979683752
1983-03-16,378.163641757641
1983-03-17,375.51232130710196
1983-03-18,378.1263232856686
1983-03-21,378.50069658086807
1983-03-22,376.5275689163308
1983-03-23,376.30916486306097
1983-03-24,375.17616256766223
1983-03-25,373.1212350723593
1983-03-28,378.08345635111937
1983-03-29,379.6121589617582
1983-03-30,384.28913855206827
1983-03-31,380.38196350480837
1983-04-01,380.51480279696864
1983-04-04,381.7509719625915
1983-04-05,374.0881550758905
1983-04-06,374.29895447085596
1983-04-07,376.0410714283017
1983-04-08,375.48296993353387
1983-04-11,376.5990921030253
1983-04-12,377.30133962009165
1983-04-13,382.53764626201985
1983-04-14,385.14044132758113
1983-04-15,384.2093416136685
1983-04-18,383.30847323060004
1983-04-19,385.3168509460291
1983-04-20,382.46374368035697
1983-04-21,381.7365269691969
1983-04-22,380.61013992776867
1983-04-25,386.0691707229145
1983-04-26,392.9339751391541
1983-04-27,393.19035779440367
1983-04-28,396.7146203599242
1983-04-29,397.136508115526
1983-05-02,401.0944957365644
1983-05-03,396.8383847028827
1983-05-04,396.2172372764774
1983-05-05,403.1994541210036
1983-05-06,410.134045315019
1983-05-09,412.29736109156613
1983-05-10,413.9070128376972
1983-05-11,410.03294284746426
1983-05-12,411.0944948896407
1983-05-13,411.88617310032464
1983-05-16,412.95812626902074
1983-05-17,412.00727142955316
1983-05-18,408.53714869263825
1983-05-19,407.1062602221828
1983-05-20,407.88314410105215
1983-05-23,411.1000521070273
1983-05-24,407.22632438959147
1983-05-25,406.91085379446577
1983-05-26,403.2373442578171
1983-05-27,403.22132668620543
1983-05-30,405.00773107490966
1983-05-31,399.2766305135275
1983-06-01,399.18008224280493
1983-06-02,395.153323701597
1983-06-03,390.8013867503829
1983-06-06,393.7191633237662
1983-06-07,391.28898961484083
1983-06-08,393.0750196834559
1983-06-09,384.4320371826519
1983-06-10,386.2901720836698
1983-06-13,388.88898517451105
1983-06-14,384.45121103693526
1983-06-15,387.63799414916883
1983-06-16,386.9318399480762
1983-06-17,391.32747750314104
1983-06-20,392.39688656976233
1983-06-21,390.8585278105656
1983-06-22,390.80149543443173
1983-06-23,383.2213734295882
1983-06-24,375.8791009076056
1983-06-27,378.35218600522165
1983-06-28,376.9924801027446
1983-06-29,379.4914812778089
1983-06-30,380.14605783343035
1983-07-01,374.8037626006978
1983-07-04,372.1610243944656
1983-07-05,371.7506245467631
1983-07-06,367.9799708757933
1983-07-07,365.4529943226602
1983-07-08,371.0047797325568
1983-07-11,371.93977573836975
1983-07-12,373.4842997668097
1983-07-13,375.96535210822043
1983-07-14,381.89347185030164
1983-07-15,384.8544379148788
1983-07-18,384.040245825778
1983-07-19,376.9200359348061
1983-07-20,382.4391449515974
1983-07-21,382.4025705208142
1983-07-22,384.6934172847041
1983-07-25,378.79300542206306
1983-07-26,381.25500100730403
1983-07-27,385.6681854259664
1983-07-28,386.40017396321923
1983-07-29,386.1513670981987
1983-08-01,389.25210043850984
1983-08-02,392.09766126122395
1983-08-03,398.82053726343963
1983-08-04,398.56134132970135
1983-08-05,396.2652013945094
1983-08-08,390.21388580061426
1983-08-09,392.71337456658995
1983-08-10,388.15140214086455
1983-08-11,379.36460173211185
1983-08-12,385.5015008080633
1983-08-15,380.8143575030269
1983-08-16,380.29108435547965
1983-08-17,380.802974115257
1983-08-18,378.2610945088934
1983-08-19,378.75273428317263
1983-08-22,373.75366397518786
1983-08-23,374.6786202790761
1983-08-24,372.80519160498744
1983-08-25,379.09651176647645
1983-08-26,377.66317898812304
1983-08-29,385.27781478911436
1983-08-30,390.8162986479356
1983-08-31,388.0319451568795
1983-09-01,389.3821518124913
1983-09-02,387.5907917480425
1983-09-05,384.9496039431481
1983-09-06,383.4737141519529
1983-09-07,379.3439056123959
1983-09-08,373.92043301504975
1983-09-09,373.1402512996069
1983-09-12,377.53784973001586
1983-09-13,370.2632518515759
1983-09-14,365.7819591678881
1983-09-15,363.8665908539882
1983-09-16,363.6936942388227
1983-09-19,366.7318940160421
1983-09-20,357.9128989559596
1983-09-21,360.074041660568
1983-09-22,367.10640890655105
1983-09-23,363.8017453669732
1983-09-26,366.5922072604602
1983-09-27,361.7727682856452
1983-09-28,361.1813345178245
1983-09-29,361.99018600921136
1983-09-30,360.8079654117051
1983-10-03,359.3316245798978
1983-10-04,355.73477815268745
1983-10-05,347.9380427601131
1983-10-06,346.79390638833576
1983-10-07,347.2295130478767
1983-10-10,347.73965517681404
1983-10-11,346.1515258868885
1983-10-12,346.905248564008
1983-10-13,346.3559861719487
1983-10-14,342.5438049875902
1983-10-17,341.64561668755914
1983-10-18,340.2593343293148
1983-10-19,338.70300648656587
1983-10-20,342.1263699528559
1983-10-21,344.46818258464003
1983-10-24,339.5790183501855
1983-10-25,337.91064385588595
1983-10-26,341.1127996882922
1983-10-27,337.51638745860174
1983-10-28,340.5190232676103
1983-10-31,339.82617393590306
1983-11-01,336.6863855366399
1983-11-02,333.3293693325157
1983-11-03,330.8298562857467
1983-11-04,333.57140987195953
1983-11-07,334.5462509051231
1983-11-08,333.2267446213072
1983-11-09,334.04054543086437
1983-11-10,334.0093565902391
1983-11-11,343.17284210672665
1983-11-14,341.11656252809524
1983-11-15,338.1701864673939
1983-11-16,336.3896606892451
1983-11-17,338.64421855119963
1983-11-18,340.1584527669039
1983-11-21,341.1954925745121
1983-11-22,339.234186441692
1983-11-23,337.37369359306825
1983-11-24,340.4148649896549
1983-11-25,340.5839925337543
1983-11-28,344.35804381254997
1983-11-29,335.81692646920226
1983-11-30,337.48752511260085
1983-12-01,334.5428786817052
1983-12-02,332.2837257684601
1983-12-05,333.78715419451
1983-12-06,323.2320648388965
1983-12-07,321.3436778471751
1983-12-08,323.51967591637884
1983-12-09,321.9717200090911
1983-12-12,327.1008347198412
1983-12-13,326.6677431186468
1983-12-14,325.1303993504466
1983-12-15,329.88192023426194
1983-12-16,332.07322519734686
1983-12-19,332.7697601602849
1983-12-20,332.98182600917596
1983-12-21,332.39785648828445
1983-12-22,332.0818384255787
1983-12-23,332.47559463595536
1983-12-26,334.40742846677165
1983-12-27,338.17913420173306
1983-12-28,340.65454501091915
1983-12-29,338.52190765974575
1983-12-30,337.07225127577374
1984-01-02,339.76905607607057
1984-01-03,338.46472615041364
1984-01-04,341.94938758611937
1984-01-05,343.99907899551266
1984-01-06,342.69765435317925
1984-01-09,334.3976008167592
1984-01-10,335.8247700416638
1984-01-11,332.648889436655
1984-01-12,331.713085913744
1984-01-13,324.57302924782977
1984-01-16,322.10048838170314
1984-01-17,320.9037729199204
1984-01-18,321.37204883844316
1984-01-19,319.85268386338987
1984-01-20,321.9822904590057
1984-01-23,320.97176267668755
1984-01-24,319.0102239078044
1984-01-25,318.25320370259277
1984-01-26,320.1713039527267
1984-01-27,319.4179518128069
1984-01-30,315.98472176246236
1984-01-31,315.06340469599843
1984-02-01,316.61125618715215
1984-02-02,311.10712139380803
1984-02-03,306.4257375526346
1984-02-06,307.84713619258673
1984-02-07,311.9033937746367
1984-02-08,307.7578720499824
1984-02-09,307.94833314043717
1984-02-10,308.40078389176904
1984-02-13,307.7006856376815
1984-02-14,304.4287487398271
1984-02-15,308.1807916159097
1984-02-16,307.706543175065
1984-02-17,311.20962186811704
1984-02-20,306.2606485509836
1984-02-21,305.67951095105656
1984-02-22,302.36180222583
1984-02-23,300.42973048497333
1984-02-24,296.2057934881433
1984-02-27,296.91199124047364
1984-02-28,301.18372436510026
1984-02-29,307.19501984482656
1984-03-01,303.97746058538894
1984-03-02,302.09062181040946
1984-03-05,302.9408758936213
1984-03-06,304.210222427764
1984-03-07,302.5087071945955
1984-03-08,302.39800760474793
1984-03-09,297.4633114282937
1984-03-12,292.6219199041379
1984-03-13,291.6584106235171
1984-03-14,293.05385338220606
1984-03-15,292.46320397694024
1984-03-16,295.522884585624
1984-03-19,296.7950522670788
1984-03-20,299.57755223506746
1984-03-21,299.3465493327859
1984-03-22,296.14458685766016
1984-03-23,296.5149143341194
1984-03-26,294.6111634131513
1984-03-27,295.4054925742111
1984-03-28,292.0634496987473
1984-03-29,294.6503503968823
1984-03-30,298.03085035896794
1984-04-02,300.0485609010198
1984-04-03,304.1516453256222
1984-04-04,310.18395583762793
1984-04-05,313.9276066492374
1984-04-06,312.2145487033431
1984-04-09,308.57304861600863
1984-04-10,309.83456973548545
1984-04-11,312.82094290028806
1984-04-12,314.94186683344816
1984-04-13,314.92235789679376
1984-04-16,313.86378170794364
1984-04-17,315.8313913652651
1984-04-18,317.1279988795529
1984-04-19,313.5552023627831
1984-04-20,313.45235574024525
1984-04-23,311.8992915182082
1984-04-24,314.3404414582764
1984-04-25,313.03580910930515
1984-04-26,310.91842520439087
1984-04-27,309.3222930206095
1984-04-30,310.2102533765714
1984-05-01,316.9321224534427
1984-05-02,321.30921170185513
1984-05-03,319.2386682230909
1984-05-04,318.09711678639735
1984-05-07,313.1587508035581
1984-05-08,316.04082353729547
1984-05-09,321.79520907776106
1984-05-10,321.5407549390988
1984-05-11,315.8436550062859
1984-05-14,322.77714512669127
1984-05-15,325.86709833812466
1984-05-16,319.6932086011682
1984-05-17,313.4377584263208
1984-05-18,316.25588448290495
1984-05-21,314.3042404158072
1984-05-22,312.14308289013246
1984-05-23,308.610674159913
1984-05-24,306.55496685560877
1984-05-25,307.28522471198994
1984-05-28,309.88902537056657
1984-05-29,308.62490805172854
1984-05-30,306.7091302756296
1984-05-31,307.80051652219436
1984-06-01,309.3625367297237
1984-06-04,308.188050866577
1984-06-05,307.43135456349097
1984-06-06,304.6840416295034
1984-06-07,310.5434581805578
1984-06-08,306.92809527168373
1984-06-11,305.6105964162697
1984-06-12,299.94150628127034
1984-06-13,298.3849578428359
1984-06-14,295.39265702563586
1984-06-15,295.70170648034565
1984-06-18,298.5730955132613
1984-06-19,296.2575194226107
1984-06-20,299.55612157763903
1984-06-21,298.833566653672
1984-06-22,294.84457565663376
1984-06-25,295.1784686313223
1984-06-26,298.1237675982535
1984-06-27,297.71208900497106
1984-06-28,295.58956781584527
1984-06-29,300.06797146105805
1984-07-02,303.247926807316
1984-07-03,299.39597563038484
1984-07-04,303.2077766787988
1984-07-05,305.27015104469655
1984-07-06,306.108483563827
1984-07-09,305.7876924899565
1984-07-10,305.121533743176
1984-07-11,303.02961779456973
1984-07-12,303.4890368554384
1984-07-13,305.4117603652372
1984-07-16,301.46236423520224
1984-07-17,298.53016312273814
1984-07-18,302.1953536229096
1984-07-19,299.47111064379556
1984-07-20,296.7167450407981
1984-07-23,294.56709741621313
1984-07-24,295.0449010682491
1984-07-25,295.8474143807572
1984-07-26,295.4331082549333
1984-07-27,299.40980893412575
1984-07-30,304.0964506569786
1984-07-31,306.87878115811947
1984-08-01,309.5794402004832
1984-08-02,311.7145273103047
1984-08-03,307.75617976259264
1984-08-06,308.6563221016316
1984-08-07,305.47401351278813
1984-08-08,300.4847511029817
1984-08-09,296.089942472894
1984-08-10,292.789734383226
1984-08-13,294.2849606582615
1984-08-14,293.4929704491097
1984-08-15,292.40796039105675
1984-08-16,293.082344581577
1984-08-17,296.6725807909129
1984-08-20,299.8731372233707
1984-08-21,301.22097151157175
1984-08-22,300.56073655812827
1984-08-23,302.6434592501429
1984-08-24,300.8664367042483
1984-08-27,297.50366607978066
1984-08-28,293.59933011899125
1984-08-29,294.11134809432735
1984-08-30,292.5682071019542
1984-08-31,293.9664784725933
1984-09-03,295.4556270155916
1984-09-04,293.799068250827
1984-09-05,292.9686482247981
1984-09-06,295.4646349590974
1984-09-07,300.12481080544484
1984-09-10,298.85072177309337
1984-09-11,301.06715557187323
1984-09-12,299.94190606975303
1984-09-13,297.30370706329774
1984-09-14,295.0755732220909
1984-09-17,299.67670640649817
1984-09-18,297.32721850764744
1984-09-19,293.6807279742464
1984-09-20,300.28223957382255
1984-09-21,302.93480685132937
1984-09-24,304.83837185903576
1984-09-25,308.91859640454595
1984-09-26,313.13070812941913
1984-09-27,317.4694984018871
1984-09-28,320.2047249300798
1984-10-01,320.1499271277933
1984-10-02,315.89965573441276
1984-10-03,321.14695587466775
1984-10-04,317.93274750283626
1984-10-05,319.5937640321711
1984-10-08,322.94640004827886
1984-10-09,316.7461051451717
1984-10-10,317.9838711806835
1984-10-11,323.0671138974921
1984-10-12,320.8395134493134
1984-10-15,323.2251742492188
1984-10-16,325.9167232636372
1984-10-17,322.2875337820159
1984-10-18,325.68605215538605
1984-10-19,324.7922411029316
1984-10-22,320.9485680570758
1984-10-23,327.2842387697643
1984-10-24,327.5134227567432
1984-10-25,325.5491749053652
1984-10-26,325.1842154174774
1984-10-29,325.04356733762774
1984-10-30,328.3152065286206
1984-10-31,330.4141476824075
1984-11-01,332.823935212406
1984-11-02,328.9248027404648
1984-11-05,329.7735082128864
1984-11-06,326.99599929350467
1984-11-07,333.70597816886874
1984-11-08,335.13702896653825
1984-11-09,331.71535895716755
1984-11-12,330.2267562323506
1984-11-13,328.7899554768893
1984-11-14,324.660730185714
1984-11-15,320.6324419646523
1984-11-16,317.9915543493199
1984-11-19,319.458062612818
1984-11-20,313.3672309618793
1984-11-21,313.6789544931707
1984-11-22,317.9411069880575
1984-11-23,321.7372707640898
1984-11-26,322.6893613163433
1984-11-27,326.5868793926359
1984-11-28,330.00037279469495
1984-11-29,330.34093375243344
1984-11-30,334.80142770458406
1984-12-03,338.4975101004316
1984-12-04,337.4130022669464
1984-12-05,343.1140932671614
1984-12-06,343.0850894664708
1984-12-07,343.5445240701447
1984-12-10,344.2175717018345
1984-12-11,339.6802219973595
1984-12-12,339.4221333691254
1984-12-13,341.31364369064005
1984-12-14,347.9969495926551
1984-12-17,345.2624955578996
1984-12-18,344.91445839434977
1984-12-19,344.8238653684729
1984-12-20,352.3639787361659
1984-12-21,349.0943800921311
1984-12-24,348.64725779823095
1984-12-25,347.17843915736285
1984-12-26,346.09361026689396
1984-12-27,342.9282224079768
1984-12-28,342.3164665839339
1984-12-31,346.291335900769
1985-01-01,344.17919494243387
1985-01-02,341.81133494784046
1985-01-03,340.75980718020844
1985-01-04,346.8597015576387
1985-01-07,348.41116187588153
1985-01-08,349.5351630411338
1985-01-09,351.60807305222335
1985-01-10,349.06513918176955
1985-01-11,358.3871328090223
1985-01-14,360.43473421612333
1985-01-15,359.1269768295377
1985-01-16,354.80342260708767
1985-01-17,358.65292764253803
1985-01-18,362.85884091070966
1985-01-21,360.3392836980493
1985-01-22,356.4575664219227
1985-01-23,357.18533149673533
1985-01-24,359.4888621847383
1985-01-25,354.94309287563306
1985-01-28,352.80213999316214
1985-01-29,356.07071657181507
1985-01-30,358.5570922991709
1985-01-31,358.86558075502205
1985-02-01,360.5267147874504
1985-02-04,357.937466903774
1985-02-05,353.9641231738242
1985-02-06,355.8906046647476
1985-02-07,359.40238270116663
1985-02-08,354.6752391634505
1985-02-11,353.9216877346597
1985-02-12,354.3602255701077
1985-02-13,355.61161084653935
1985-02-14,355.2313395801461
1985-02-15,356.72921880450457
1985-02-18,356.838466727313
1985-02-19,361.22194446321475
1985-02-20,363.7743715027322
1985-02-21,358.20926964226
1985-02-22,359.4442045485685
1985-02-25,362.8692267399767
1985-02-26,370.7494152649324
1985-02-27,370.50118765897065
1985-02-28,369.33333137244387
1985-03-01,375.0890047075
1985-03-04,366.35955756659564
1985-03-05,361.6282859592979
1985-03-06,358.8043369003448
1985-03-07,359.25855406653693
1985-03-08,357.77447649309784
1985-03-11,357.11043022314004
1985-03-12,356.88986506674905
1985-03-13,355.5472817836293
1985-03-14,352.0465414753763
1985-03-15,350.659181296128
1985-03-18,347.5749349157151
1985-03-19,342.350436427888
1985-03-20,340.97750602565964
1985-03-21,345.0185246352944
1985-03-22,346.1169756114403
1985-03-25,351.236242537481
1985-03-26,351.14507235565935
1985-03-27,349.9142466552007
1985-03-28,349.0781123221273
1985-03-29,349.36870516065517
1985-04-01,354.6872204271969
1985-04-02,357.09890729459045
1985-04-03,359.7334107504938
1985-04-04,355.8457583846449
1985-04-05,355.75893144598285
1985-04-08,357.56371856694824
1985-04-09,359.5884410388071
1985-04-10,356.8411554798445
1985-04-11,354.85422515660156
1985-04-12,354.9748233091005
1985-04-15,361.66862423271306
1985-04-16,357.6346842213336
1985-04-17,357.6416682010256
1985-04-18,355.3411197356973
1985-04-19,359.3359750757637
1985-04-22,356.3224425390356
1985-04-23,351.7461730791328
1985-04-24,357.89559293500474
1985-04-25,358.6154998694016
1985-04-26,359.0097533510764
1985-04-29,361.9809206206096
1985-04-30,362.7630891841456
1985-05-01,361.0968574715218
1985-05-02,361.7488669738978
1985-05-03,357.0050056667125
1985-05-06,357.0131030422331
1985-05-07,355.83456944701595
1985-05-08,357.04507319580006
1985-05-09,357.36058012345904
1985-05-10,356.3103143816007
1985-05-13,360.86917002755
1985-05-14,357.66828938068255
1985-05-15,362.3303622538026
1985-05-16,366.2279809657537
1985-05-17,373.98446543671344
1985-05-20,376.64400957544876
1985-05-21,377.37159477456674
1985-05-22,373.01817438804795
1985-05-23,370.9386236514587
1985-05-24,375.4271497856511
1985-05-27,373.37386082171315
1985-05-28,367.14710776538163
1985-05-29,369.6086203486556
1985-05-30,371.87673027459095
1985-05-31,374.5520335596965
1985-06-03,369.8031057221213
1985-06-04,371.8728803717681
1985-06-05,366.15356764614904
1985-06-06,370.6089299264154
1985-06-07,374.07150143640894
1985-06-10,370.0705958042016
1985-06-11,365.8661260524178
1985-06-12,366.4801538686687
1985-06-13,369.2109483593463
1985-06-14,373.09337768996784
1985-06-17,368.9916387952503
1985-06-18,373.88616033562
1985-06-19,370.83519776636945
1985-06-20,369.00732273140136
1985-06-21,365.72122042354096
1985-06-24,369.31012882912165
1985-06-25,369.19730586460315
1985-06-26,369.7403360688762
1985-06-27,370.31074905513645
1985-06-28,372.57818657695606
1985-07-01,369.2534054886781
1985-07-02,364.0289783338004
1985-07-03,360.386081659172
1985-07-04,358.6643373809491
1985-07-05,363.8509166893652
1985-07-08,363.54371809119345
1985-07-09,363.6170740346253
1985-07-10,370.0715131938278
1985-07-11,369.4461172768856
1985-07-12,365.4093234946946
1985-07-15,364.0016832937354
1985-07-16,366.694569980536
1985-07-17,363.29925247095196
1985-07-18,360.9436300503957
1985-07-19,363.73719984249703
1985-07-22,362.3139472002701
1985-07-23,367.8145488113633
1985-07-24,371.2664179481035
1985-07-25,370.8792999761505
1985-07-26,367.29111323015667
1985-07-29,369.12374943716367
1985-07-30,369.3356093722105
1985-07-31,372.240289464966
1985-08-01,372.99269915774227
1985-08-02,373.6705356583995
1985-08-05,371.03602793419316
1985-08-06,374.9873508324852
1985-08-07,372.74656113665935
1985-08-08,376.92889522486064
1985-08-09,379.2708842654955
1985-08-12,381.37637792520735
1985-08-13,380.8668529587014
1985-08-14,384.01941513373816
1985-08-15,379.16772699179614
1985-08-16,373.70391541240093
1985-08-19,376.30156778823334
1985-08-20,372.4669828897577
1985-08-21,374.9282096225687
1985-08-22,371.75989180345243
1985-08-23,372.1375724106842
1985-08-26,370.2422829718584
1985-08-27,371.14883697710803
1985-08-28,376.76609624702485
1985-08-29,373.9441513006368
1985-08-30,383.01552943134385
1985-09-02,380.1815291200077
1985-09-03,382.2240487725832
1985-09-04,377.68159061656064
1985-09-05,375.1071051433142
1985-09-06,373.47861577782425
1985-09-09,374.1819249487412
1985-09-10,377.53907454048084
1985-09-11,378.7593821262747
1985-09-12,381.4975967977559
1985-09-13,379.9060932851124
1985-09-16,379.9033184642184
1985-09-17,381.3024871184525
1985-09-18,378.5819053605801
1985-09-19,374.30058607594555
1985-09-20,371.54979458568965
1985-09-23,369.1907200024946
1985-09-24,366.47991529767864
1985-09-25,365.94789565783714
1985-09-26,365.12641897338705
1985-09-27,364.53309186011643
1985-09-30,362.8795360636554
1985-10-01,361.68799151873645
1985-10-02,358.71761362646095
1985-10-03,359.0547897901449
1985-10-04,362.39826281939435
1985-10-07,359.2972936076923
1985-10-08,355.7967305019452
1985-10-09,356.43872238680297
1985-10-10,360.9898038263302
1985-10-11,350.4584215805698
1985-10-14,343.5802928929235
1985-10-15,344.6903929190583
1985-10-16,346.5399726637222
1985-10-17,346.73870857264586
1985-10-18,350.6270121712504
1985-10-21,356.5092664241753
1985-10-22,357.9964697957662
1985-10-23,357.2573873289453
1985-10-24,353.8824157930129
1985-10-25,355.7543807817358
1985-10-28,355.7445977699558
1985-10-29,358.6915419873039
1985-10-30,356.1640851336229
1985-10-31,350.71032364991265
1985-11-01,349.85689130726075
1985-11-04,349.9989571709963
1985-11-05,350.3289338353854
1985-11-06,343.8701362736833
1985-11-07,341.04653287871065
1985-11-08,341.5219516769525
1985-11-11,342.2584817534656
1985-11-12,342.86663668223804
1985-11-13,340.9176575877019
1985-11-14,340.5820266523116
1985-11-15,343.31057112193446
1985-11-18,344.43196130432557
1985-11-19,345.28908963176815
1985-11-20,346.0195528278374
1985-11-21,347.45425803867937
1985-11-22,342.1389666751125
1985-11-25,346.4127307168974
1985-11-26,347.2378336172991
1985-11-27,346.2644699599885
1985-11-28,341.2488275204414
1985-11-29,340.5563341684326
1985-12-02,338.9321120907961
1985-12-03,330.4329071105815
1985-12-04,338.64506869327903
1985-12-05,334.38895035182156
1985-12-06,338.00905697819763
1985-12-09,335.98323608123866
1985-12-10,334.17069485168093
1985-12-11,335.50158420119243
1985-12-12,334.28262225407144
1985-12-13,336.7562502703364
1985-12-16,335.6567348311235
1985-12-17,333.8241266790667
1985-12-18,336.4973451646605
1985-12-19,338.1829415686793
1985-12-20,333.17916830259554
1985-12-23,328.5401025403124
1985-12-24,327.2809802002264
1985-12-25,327.8552415208865
1985-12-26,329.8332261284624
1985-12-27,335.1956922676136
1985-12-30,333.60324671524245
1985-12-31,328.8132943151886
1986-01-01,329.3994359296501
1986-01-02,323.8208762415824
1986-01-03,320.22901994662925
1986-01-06,321.01836021244503
1986-01-07,320.34109599454223
1986-01-08,320.15514939886276
1986-01-09,325.35428730788294
1986-01-10,328.5693443510713
1986-01-13,325.34496964248495
1986-01-14,326.6673548583837
1986-01-15,324.69662605337624
1986-01-16,323.8310072620834
1986-01-17,324.0854990987411
1986-01-20,328.2824949518635
1986-01-21,322.0897914384617
1986-01-22,319.58818607669485
1986-01-23,314.63530495700644
1986-01-24,313.77186482873185
1986-01-27,312.3462158753861
1986-01-28,308.69465477663033
1986-01-29,309.27170494516923
1986-01-30,308.60594971962047
1986-01-31,311.025677351456
1986-02-03,314.5375486160237
1986-02-04,317.410436616383
1986-02-05,314.9064331562547
1986-02-06,312.32448245603774
1986-02-07,314.62088308308876
1986-02-10,311.58399451294025
1986-02-11,309.82555508362736
1986-02-12,303.98792039095684
1986-02-13,305.68338088054526
1986-02-14,303.49264731586027
1986-02-17,302.98951862067844
1986-02-18,302.44764481225496
1986-02-19,302.13741709185274
1986-02-20,300.0259811660289
1986-02-21,297.17110586284474
1986-02-24,297.1186774986946
1986-02-25,297.15509285486786
1986-02-26,297.2148816754175
1986-02-27,293.3202962260564
1986-02-28,297.8143599492502
1986-03-03,295.5777567791156
1986-03-04,296.59514120781324
1986-03-05,299.1992951560089
1986-03-06,297.78744767700874
1986-03-07,296.56073661681427
1986-03-10,298.07497920216815
1986-03-11,299.0617524071934
1986-03-12,298.6092869067433
1986-03-13,296.51065090060274
1986-03-14,292.3760881746502
1986-03-17,289.4956869388432
1986-03-18,287.65651785168063
1986-03-19,283.3637903809812
1986-03-20,282.31585138734533
1986-03-21,282.78503276473447
1986-03-24,282.9717355775002
1986-03-25,284.1224481217795
1986-03-26,278.84695796618206
1986-03-27,282.0380457536837
1986-03-28,280.90692740586906
1986-03-31,278.4813559660819
1986-04-01,279.0488329350984
1986-04-02,275.9942464685652
1986-04-03,274.54385521820836
1986-04-04,277.72478264669866
1986-04-07,275.3726959835586
1986-04-08,282.0781584133688
1986-04-09,283.1774375394102
1986-04-10,286.9984078716911
1986-04-11,285.8959455684517
1986-04-14,285.8715694008122
1986-04-15,286.2435100332287
1986-04-16,289.4736986639445
1986-04-17,289.7371415528321
1986-04-18,289.740424384582
1986-04-21,291.5186260800946
1986-04-22,294.28892175470827
1986-04-23,297.22194262821563
1986-04-24,301.7766809556653
1986-04-25,301.64217349514485
1986-04-28,299.8557985844577
1986-04-29,305.2787608395624
1986-04-30,307.9018085543127
1986-05-01,313.59998935308954
1986-05-02,314.60079141539643
1986-05-05,314.050409547231
1986-05-06,311.64766751256406
1986-05-07,310.45076554486104
1986-05-08,308.7583119219053
1986-05-09,310.6463352451134
1986-05-12,310.4801936058063
1986-05-13,312.27280332412084
1986-05-14,306.6261965243712
1986-05-15,307.31297252654156
1986-05-16,311.97338808956545
1986-05-19,311.4786372587012
1986-05-20,307.1923235779136
1986-05-21,310.92699325776607
1986-05-22,311.28497968831357
1986-05-23,313.0691534486489
1986-05-26,311.311630965446
1986-05-27,316.10087766908754
1986-05-28,314.6649548857809
1986-05-29,319.63263419089776
1986-05-30,318.1019470072815
1986-06-02,318.3375424829994
1986-06-03,320.48046450814167
1986-06-04,326.9216156069998
1986-06-05,321.88240349478264
1986-06-06,316.67498499466075
1986-06-09,322.09206025950215
1986-06-10,320.64729302282814
1986-06-11,316.96018699809963
1986-06-12,317.9787857025862
1986-06-13,315.49160768415163
1986-06-16,312.9630077891705
1986-06-17,315.5759840190312
1986-06-18,324.55631698370405
1986-06-19,326.7562083961712
1986-06-20,328.5109000961533
1986-06-23,328.406674662621
1986-06-24,331.59615073481916
1986-06-25,324.1687960297527
1986-06-26,322.8534636148022
1986-06-27,319.74016036376065
1986-06-30,325.57356836847265
1986-07-01,326.75287544463663
1986-07-02,322.14203146214743
1986-07-03,320.5238110509847
1986-07-04,321.71764713336677
1986-07-07,324.2338437839485
1986-07-08,320.34274852415876
1986-07-09,318.51309935409256
1986-07-10,314.23556713452666
1986-07-11,313.70731101242365
1986-07-14,316.69612031050383
1986-07-15,308.6649678313319
1986-07-16,306.2749844008313
1986-07-17,303.7934850874879
1986-07-18,308.5443632975781
1986-07-21,303.9809333688604
1986-07-22,306.25567925849793
1986-07-23,311.0698598379942
1986-07-24,313.1127821588525
1986-07-25,312.20673046017504
1986-07-28,315.4832101011821
1986-07-29,313.54622614370317
1986-07-30,316.31106821438146
1986-07-31,322.2965049738821
1986-08-01,325.60883314346836
1986-08-04,332.0400383569533
1986-08-05,325.52868166274084
1986-08-06,323.622129052563
1986-08-07,325.79647040040044
1986-08-08,324.74630671654864
1986-08-11,329.51950386182835
1986-08-12,337.7552051446057
1986-08-13,340.1009309985555
1986-08-14,338.05719775935495
1986-08-15,343.2758289665912
1986-08-18,347.4441468121164
1986-08-19,347.17555005665696
1986-08-20,346.4106373768632
1986-08-21,351.8127157563447
1986-08-22,356.9164258417635
1986-08-25,349.27336732394724
1986-08-26,345.6420021195979
1986-08-27,350.44319678836456
1986-08-28,345.83141449875575
1986-08-29,346.4995526562475
1986-09-01,351.2140428513995
1986-09-02,350.9119571287455
1986-09-03,353.62382828014097
1986-09-04,353.7648587865524
1986-09-05,352.1224993671327
1986-09-08,351.04412129593
1986-09-09,354.82919616489113
1986-09-10,355.84137177066356
1986-09-11,355.21915943871403
1986-09-12,361.972892847919
1986-09-15,359.87011688355835
1986-09-16,359.10880885351384
1986-09-17,359.95899734175316
1986-09-18,360.3321334622702
1986-09-19,360.3922863780579
1986-09-22,352.11007821555864
1986-09-23,354.6626602967214
1986-09-24,356.11478898683407
1986-09-25,351.4792783551988
1986-09-26,351.48137540138913
1986-09-29,349.91514673778056
1986-09-30,346.6283446865552
1986-10-01,351.42328058545525
1986-10-02,360.2432943069898
1986-10-03,359.8032816829858
1986-10-06,358.12777251765044
1986-10-07,358.6264985427537
1986-10-08,354.0000858122688
1986-10-09,359.50038024049167
1986-10-10,358.1037692364818
1986-10-13,361.19398003218544
1986-10-14,363.26858929614986
1986-10-15,364.24657880670713
1986-10-16,366.13895238763655
1986-10-17,366.1298436510252
1986-10-20,368.2451446270226
1986-10-21,370.5552961355188
1986-10-22,366.86726428946093
1986-10-23,365.56821280584575
1986-10-24,361.91196851221565
1986-10-27,357.8973820989944
1986-10-28,355.5120490726448
1986-10-29,352.77628213164184
1986-10-30,352.8412978235691
1986-10-31,353.37400425406844
1986-11-03,357.97077288207174
1986-11-04,360.6143024520926
1986-11-05,364.7040764529934
1986-11-06,360.1671317272011
1986-11-07,361.5180793143335
1986-11-10,365.46881516372423
1986-11-11,369.20363475354566
1986-11-12,366.24273820212466
1986-11-13,367.8898882736425
1986-11-14,359.7811143518566
1986-11-17,354.1767065510781
1986-11-18,348.8943312031469
1986-11-19,348.94558262733455
1986-11-20,346.3932007552022
1986-11-21,351.9462608129093
1986-11-24,352.5474452045697
1986-11-25,352.2385591112361
1986-11-26,350.7258174229891
1986-11-27,349.1319473775017
1986-11-28,340.9760853481971
1986-12-01,342.9252707634734
1986-12-02,347.93278602103675
1986-12-03,347.7113263391432
1986-12-04,346.5745631269777
1986-12-05,347.9300020404476
1986-12-08,342.4210379952567
1986-12-09,348.5284029446486
1986-12-10,342.27148754814993
1986-12-11,340.8842099178174
1986-12-12,339.1432626868609
1986-12-15,338.5775198662368
1986-12-16,337.9788304559307
1986-12-17,340.8265190774983
1986-12-18,339.3280209625801
1986-12-19,346.74270190543103
1986-12-22,347.8648368128893
1986-12-23,347.5213519366162
1986-12-24,349.7865289382593
1986-12-25,347.92387576036987
1986-12-26,344.8740089992538
1986-12-29,347.6483731128619
1986-12-30,345.9084185374053
1986-12-31,341.3417460077893
1987-01-01,337.6792401642983
1987-01-02,334.3401860111812
1987-01-05,334.8965646053858
1987-01-06,338.34285512475924
1987-01-07,338.46151451010155
1987-01-08,338.19988549151634
1987-01-09,335.9937693209727
1987-01-12,330.5779713654426
1987-01-13,327.89147924290717
1987-01-14,322.18638862326156
1987-01-15,323.10138915920044
1987-01-16,326.06016485817355
1987-01-19,327.6695051770588
1987-01-20,321.5147586724668
1987-01-21,321.07035098831864
1987-01-22,323.1658232699248
1987-01-23,322.0871975637349
1987-01-26,321.2806731352943
1987-01-27,326.82954089712473
1987-01-28,331.16317872206037
1987-01-29,328.90579786991447
1987-01-30,331.93257585399857
1987-02-02,327.9869585905474
1987-02-03,329.5897039986619
1987-02-04,332.9643138515594
1987-02-05,329.2716963916358
1987-02-06,328.426086192609
1987-02-09,323.9493181998195
1987-02-10,325.4305986543104
1987-02-11,331.1080458832309
1987-02-12,322.2334776418481
1987-02-13,320.1223343967661
1987-02-16,326.54221089349073
1987-02-17,324.10399250179654
1987-02-18,323.5082214726369
1987-02-19,325.46700764983365
1987-02-20,323.24217904408584
1987-02-23,323.8688785918965
1987-02-24,324.98693612217494
1987-02-25,322.90108267430566
1987-02-26,323.5233393779783
1987-02-27,320.7923245719777
1987-03-02,318.46025039827407
1987-03-03,316.6615395163306
1987-03-04,313.114142764515
1987-03-05,311.59106885677403
1987-03-06,314.54582737447856
1987-03-09,314.6261143662544
1987-03-10,317.92980074232406
1987-03-11,315.5499475172173
1987-03-12,315.5256833518787
1987-03-13,312.0831784580776
1987-03-16,311.38050117566286
1987-03-17,309.7717047667987
1987-03-18,312.85185084237327
1987-03-19,309.48385075777566
1987-03-20,310.1348989338374
1987-03-23,308.0427102470945
1987-03-24,309.5018006182395
1987-03-25,312.61674897625215
1987-03-26,308.9078727735038
1987-03-27,312.6243025453
1987-03-30,311.0750225060425
1987-03-31,305.0050214139772
1987-04-01,307.47295536356285
1987-04-02,307.58652809325264
1987-04-03,309.8011506236916
1987-04-06,311.78597039921254
1987-04-07,310.8613750613566
1987-04-08,313.7481806338735
1987-04-09,309.98501550716776
1987-04-10,310.9992702309094
1987-04-13,308.3016128750443
1987-04-14,309.8387076623232
1987-04-15,306.04441634511306
1987-04-16,309.09868709886376
1987-04-17,306.5883936628396
1987-04-20,301.7999586130415
1987-04-21,303.8392223025411
1987-04-22,304.4900004034205
1987-04-23,299.3091374393482
1987-04-24,298.88782436422986
1987-04-27,298.63248352139664
1987-04-28,300.22109560267023
1987-04-29,297.3455497772957
1987-04-30,298.4731407250619
1987-05-01,293.68617955443847
1987-05-04,294.64936501848405
1987-05-05,296.5984702356268
1987-05-06,297.40249624999035
1987-05-07,296.5695882400256
1987-05-08,293.0296664418713
1987-05-11,294.3440344106294
1987-05-12,294.4209209217709
1987-05-13,295.66828779716246
1987-05-14,301.3225276745829
1987-05-15,297.0519169129633
1987-05-18,300.5213606019847
1987-05-19,304.6939767038037
1987-05-20,301.2248756230319
1987-05-21,298.4012856146886
1987-05-22,300.4572378954467
1987-05-25,300.09052731835504
1987-05-26,302.1147123842518
1987-05-27,306.2879715473788
1987-05-28,303.56288247429717
1987-05-29,304.8327903900502
1987-06-01,296.3410797631361
1987-06-02,297.3453218571056
1987-06-03,298.9404785875606
1987-06-04,303.56565506485555
1987-06-05,296.74413633345193
1987-06-08,295.3739499915567
1987-06-09,299.76615064796925
1987-06-10,301.87431329583706
1987-06-11,300.0247583539864
1987-06-12,309.8392199209382
1987-06-15,314.5403831293164
1987-06-16,314.89294713268254
1987-06-17,314.0839986980528
1987-06-18,311.87806769122403
1987-06-19,312.51203045837417
1987-06-22,315.1690464154841
1987-06-23,314.5818084918258
1987-06-24,314.27395906616175
1987-06-25,314.1175363969006
1987-06-26,316.2227242257103
1987-06-29,313.81476145256005
1987-06-30,308.0799157540608
1987-07-01,306.04098238858774
1987-07-02,307.3769031097007
1987-07-03,305.71481924200884
1987-07-06,306.3229133270959
1987-07-07,303.7640775993844
1987-07-08,302.8449477726393
1987-07-09,305.03657074975365
1987-07-10,303.3685572000268
1987-07-13,310.561562636833
1987-07-14,310.60533434274095
1987-07-15,314.71857145140456
1987-07-16,310.1389971774701
1987-07-17,313.5001832383673
1987-07-20,319.51205720052053
1987-07-21,320.826967204738
1987-07-22,323.8232819599437
1987-07-23,319.6865238011857
1987-07-24,319.47772106317626
1987-07-27,311.9375023959547
1987-07-28,309.8509416222035
1987-07-29,314.3038952511463
1987-07-30,304.99165506021814
1987-07-31,304.90952446975376
1987-08-03,309.1565890168887
1987-08-04,313.59333211797895
1987-08-05,312.81672465381126
1987-08-06,310.6216810162909
1987-08-07,311.150922818851
1987-08-10,311.2517156012591
1987-08-11,315.0884059340896
1987-08-12,316.2017632783826
1987-08-13,312.9802605998256
1987-08-14,313.80339340194973
1987-08-17,313.7047264179107
1987-08-18,315.4572268893394
1987-08-19,312.9497892899926
1987-08-20,312.93571290347757
1987-08-21,313.7230016969863
1987-08-24,313.1676457924273
1987-08-25,314.52187088802094
1987-08-26,315.81516547753864
1987-08-27,316.55467650157715
1987-08-28,321.05475484467
1987-08-31,323.73807634234356
1987-09-01,324.7294767200952
1987-09-02,324.2437515548858
1987-09-03,322.08103360323474
1987-09-04,319.9883665190201
1987-09-07,317.45263843803
1987-09-08,313.28864722405723
1987-09-09,311.90385440142444
1987-09-10,316.3538831488265
1987-09-11,316.62065917513
1987-09-14,312.994596313989
1987-09-15,312.67934667334725
1987-09-16,313.37358015965714
1987-09-17,312.83957228814904
1987-09-18,313.37812275339775
1987-09-21,315.87460988139645
1987-09-22,314.9866454946333
1987-09-23,314.6840875038536
1987-09-24,315.63435170247493
1987-09-25,317.4737504253823
1987-09-28,316.318604995983
1987-09-29,315.44146647541305
1987-09-30,321.52387532761327
1987-10-01,322.490032661186
1987-10-02,318.82225083722375
1987-10-05,321.3500787777673
1987-10-06,326.823356655927
1987-10-07,324.21572642010614
1987-10-08,324.2957071091085
1987-10-09,322.2623754254443
1987-10-12,326.6034920141534
1987-10-13,321.3809834107568
1987-10-14,321.2215169447069
1987-10-15,321.433657664244
1987-10-16,319.6855202792971
1987-10-19,316.75936487470005
1987-10-20,317.4943412034209
1987-10-21,316.47400498291887
1987-10-22,313.46866590607226
1987-10-23,315.94963761131555
1987-10-26,315.4972881163489
1987-10-27,314.7018905305657
1987-10-28,317.39554679027407
1987-10-29,319.29884215985004
1987-10-30,316.53773505393366
1987-11-02,315.63460581905866
1987-11-03,316.7715589546846
1987-11-04,322.6486304429126
1987-11-05,317.9200074964847
1987-11-06,317.4819445999584
1987-11-09,314.8854968754689
1987-11-10,310.6075175790094
1987-11-11,309.11877676862025
1987-11-12,308.1616046312706
1987-11-13,306.18369554003164
1987-11-16,307.64367725737304
1987-11-17,304.6435524046893
1987-11-18,306.4473663304864
1987-11-19,302.64550231699144
1987-11-20,302.47696551748066
1987-11-23,306.07436258891784
1987-11-24,305.9761949091407
1987-11-25,303.0828846700698
1987-11-26,299.1634653210422
1987-11-27,296.53439053584054
1987-11-30,294.14298505763367
1987-12-01,294.64569338157
1987-12-02,289.755586277785
1987-12-03,287.35893699211806
1987-12-04,288.32473554645736
1987-12-07,284.7347510647661
1987-12-08,284.49634262516696
1987-12-09,282.6665788615914
1987-12-10,284.1973343953451
1987-12-11,281.2707430140027
1987-12-14,284.6137416469791
1987-12-15,285.27131039968697
1987-12-16,287.84546742287597
1987-12-17,288.3493466652211
1987-12-18,286.15491104100704
1987-12-21,291.3556424819711
1987-12-22,290.49096332380583
1987-12-23,291.2671775059766
1987-12-24,288.84753288561313
1987-12-25,288.80393064125485
1987-12-28,286.12299318241924
1987-12-29,284.51078479686146
1987-12-30,282.5357702729361
1987-12-31,288.77695774664227
1988-01-01,289.47315958825345
1988-01-04,291.5962249822455
1988-01-05,288.2989532949919
1988-01-06,288.80293001951236
1988-01-07,293.51830388917847
1988-01-08,293.26512258259805
1988-01-11,287.66946103245397
1988-01-12,288.7900917443249
1988-01-13,285.72990120104095
1988-01-14,287.1620920794429
1988-01-15,289.6078757014801
1988-01-18,290.8028032492961
1988-01-19,287.38015033946755
1988-01-20,287.35375002404896
1988-01-21,292.9439950452969
1988-01-22,294.16969191376813
1988-01-25,298.53899492429065
1988-01-26,299.30670558247675
1988-01-27,299.5160617679616
1988-01-28,302.3693679444033
1988-01-29,300.53209145280505
1988-02-01,304.5693970778337
1988-02-02,304.41098550689105
1988-02-03,305.30554760327925
1988-02-04,304.0887005195225
1988-02-05,304.984225507765
1988-02-08,306.74354828931627
1988-02-09,303.93729612332055
1988-02-10,308.2616028384481
1988-02-11,312.84738394876734
1988-02-12,311.6984356134782
1988-02-15,317.76703947512425
1988-02-16,318.7590811205308
1988-02-17,313.81674684854613
1988-02-18,316.6737589937488
1988-02-19,318.6913693135774
1988-02-22,322.71791828821324
1988-02-23,323.5654517579153
1988-02-24,326.8428058483272
1988-02-25,330.5958676374666
1988-02-26,332.12444932819085
1988-02-29,327.7394230575588
1988-03-01,325.0834366439466
1988-03-02,325.98817925462686
1988-03-03,322.2529961908675
1988-03-04,320.0277527569715
1988-03-07,323.4325800312015
1988-03-08,317.9042647783229
1988-03-09,317.2721354982509
1988-03-10,319.54858515863106
1988-03-11,320.851646163265
1988-03-14,322.87930593771347
1988-03-15,318.99993655846305
1988-03-16,325.5033813288087
1988-03-17,328.6401439126307
1988-03-18,326.9662803760991
1988-03-21,329.1814811982181
1988-03-22,328.04945621983643
1988-03-23,332.5229389569395
1988-03-24,329.8525542059523
1988-03-25,328.7833697086597
1988-03-28,334.35323946552603
1988-03-29,336.41536836148146
1988-03-30,335.23350383513935
1988-03-31,333.2100072938719
1988-04-01,333.51381993443687
1988-04-04,334.5399274571671
1988-04-05,333.89827693854943
1988-04-06,339.90056653224497
1988-04-07,343.9648371998692
1988-04-08,345.4488028167202
1988-04-11,340.41282804719657
1988-04-12,342.10872806375704
1988-04-13,338.9194909192791
1988-04-14,335.66172708971345
1988-04-15,340.90245362672914
1988-04-18,340.5209610257296
1988-04-19,342.61865889716694
1988-04-20,344.13034011122767
1988-04-21,342.6562094413228
1988-04-22,340.9025964345394
1988-04-25,340.66063409302734
1988-04-26,340.0142118436844
1988-04-27,332.4647128770091
1988-04-28,329.32116679106434
1988-04-29,328.9528526362304
1988-05-02,330.83976107742154
1988-05-03,330.8868352768999
1988-05-04,329.934364704056
1988-05-05,327.0831969340444
1988-05-06,324.002605198148
1988-05-09,322.3175250446656
1988-05-10,319.9018046229662
1988-05-11,318.28394123884834
1988-05-12,319.08021136294735
1988-05-13,316.09135142804314
1988-05-16,312.6920310489775
1988-05-17,311.85670447561887
1988-05-18,312.39739148992965
1988-05-19,314.77892559167105
1988-05-20,315.13334816320355
1988-05-23,316.54555780680613
1988-05-24,314.21775305675004
1988-05-25,317.89541679470557
1988-05-26,319.48144954249324
1988-05-27,316.4612500480339
1988-05-30,317.9977051535506
1988-05-31,317.2791824196056
1988-06-01,318.489100206232
1988-06-02,314.4076897156439
1988-06-03,315.1184578789604
1988-06-06,314.9275753128539
1988-06-07,318.2119618929351
1988-06-08,317.60941451564094
1988-06-09,310.910119803935
1988-06-10,311.56283322217985
1988-06-13,311.7292348971857
1988-06-14,312.71104930443056
1988-06-15,313.0699119751467
1988-06-16,308.4352868261929
1988-06-17,310.44287724968166
1988-06-20,309.1740641140308
1988-06-21,313.32900407405685
1988-06-22,314.1788798167317
1988-06-23,312.355336283882
1988-06-24,315.5037111636442
1988-06-27,319.8007125807512
1988-06-28,318.03029047528565
1988-06-29,318.59027991074623
1988-06-30,311.84216748192443
1988-07-01,309.20112907192015
1988-07-04,308.815299206707
1988-07-05,305.803465609528
1988-07-06,309.92158739126563
1988-07-07,309.5938087978832
1988-07-08,305.51617958147983
1988-07-11,308.643105179168
1988-07-12,305.5781904538059
1988-07-13,308.84474673780863
1988-07-14,306.8624749630127
1988-07-15,307.77508281569516
1988-07-18,307.5432699279448
1988-07-19,306.6089387429689
1988-07-20,309.7074780037985
1988-07-21,310.73232494556515
1988-07-22,304.40292468602183
1988-07-25,303.2718579322549
1988-07-26,308.1987702061399
1988-07-27,309.4853961612727
1988-07-28,306.55661496076675
1988-07-29,308.49596250681725
1988-08-01,309.2940519893203
1988-08-02,305.70724337282746
1988-08-03,303.6195235226901
1988-08-04,305.60479780144436
1988-08-05,306.5611780958384
1988-08-08,309.6695782893759
1988-08-09,307.1140274307624
1988-08-10,309.7775091031539
1988-08-11,316.4569266541374
1988-08-12,319.031251476838
1988-08-15,319.9459043978206
1988-08-16,324.2030083559081
1988-08-17,322.85422263798813
1988-08-18,315.8267104731655
1988-08-19,314.4723099096164
1988-08-22,306.80596427335377
1988-08-23,308.5898903591491
1988-08-24,311.5074192971918
1988-08-25,309.5097685063672
1988-08-26,305.7219648748084
1988-08-29,305.52780671090653
1988-08-30,305.1601763915054
1988-08-31,304.3862591198081
1988-09-01,302.70719388242185
1988-09-02,298.9175571249876
1988-09-05,296.0939815865002
1988-09-06,292.62135716772065
1988-09-07,292.1951879575567
1988-09-08,294.94412044976394
1988-09-09,289.9788026056132
1988-09-12,290.1673913607087
1988-09-13,286.1796457704948
1988-09-14,283.95246997890075
1988-09-15,284.65269943430957
1988-09-16,279.24202924307195
1988-09-19,277.48505107718927
1988-09-20,280.7580979460425
1988-09-21,280.6934619512909
1988-09-22,275.1454217431488
1988-09-23,277.6263898050739
1988-09-26,277.0862207599512
1988-09-27,274.2839150456681
1988-09-28,272.7016316655651
1988-09-29,272.6468885567075
1988-09-30,276.0639942503056
1988-10-03,275.4864339324441
1988-10-04,273.9511052536136
1988-10-05,274.4526388333299
1988-10-06,269.00551159010024
1988-10-07,266.4161516178884
1988-10-10,266.09465976538763
1988-10-11,260.81593417652465
1988-10-12,260.4083757064485
1988-10-13,260.87070523727436
1988-10-14,259.53359771853303
1988-10-17,257.61204130331083
1988-10-18,261.0210522096176
1988-10-19,261.28660315805377
1988-10-20,261.2424457561722
1988-10-21,260.5331885857235
1988-10-24,260.9802647907286
1988-10-25,263.55022459983803
1988-10-26,266.3196408911015
1988-10-27,264.61414197556076
1988-10-28,263.889600368587
1988-10-31,265.69784382351634
1988-11-01,265.43673783161927
1988-11-02,265.96739000910014
1988-11-03,267.9805088589229
1988-11-04,267.1259336134285
1988-11-07,267.9302814422089
1988-11-08,266.9020492562824
1988-11-09,269.2948524250793
1988-11-10,271.5938645199628
1988-11-11,275.5706692918035
1988-11-14,274.7105487886866
1988-11-15,275.1750551290026
1988-11-16,281.43321609378796
1988-11-17,276.9193024965472
1988-11-18,281.82077018066366
1988-11-21,279.4972314541373
1988-11-22,282.8556054371449
1988-11-23,289.8546373198729
1988-11-24,292.9568353996788
1988-11-25,292.3195423041056
1988-11-28,293.31987943306086
1988-11-29,285.06225116379716
1988-11-30,283.59920932283717
1988-12-01,283.9589698385034
1988-12-02,283.61170520231934
1988-12-05,279.24169381162017
1988-12-06,279.4665811249667
1988-12-07,281.99237433568516
1988-12-08,280.37462691971757
1988-12-09,278.387392132501
1988-12-12,275.12864401901373
1988-12-13,278.64992656975727
1988-12-14,278.77465225616703
1988-12-15,280.5396588616311
1988-12-16,281.03651718626406
1988-12-19,280.88001880980903
1988-12-20,282.7590699231338
1988-12-21,284.40693301413137
1988-12-22,284.56523115371544
1988-12-23,284.8516397715764
1988-12-26,285.8601710689827
1988-12-27,286.54673288419343
1988-12-28,285.2622654348573
1988-12-29,286.8208391404433
1988-12-30,284.58006521617864
1989-01-02,285.5522938770633
1989-01-03,286.25028583396687
1989-01-04,288.33306439067775
1989-01-05,290.48880216162655
1989-01-06,288.66932352294856
1989-01-09,295.817853282769
1989-01-10,294.35310636024604
1989-01-11,296.92170084042317
1989-01-12,291.74335777266634
1989-01-13,288.3428441210154
1989-01-16,285.9183502987455
1989-01-17,286.2884353717887
1989-01-18,287.39296154287155
1989-01-19,281.152405027767
1989-01-20,281.71160454684446
1989-01-23,279.9204120041433
1989-01-24,278.93675576822653
1989-01-25,279.65815380965785
1989-01-26,285.6632405800311
1989-01-27,291.4121848684639
1989-01-30,295.5175161113976
1989-01-31,296.93596899532247
1989-02-01,302.31287270165063
1989-02-02,306.445444517558
1989-02-03,301.62454149791284
1989-02-06,298.21449243038074
1989-02-07,298.14611921938985
1989-02-08,296.3014808078518
1989-02-09,297.60248184017445
1989-02-10,302.2877138250525
1989-02-13,302.9511093178907
1989-02-14,302.5326776947115
1989-02-15,298.05333915615506
1989-02-16,297.83956647217923
1989-02-17,293.7523879360358
1989-02-20,291.1495331055595
1989-02-21,293.07685172910874
1989-02-22,293.14507501680004
1989-02-23,294.44938294178763
1989-02-24,293.5210260056596
1989-02-27,293.1966467346589
1989-02-28,294.0050084367476
1989-03-01,290.74604191583427
1989-03-02,291.0577119824577
1989-03-03,289.2169304310398
1989-03-06,289.42926681959347
1989-03-07,294.0512651026592
1989-03-08,290.36572283612094
1989-03-09,296.2672541301559
1989-03-10,297.30413703945743
1989-03-13,297.5965657264158
1989-03-14,302.4668744549976
1989-03-15,308.544161239802
1989-03-16,310.7738200461721
1989-03-17,304.49996369037984
1989-03-20,301.9996429581939
1989-03-21,300.2739542560613
1989-03-22,300.6247360835138
1989-03-23,302.9817757248892
1989-03-24,303.50422092959275
1989-03-27,309.39900873623054
1989-03-28,314.7489602434285
1989-03-29,319.48637891456406
1989-03-30,316.99565387251573
1989-03-31,321.7499682741474
1989-04-03,318.6068890926082
1989-04-04,318.1949035919436
1989-04-05,317.3484498032088
1989-04-06,317.58991134784947
1989-04-07,319.5501193681495
1989-04-10,317.0161523572776
1989-04-11,313.3099273427787
1989-04-12,313.91068171155337
1989-04-13,318.20101405835464
1989-04-14,317.6723439323095
1989-04-17,315.18521226756053
1989-04-18,312.0788019671683
1989-04-19,305.47324227286447
1989-04-20,303.56035389887035
1989-04-21,302.75594729588437
1989-04-24,298.6312956961814
1989-04-25,298.7993865273152
1989-04-26,296.2155271423806
1989-04-27,296.80091124536716
1989-04-28,297.4302133646352
1989-05-01,299.7439084762875
1989-05-02,301.1896709904959
1989-05-03,297.84821852990564
1989-05-04,300.1983064139172
1989-05-05,298.1554427637897
1989-05-08,303.2321030467691
1989-05-09,301.6859426784187
1989-05-10,300.46616555427295
1989-05-11,305.5753950231679
1989-05-12,303.908439530129
1989-05-15,300.4082730392727
1989-05-16,297.83636252748505
1989-05-17,296.339760024719
1989-05-18,293.7896068014993
1989-05-19,290.41553441360566
1989-05-22,291.8515529148523
1989-05-23,292.2386819657671
1989-05-24,289.1891314137303
1989-05-25,289.5469319439653
1989-05-26,289.68249519631394
1989-05-29,287.4216640348998
1989-05-30,283.2125151215393
1989-05-31,286.1051496857354
1989-06-01,287.389171166625
1989-06-02,289.94461395907655
1989-06-05,293.84593446830553
1989-06-06,288.5315589488926
1989-06-07,288.88645696036
1989-06-08,289.41301854776634
1989-06-09,287.03984499781666
1989-06-12,289.79702628807354
1989-06-13,287.80123130086696
1989-06-14,291.2099875197589
1989-06-15,291.11780100799353
1989-06-16,295.93915650235647
1989-06-19,298.98082091852353
1989-06-20,299.41975494384496
1989-06-21,302.4797222532139
1989-06-22,304.32724203449
1989-06-23,308.0728425504767
1989-06-26,307.25640626662494
1989-06-27,305.35734476296335
1989-06-28,305.5261354138643
1989-06-29,307.18192045512006
1989-06-30,312.2636876074656
1989-07-03,308.7523006631605
1989-07-04,310.86039171509253
1989-07-05,311.11160673927964
1989-07-06,313.6646023243315
1989-07-07,316.5423812598246
1989-07-10,315.02413113046487
1989-07-11,316.56151552771524
1989-07-12,315.47316034430395
1989-07-13,312.43022434801765
1989-07-14,315.1544241799703
1989-07-17,314.62643969452444
1989-07-18,316.1624046767224
1989-07-19,318.24317278618463
1989-07-20,323.5508213043059
1989-07-21,315.3432048034135
1989-07-24,318.1987483851945
1989-07-25,322.29506197867937
1989-07-26,324.5083827077123
1989-07-27,327.38077441630014
1989-07-28,324.0066112296173
1989-07-31,314.8121814513822
1989-08-01,319.7857725564952
1989-08-02,321.54365162884017
1989-08-03,320.60507050840596
1989-08-04,317.8761289975469
1989-08-07,312.3280278005037
1989-08-08,311.9065615951921
1989-08-09,312.7506176889773
1989-08-10,310.0256957836603
1989-08-11,309.0160433466271
1989-08-14,304.2720071841334
1989-08-15,299.92006631040124
1989-08-16,300.89612133439203
1989-08-17,300.439644272465
1989-08-18,295.6674910742435
1989-08-21,294.86206927443556
1989-08-22,294.49924301451324
1989-08-23,292.7743937231795
1989-08-24,292.8617657205284
1989-08-25,293.5145592429276
1989-08-28,293.0856804516894
1989-08-29,295.92411701545234
1989-08-30,291.5776528912924
1989-08-31,296.0480350889622
1989-09-01,296.4120702411383
1989-09-04,296.75261827286283
1989-09-05,298.0981090638042
1989-09-06,299.8330112565163
1989-09-07,298.00948968719945
1989-09-08,300.08235612425153
1989-09-11,300.681908414137
1989-09-12,302.36686594544557
1989-09-13,300.54191173120915
1989-09-14,301.4599225757435
1989-09-15,301.2941304271378
1989-09-18,298.24949096843727
1989-09-19,295.00429561649923
1989-09-20,296.2747229573948
1989-09-21,297.1116478608481
1989-09-22,298.08455398086306
1989-09-25,300.6807582834029
1989-09-26,300.53288468730295
1989-09-27,305.4089321758781
1989-09-28,306.05299804342076
1989-09-29,306.7900282397496
1989-10-02,310.0536490800556
1989-10-03,312.52157760305596
1989-10-04,314.3204907285652
1989-10-05,310.0111746476248
1989-10-06,309.674966682386
1989-10-09,303.94290361340717
1989-10-10,305.3756641633944
1989-10-11,305.3447387829542
1989-10-12,302.95446033132765
1989-10-13,302.9676768857314
1989-10-16,302.8630659751498
1989-10-17,309.05741504425816
1989-10-18,306.6759654569996
1989-10-19,310.7542110219352
1989-10-20,305.884618108798
1989-10-23,307.4418818920926
1989-10-24,314.1914275630614
1989-10-25,316.49970404609275
1989-10-26,316.86515442032925
1989-10-27,312.0447049850725
1989-10-30,312.75628962224044
1989-10-31,307.6452678049472
1989-11-01,309.1217012352448
1989-11-02,309.79958040435514
1989-11-03,312.49042116037674
1989-11-06,311.99242502335017
1989-11-07,319.080076158467
1989-11-08,320.3144549146915
1989-11-09,326.3071728242587
1989-11-10,324.28576893263613
1989-11-13,330.3546090343356
1989-11-14,328.96196768140845
1989-11-15,329.9445579167367
1989-11-16,322.1958953383527
1989-11-17,319.6254988325359
1989-11-20,321.070742147541
1989-11-21,322.96175924055024
1989-11-22,324.12176626266086
1989-11-23,323.18278922013207
1989-11-24,321.6523538698428
1989-11-27,328.55385033851115
1989-11-28,334.3425990702572
1989-11-29,332.7166145263904
1989-11-30,334.83526733824874
1989-12-01,331.6273328218061
1989-12-04,335.16518091771354
1989-12-05,339.5567848513109
1989-12-06,340.86996039777017
1989-12-07,343.99485202764896
1989-12-08,341.63588607653173
1989-12-11,339.95856994283196
1989-12-12,340.67162515105275
1989-12-13,335.79940310422535
1989-12-14,335.8596146190286
1989-12-15,340.0411203588182
1989-12-18,331.7751975646485
1989-12-19,336.91301024568236
1989-12-20,341.24238738060836
1989-12-21,339.14462991662685
1989-12-22,342.9949594270653
1989-12-25,339.0583478393503
1989-12-26,338.71671194357975
1989-12-27,336.1361323706989
1989-12-28,335.58584773802403
1989-12-29,331.77791247407725
1990-01-01,331.2344296310621
1990-01-02,331.779415672568
1990-01-03,333.49147113099986
1990-01-04,336.40033009234196
1990-01-05,333.1656864379503
1990-01-08,330.82745793615027
1990-01-09,334.2153216439612
1990-01-10,334.597192786036
1990-01-11,340.1156351466378
1990-01-12,341.3852987869601
1990-01-15,342.4296771386323
1990-01-16,337.2881210395288
1990-01-17,334.31003162719907
1990-01-18,333.2560593207553
1990-01-19,332.9684773961855
1990-01-22,334.4296620672922
1990-01-23,333.3125630363139
1990-01-24,326.71182113911493
1990-01-25,328.33172485721883
1990-01-26,327.5441701460405
1990-01-29,324.6733524315485
1990-01-30,329.407770715658
1990-01-31,329.49429499683015
1990-02-01,334.2601851755966
1990-02-02,330.3986448960415
1990-02-05,323.29808943801316
1990-02-06,324.9201688540472
1990-02-07,322.68793173139187
1990-02-08,326.4618185833
1990-02-09,322.56165960541034
1990-02-12,321.66278066911997
1990-02-13,321.3404893026604
1990-02-14,325.68736225298005
1990-02-15,325.8250164612948
1990-02-16,326.1407441590539
1990-02-19,325.39019398371704
1990-02-20,326.67250442402906
1990-02-21,329.3743484468109
1990-02-22,330.4646826180464
1990-02-23,332.46120186658453
1990-02-26,321.51897980402094
1990-02-27,319.13185293747176
1990-02-28,323.50275067233804
1990-03-01,329.0817574700967
1990-03-02,330.5842553800969
1990-03-05,336.28982544901044
1990-03-06,333.2386513143141
1990-03-07,330.8004566416967
1990-03-08,332.79786023357326
1990-03-09,331.3765075160856
1990-03-12,328.86856715301155
1990-03-13,331.9994964901186
1990-03-14,335.09566546286453
1990-03-15,334.637092879815
1990-03-16,328.2285490223127
1990-03-19,330.4917686863752
1990-03-20,331.05561068884606
1990-03-21,326.6098216928068
1990-03-22,322.1454988599786
1990-03-23,325.1920194385295
1990-03-26,329.57820113139894
1990-03-27,329.7256519049754
1990-03-28,331.185543773598
1990-03-29,336.39293670023926
1990-03-30,337.45548637792484
1990-04-02,338.18957298988266
1990-04-03,339.825481813835
1990-04-04,340.6181009846108
1990-04-05,339.43983515484103
1990-04-06,344.4011506430351
1990-04-09,342.3754233591501
1990-04-10,346.2253970017126
1990-04-11,346.15373357608655
1990-04-12,349.68275099398915
1990-04-13,343.2187958356558
1990-04-16,350.7246992741279
1990-04-17,354.88355228033174
1990-04-18,356.8926677730049
1990-04-19,356.09163727797386
1990-04-20,351.3224676482058
1990-04-23,353.85777258712733
1990-04-24,360.4765342746762
1990-04-25,358.78554485824156
1990-04-26,358.42878202758806
1990-04-27,358.92408217927317
1990-04-30,361.3743321755928
1990-05-01,365.82169727686215
1990-05-02,365.4564120418152
1990-05-03,362.6201906811363
1990-05-04,371.6802624358071
1990-05-07,367.9907893940787
1990-05-08,365.10511776866196
1990-05-09,363.47999753081587
1990-05-10,361.23467439004276
1990-05-11,363.10674667414185
1990-05-14,359.3949437690847
1990-05-15,363.6166651258087
1990-05-16,360.06709121586726
1990-05-17,357.5874807909978
1990-05-18,363.55559432654593
1990-05-21,363.38666570266804
1990-05-22,366.33109670402297
1990-05-23,366.24983272002703
1990-05-24,368.8429771287356
1990-05-25,368.49429738873295
1990-05-28,376.4077070581141
1990-05-29,372.05430356658445
1990-05-30,371.2014197579902
1990-05-31,370.70995093628426
1990-06-01,377.51178769667166
1990-06-04,373.6735881469688
1990-06-05,369.8817297912906
1990-06-06,375.70965480905426
1990-06-07,378.23377717073345
1990-06-08,378.16995728970403
1990-06-11,377.78427055733476
1990-06-12,377.3159597513159
1990-06-13,378.8131919323034
1990-06-14,380.677803695598
1990-06-15,382.1075025653306
1990-06-18,382.2445134114164
1990-06-19,379.0406015541814
1990-06-20,375.0421052918604
1990-06-21,373.4437486543459
1990-06-22,375.0152225081292
1990-06-25,383.19749596135455
1990-06-26,382.29087823614105
1990-06-27,378.096910578703
1990-06-28,380.0112019219056
1990-06-29,378.1987876109636
1990-07-02,382.4080633547869
1990-07-03,385.2044144320194
1990-07-04,388.69717854387244
1990-07-05,390.23412769818935
1990-07-06,389.8892164690144
1990-07-09,393.07662691532863
1990-07-10,398.0457473176126
1990-07-11,396.25629428409
1990-07-12,395.1830842099348
1990-07-13,392.03930120911394
1990-07-16,385.9377718076922
1990-07-17,382.45352979103194
1990-07-18,375.17778253427514
1990-07-19,373.24571477999666
1990-07-20,378.04114599772106
1990-07-23,377.720404254667
1990-07-24,382.29821525540785
1990-07-25,383.0644051392509
1990-07-26,393.06396463304736
1990-07-27,393.7697841462302
1990-07-30,393.5579688177129
1990-07-31,390.7439844960952
1990-08-01,391.0939065281179
1990-08-02,390.34010018440955
1990-08-03,392.63535092648607
1990-08-06,389.4578011731337
1990-08-07,387.7390011473422
1990-08-08,384.7199466581081
1990-08-09,384.66540936994653
1990-08-10,388.17245462264094
1990-08-13,389.25585193675846
1990-08-14,391.5227156124291
1990-08-15,395.3732098093263
1990-08-16,397.2614878389539
1990-08-17,401.93061095762886
1990-08-20,408.178662400921
1990-08-21,403.19968790950804
1990-08-22,398.5373373665449
1990-08-23,397.53837213289484
1990-08-24,396.2914644948759
1990-08-27,397.9509436251283
1990-08-28,393.99057266430697
1990-08-29,396.6407112256792
1990-08-30,399.5730304516655
1990-08-31,401.67150998888656
1990-09-03,403.3897918278785
1990-09-04,407.2419121180357
1990-09-05,404.0886145424726
1990-09-06,400.2748858873447
1990-09-07,395.7690031126161
1990-09-10,396.8771067603473
1990-09-11,398.18137132752406
1990-09-12,390.6280132850113
1990-09-13,382.45608411128427
1990-09-14,382.75283704368303
1990-09-17,377.4582287296504
1990-09-18,371.8158056362494
1990-09-19,374.3069136715148
1990-09-20,376.6712638912089
1990-09-21,375.5147051569993
1990-09-24,370.7646392740714
1990-09-25,375.7117207675932
1990-09-26,384.282690780088
1990-09-27,393.71200960028114
1990-09-28,396.02853726928464
1990-10-01,396.38611461310495
1990-10-02,397.8463035831812
1990-10-03,398.342572772481
1990-10-04,392.76374025373366
1990-10-05,391.29203439608636
1990-10-08,395.6246235510181
1990-10-09,400.27155725384773
1990-10-10,397.37808369788604
1990-10-11,399.8032817801599
1990-10-12,394.707193405742
1990-10-15,398.79300573525734
1990-10-16,395.68768551190624
1990-10-17,398.530466861517
1990-10-18,400.84287245101046
1990-10-19,404.65309637237186
1990-10-22,400.8196161680154
1990-10-23,391.83264166384174
1990-10-24,391.2890437693941
1990-10-25,391.3213781990108
1990-10-26,390.5165438558431
1990-10-29,383.3211152936668
1990-10-30,381.13220936837416
1990-10-31,384.098335406703
1990-11-01,385.0093413111624
1990-11-02,382.5792787746532
1990-11-05,384.6283388472776
1990-11-06,385.19502893980695
1990-11-07,390.3076070355804
1990-11-08,393.96857869287953
1990-11-09,391.83385737720994
1990-11-12,392.89411168367866
1990-11-13,392.9463494044442
1990-11-14,394.7591508426715
1990-11-15,399.9724101557685
1990-11-16,402.3820277998004
1990-11-19,404.4030277190983
1990-11-20,400.5696475881036
1990-11-21,397.58499831102085
1990-11-22,401.9546434056956
1990-11-23,405.1832171316985
1990-11-26,403.3253161466202
1990-11-27,402.6272734340086
1990-11-28,400.4736846154161
1990-11-29,406.5546862692642
1990-11-30,404.9401680728918
1990-12-03,399.8734793404344
1990-12-04,395.79146081904526
1990-12-05,397.7340051668519
1990-12-06,394.3344448379103
1990-12-07,399.14256425390664
1990-12-10,400.9194510526671
1990-12-11,404.5045131359751
1990-12-12,404.23155637420734
1990-12-13,407.4670118490795
1990-12-14,414.5529659669654
1990-12-17,411.82334935040126
1990-12-18,410.2100090090961
1990-12-19,408.25154028428415
1990-12-20,404.372905271702
1990-12-21,411.91040928689654
1990-12-24,412.9743092614466
1990-12-25,416.0762178414012
1990-12-26,413.774034620105
1990-12-27,408.6767788453655
1990-12-28,399.65571465045286
1990-12-31,399.8496565473874
1991-01-01,396.01779771018977
1991-01-02,396.29798077453125
1991-01-03,395.95061642976975
1991-01-04,396.27443910277384
1991-01-07,404.9046982502659
1991-01-08,402.0189493881135
1991-01-09,402.2285849273138
1991-01-10,401.4966870551774
1991-01-11,396.86996449799904
1991-01-14,396.0699438587392
1991-01-15,396.24033512680785
1991-01-16,391.29677572867496
1991-01-17,392.60348970102984
1991-01-18,389.7936011616253
1991-01-21,390.61865733746936
1991-01-22,393.7853091983411
1991-01-23,397.12381032749323
1991-01-24,405.8792335946983
1991-01-25,405.64498371195344
1991-01-28,402.05197892569146
1991-01-29,405.7025550744488
1991-01-30,408.45073862062924
1991-01-31,407.260840868327
1991-02-01,404.55805499021255
1991-02-04,398.9016211866407
1991-02-05,397.08162366064846
1991-02-06,395.8710756685556
1991-02-07,396.408623670905
1991-02-08,401.129242720441
1991-02-11,397.6645422871239
1991-02-12,389.9097619968068
1991-02-13,392.3732372863473
1991-02-14,395.45764074938955
1991-02-15,395.4795890313505
1991-02-18,391.3215254583218
1991-02-19,388.0623482179193
1991-02-20,383.9241174729173
1991-02-21,389.47221580694367
1991-02-22,381.61885008122204
1991-02-25,380.2036774493885
1991-02-26,382.2770444713528
1991-02-27,382.7133637887949
1991-02-28,381.5211414039207
1991-03-01,383.2749369206641
1991-03-04,383.4494555550352
1991-03-05,379.73589548470096
1991-03-06,381.7821642205945
1991-03-07,381.8504564873183
1991-03-08,376.9120917660281
1991-03-11,379.61199060019743
1991-03-12,383.56315711773334
1991-03-13,380.19929628748747
1991-03-14,375.6421065418551
1991-03-15,383.4599062805888
1991-03-18,383.340844856221
1991-03-19,381.9647908224397
1991-03-20,379.7177832621946
1991-03-21,383.46710644206223
1991-03-22,382.53156293073727
1991-03-25,379.6101334620966
1991-03-26,379.87450605798125
1991-03-27,380.5119955400514
1991-03-28,379.4983229133715
1991-03-29,383.3481979994817
1991-04-01,381.5400037174506
1991-04-02,384.0698950390991
1991-04-03,385.773137034609
1991-04-04,382.16502330631715
1991-04-05,380.83980911171915
1991-04-08,377.5641349309395
1991-04-09,376.23036976605016
1991-04-10,377.74498664566954
1991-04-11,382.03674236421483
1991-04-12,377.5380147228144
1991-04-15,377.65681252249317
1991-04-16,370.7847702461755
1991-04-17,372.82525301124315
1991-04-18,370.99493824946416
1991-04-19,365.23369192366806
1991-04-22,360.2306355592998
1991-04-23,359.1317953802709
1991-04-24,355.28084055259757
1991-04-25,360.796748524043
1991-04-26,363.29698954919775
1991-04-29,358.21435918164553
1991-04-30,355.76019347827935
1991-05-01,361.69386042307053
1991-05-02,362.5273011946473
1991-05-03,358.588789709533
1991-05-06,359.01552289755693
1991-05-07,358.4105817369295
1991-05-08,360.82741214860664
1991-05-09,363.0473668022588
1991-05-10,363.22396880848345
1991-05-13,365.7299199712461
1991-05-14,369.9954304137558
1991-05-15,373.7334146323538
1991-05-16,379.5712493662134
1991-05-17,374.4787945014117
1991-05-20,370.015405550472
1991-05-21,370.7379939227408
1991-05-22,370.2750038348138
1991-05-23,373.1001231969565
1991-05-24,369.6220045145247
1991-05-27,368.0224307230853
1991-05-28,374.4901484717861
1991-05-29,377.9775314405869
1991-05-30,382.62812442957045
1991-05-31,381.7008822169998
1991-06-03,384.5792522751247
1991-06-04,380.26891805380063
1991-06-05,382.9910800426774
1991-06-06,387.8276594575739
1991-06-07,385.6347554064258
1991-06-10,386.4217221226431
1991-06-11,387.46888793834427
1991-06-12,386.7522102547004
1991-06-13,385.7024140078543
1991-06-14,378.6721644453125
1991-06-17,377.07109430865864
1991-06-18,378.02794403198385
1991-06-19,377.34991257517385
1991-06-20,382.69784975418605
1991-06-21,370.92547527396476
1991-06-24,371.9616659042649
1991-06-25,363.97837704472295
1991-06-26,362.17179170026327
1991-06-27,361.61740658271685
1991-06-28,359.0572176145899
1991-07-01,356.3121092983605
1991-07-02,352.7491377593941
1991-07-03,345.48506196901
1991-07-04,346.6485844854095
1991-07-05,346.39752038891385
1991-07-08,341.42629930701435
1991-07-09,343.57877059152133
1991-07-10,336.41565037365547
1991-07-11,342.08658368580393
1991-07-12,337.3428010686327
1991-07-15,338.28861803189534
1991-07-16,337.8672492796372
1991-07-17,336.28258352160736
1991-07-18,331.5937406313637
1991-07-19,333.8547946276604
1991-07-22,335.26581310167563
1991-07-23,333.6406485243495
1991-07-24,341.4790175672249
1991-07-25,339.5711077117121
1991-07-26,336.7807554079764
1991-07-29,330.2352813382126
1991-07-30,329.8637766877876
1991-07-31,330.10807967745825
1991-08-01,329.25768169226984
1991-08-02,333.6462854553981
1991-08-05,330.16304057607647
1991-08-06,331.4086600625626
1991-08-07,333.3279284051475
1991-08-08,333.8432099869547
1991-08-09,332.8595635682955
1991-08-12,331.7724830465959
1991-08-13,335.1797372180025
1991-08-14,336.78720551557825
1991-08-15,334.55868991443793
1991-08-16,332.88346029250215
1991-08-19,333.1426070308326
1991-08-20,329.22240248427977
1991-08-21,330.33990397640434
1991-08-22,337.11891986646236
1991-08-23,337.0134010921321
1991-08-26,338.3260621477806
1991-08-27,340.3187540778727
1991-08-28,337.1609087439517
1991-08-29,341.67398275192886
1991-08-30,339.4123002813474
1991-09-02,338.1146212658397
1991-09-03,333.14366175740423
1991-09-04,327.17774005829693
1991-09-05,335.6929515638561
1991-09-06,337.0392183873946
1991-09-09,341.177785092026
1991-09-10,345.0125321207064
1991-09-11,338.65017575391954
1991-09-12,337.0952871612614
1991-09-13,337.0642010575615
1991-09-16,333.0187110184268
1991-09-17,339.2502286142025
1991-09-18,340.2921301783793
1991-09-19,341.1336453963678
1991-09-20,333.8181816388567
1991-09-23,335.2135510155565
1991-09-24,331.17755895495816
1991-09-25,333.54014042534703
1991-09-26,333.81184154548015
1991-09-27,342.0733782446537
1991-09-30,348.9886157528155
1991-10-01,345.4385517227332
1991-10-02,344.4705821001517
1991-10-03,352.04525297913955
1991-10-04,353.62838748811134
1991-10-07,357.448231361936
1991-10-08,353.27870679579286
1991-10-09,352.82993220361465
1991-10-10,353.774252115509
1991-10-11,354.22598319384514
1991-10-14,353.5001570222069
1991-10-15,350.9734525558528
1991-10-16,346.9791093860612
1991-10-17,348.06633035955736
1991-10-18,353.57488135538404
1991-10-21,356.60125252926525
1991-10-22,352.79047516641407
1991-10-23,351.3885577413134
1991-10-24,356.1100584316323
1991-10-25,360.4803719076527
1991-10-28,362.6216930173247
1991-10-29,359.8482701569518
1991-10-30,358.63469230694756
1991-10-31,358.8612258950645
1991-11-01,359.4319563207262
1991-11-04,365.3688437137645
1991-11-05,364.32280981435713
1991-11-06,361.3808040026987
1991-11-07,355.30272202095745
1991-11-08,359.8005311730038
1991-11-11,361.85818230114876
1991-11-12,358.5095612201745
1991-11-13,360.78113800372836
1991-11-14,359.82296168640016
1991-11-15,363.18516525359786
1991-11-18,366.17049019225436
1991-11-19,359.5986495516041
1991-11-20,360.6064016819984
1991-11-21,361.94904387704634
1991-11-22,365.0904836994862
1991-11-25,362.2163204220266
1991-11-26,360.34058211972234
1991-11-27,361.77552863420175
1991-11-28,359.90802690287046
1991-11-29,357.48600912399786
1991-12-02,354.2486300663933
1991-12-03,352.72526785153786
1991-12-04,348.2247903231926
1991-12-05,351.23722067605814
1991-12-06,346.9999829747204
1991-12-09,348.7690758222926
1991-12-10,351.7650492929846
1991-12-11,349.13598982191365
1991-12-12,347.7795652249766
1991-12-13,350.03478694576177
1991-12-16,346.70777406593584
1991-12-17,349.30135563693057
1991-12-18,351.9726017135261
1991-12-19,354.3930573055088
1991-12-20,355.24717127992085
1991-12-23,350.2390248316894
1991-12-24,347.6422444501743
1991-12-25,351.91105808832225
1991-12-26,349.16889556887753
1991-12-27,349.11769418501905
1991-12-30,348.51588628545153
1991-12-31,340.73010726503037
1992-01-01,344.8322386504652
1992-01-02,346.32829900383166
1992-01-03,351.61631662901556
1992-01-06,350.77758973329367
1992-01-07,350.66985048205504
1992-01-08,347.83282336576764
1992-01-09,343.0397615285712
1992-01-10,345.0183042351106
1992-01-13,343.42998838251435
1992-01-14,340.2950627094361
1992-01-15,339.1678641914128
1992-01-16,338.8193500828244
1992-01-17,338.7018078746285
1992-01-20,334.82811801332645
1992-01-21,333.4735424917008
1992-01-22,332.0718272914908
1992-01-23,326.2699582442619
1992-01-24,325.2356199923488
1992-01-27,320.0953464484269
1992-01-28,312.6095299314194
1992-01-29,311.04660632239484
1992-01-30,315.6547913476003
1992-01-31,315.5918790874181
1992-02-03,320.0351655680999
1992-02-04,322.1430055198074
1992-02-05,321.71865418782875
1992-02-06,320.306556024188
1992-02-07,318.1119484014172
1992-02-10,320.14221448996835
1992-02-11,321.78647530088966
1992-02-12,323.2106117955048
1992-02-13,322.50699722808764
1992-02-14,330.3076089343088
1992-02-17,332.94886445541124
1992-02-18,333.2549680258139
1992-02-19,338.10400377043527
1992-02-20,338.5591001901586
1992-02-21,333.5191821042819
1992-02-24,330.69522290876745
1992-02-25,334.415617882102
1992-02-26,337.7036176333927
1992-02-27,334.25795328360084
1992-02-28,337.65609884132897
1992-03-02,339.5586353535181
1992-03-03,340.0356396420967
1992-03-04,339.26124106609063
1992-03-05,340.1213586545228
1992-03-06,344.09931976497603
1992-03-09,345.6910507289801
1992-03-10,348.48294502643955
1992-03-11,347.97816992225637
1992-03-12,350.65729938600623
1992-03-13,351.34856541910665
1992-03-16,352.2666559781376
1992-03-17,349.9702339387253
1992-03-18,354.4790596394561
1992-03-19,360.77323246802916
1992-03-20,363.3770584650779
1992-03-23,360.8714023064094
1992-03-24,367.67330224784916
1992-03-25,361.7262408279132
1992-03-26,354.6372753091189
1992-03-27,356.61700275893566
1992-03-30,361.81476030566967
1992-03-31,361.9784229121744
1992-04-01,366.81324573095884
1992-04-02,366.84446868185864
1992-04-03,365.11932466613627
1992-04-06,362.20186546432905
1992-04-07,364.29551433108594
1992-04-08,361.80323507600895
1992-04-09,359.3632969544652
1992-04-10,361.92700000301323
1992-04-13,362.3005415387359
1992-04-14,362.60880466585684
1992-04-15,358.88722827240105
1992-04-16,355.65235447431064
1992-04-17,355.2189419597379
1992-04-20,354.2498380340967
1992-04-21,356.44988384313405
1992-04-22,355.8607058928623
1992-04-23,354.62428799002345
1992-04-24,353.7894215400546
1992-04-27,352.38726616630026
1992-04-28,352.57066249084806
1992-04-29,358.0194465207465
1992-04-30,359.39888166635996
1992-05-01,363.1570587424701
1992-05-04,363.6542672061205
1992-05-05,366.0367636761085
1992-05-06,365.95812601733786
1992-05-07,359.6124774991443
1992-05-08,361.80047532443854
1992-05-11,357.3809139615695
1992-05-12,355.23622191567495
1992-05-13,353.6504491265834
1992-05-14,356.8566972459866
1992-05-15,353.7162504532304
1992-05-18,354.9468353092136
1992-05-19,352.1353910410393
1992-05-20,352.12445159684313
1992-05-21,352.7328466995346
1992-05-22,350.2551932694252
1992-05-25,349.5991268429443
1992-05-26,348.63304422901257
1992-05-27,353.3152469361769
1992-05-28,355.3043984796768
1992-05-29,357.1574573991899
1992-06-01,358.73973302117406
1992-06-02,358.29464047863513
1992-06-03,361.63108603304494
1992-06-04,364.5836681926342
1992-06-05,366.9728418574805
1992-06-08,368.86597456214423
1992-06-09,362.24567771265356
1992-06-10,358.9639677446637
1992-06-11,362.8328968812783
1992-06-12,359.4496355228284
1992-06-15,361.4732462236857
1992-06-16,361.6675560690445
1992-06-17,358.27037795756945
1992-06-18,355.0179995547308
1992-06-19,351.42733574379656
1992-06-22,345.9008656047398
1992-06-23,344.11081852518146
1992-06-24,337.3517701048598
1992-06-25,333.81253627929414
1992-06-26,337.82139316466083
1992-06-29,335.9966988560115
1992-06-30,339.98583468959106
1992-07-01,345.8907199510194
1992-07-02,344.9438017257702
1992-07-03,344.10146524677145
1992-07-06,344.0255692476046
1992-07-07,346.887783124688
1992-07-08,346.1868586805464
1992-07-09,348.41391704598027
1992-07-10,348.39673648762505
1992-07-13,345.4656634785954
1992-07-14,348.80361118522137
1992-07-15,349.13411693613455
1992-07-16,344.9153939869525
1992-07-17,343.5243735380775
1992-07-20,344.79919169565636
1992-07-21,349.30735172633626
1992-07-22,353.56561365192505
1992-07-23,353.4839045823435
1992-07-24,357.1797229122839
1992-07-27,355.7221950567394
1992-07-28,358.43110755110297
1992-07-29,357.5724075672931
1992-07-30,357.0573594672272
1992-07-31,357.5508333820347
1992-08-03,353.7502087241346
1992-08-04,354.4124983745632
1992-08-05,357.1755884697584
1992-08-06,356.47815825607637
1992-08-07,351.6195861439626
1992-08-10,353.13516200370464
1992-08-11,361.4639358927825
1992-08-12,363.98969138106503
1992-08-13,363.1010927156034
1992-08-14,368.1309273615199
1992-08-17,365.29157368803806
1992-08-18,356.92708029976063
1992-08-19,351.6889692892474
1992-08-20,350.0601035666717
1992-08-21,345.86273833022835
1992-08-24,350.30337121629884
1992-08-25,349.92574574179946
1992-08-26,349.41146371886737
1992-08-27,351.1649387428004
1992-08-28,347.6973920433237
1992-08-31,347.6029164670059
1992-09-01,347.1651819508145
1992-09-02,346.60506772992164
1992-09-03,341.32483563236576
1992-09-04,344.122551397305
1992-09-07,342.1494767142294
1992-09-08,341.75107304862377
1992-09-09,337.1947022635799
1992-09-10,337.22172159070584
1992-09-11,336.65158154756335
1992-09-14,336.05529820994434
1992-09-15,341.82203692081373
1992-09-16,344.2573448406297
1992-09-17,341.0761294335653
1992-09-18,340.18021757419683
1992-09-21,339.68525630445447
1992-09-22,341.1210287357229
1992-09-23,342.18679926870965
1992-09-24,344.94798849610476
1992-09-25,348.77114265172264
1992-09-28,353.7367968434421
1992-09-29,357.5299766938644
1992-09-30,362.4456370804721
1992-10-01,364.54517223809376
1992-10-02,362.1273226077766
1992-10-05,360.63411761568887
1992-10-06,362.07164069840417
1992-10-07,362.8964321182585
1992-10-08,364.6118353312697
1992-10-09,363.2355107186719
1992-10-12,364.8838518263593
1992-10-13,366.83454068477363
1992-10-14,365.01017147987676
1992-10-15,366.3658250037005
1992-10-16,370.9558323922564
1992-10-19,366.2198912159663
1992-10-20,365.4146056841904
1992-10-21,364.1655033286207
1992-10-22,364.0439651545477
1992-10-23,362.97052837265676
1992-10-26,364.1135004573199
1992-10-27,361.3694251300908
1992-10-28,368.70529411285185
1992-10-29,364.23520909316437
1992-10-30,367.26651833198105
1992-11-02,367.34335892464753
1992-11-03,367.25896818196117
1992-11-04,363.09920431473245
1992-11-05,357.17855682307305
1992-11-06,357.32162967206403
1992-11-09,356.52273462646025
1992-11-10,352.56389713579335
1992-11-11,351.53714791277275
1992-11-12,352.7266138327773
1992-11-13,347.9592209046869
1992-11-16,341.77096146101724
1992-11-17,338.11192285234944
1992-11-18,338.5928323438673
1992-11-19,336.3493333529204
1992-11-20,334.488536525669
1992-11-23,336.0490964838444
1992-11-24,338.2514930609986
1992-11-25,336.1478419630311
1992-11-26,338.34923772587075
1992-11-27,339.74196743657455
1992-11-30,337.3858552449396
1992-12-01,334.3197365317437
1992-12-02,336.176891665668
1992-12-03,331.8969165078712
1992-12-04,333.5594074748308
1992-12-07,337.3076307440747
1992-12-08,338.1146995038806
1992-12-09,333.05276761689225
1992-12-10,338.87710397297946
1992-12-11,337.6294340604829
1992-12-14,336.5442851987537
1992-12-15,330.9362534992152
1992-12-16,330.4225990514001
1992-12-17,330.21459718343914
1992-12-18,336.8443702317149
1992-12-21,331.13364184960096
1992-12-22,333.83613331252093
1992-12-23,334.2153717860118
1992-12-24,339.0503401026428
1992-12-25,335.96894933489006
1992-12-28,337.4691106579213
1992-12-29,334.49102213439977
1992-12-30,338.86002044599945
1992-12-31,335.5043094820851
1993-01-01,338.1446546697956
1993-01-04,341.20987552033694
1993-01-05,344.9543463159826
1993-01-06,342.12558800587516
1993-01-07,343.13582654414006
1993-01-08,339.09476790646596
1993-01-11,341.3881842947532
1993-01-12,346.4866102309068
1993-01-13,342.63382502948906
1993-01-14,346.3810545105704
1993-01-15,350.65356371702813
1993-01-18,349.62346918956075
1993-01-19,356.1069490541294
1993-01-20,353.55697015743027
1993-01-21,352.5612419351836
1993-01-22,355.71071881536585
1993-01-25,355.05999894436616
1993-01-26,355.99640389413656
1993-01-27,353.9516587473614
1993-01-28,349.56420557011126
1993-01-29,353.8829927514868
1993-02-01,350.89827983592807
1993-02-02,352.3410157610063
1993-02-03,354.24093655669947
1993-02-04,353.3807990008868
1993-02-05,355.030759614505
1993-02-08,348.5437756089816
1993-02-09,347.5512455640241
1993-02-10,351.5963738043392
1993-02-11,350.1326280116505
1993-02-12,351.5010459228059
1993-02-15,353.0301156520384
1993-02-16,353.3190291908163
1993-02-17,352.1985238433521
1993-02-18,357.504648665899
1993-02-19,355.7080297379861
1993-02-22,359.6446001851676
1993-02-23,359.2896420735606
1993-02-24,366.02063430555654
1993-02-25,369.4852581788144
1993-02-26,371.8193433404772
1993-03-01,370.1729385646342
1993-03-02,372.0834738789619
1993-03-03,369.23352932727954
1993-03-04,366.66792542339766
1993-03-05,375.3226730384606
1993-03-08,373.6007503487092
1993-03-09,371.5601079711233
1993-03-10,377.4731443058768
1993-03-11,379.75781802401633
1993-03-12,385.8729599983959
1993-03-15,381.7642197644072
1993-03-16,378.5015514324555
1993-03-17,380.58028332452966
1993-03-18,388.11524174292344
1993-03-19,385.93758812229134
1993-03-22,384.86975928505035
1993-03-23,385.4263809080985
1993-03-24,388.63931200313993
1993-03-25,397.19303528934194
1993-03-26,397.8769316377185
1993-03-29,402.3055105384301
1993-03-30,411.3658463723767
1993-03-31,409.31952117581403
1993-04-01,410.35242295112425
1993-04-02,407.290017315505
1993-04-05,401.0087191789424
1993-04-06,398.5340395896424
1993-04-07,400.4573026112907
1993-04-08,391.1496255858127
1993-04-09,392.897116792499
1993-04-12,390.085777679273
1993-04-13,398.9104369814477
1993-04-14,398.9218985582649
1993-04-15,405.4196289960984
1993-04-16,401.7599466497776
1993-04-19,399.42564562143775
1993-04-20,402.59694640059513
1993-04-21,410.9387981209662
1993-04-22,412.11285986566736
1993-04-23,415.5010946961686
1993-04-26,408.1515422731221
1993-04-27,408.76785380471364
1993-04-28,406.43247484332016
1993-04-29,398.55151090616954
1993-04-30,404.39807551557135
1993-05-03,415.48673897475066
1993-05-04,421.856529180183
1993-05-05,425.79909619180023
1993-05-06,427.4363720592377
1993-05-07,425.23033627653444
1993-05-10,423.2657426051707
1993-05-11,421.6573943318854
1993-05-12,421.177835919537
1993-05-13,421.52674424760056
1993-05-14,428.11655619133603
1993-05-17,423.49384647094644
1993-05-18,418.23906489109186
1993-05-19,419.58319473719956
1993-05-20,421.21952120346737
1993-05-21,419.7403935087281
1993-05-24,417.4290511215238
1993-05-25,418.7057088422601
1993-05-26,419.71293137826746
1993-05-27,419.0242125088732
1993-05-28,425.0706552123496
1993-05-31,425.4639060189369
1993-06-01,423.29185707119063
1993-06-02,414.7762984172394
1993-06-03,413.0973525041408
1993-06-04,415.29020815777756
1993-06-07,412.47882521153707
1993-06-08,407.6158505652836
1993-06-09,410.8782461345254
1993-06-10,403.6366727715636
1993-06-11,407.9149669574643
1993-06-14,410.246909296649
1993-06-15,405.9903542649472
1993-06-16,405.8286703081425
1993-06-17,407.29424610594526
1993-06-18,406.9337088872783
1993-06-21,406.01476934957276
1993-06-22,408.18146372828863
1993-06-23,415.02295298505356
1993-06-24,409.22708866735263
1993-06-25,407.3171265126418
1993-06-28,404.11804844599567
1993-06-29,406.44376364015005
1993-06-30,402.2761712956256
1993-07-01,404.6080330575902
1993-07-02,409.5458693754421
1993-07-05,415.8958377358143
1993-07-06,425.5901057386165
1993-07-07,427.14940044838426
1993-07-08,425.0807177443173
1993-07-09,424.5583118039658
1993-07-12,426.6488723281952
1993-07-13,431.6398884894022
1993-07-14,429.48259260811875
1993-07-15,428.0636649083134
1993-07-16,429.8895608838654
1993-07-19,431.49169050780245
1993-07-20,433.85570586441213
1993-07-21,442.07006100214096
1993-07-22,442.1577544376297
1993-07-23,441.02633399343677
1993-07-26,434.8571716823705
1993-07-27,437.2495480906215
1993-07-28,435.44713612255515
1993-07-29,436.6635823176412
1993-07-30,432.8871062420849
1993-08-02,425.9339110512518
1993-08-03,424.9048517581114
1993-08-04,425.3374741869726
1993-08-05,419.4394317134593
1993-08-06,423.9284855378435
1993-08-09,425.86982884693464
1993-08-10,426.01525653605444
1993-08-11,421.96134266398997
1993-08-12,420.3477072514759
1993-08-13,421.09847723045084
1993-08-16,428.76277576208787
1993-08-17,429.54210105570564
1993-08-18,428.70148815590375
1993-08-19,421.06919717696786
1993-08-20,417.1603079895693
1993-08-23,416.1663492352698
1993-08-24,415.1212310411167
1993-08-25,412.7322897185061
1993-08-26,405.1918516456841
1993-08-27,406.57555182837905
1993-08-30,407.2847349708393
1993-08-31,404.5070851870992
1993-09-01,406.11565714753027
1993-09-02,405.28940895893857
1993-09-03,402.8554663135269
1993-09-06,401.13379295603215
1993-09-07,393.94304449826586
1993-09-08,387.021321161934
1993-09-09,390.8086058612372
1993-09-10,388.89006903592553
1993-09-13,382.33973148798145
1993-09-14,381.6657279450358
1993-09-15,378.687976198218
1993-09-16,375.0014958918258
1993-09-17,378.6545563946653
1993-09-20,374.76328057574545
1993-09-21,373.8680031654271
1993-09-22,372.4743668276276
1993-09-23,370.80492804484146
1993-09-24,371.90387255584096
1993-09-27,375.1164293500908
1993-09-28,375.5977677114332
1993-09-29,372.7320522896073
1993-09-30,376.72279373572013
1993-10-01,379.4802272873321
1993-10-04,380.20073652591844
1993-10-05,382.81416412816435
1993-10-06,385.57256313078346
1993-10-07,394.1469346418404
1993-10-08,390.6254642698786
1993-10-11,389.78291372268694
1993-10-12,391.48349997066236
1993-10-13,394.748107616392
1993-10-14,397.6519261024973
1993-10-15,401.8164363204604
1993-10-18,408.4199382941656
1993-10-19,405.4031689836019
1993-10-20,411.20371186613437
1993-10-21,414.0317434428686
1993-10-22,415.9586413646701
1993-10-25,416.3094468210194
1993-10-26,421.9980224288298
1993-10-27,418.486766347873
1993-10-28,419.2091848536917
1993-10-29,421.9172942500315
1993-11-01,425.10169648266884
1993-11-02,423.67482141194205
1993-11-03,421.7529145562412
1993-11-04,423.2325315846631
1993-11-05,427.70145853821214
1993-11-08,424.14151377619794
1993-11-09,424.6007013859395
1993-11-10,420.70248491653484
1993-11-11,425.775748341361
1993-11-12,428.1401256604011
1993-11-15,423.8651117120734
1993-11-16,418.759147059134
1993-11-17,420.3255050274137
1993-11-18,423.89552371908115
1993-11-19,416.92759606437966
1993-11-22,415.67111140227667
1993-11-23,417.9040572035886
1993-11-24,411.2901994486486
1993-11-25,402.52709117914077
1993-11-26,397.5914914907166
1993-11-29,401.3671437621702
1993-11-30,402.70658434396677
1993-12-01,397.60477188238116
1993-12-02,397.8026695301637
1993-12-03,398.3922214986621
1993-12-06,396.2168616204148
1993-12-07,403.8264955948248
1993-12-08,406.5554435462518
1993-12-09,406.5229309675041
1993-12-10,410.9030275524344
1993-12-13,409.5446155883429
1993-12-14,411.67511109860726
1993-12-15,410.6850835408979
1993-12-16,406.06305235454664
1993-12-17,409.3393536854045
1993-12-20,412.6131547572896
1993-12-21,411.26374749791455
1993-12-22,408.8317143548418
1993-12-23,411.518152674243
1993-12-24,415.45308510729126
1993-12-27,411.6503382573827
1993-12-28,413.2621493219516
1993-12-29,420.81808328264094
1993-12-30,420.00559099440807
1993-12-31,426.8931398740759
1994-01-03,425.4913918719953
1994-01-04,427.6462472107602
1994-01-05,432.5323234210118
1994-01-06,434.0254059906202
1994-01-07,434.4611617026916
1994-01-10,430.057982963881
1994-01-11,430.4701745711699
1994-01-12,430.2127739725551
1994-01-13,428.3971928105704
1994-01-14,426.04538353434026
1994-01-17,421.5257860620487
1994-01-18,427.36674673749485
1994-01-19,427.35814334627594
1994-01-20,421.7181013977169
1994-01-21,424.6840368202482
1994-01-24,419.98902882120245
1994-01-25,421.24829161182583
1994-01-26,425.0168089553048
1994-01-27,424.6912418757751
1994-01-28,422.32260610366234
1994-01-31,421.81270170334477
1994-02-01,427.7203609358675
1994-02-02,432.5935564955496
1994-02-03,431.6952556595755
1994-02-04,432.62882948323704
1994-02-07,428.36084861357847
1994-02-08,431.63114484017404
1994-02-09,429.2922684609042
1994-02-10,427.62643801653127
1994-02-11,432.9591412133497
1994-02-14,444.2958109869295
1994-02-15,436.91971727425295
1994-02-16,446.46582974837435
1994-02-17,443.51355105794556
1994-02-18,440.3593492719936
1994-02-21,441.527065889679
1994-02-22,448.0960189603332
1994-02-23,450.7522558857655
1994-02-24,452.433125230775
1994-02-25,455.8514799451543
1994-02-28,456.8988452287835
1994-03-01,449.7296651676613
1994-03-02,444.52453072610354
1994-03-03,450.7868188129167
1994-03-04,455.73494498551196
1994-03-07,461.0672921710347
1994-03-08,463.01157218827797
1994-03-09,457.6191285553393
1994-03-10,455.5686676704591
1994-03-11,458.2064703769724
1994-03-14,459.56299822222593
1994-03-15,458.2324425756043
1994-03-16,465.7215279935213
1994-03-17,466.8823091248543
1994-03-18,469.8301620102599
1994-03-21,463.1855089478307
1994-03-22,458.60292592721987
1994-03-23,458.24250184251065
1994-03-24,458.61824158787334
1994-03-25,456.783640973981
1994-03-28,458.38868122117265
1994-03-29,460.0562797844859
1994-03-30,462.2972021259388
1994-03-31,463.7855574956313
1994-04-01,469.7101141737927
1994-04-04,467.96808952282515
1994-04-05,465.1904297022588
1994-04-06,468.0584772589718
1994-04-07,469.50429579163364
1994-04-08,463.4867437886986
1994-04-11,464.3312487551188
1994-04-12,472.6494471748382
1994-04-13,470.0889704748141
1994-04-14,470.75000250031997
1994-04-15,472.8049297363841
1994-04-18,480.9062164349537
1994-04-19,466.0744989338153
1994-04-20,470.46434421603175
1994-04-21,473.50053158423884
1994-04-22,471.8342465176466
1994-04-25,472.9382460279178
1994-04-26,479.36050259347667
1994-04-27,476.54280861633043
1994-04-28,484.7696260955009
1994-04-29,487.95125780819865
1994-05-02,483.9996348186166
1994-05-03,480.7458878855421
1994-05-04,484.02011617197957
1994-05-05,482.8795852710137
1994-05-06,487.4782071314771
1994-05-09,488.185505007525
1994-05-10,484.25120238598623
1994-05-11,485.72313996187404
1994-05-12,488.68318244572487
1994-05-13,494.22742322803987
1994-05-16,497.65542528204554
1994-05-17,495.8113223275753
1994-05-18,501.22061079174966
1994-05-19,506.97473552577463
1994-05-20,513.7717705689176
1994-05-23,520.3925301377642
1994-05-24,527.2645619969408
1994-05-25,530.0881788387007
1994-05-26,527.076068671888
1994-05-27,531.4834073106603
1994-05-30,541.3092165693024
1994-05-31,538.1888358348722
1994-06-01,532.1745549757705
1994-06-02,534.9991034569684
1994-06-03,540.9850800960476
1994-06-06,540.1108037716419
1994-06-07,534.9314704791439
1994-06-08,546.324800443641
1994-06-09,539.6619137701275
1994-06-10,541.4489515417334
1994-06-13,539.7283833174404
1994-06-14,540.8997150750141
1994-06-15,538.0436467978082
1994-06-16,538.6839384438053
1994-06-17,544.8057843926557
1994-06-20,542.6586960325325
1994-06-21,547.9866776219181
1994-06-22,552.256570701464
1994-06-23,551.2902478264106
1994-06-24,555.3940972486837
1994-06-27,551.8528473240102
1994-06-28,559.8970161135235
1994-06-29,550.1783595007208
1994-06-30,548.1257329084382
1994-07-01,542.9991336299623
1994-07-04,540.8026323820565
1994-07-05,527.1760222818131
1994-07-06,535.3985235934508
1994-07-07,540.1222577483979
1994-07-08,544.118339249856
1994-07-11,543.3934321040299
1994-07-12,545.2048954943323
1994-07-13,547.9858429714851
1994-07-14,546.2441059415717
1994-07-15,552.7121383296474
1994-07-18,553.6393850262136
1994-07-19,558.8958242584188
1994-07-20,554.4844386018148
1994-07-21,545.552940348455
1994-07-22,554.8650353348506
1994-07-25,555.3411676670148
1994-07-26,553.5513879581268
1994-07-27,552.9026615641405
1994-07-28,563.957787563071
1994-07-29,575.1120945707527
1994-08-01,575.9459503505924
1994-08-02,578.5516073975012
1994-08-03,575.9731631145575
1994-08-04,573.6010758542922
1994-08-05,567.702157370497
1994-08-08,571.7905347302708
1994-08-09,571.0016195646723
1994-08-10,571.3956158386729
1994-08-11,584.1491854122543
1994-08-12,581.0786347699601
1994-08-15,574.141919605709
1994-08-16,581.2649898182824
1994-08-17,575.4751186509851
1994-08-18,573.7509697288127
1994-08-19,573.2454089930164
1994-08-22,560.5673188566878
1994-08-23,559.3771015448181
1994-08-24,564.8076459249089
1994-08-25,560.3291960023805
1994-08-26,560.3240476858213
1994-08-29,563.3135526289991
1994-08-30,567.3241417175075
1994-08-31,571.0755967518264
1994-09-01,565.4490869148301
1994-09-02,563.2502809429491
1994-09-05,551.6726889012145
1994-09-06,561.898892027723
1994-09-07,561.9682203728693
1994-09-08,564.2402505512728
1994-09-09,554.3528336702584
1994-09-12,552.5113250561909
1994-09-13,546.3668716707977
1994-09-14,539.727309815365
1994-09-15,538.8743429938888
1994-09-16,541.7827234227099
1994-09-19,541.1216897748814
1994-09-20,537.8979454302644
1994-09-21,530.786414616664
1994-09-22,528.9095761239529
1994-09-23,528.7211816657406
1994-09-26,526.8473252938127
1994-09-27,523.5058377307947
1994-09-28,524.6334700228074
1994-09-29,527.5976670190506
1994-09-30,516.5057432149688
1994-10-03,518.7837601877487
1994-10-04,514.577374552104
1994-10-05,510.12123585692484
1994-10-06,512.6593522883081
1994-10-07,517.5206492943325
1994-10-10,508.9449933077584
1994-10-11,502.35024053355517
1994-10-12,504.2668382003402
1994-10-13,496.04554492196496
1994-10-14,497.8578619054013
1994-10-17,508.90987534866133
1994-10-18,500.26790333734647
1994-10-19,493.3972377114929
1994-10-20,506.9429124885908
1994-10-21,502.1936245022514
1994-10-24,506.1150544816387
1994-10-25,508.6321138031509
1994-10-26,510.0370974971491
1994-10-27,513.2751094487487
1994-10-28,505.45244635374246
1994-10-31,513.5634458532749
1994-11-01,513.5529317297717
1994-11-02,506.06722521036346
1994-11-03,512.209691542235
1994-11-04,528.75028295038
1994-11-07,531.5867218668334
1994-11-08,526.5951084404494
1994-11-09,529.7049029052288
1994-11-10,523.296207473373
1994-11-11,530.8893297979548
1994-11-14,519.5924843306386
1994-11-15,513.3663560015996
1994-11-16,519.6140625259168
1994-11-17,516.4376984615005
1994-11-18,526.0852856335046
1994-11-21,526.2967937384001
1994-11-22,525.9905004184936
1994-11-23,520.3610756317352
1994-11-24,521.5987856939718
1994-11-25,531.1876258571568
1994-11-28,524.122976745594
1994-11-29,520.8872363654488
1994-11-30,529.7990943818228
1994-12-01,530.9857709055084
1994-12-02,533.156532196883
1994-12-05,530.4812457230366
1994-12-06,523.8244474866342
1994-12-07,533.5965344664006
1994-12-08,526.2965558495234
1994-12-09,518.441071045098
1994-12-12,519.3347872387782
1994-12-13,516.9021371972754
1994-12-14,512.7117266634856
1994-12-15,510.87606344775315
1994-12-16,515.4916916581465
1994-12-19,516.2658085587561
1994-12-20,513.6958181853921
1994-12-21,506.66626960748994
1994-12-22,510.2547647890555
1994-12-23,520.9592211156953
1994-12-26,516.0977454598037
1994-12-27,514.4959007160932
1994-12-28,504.7499992482258
1994-12-29,506.2154425182497
1994-12-30,504.79504742933324
1995-01-02,507.0184096574509
1995-01-03,507.5150358461846
1995-01-04,505.10036781396144
1995-01-05,498.1091044280753
1995-01-06,500.8866189355371
1995-01-09,496.8569918910701
1995-01-10,498.47321450774854
1995-01-11,500.01829148619373
1995-01-12,504.2430079457909
1995-01-13,506.7758545661126
1995-01-16,502.4719283932413
1995-01-17,508.4734442176068
1995-01-18,512.4247328822897
1995-01-19,519.4240824305169
1995-01-20,523.1936920229563
1995-01-23,512.1329860387144
1995-01-24,510.139303003301
1995-01-25,507.9425523723883
1995-01-26,508.9426883848083
1995-01-27,505.37826350507436
1995-01-30,515.8003620848677
1995-01-31,512.1466834444711
1995-02-01,508.26293271273346
1995-02-02,519.4687052094284
1995-02-03,529.0231299802946
1995-02-06,522.3273562836737
1995-02-07,520.0325599280943
1995-02-08,528.1933645615857
1995-02-09,527.4549789606625
1995-02-10,521.9357564930747
1995-02-13,524.9474147166086
1995-02-14,529.5040403653845
1995-02-15,522.7946961540231
1995-02-16,523.964564717717
1995-02-17,522.9134816416719
1995-02-20,517.8874819984894
1995-02-21,522.208878724034
1995-02-22,516.5763355347187
1995-02-23,525.2738894889217
1995-02-24,527.2111688712985
1995-02-27,516.5001713611367
1995-02-28,515.1594541202937
1995-03-01,524.9488267472589
1995-03-02,525.9043002246053
1995-03-03,530.5891228253585
1995-03-06,532.930419349932
1995-03-07,531.6559324215033
1995-03-08,524.0394376255995
1995-03-09,528.8798969963383
1995-03-10,545.1689981910034
1995-03-13,547.9248819362966
1995-03-14,549.516971432969
1995-03-15,547.0576126287973
1995-03-16,558.9761376326117
1995-03-17,554.0963545845557
1995-03-20,559.7671383975065
1995-03-21,562.0336044572392
1995-03-22,561.7753442691601
1995-03-23,565.8747514664079
1995-03-24,570.9282232553048
1995-03-27,566.6110463269742
1995-03-28,571.809446616267
1995-03-29,565.413233651163
1995-03-30,567.6626901093538
1995-03-31,568.0607843544757
1995-04-03,563.9473519345928
1995-04-04,566.764082459757
1995-04-05,574.4883720734883
1995-04-06,579.8765723442767
1995-04-07,580.794840454521
1995-04-10,577.4175896344543
1995-04-11,576.0014663327157
1995-04-12,565.9025580022584
1995-04-13,568.8350001513725
1995-04-14,576.987679718419
1995-04-17,572.6775270337286
1995-04-18,566.7746909187326
1995-04-19,560.8813434257864
1995-04-20,564.4915626962047
1995-04-21,565.8144723070276
1995-04-24,559.0375182931432
1995-04-25,563.2542694545532
1995-04-26,567.9503868828793
1995-04-27,564.0898745536559
1995-04-28,556.5876973482581
1995-05-01,551.1031464842547
1995-05-02,549.4411061944007
1995-05-03,549.6789286307035
1995-05-04,547.0628204881942
1995-05-05,547.7429444233248
1995-05-08,547.0752654035277
1995-05-09,556.5870982907685
1995-05-10,554.9005762360341
1995-05-11,566.3612264688652
1995-05-12,571.3822919103243
1995-05-15,566.184233662681
1995-05-16,563.1836483162375
1995-05-17,551.1075066515956
1995-05-18,556.9447844582975
1995-05-19,558.2715599036901
1995-05-22,558.2600517301067
1995-05-23,560.8866795401027
1995-05-24,565.3001214237609
1995-05-25,569.7673368951962
1995-05-26,565.2398461500366
1995-05-29,563.3315018693073
1995-05-30,557.9756652464216
1995-05-31,549.9953880170754
1995-06-01,555.047774842248
1995-06-02,557.7522652220332
1995-06-05,554.2783846683875
1995-06-06,555.883134955978
1995-06-07,557.4731157262721
1995-06-08,559.6283042186872
1995-06-09,555.1087647055251
1995-06-12,553.8399841077311
1995-06-13,550.8957751794468
1995-06-14,537.8528633476885
1995-06-15,538.414696596477
1995-06-16,536.0470037021245
1995-06-19,527.2221077994053
1995-06-20,518.8949228986488
1995-06-21,514.822082773927
1995-06-22,505.8587181996309
1995-06-23,516.8730558296481
1995-06-26,514.4413110180404
1995-06-27,519.4853993679947
1995-06-28,521.3940657292679
1995-06-29,519.3696889091166
1995-06-30,523.3193991832009
1995-07-03,528.8550719800932
1995-07-04,525.2201473271472
1995-07-05,522.9871695217172
1995-07-06,530.120282426389
1995-07-07,526.8639197109475
1995-07-10,526.7034442457622
1995-07-11,535.4815206906436
1995-07-12,533.1435617737238
1995-07-13,539.1421987287725
1995-07-14,527.6582739510534
1995-07-17,533.9543983612612
1995-07-18,529.2268278938401
1995-07-19,529.276969425611
1995-07-20,519.808622754587
1995-07-21,523.8061576025146
1995-07-24,536.671700385601
1995-07-25,533.711846868372
1995-07-26,533.0399617329224
1995-07-27,532.0515514401707
1995-07-28,544.5895052611869
1995-07-31,550.8323863071353
1995-08-01,548.9319597802448
1995-08-02,553.4656099995731
1995-08-03,551.106706736412
1995-08-04,556.4198033970881
1995-08-07,550.8475369438115
1995-08-08,554.522827157862
1995-08-09,571.0447118526812
1995-08-10,563.8389401031609
1995-08-11,570.4214695456102
1995-08-14,577.0426855998988
1995-08-15,579.7190574685245
1995-08-16,578.6001905343616
1995-08-17,580.37406188375
1995-08-18,583.7038562444931
1995-08-21,588.210364345321
1995-08-22,593.0932715646609
1995-08-23,597.9476365254661
1995-08-24,596.9734851142126
1995-08-25,595.7241947371986
1995-08-28,591.928945968703
1995-08-29,586.0854827509064
1995-08-30,592.5860717923347
1995-08-31,595.1049995240213
1995-09-01,589.9434903742382
1995-09-04,580.1661091959112
1995-09-05,588.3218171512926
1995-09-06,585.6572835844979
1995-09-07,585.123963762066
1995-09-08,600.0996465638498
1995-09-11,599.4653557682428
1995-09-12,595.9928128499698
1995-09-13,596.136295510292
1995-09-14,601.6317823726587
1995-09-15,610.393244095042
1995-09-18,607.2593978396649
1995-09-19,610.3209466686021
1995-09-20,616.8255149031937
1995-09-21,612.1313335620531
1995-09-22,614.952095786745
1995-09-25,612.6219308695081
1995-09-26,614.173843313902
1995-09-27,609.3031541150738
1995-09-28,601.4822643765102
1995-09-29,590.3853980202188
1995-10-02,577.6040993996693
1995-10-03,580.6450344091821
1995-10-04,592.1042243263099
1995-10-05,584.1668290725762
1995-10-06,582.9542614091142
1995-10-09,586.0788508328034
1995-10-10,595.0205495721447
1995-10-11,584.1344679558046
1995-10-12,576.7738034518156
1995-10-13,576.5972196193674
1995-10-16,577.3043372443375
1995-10-17,585.36818381183
1995-10-18,584.7695387100667
1995-10-19,581.1223523942839
1995-10-20,578.3843882085955
1995-10-23,585.3949538977449
1995-10-24,589.2505340490344
1995-10-25,585.2252039538414
1995-10-26,579.9924060525107
1995-10-27,583.6227343312589
1995-10-30,584.8460692213927
1995-10-31,592.6406036726718
1995-11-01,586.2318996158253
1995-11-02,585.0702048372196
1995-11-03,594.785105108805
1995-11-06,599.2468850695158
1995-11-07,608.8570009382552
1995-11-08,611.4309739007392
1995-11-09,612.2113292670798
1995-11-10,605.5709069452454
1995-11-13,593.4673967717839
1995-11-14,598.1234772332226
1995-11-15,603.9505367698385
1995-11-16,609.2110471846798
1995-11-17,608.8091688846242
1995-11-20,609.6249878520515
1995-11-21,607.9407652125204
1995-11-22,605.4274006696442
1995-11-23,611.1691978388775
1995-11-24,602.2765261157627
1995-11-27,591.2018586127193
1995-11-28,587.185334901013
1995-11-29,588.7469639612146
1995-11-30,583.7771985341335
1995-12-01,590.7009093212421
1995-12-04,591.6488618180629
1995-12-05,589.0870132860558
1995-12-06,588.7833489513835
1995-12-07,576.3271254736045
1995-12-08,583.7814389583789
1995-12-11,581.4666543723301
1995-12-12,572.9327213482878
1995-12-13,573.1872609245182
1995-12-14,565.5058939994934
1995-12-15,567.4538423785162
1995-12-18,566.8453250294285
1995-12-19,556.9317264069391
1995-12-20,549.0431396035525
1995-12-21,553.4150751005286
1995-12-22,548.2903240768638
1995-12-25,558.6573930318477
1995-12-26,563.6236438192757
1995-12-27,557.9231623301043
1995-12-28,556.7772065173838
1995-12-29,553.346819795957
1996-01-01,554.35581909831
1996-01-02,554.364498021513
1996-01-03,558.8681323155502
1996-01-04,561.8225536571707
1996-01-05,564.4830321365006
1996-01-08,561.2917487421598
1996-01-09,557.272296117733
1996-01-10,548.921921209795
1996-01-11,546.7739797748222
1996-01-12,550.8201776386461
1996-01-15,547.1771964801576
1996-01-16,532.056585111674
1996-01-17,534.1366852817533
1996-01-18,527.3764330027998
1996-01-19,527.2729862689207
1996-01-22,525.1830986476997
1996-01-23,533.6398376574344
1996-01-24,539.4085413624417
1996-01-25,542.5741528405883
1996-01-26,540.456877269336
1996-01-29,534.5383260496733
1996-01-30,536.7043328365169
1996-01-31,532.7556298950185
1996-02-01,520.7139828096159
1996-02-02,520.5227474742841
1996-02-05,529.8651979224426
1996-02-06,540.3287119167269
1996-02-07,545.5013611687298
1996-02-08,546.4483600986005
1996-02-09,549.6954365568159
1996-02-12,548.2652879547767
1996-02-13,545.9051358360776
1996-02-14,547.868858913572
1996-02-15,544.660991224343
1996-02-16,542.7396455886375
1996-02-19,542.1294435235747
1996-02-20,543.9859602696334
1996-02-21,542.1677105890452
1996-02-22,545.9322916577586
1996-02-23,546.3964997878381
1996-02-26,540.6321713202497
1996-02-27,547.0996580831583
1996-02-28,547.3190390415922
1996-02-29,554.2026320143267
1996-03-01,556.1815745524243
1996-03-04,549.8469734667444
1996-03-05,555.5213733795586
1996-03-06,559.5365003638768
1996-03-07,561.4986264951705
1996-03-08,567.2835770640154
1996-03-11,576.1758409250841
1996-03-12,569.8942714196311
1996-03-13,570.1813533987399
1996-03-14,569.5390710386914
1996-03-15,562.8286571218791
1996-03-18,561.0683719990843
1996-03-19,567.4382474276132
1996-03-20,572.3822391845838
1996-03-21,567.3988359276021
1996-03-22,566.5995130047069
1996-03-25,551.3757280684335
1996-03-26,550.8407355183849
1996-03-27,547.000321305022
1996-03-28,548.9613489617091
1996-03-29,545.807187055345
1996-04-01,544.6325551611736
1996-04-02,542.9454714472212
1996-04-03,532.7425944703344
1996-04-04,533.1247589942943
1996-04-05,527.8161972138038
1996-04-08,532.681828893944
1996-04-09,522.4121614946371
1996-04-10,521.19028527405
1996-04-11,516.9175514431736
1996-04-12,521.3533361485686
1996-04-15,529.7251816822021
1996-04-16,538.2182895302133
1996-04-17,539.8774988603546
1996-04-18,541.7707735451311
1996-04-19,536.711840816614
1996-04-22,535.7630997952984
1996-04-23,544.2125084383775
1996-04-24,549.2017701389342
1996-04-25,547.2448455716211
1996-04-26,546.8241539943898
1996-04-29,544.5286019393684
1996-04-30,556.0163816144948
1996-05-01,565.6825580261614
1996-05-02,577.493645891704
1996-05-03,582.8403773148185
1996-05-06,582.8147089890665
1996-05-07,574.9908009297372
1996-05-08,572.8689535785259
1996-05-09,568.190938506126
1996-05-10,565.8083583415404
1996-05-13,572.3913023152826
1996-05-14,576.082971316833
1996-05-15,582.0129017040944
1996-05-16,586.2924583395201
1996-05-17,586.0918123602245
1996-05-20,592.6776119167763
1996-05-21,591.8486715496683
1996-05-22,593.8165663129568
1996-05-23,595.5598909493291
1996-05-24,604.876638433399
1996-05-27,612.1411089892263
1996-05-28,610.0364419552618
1996-05-29,606.1998022802082
1996-05-30,606.6815303078491
1996-05-31,601.5232317194759
1996-06-03,614.9597327522321
1996-06-04,612.6546104246895
1996-06-05,608.5146447973182
1996-06-06,604.9653620024283
1996-06-07,609.8797858298851
1996-06-10,615.2539034591397
1996-06-11,608.7509231407719
1996-06-12,614.2583604884106
1996-06-13,611.72432032999
1996-06-14,615.4679249994294
1996-06-17,616.4011881237703
1996-06-18,620.8455814738069
1996-06-19,623.7272446821754
1996-06-20,612.0557297235389
1996-06-21,617.0500679536552
1996-06-24,611.4121646403522
1996-06-25,610.4790771006782
1996-06-26,604.4344602612244
1996-06-27,598.6885209200625
1996-06-28,602.0237198208063
1996-07-01,612.6231827904443
1996-07-02,619.275729682511
1996-07-03,616.7693668984026
1996-07-04,619.0401721820525
1996-07-05,625.239326650024
1996-07-08,619.5004598267108
1996-07-09,616.4430032505908
1996-07-10,620.162979037248
1996-07-11,615.2825501399012
1996-07-12,616.6913809097416
1996-07-15,616.0541521138724
1996-07-16,608.369391195634
1996-07-17,604.7406072102569
1996-07-18,608.6047281466791
1996-07-19,612.0794999979497
1996-07-22,609.721407171173
1996-07-23,605.0220656632538
1996-07-24,612.5812345411043
1996-07-25,617.2777104726047
1996-07-26,627.8532524390747
1996-07-29,634.9860160282598
1996-07-30,629.9528166532189
1996-07-31,631.3934467347524
1996-08-01,638.0763848009395
1996-08-02,640.857109149312
1996-08-05,644.0118273352249
1996-08-06,643.932832424797
1996-08-07,639.1647586833519
1996-08-08,640.9230923256054
1996-08-09,641.4827076054121
1996-08-12,631.409634319055
1996-08-13,628.2150010633197
1996-08-14,625.1733966069189
1996-08-15,620.4074355470614
1996-08-16,618.9200799292483
1996-08-19,616.1199872842151
1996-08-20,628.8630418511683
1996-08-21,640.1241081424297
1996-08-22,645.4236839827171
1996-08-23,648.0173520784289
1996-08-26,649.5544862478268
1996-08-27,633.5069949125896
1996-08-28,633.5985312174801
1996-08-29,642.0373628422428
1996-08-30,655.2967346672667
1996-09-02,660.3381908932909
1996-09-03,658.6861426257334
1996-09-04,667.9474126016306
1996-09-05,664.9299098958297
1996-09-06,661.2333804092968
1996-09-09,652.5876680376648
1996-09-10,653.1993222632102
1996-09-11,667.0245186781193
1996-09-12,657.4432286332427
1996-09-13,659.2450924820259
1996-09-16,669.3747563629883
1996-09-17,670.0514521260798
1996-09-18,671.9703729361723
1996-09-19,671.7817238353781
1996-09-20,677.7455117461051
1996-09-23,665.9206148156861
1996-09-24,667.1389247843309
1996-09-25,666.3581919629924
1996-09-26,675.8196946573509
1996-09-27,679.2720545680988
1996-09-30,677.3613430158559
1996-10-01,670.2946868037147
1996-10-02,667.4746061060034
1996-10-03,669.526218273621
1996-10-04,674.7591306033988
1996-10-07,679.8814273239501
1996-10-08,683.9741199687572
1996-10-09,685.3806170352526
1996-10-10,689.8808717417141
1996-10-11,688.6783901653557
1996-10-14,694.8911027008813
1996-10-15,680.55010486823
1996-10-16,677.9853551259263
1996-10-17,678.4252301623009
1996-10-18,668.7743462513162
1996-10-21,667.796005537404
1996-10-22,674.2357242054477
1996-10-23,677.5777501998
1996-10-24,680.4186483648089
1996-10-25,682.212371266886
1996-10-28,672.0449737509016
1996-10-29,668.6658103829919
1996-10-30,669.826644773778
1996-10-31,667.259426684646
1996-11-01,665.2262010789088
1996-11-04,668.0713479983094
1996-11-05,664.3729732080933
1996-11-06,668.8130165522745
1996-11-07,662.5020534117409
1996-11-08,663.7652745627594
1996-11-11,662.8941817617573
1996-11-12,667.3202812964313
1996-11-13,665.7600437331736
1996-11-14,657.884956242052
1996-11-15,657.7017210179313
1996-11-18,664.0645535089097
1996-11-19,653.6360776821001
1996-11-20,658.5324240181869
1996-11-21,662.9958419886801
1996-11-22,656.681606081561
1996-11-25,669.3434148805469
1996-11-26,669.094757297691
1996-11-27,669.9615385359682
1996-11-28,677.8568856205662
1996-11-29,688.3022500664764
1996-12-02,687.155162118901
1996-12-03,678.6524967131061
1996-12-04,679.6173698441066
1996-12-05,673.1009954339298
1996-12-06,674.3543839592136
1996-12-09,672.4830997386345
1996-12-10,669.5480569308838
1996-12-11,668.3561831881894
1996-12-12,667.3544896779894
1996-12-13,663.5818661578285
1996-12-16,666.4451863624666
1996-12-17,669.7614157779157
1996-12-18,664.3811152430334
1996-12-19,662.1144005229489
1996-12-20,662.5237048893223
1996-12-23,665.9243851093128
1996-12-24,665.162643403333
1996-12-25,672.1927003732984
1996-12-26,667.1637064133698
1996-12-27,654.3594261886973
1996-12-30,655.8341778657559
1996-12-31,668.3185528511057
1997-01-01,659.9302379088754
1997-01-02,672.4044824623046
1997-01-03,669.2130443861191
1997-01-06,669.1493151208192
1997-01-07,670.266200834808
1997-01-08,671.2042090752484
1997-01-09,663.289667559337
1997-01-10,674.7427683522891
1997-01-13,664.7202434010859
1997-01-14,671.5862419459766
1997-01-15,674.4654519097444
1997-01-16,672.999751234159
1997-01-17,676.2605940408657
1997-01-20,685.348226223151
1997-01-21,675.6130706298278
1997-01-22,669.8925433671228
1997-01-23,655.4336656542414
1997-01-24,667.5495374701552
1997-01-27,672.4190555340184
1997-01-28,686.836176793243
1997-01-29,687.6416809874565
1997-01-30,684.3481759231289
1997-01-31,671.3190891164013
1997-02-03,662.0319591678599
1997-02-04,668.1455118032364
1997-02-05,658.0286162618728
1997-02-06,659.2725463438696
1997-02-07,657.4612579637314
1997-02-10,661.3370983697297
1997-02-11,658.5876635427236
1997-02-12,657.9307517207881
1997-02-13,649.2516717858888
1997-02-14,647.9530819566731
1997-02-17,643.4810449227267
1997-02-18,639.4217878020592
1997-02-19,633.24180250431
1997-02-20,635.7385348892939
1997-02-21,640.7790010645951
1997-02-24,638.7991081408223
1997-02-25,641.9037227387068
1997-02-26,643.3317370892552
1997-02-27,640.7704311666203
1997-02-28,646.2462888411658
1997-03-03,652.1148202217446
1997-03-04,650.6282333344762
1997-03-05,648.3288572642653
1997-03-06,650.0140069603061
1997-03-07,651.4192567363169
1997-03-10,649.8497261468306
1997-03-11,650.1672246931089
1997-03-12,642.3680426568951
1997-03-13,633.7428423567001
1997-03-14,634.7505200997582
1997-03-17,629.0276795632252
1997-03-18,630.7608203018591
1997-03-19,624.6782076344456
1997-03-20,630.0427134764046
1997-03-21,639.7911747621174
1997-03-24,643.275590763776
1997-03-25,637.7730537222337
1997-03-26,638.0183524286447
1997-03-27,645.8621170031224
1997-03-28,654.7194309547531
1997-03-31,657.9252694058811
1997-04-01,665.6839083976103
1997-04-02,667.043997458978
1997-04-03,665.5105342228135
1997-04-04,661.7560032989115
1997-04-07,649.1950133061288
1997-04-08,645.8999772840959
1997-04-09,642.9599452594266
1997-04-10,651.5073767238713
1997-04-11,645.0083654858349
1997-04-14,636.626469552328
1997-04-15,656.6282827171499
1997-04-16,648.4550432568809
1997-04-17,652.3008912358482
1997-04-18,653.2459000102493
1997-04-21,643.2179954272846
1997-04-22,642.7705936717438
1997-04-23,643.0952348298283
1997-04-24,636.3291386321175
1997-04-25,638.4037904996063
1997-04-28,626.5912502352174
1997-04-29,624.276354544017
1997-04-30,623.7136338909911
1997-05-01,620.6930449974748
1997-05-02,616.525956938859
1997-05-05,615.5971476441224
1997-05-06,608.6213169299854
1997-05-07,613.0738875053789
1997-05-08,611.7691585518423
1997-05-09,618.6011469373515
1997-05-12,625.5048427553796
1997-05-13,619.377206259454
1997-05-14,632.6277170631832
1997-05-15,643.4935223568345
1997-05-16,636.1853402684275
1997-05-19,625.1316065156205
1997-05-20,620.4872621860032
1997-05-21,609.5541802135936
1997-05-22,606.9790655117008
1997-05-23,614.033055013685
1997-05-26,612.7410293643989
1997-05-27,613.564897849084
1997-05-28,620.4337400636514
1997-05-29,627.9248234405318
1997-05-30,643.2837457218118
1997-06-02,642.6405321722218
1997-06-03,643.6238874985884
1997-06-04,648.8239744673864
1997-06-05,650.6833898673744
1997-06-06,651.7870950543012
1997-06-09,646.7672721100564
1997-06-10,642.5680620077235
1997-06-11,650.3348284442653
1997-06-12,647.4550775992531
1997-06-13,651.1809114466384
1997-06-16,648.9623412708169
1997-06-17,658.205872379586
1997-06-18,652.7019043509688
1997-06-19,652.905367579034
1997-06-20,654.8492722941098
1997-06-23,665.4667086168042
1997-06-24,667.4333290580564
1997-06-25,657.8830659790456
1997-06-26,659.3707684420827
1997-06-27,660.2116958447435
1997-06-30,648.604593560035
1997-07-01,640.5583550419482
1997-07-02,645.9220711321658
1997-07-03,642.4783037828643
1997-07-04,643.2702044602182
1997-07-07,643.4328110025862
1997-07-08,646.1664751037679
1997-07-09,646.0405173231585
1997-07-10,650.9206222166705
1997-07-11,641.6320891537089
1997-07-14,644.3912932771824
1997-07-15,647.3196392046723
1997-07-16,659.1877586157831
1997-07-17,643.137526315274
1997-07-18,640.5397927601963
1997-07-21,645.4435014744362
1997-07-22,657.2249798597338
1997-07-23,634.4621894972471
1997-07-24,622.7984567158624
1997-07-25,630.5189746186944
1997-07-28,630.3255918883827
1997-07-29,628.6872861680208
1997-07-30,633.6176416914464
1997-07-31,626.4830961720793
1997-08-01,625.8895175790989
1997-08-04,624.4580199455821
1997-08-05,629.9124064153109
1997-08-06,632.6288978082441
1997-08-07,627.8316627893922
1997-08-08,624.0228988497321
1997-08-11,621.8720567925606
1997-08-12,624.4553776311818
1997-08-13,617.5246755683079
1997-08-14,626.1296722208326
1997-08-15,635.7808118041407
1997-08-18,641.3843182647855
1997-08-19,631.7841107052881
1997-08-20,630.5059424568826
1997-08-21,626.0017582647199
1997-08-22,630.1321118151852
1997-08-25,620.1304517901362
1997-08-26,619.8892067311283
1997-08-27,614.1392294074117
1997-08-28,622.419821864288
1997-08-29,625.0939960275423
1997-09-01,617.5971977204656
1997-09-02,621.5611421996874
1997-09-03,623.1174392574167
1997-09-04,616.4402153949478
1997-09-05,611.0539883037255
1997-09-08,611.9739480078546
1997-09-09,608.806928682606
1997-09-10,617.0781766517888
1997-09-11,610.453718180359
1997-09-12,610.4064811761087
1997-09-15,610.8407440219888
1997-09-16,618.3262480879315
1997-09-17,623.0930041953163
1997-09-18,621.1117143989226
1997-09-19,632.8081672079037
1997-09-22,638.243712783809
1997-09-23,633.5017751344674
1997-09-24,639.2834348494497
1997-09-25,638.1380459950467
1997-09-26,633.2126070976709
1997-09-29,639.3258797172709
1997-09-30,639.5544039772125
1997-10-01,629.1548452477253
1997-10-02,624.1207236944746
1997-10-03,628.586186489418
1997-10-06,633.2294543115908
1997-10-07,648.9811012284603
1997-10-08,642.4430225293129
1997-10-09,645.1713384443568
1997-10-10,646.1612153877511
1997-10-13,642.9301856669864
1997-10-14,640.377284871351
1997-10-15,639.7931637617505
1997-10-16,651.3252540577222
1997-10-17,650.4070624602934
1997-10-20,663.6434493282312
1997-10-21,667.4163084558859
1997-10-22,659.1451921097687
1997-10-23,655.8188022491495
1997-10-24,674.03254035394
1997-10-27,670.2084741217649
1997-10-28,688.5730841391382
1997-10-29,685.1066993785253
1997-10-30,681.5495713811329
1997-10-31,681.7118647136645
1997-11-03,679.9335268963099
1997-11-04,682.5055524353032
1997-11-05,682.4657635739642
1997-11-06,685.2622022724781
1997-11-07,685.6857093190564
1997-11-10,674.7264199210348
1997-11-11,678.2111048027102
1997-11-12,665.7972732806269
1997-11-13,667.1880729552585
1997-11-14,660.2779769949428
1997-11-17,654.6720134343437
1997-11-18,661.1907895974388
1997-11-19,667.4287014859127
1997-11-20,664.1707634315801
1997-11-21,663.2604233460519
1997-11-24,656.3573943123722
1997-11-25,659.8562013638034
1997-11-26,654.15681415685
1997-11-27,664.1171647350295
1997-11-28,660.0799494295874
1997-12-01,663.994193484935
1997-12-02,649.6019973893627
1997-12-03,654.011468447658
1997-12-04,646.3629598706972
1997-12-05,643.9496461878351
1997-12-08,639.0237259715034
1997-12-09,645.5628122193942
1997-12-10,654.0467268662488
1997-12-11,652.50503975901
1997-12-12,641.2258309965221
1997-12-15,647.5905604187391
1997-12-16,651.8801783636752
1997-12-17,654.505999160876
1997-12-18,658.7484359004686
1997-12-19,656.4883809747638
1997-12-22,658.9495467787309
1997-12-23,659.7482573782089
1997-12-24,655.6806999091334
1997-12-25,654.4706890228761
1997-12-26,644.0235888703821
1997-12-29,653.367234259423
1997-12-30,650.4909526391219
1997-12-31,651.5020520295157
1998-01-01,641.5578252250043
1998-01-02,641.0555041674231
1998-01-05,643.0427412463756
1998-01-06,648.6742685909684
1998-01-07,648.9685289922725
1998-01-08,651.942646215983
1998-01-09,655.729125309892
1998-01-12,650.3261842466601
1998-01-13,642.0473923053797
1998-01-14,636.9669192911484
1998-01-15,626.9071260638842
1998-01-16,619.3003008913786
1998-01-19,626.2799584162235
1998-01-20,630.481030540457
1998-01-21,638.5708879209861
1998-01-22,640.5598758370452
1998-01-23,643.5072769158887
1998-01-26,650.0524196011158
1998-01-27,651.2780760774597
1998-01-28,648.9988013422438
1998-01-29,655.7564871763689
1998-01-30,648.6590760428393
1998-02-02,648.6883916197991
1998-02-03,649.2135026238924
1998-02-04,642.9963258311702
1998-02-05,649.7742232304714
1998-02-06,645.703553828982
1998-02-09,659.2898991060932
1998-02-10,654.2877940329048
1998-02-11,643.9628217279037
1998-02-12,633.7771567424708
1998-02-13,636.0978998090351
1998-02-16,640.4230400204214
1998-02-17,652.6185562604461
1998-02-18,652.3314454808736
1998-02-19,659.5264892222111
1998-02-20,668.6231404857585
1998-02-23,677.0397217047184
1998-02-24,677.1401805430644
1998-02-25,674.0855661985968
1998-02-26,669.3165026674347
1998-02-27,674.0363807601459
1998-03-02,683.2229328444707
1998-03-03,683.6746478675235
1998-03-04,674.377420039638
1998-03-05,673.555875225577
1998-03-06,670.7017667399971
1998-03-09,664.4020224960597
1998-03-10,664.5797406288734
1998-03-11,666.8141729462544
1998-03-12,677.5420372760201
1998-03-13,673.9888240972984
1998-03-16,678.3462705180331
1998-03-17,676.4951879336634
1998-03-18,670.6220667334139
1998-03-19,672.1701113711447
1998-03-20,678.7797698535607
1998-03-23,682.9450940140773
1998-03-24,688.4583147118886
1998-03-25,688.8478742470636
1998-03-26,707.1503556765658
1998-03-27,706.2570655950932
1998-03-30,697.493547190903
1998-03-31,702.4753719193311
1998-04-01,699.572910257841
1998-04-02,690.5672078066066
1998-04-03,689.5503130876912
1998-04-06,691.2544312620995
1998-04-07,687.7969798379307
1998-04-08,679.3466370045711
1998-04-09,674.6403766372971
1998-04-10,671.1139720358054
1998-04-13,670.4971510874673
1998-04-14,673.4511426429668
1998-04-15,667.0121639619338
1998-04-16,658.3747233963052
1998-04-17,661.7978535727697
1998-04-20,658.6922533643757
1998-04-21,655.184755868291
1998-04-22,664.6676749359424
1998-04-23,672.4155711679066
1998-04-24,680.6111587716749
1998-04-27,667.2415479975422
1998-04-28,657.3453065681998
1998-04-29,657.0534036283894
1998-04-30,659.4184146134751
1998-05-01,665.7012145734565
1998-05-04,662.5764508408002
1998-05-05,652.9870898114889
1998-05-06,664.8735097816282
1998-05-07,657.8933165756459
1998-05-08,651.619123524207
1998-05-11,654.886960319793
1998-05-12,657.8828790690411
1998-05-13,652.4236412997338
1998-05-14,643.1373380747491
1998-05-15,643.4896310783726
1998-05-18,633.8340237620018
1998-05-19,643.8644913297233
1998-05-20,649.3694696015198
1998-05-21,652.7162766259786
1998-05-22,654.4508729858876
1998-05-25,646.3147484280839
1998-05-26,644.1888895248459
1998-05-27,645.6826047025633
1998-05-28,641.6772117354883
1998-05-29,633.09340365474
1998-06-01,629.8974805813465
1998-06-02,632.8376652356553
1998-06-03,627.0343873819743
1998-06-04,622.4995025664338
1998-06-05,620.7517099021084
1998-06-08,623.7699580040551
1998-06-09,628.0714161775178
1998-06-10,630.3432557404266
1998-06-11,639.4802653129558
1998-06-12,641.7845171142865
1998-06-15,649.1222333481811
1998-06-16,653.1870441648091
1998-06-17,650.3309298802267
1998-06-18,656.3887546409105
1998-06-19,659.1790917275421
1998-06-22,667.8615244461132
1998-06-23,667.6758952818701
1998-06-24,669.5066306299307
1998-06-25,668.08856903485
1998-06-26,670.9176129552646
1998-06-29,675.7513165342667
1998-06-30,673.3281104361978
1998-07-01,687.7169179343417
1998-07-02,693.8673625090322
1998-07-03,691.0800381973135
1998-07-06,678.0357816021442
1998-07-07,691.995974619136
1998-07-08,696.3559536220181
1998-07-09,693.2029411642364
1998-07-10,694.567248175603
1998-07-13,699.8508885907685
1998-07-14,691.301845102119
1998-07-15,692.235499912827
1998-07-16,708.2364473413795
1998-07-17,701.312074989215
1998-07-20,683.2085155848058
1998-07-21,686.3681184577817
1998-07-22,684.1433120662766
1998-07-23,688.3318278452185
1998-07-24,685.8891382325835
1998-07-27,677.8704675253856
1998-07-28,685.6691486165607
1998-07-29,686.4152409394684
1998-07-30,682.9161613569717
1998-07-31,677.1776764754352
1998-08-03,684.7712986148325
1998-08-04,682.2928921343681
1998-08-05,675.8401601627887
1998-08-06,672.9667776657182
1998-08-07,672.4852248598202
1998-08-10,673.5748975636575
1998-08-11,679.59885435045
1998-08-12,676.0380626612501
1998-08-13,679.0620460062399
1998-08-14,692.7684224435403
1998-08-17,685.3714629012816
1998-08-18,686.0498414436906
1998-08-19,694.9360537780121
1998-08-20,688.3223068447887
1998-08-21,695.1963395882302
1998-08-24,701.0870685723645
1998-08-25,706.0709706159255
1998-08-26,689.0133829122102
1998-08-27,686.3783030567612
1998-08-28,688.2764674080682
1998-08-31,692.3763847950149
1998-09-01,688.6426655579818
1998-09-02,686.4401126225891
1998-09-03,696.8223448514246
1998-09-04,683.2381868946832
1998-09-07,685.2399294410104
1998-09-08,678.5657753250904
1998-09-09,691.9522132535749
1998-09-10,689.1694305320676
1998-09-11,698.9366921453745
1998-09-14,696.4296611746912
1998-09-15,696.9362116999079
1998-09-16,695.8508458522524
1998-09-17,702.0458458118936
1998-09-18,696.6241821696264
1998-09-21,701.6772736234389
1998-09-22,698.8811884789077
1998-09-23,697.2317708264803
1998-09-24,701.612016296929
1998-09-25,716.1102923758863
1998-09-28,727.5446942428598
1998-09-29,718.5718666635206
1998-09-30,720.9392308250859
1998-10-01,728.5635522330261
1998-10-02,716.03168450316
1998-10-05,723.5035463051026
1998-10-06,721.8527498958889
1998-10-07,714.1925083862151
1998-10-08,724.3213865027612
1998-10-09,739.4362732492365
1998-10-12,745.3828857875609
1998-10-13,732.2556363685669
1998-10-14,739.976131584097
1998-10-15,734.3950415576428
1998-10-16,734.9665636446417
1998-10-19,730.235270699417
1998-10-20,739.5210788124449
1998-10-21,753.5835228468086
1998-10-22,752.8764626987081
1998-10-23,752.5250595912253
1998-10-26,739.8272905488868
1998-10-27,735.4999129152345
1998-10-28,737.5270815946735
1998-10-29,739.7219211677839
1998-10-30,740.3836693705409
1998-11-02,724.5018077196506
1998-11-03,716.0567747094583
1998-11-04,712.4622859357332
1998-11-05,700.9354812206616
1998-11-06,703.309793645457
1998-11-09,702.429164330471
1998-11-10,693.5925724531272
1998-11-11,697.257066829373
1998-11-12,695.5738279907786
1998-11-13,702.5679797545657
1998-11-16,691.047496685702
1998-11-17,696.3521392599936
1998-11-18,703.6275615366394
1998-11-19,690.2073659828276
1998-11-20,685.1304636231936
1998-11-23,681.385217022177
1998-11-24,677.1886178523937
1998-11-25,690.569375763407
1998-11-26,704.7242766478214
1998-11-27,710.304947538792
1998-11-30,712.7907416202037
1998-12-01,703.1282893214283
1998-12-02,704.7248801199956
1998-12-03,695.906467753954
1998-12-04,688.9771443377017
1998-12-07,678.8786928725194
1998-12-08,672.5121524111997
1998-12-09,667.3079151782298
1998-12-10,661.9324513311419
1998-12-11,651.8257103757625
1998-12-14,656.2290236784648
1998-12-15,664.9456922881981
1998-12-16,668.0255386375733
1998-12-17,673.7308643669205
1998-12-18,671.6035105171774
1998-12-21,673.97532180455
1998-12-22,664.0131007532352
1998-12-23,666.7824920730183
1998-12-24,679.305120763527
1998-12-25,675.7630459355596
1998-12-28,682.2930322564166
1998-12-29,684.98276517767
1998-12-30,699.8383891963429
1998-12-31,707.3773234723999
1999-01-01,701.8611687719134
1999-01-04,696.537245536456
1999-01-05,704.6868988603677
1999-01-06,704.5600863837949
1999-01-07,704.0939713146731
1999-01-08,701.4466564980289
1999-01-11,693.9253825330628
1999-01-12,700.5078264635166
1999-01-13,706.7308010131212
1999-01-14,706.3196545757017
1999-01-15,687.7317423741735
1999-01-18,685.0422324857155
1999-01-19,690.9303459748149
1999-01-20,688.7617357640646
1999-01-21,693.9079168551734
1999-01-22,710.7681151769902
1999-01-25,710.812743639023
1999-01-26,719.6191939170626
1999-01-27,722.3539832007723
1999-01-28,708.9736237494768
1999-01-29,709.5642184094048
1999-02-01,711.1688596671959
1999-02-02,700.3719762141723
1999-02-03,692.509685414827
1999-02-04,681.8234627028178
1999-02-05,677.463451716325
1999-02-08,684.9420956321044
1999-02-09,692.0829916743386
1999-02-10,696.2202222183839
1999-02-11,701.3236135842636
1999-02-12,704.8480958744234
1999-02-15,709.7640209297696
1999-02-16,719.0202127263501
1999-02-17,715.7223076203434
1999-02-18,718.4146688193514
1999-02-19,738.4398044513913
1999-02-22,749.5371861221865
1999-02-23,747.3824958845992
1999-02-24,749.3003244470515
1999-02-25,757.9128871663482
1999-02-26,754.9396742068085
1999-03-01,734.6777677643232
1999-03-02,730.7806368993222
1999-03-03,730.5437363768623
1999-03-04,733.2071124950912
1999-03-05,731.1251712356311
1999-03-08,742.3299035769262
1999-03-09,765.358205103535
1999-03-10,779.9315694343162
1999-03-11,769.31514527169
1999-03-12,761.1210722104336
1999-03-15,755.1504198506636
1999-03-16,752.1972231875268
1999-03-17,754.0518692991296
1999-03-18,750.9734849585592
1999-03-19,741.0393657625687
1999-03-22,739.9810436720958
1999-03-23,747.3827806056283
1999-03-24,732.5318866336779
1999-03-25,724.9529396546758
1999-03-26,730.4348457055796
1999-03-29,724.0430547013331
1999-03-30,733.8444805473523
1999-03-31,734.9125566416225
1999-04-01,734.4434292374671
1999-04-02,726.1762113795495
1999-04-05,722.7278985969474
1999-04-06,717.0681746088801
1999-04-07,719.8040379350007
1999-04-08,719.6078796453185
1999-04-09,725.9072359616108
1999-04-12,727.8851589289275
1999-04-13,712.4918845636278
1999-04-14,720.0254651816103
1999-04-15,716.7062083465784
1999-04-16,721.6571631101367
1999-04-19,721.7216589908486
1999-04-20,714.9758794697501
1999-04-21,707.072615220023
1999-04-22,721.0649622018449
1999-04-23,729.8123310190969
1999-04-26,717.7449270061395
1999-04-27,727.0698218268406
1999-04-28,733.9737010283301
1999-04-29,718.2576187440484
1999-04-30,722.5619093898141
1999-05-03,717.5173345307982
1999-05-04,724.1590866542531
1999-05-05,722.3796724246922
1999-05-06,718.1507961771035
1999-05-07,711.2869783001358
1999-05-10,708.6477145568942
1999-05-11,708.5174627259307
1999-05-12,709.3302773982535
1999-05-13,722.043053007345
1999-05-14,719.6111878556935
1999-05-17,717.7561853433009
1999-05-18,710.0659627354545
1999-05-19,707.4162627507351
1999-05-20,712.0828199188652
1999-05-21,725.816321514941
1999-05-24,715.9891481349047
1999-05-25,722.2265724998529
1999-05-26,714.0927882286339
1999-05-27,707.46332498434
1999-05-28,704.1453727417077
1999-05-31,696.0316964439402
1999-06-01,698.6328408447561
1999-06-02,707.303923550135
1999-06-03,708.2084547758908
1999-06-04,706.7111206254865
1999-06-07,700.8350512621699
1999-06-08,707.7359449086154
1999-06-09,704.1414397405382
1999-06-10,707.0609001536153
1999-06-11,703.812613651205
1999-06-14,702.8205333703061
1999-06-15,689.2530045232629
1999-06-16,692.231398352835
1999-06-17,698.4491001160146
1999-06-18,693.7490996293021
1999-06-21,693.1767822483316
1999-06-22,690.5860074413615
1999-06-23,681.7791700627315
1999-06-24,682.3568768291807
1999-06-25,689.4234096528852
1999-06-28,690.0216973480253
1999-06-29,689.4443937548984
1999-06-30,684.1136775096944
1999-07-01,686.4029092310385
1999-07-02,683.8213348148396
1999-07-05,686.4280177577116
1999-07-06,677.8206304010212
1999-07-07,677.6796102125907
1999-07-08,672.2899295970273
1999-07-09,673.3247205796981
1999-07-12,673.2329033813779
1999-07-13,672.5049014118217
1999-07-14,666.4153242478296
1999-07-15,657.6700774158062
1999-07-16,659.4143935449559
1999-07-19,659.1927688382059
1999-07-20,652.7057174126911
1999-07-21,643.7566692668815
1999-07-22,656.6057526906461
1999-07-23,660.1246350437638
1999-07-26,659.9254410414628
1999-07-27,661.2374097888556
1999-07-28,675.5349939495286
1999-07-29,677.2542492042628
1999-07-30,675.9585291944228
1999-08-02,687.7927320607204
1999-08-03,679.6756953803956
1999-08-04,680.6788608960455
1999-08-05,682.8271556993855
1999-08-06,687.5126878188055
1999-08-09,690.3807678447383
1999-08-10,688.8051299959741
1999-08-11,701.2500912600357
1999-08-12,695.8479310230624
1999-08-13,697.1579709527057
1999-08-16,702.0326523924077
1999-08-17,694.3519419586438
1999-08-18,695.4995606044436
1999-08-19,684.348734945622
1999-08-20,672.7695640732211
1999-08-23,673.8042687969346
1999-08-24,672.3030963129165
1999-08-25,677.5678337885101
1999-08-26,681.4621360402388
1999-08-27,682.2598506933631
1999-08-30,672.2121382200228
1999-08-31,665.3332878827077
1999-09-01,676.8265939917657
1999-09-02,665.9411887529669
1999-09-03,660.049465876144
1999-09-06,662.0411378300475
1999-09-07,658.2608160087811
1999-09-08,662.4912488689985
1999-09-09,664.544059315538
1999-09-10,668.976872982882
1999-09-13,670.1046147676143
1999-09-14,668.7561287991837
1999-09-15,668.8165471142852
1999-09-16,669.5810554487298
1999-09-17,657.8400018436033
1999-09-20,663.4975061435138
1999-09-21,666.0005145378557
1999-09-22,662.1500353968544
1999-09-23,657.6390666478198
1999-09-24,655.8277857853111
1999-09-27,643.5779575001036
1999-09-28,636.6265073281949
1999-09-29,640.6208265496472
1999-09-30,644.7513238939347
1999-10-01,646.2107259487519
1999-10-04,650.3539371174693
1999-10-05,647.3086726089393
1999-10-06,649.4707551407067
1999-10-07,657.3893012719232
1999-10-08,654.8455167737875
1999-10-11,657.9348577531559
1999-10-12,659.624660011814
1999-10-13,650.5123228796258
1999-10-14,653.809395002918
1999-10-15,638.1193326709324
1999-10-18,627.9130421349942
1999-10-19,630.2750240645312
1999-10-20,623.552982696633
1999-10-21,634.1879417726885
1999-10-22,637.3877182549485
1999-10-25,644.9175505495108
1999-10-26,649.9251709268427
1999-10-27,661.7216387423161
1999-10-28,655.0146704418249
1999-10-29,654.3854074117407
1999-11-01,659.6445018050176
1999-11-02,658.7051334588724
1999-11-03,658.0916181540838
1999-11-04,650.2961290830806
1999-11-05,640.0065093758419
1999-11-08,631.6811438200867
1999-11-09,620.6850735602278
1999-11-10,618.7324877999907
1999-11-11,616.9439608815684
1999-11-12,609.9972320312083
1999-11-15,617.7646166291631
1999-11-16,620.150121889027
1999-11-17,611.5887865270051
1999-11-18,613.3138796374539
1999-11-19,601.0284818319906
1999-11-22,606.7391779879738
1999-11-23,605.7264882141286
1999-11-24,606.3951735214274
1999-11-25,616.7950110281113
1999-11-26,620.8516977294312
1999-11-29,623.1271761290756
1999-11-30,623.6829994929151
1999-12-01,621.1027463212122
1999-12-02,622.7719692510276
1999-12-03,626.9081433692979
1999-12-06,627.4491721076199
1999-12-07,630.2075473211778
1999-12-08,646.2175511217081
1999-12-09,654.8183682048224
1999-12-10,653.2377061545337
1999-12-13,656.6202281439851
1999-12-14,651.4219441630547
1999-12-15,640.2860132595073
1999-12-16,635.2884681838127
1999-12-17,631.3670460014808
1999-12-20,624.4947634247096
1999-12-21,619.049032701549
1999-12-22,616.234734209117
1999-12-23,612.7765585689334
1999-12-24,610.553677281845
1999-12-27,620.8956080598043
1999-12-28,616.4928030657044
1999-12-29,612.5353194548519
1999-12-30,611.7941904333122
1999-12-31,618.6197550962063
2000-01-03,618.8049024758254
2000-01-04,617.6152076709182
2000-01-05,625.3589394972768
2000-01-06,625.9207299176142
2000-01-07,623.3987824658374
2000-01-10,628.6908924600963
2000-01-11,636.5319596687048
2000-01-12,629.8918263975909
2000-01-13,630.0417621045094
2000-01-14,639.8393722385013
2000-01-17,633.4106935004542
2000-01-18,632.7944736107386
2000-01-19,641.3377515954023
2000-01-20,642.029760202526
2000-01-21,632.3739665002662
2000-01-24,626.6924264052936
2000-01-25,617.9415448536155
2000-01-26,619.5132047546198
2000-01-27,623.277025528202
2000-01-28,617.1464353292752
2000-01-31,628.9515467045707
2000-02-01,624.7815091902504
2000-02-02,621.4020919208145
2000-02-03,629.4946473570528
2000-02-04,647.6814978933951
2000-02-07,644.6553294995518
2000-02-08,651.4180087693823
2000-02-09,645.8863341532827
2000-02-10,641.4433086441388
2000-02-11,652.2508152110977
2000-02-14,642.4098081393096
2000-02-15,643.1699499333168
2000-02-16,644.5162365612528
2000-02-17,644.6911282239035
2000-02-18,648.3677112530612
2000-02-21,653.8681012609957
2000-02-22,659.755805071474
2000-02-23,661.7809827422539
2000-02-24,672.2799502861695
2000-02-25,673.4561281006054
2000-02-28,670.5954662675512
2000-02-29,681.4346214215913
2000-03-01,682.9884300306268
2000-03-02,682.1033192887664
2000-03-03,672.0896891874479
2000-03-06,672.6655683411312
2000-03-07,668.9748841318502
2000-03-08,672.6866802055099
2000-03-09,687.1436681104824
2000-03-10,696.8637660230042
2000-03-13,686.5346769440938
2000-03-14,690.132156084986
2000-03-15,699.4564021865491
2000-03-16,686.7241869686216
2000-03-17,697.6446546010126
2000-03-20,698.8983708176339
2000-03-21,703.6576865094192
2000-03-22,698.5832283968538
2000-03-23,700.3365568437831
2000-03-24,698.8845851567836
2000-03-27,710.9267905665919
2000-03-28,711.3980818046299
2000-03-29,711.2845135060353
2000-03-30,707.8393358264237
2000-03-31,700.5376892634548
2000-04-03,710.5483805028313
2000-04-04,714.7573146083776
2000-04-05,716.4578662626869
2000-04-06,718.8807769865809
2000-04-07,714.8447271555824
2000-04-10,717.5348439532512
2000-04-11,704.9815179813294
2000-04-12,711.5762368771234
2000-04-13,718.0328630609274
2000-04-14,719.0749114510281
2000-04-17,724.023575202213
2000-04-18,717.1039268265368
2000-04-19,711.9948530218892
2000-04-20,699.0864789808585
2000-04-21,686.0306885549147
2000-04-24,670.0978795519491
2000-04-25,669.619770189114
2000-04-26,670.5859091846644
2000-04-27,662.9895947384196
2000-04-28,652.8575402795475
2000-05-01,658.2143856061439
2000-05-02,664.404296383926
2000-05-03,665.0903908949493
2000-05-04,661.3528808428167
2000-05-05,648.8255809707707
2000-05-08,663.0022740490236
2000-05-09,657.1854009567886
2000-05-10,658.2547780488644
2000-05-11,656.5497906820752
2000-05-12,660.9896577097886
2000-05-15,661.2842808087082
2000-05-16,660.1125756618281
2000-05-17,670.9352327489125
2000-05-18,660.3122549873192
2000-05-19,650.640344264773
2000-05-22,653.6121291217646
2000-05-23,664.706613160773
2000-05-24,663.8458354379504
2000-05-25,664.1179427440081
2000-05-26,676.5044198064834
2000-05-29,668.8757690166793
2000-05-30,663.9508694426828
2000-05-31,665.6226784143396
2000-06-01,675.2041059455793
2000-06-02,670.6279886527578
2000-06-05,682.1245177681143
2000-06-06,678.1674601437988
2000-06-07,682.011416336165
2000-06-08,687.9840688221752
2000-06-09,685.4145173195684
2000-06-12,687.3607542231009
2000-06-13,699.1949635006403
2000-06-14,706.5936741341238
2000-06-15,706.3558929439445
2000-06-16,717.7860444396385
2000-06-19,720.4286783113472
2000-06-20,717.4921698308508
2000-06-21,706.5386053793709
2000-06-22,697.5420491594674
2000-06-23,693.4733468088543
2000-06-26,695.5372806281978
2000-06-27,692.518428375207
2000-06-28,693.0257205987965
2000-06-29,695.0930928834171
2000-06-30,701.5963848369853
2000-07-03,704.5097779711963
2000-07-04,714.239646775705
2000-07-05,725.8185302165958
2000-07-06,736.8282055494047
2000-07-07,736.498338609919
2000-07-10,726.9000350997192
2000-07-11,737.8959159724712
2000-07-12,741.6144098702862
2000-07-13,749.3369794520213
2000-07-14,746.7227597833923
2000-07-17,734.9688632480205
2000-07-18,745.2384455237259
2000-07-19,753.8061635445185
2000-07-20,749.891453612729
2000-07-21,751.444789119123
2000-07-24,755.4274941197291
2000-07-25,756.0030523112181
2000-07-26,765.859069947169
2000-07-27,756.0611446598351
2000-07-28,751.6644940165639
2000-07-31,767.2964621855041
2000-08-01,767.2725050886479
2000-08-02,768.3411990440388
2000-08-03,774.1808182748904
2000-08-04,789.5684707534778
2000-08-07,780.0720115582395
2000-08-08,778.4686355488611
2000-08-09,778.7378890324293
2000-08-10,778.2953556670285
2000-08-11,775.6125958889953
2000-08-14,795.0553846681066
2000-08-15,798.5898357743883
2000-08-16,803.8730052626221
2000-08-17,809.1365995611028
2000-08-18,799.4940564277751
2000-08-21,815.9871572792042
2000-08-22,808.9120406138508
2000-08-23,795.1599067242802
2000-08-24,786.6461400440427
2000-08-25,782.8647961449877
2000-08-28,772.6844912089704
2000-08-29,778.726135870079
2000-08-30,791.5078849921426
2000-08-31,804.297059736455
2000-09-01,805.2381068093621
2000-09-04,813.2350368266532
2000-09-05,818.7123715714856
2000-09-06,820.4422216133331
2000-09-07,823.9471401760236
2000-09-08,813.4087050114059
2000-09-11,821.9548522819542
2000-09-12,823.2829795487226
2000-09-13,810.1909947621135
2000-09-14,809.0981905597184
2000-09-15,808.0366416417653
2000-09-18,795.0718266116065
2000-09-19,795.6941150331589
2000-09-20,798.965273213536
2000-09-21,799.9335440950788
2000-09-22,804.2848881973973
2000-09-25,803.8474068393468
2000-09-26,799.6658862452812
2000-09-27,795.5268759492019
2000-09-28,780.7851252400385
2000-09-29,789.8803894544675
2000-10-02,793.9425464604835
2000-10-03,791.7122131006681
2000-10-04,793.8434906085001
2000-10-05,784.7725721435977
2000-10-06,784.4422291296406
2000-10-09,789.4127657648037
2000-10-10,793.1158619892985
2000-10-11,790.2094244905742
2000-10-12,772.8006450878435
2000-10-13,768.174312564591
2000-10-16,772.2505161135718
2000-10-17,769.9710997456688
2000-10-18,764.7200843306348
2000-10-19,772.3105812940644
2000-10-20,775.3069548658997
2000-10-23,778.1574361814643
2000-10-24,777.9429356647254
2000-10-25,768.6336395776385
2000-10-26,772.6623871127402
2000-10-27,771.8369665894963
2000-10-30,780.0678259078278
2000-10-31,778.2743176335046
2000-11-01,775.5180725347941
2000-11-02,777.4088625456124
2000-11-03,785.587097524599
2000-11-06,780.7687740142208
2000-11-07,765.5881862106065
2000-11-08,763.6717781954355
2000-11-09,751.0880065325227
2000-11-10,751.1480560814741
2000-11-13,751.5648694131925
2000-11-14,758.3994328927105
2000-11-15,767.4466518333687
2000-11-16,768.2788320168587
2000-11-17,785.7936925108348
2000-11-20,792.3706131004352
2000-11-21,789.6086470157817
2000-11-22,791.8505758124584
2000-11-23,796.17214233148
2000-11-24,801.0677133661064
2000-11-27,808.4544676515682
2000-11-28,819.4019897867634
2000-11-29,826.1338711770932
2000-11-30,832.4529170069636
2000-12-01,824.7336037838745
2000-12-04,818.3701675962975
2000-12-05,830.8442237888135
2000-12-06,848.3997440215148
2000-12-07,836.3599490446526
2000-12-08,834.7385534397705
2000-12-11,840.9014477377906
2000-12-12,855.8995724742482
2000-12-13,851.6011946195093
2000-12-14,837.8026414351294
2000-12-15,825.5933788662092
2000-12-18,832.1113020101855
2000-12-19,835.5080428487008
2000-12-20,815.6040822896719
2000-12-21,815.2923317851713
2000-12-22,828.4103166106642
2000-12-25,849.3610826495324
2000-12-26,852.0508890260287
2000-12-27,857.5161224491294
2000-12-28,859.7974252540611
2000-12-29,871.2677240165979
2001-01-01,875.9843971575366
2001-01-02,879.5066177289647
2001-01-03,881.8964709944288
2001-01-04,881.3129893275761
2001-01-05,881.3313029931605
2001-01-08,876.6498581221161
2001-01-09,881.7658327594338
2001-01-10,871.8917479637836
2001-01-11,860.5403602878526
2001-01-12,837.8738665739764
2001-01-15,856.3557414891072
2001-01-16,859.8627945126359
2001-01-17,843.1902822841805
2001-01-18,849.7583170733083
2001-01-19,847.2472147130431
2001-01-22,831.1436464977082
2001-01-23,838.639989235489
2001-01-24,829.8441904874612
2001-01-25,818.3596580054461
2001-01-26,824.3739331510997
2001-01-29,837.193188911636
2001-01-30,836.4198261345209
2001-01-31,829.4549869703405
2001-02-01,830.895034267055
2001-02-02,827.3053309809467
2001-02-05,839.61587364558
2001-02-06,839.9782943208088
2001-02-07,856.3111426315422
2001-02-08,851.134825150828
2001-02-09,851.7927013444956
2001-02-12,856.3114310780879
2001-02-13,851.8371052978106
2001-02-14,857.6067176156283
2001-02-15,867.7528243054032
2001-02-16,864.7913555675985
2001-02-19,859.8478817096585
2001-02-20,844.9413462366157
2001-02-21,841.4009968034472
2001-02-22,847.8927172322244
2001-02-23,844.5403529647798
2001-02-26,835.0743774431166
2001-02-27,833.2823926012286
2001-02-28,831.526746869009
2001-03-01,829.4841906627178
2001-03-02,829.2425948817046
2001-03-05,831.4237605391277
2001-03-06,823.4959875770278
2001-03-07,828.8573244373548
2001-03-08,820.5318062666813
2001-03-09,825.9571488652763
2001-03-12,828.1492518105388
2001-03-13,837.8497326367726
2001-03-14,838.1562652558739
2001-03-15,828.4508717883248
2001-03-16,833.9465346092903
2001-03-19,834.5032794355069
2001-03-20,829.1549898043879
2001-03-21,830.7796721747118
2001-03-22,812.9752912265825
2001-03-23,815.3340507523195
2001-03-26,818.1026103159929
2001-03-27,818.6646059327733
2001-03-28,801.9337215057056
2001-03-29,811.9153802754258
2001-03-30,813.3827652216321
2001-04-02,809.6859714240628
2001-04-03,816.5709691018196
2001-04-04,805.0324268722626
2001-04-05,810.2332695222301
2001-04-06,825.4025197426843
2001-04-09,824.6178560396419
2001-04-10,831.8055992492602
2001-04-11,825.963797249625
2001-04-12,830.4062797409775
2001-04-13,819.9794732901793
2001-04-16,828.2918370182247
2001-04-17,838.2078887548162
2001-04-18,840.3649323117863
2001-04-19,847.7906301985586
2001-04-20,852.6988535251506
2001-04-23,865.8598129387675
2001-04-24,865.649670823222
2001-04-25,868.8086962333264
2001-04-26,859.0893898705463
2001-04-27,853.5996569907778
2001-04-30,854.0309812379899
2001-05-01,845.1726565703331
2001-05-02,833.593200728671
2001-05-03,835.6084574056107
2001-05-04,844.7206959852251
2001-05-07,852.215020828847
2001-05-08,853.6281609222655
2001-05-09,853.7926302069893
2001-05-10,870.651866381691
2001-05-11,862.5160981143456
2001-05-14,874.9817602130995
2001-05-15,872.1422820980225
2001-05-16,869.4213647786427
2001-05-17,857.244593114923
2001-05-18,864.3049487758358
2001-05-21,876.4220061367912
2001-05-22,873.7076665379706
2001-05-23,864.2759243506836
2001-05-24,857.5062407598514
2001-05-25,863.0718754860218
2001-05-28,868.9842019972408
2001-05-29,862.4207763080575
2001-05-30,871.6425650947708
2001-05-31,885.2335230636432
2001-06-01,870.8171348914289
2001-06-04,860.8384059851488
2001-06-05,867.5695566134276
2001-06-06,877.2683088256763
2001-06-07,867.3288080822406
2001-06-08,864.915681461671
2001-06-11,856.5857985840373
2001-06-12,874.8088225878392
2001-06-13,857.9267126046277
2001-06-14,841.3061097898075
2001-06-15,839.3572253473926
2001-06-18,835.6160060984097
2001-06-19,838.8884717572026
2001-06-20,857.9805912425167
2001-06-21,855.2349096482284
2001-06-22,865.8423273001936
2001-06-25,869.056528095836
2001-06-26,876.413969326743
2001-06-27,866.3373486259562
2001-06-28,863.9099689708743
2001-06-29,872.2057043372091
2001-07-02,879.1072214511198
2001-07-03,900.8027849256929
2001-07-04,911.0326285539198
2001-07-05,907.6082024642483
2001-07-06,892.7682626194311
2001-07-09,894.9285229939645
2001-07-10,886.1896912881097
2001-07-11,890.934478466888
2001-07-12,883.9847519510538
2001-07-13,880.0522104972708
2001-07-16,861.1459481950648
2001-07-17,872.4043925666248
2001-07-18,874.4044585923963
2001-07-19,862.1845044292654
2001-07-20,852.9139656947558
2001-07-23,854.0139203290435
2001-07-24,838.4263754641221
2001-07-25,845.5021903435538
2001-07-26,833.8309357793438
2001-07-27,834.4697988725945
2001-07-30,830.8254801520992
2001-07-31,829.6709958669433
2001-08-01,817.9104290284749
2001-08-02,812.8230433158607
2001-08-03,830.0462095923685
2001-08-06,820.6309652949435
2001-08-07,820.534809924407
2001-08-08,827.5275817467187
2001-08-09,834.0628262761329
2001-08-10,842.0950758198286
2001-08-13,828.6500907798361
2001-08-14,826.6116946654473
2001-08-15,826.8244041787979
2001-08-16,831.385088616472
2001-08-17,821.4206179816026
2001-08-20,810.414261313064
2001-08-21,810.8970891823491
2001-08-22,817.4494096956915
2001-08-23,812.5141364732768
2001-08-24,806.7761441719554
2001-08-27,806.2321512979726
2001-08-28,813.0923817428372
2001-08-29,803.0713851197338
2001-08-30,806.6887722082577
2001-08-31,806.436514535124
2001-09-03,806.296420501262
2001-09-04,816.3494218177871
2001-09-05,804.2582348246721
2001-09-06,813.3461355790236
2001-09-07,800.5603177841435
2001-09-10,804.8290054365539
2001-09-11,810.1336592689863
2001-09-12,802.0619507809765
2001-09-13,795.0399416039334
2001-09-14,796.6148393569991
2001-09-17,788.6220695707257
2001-09-18,789.7967624137113
2001-09-19,789.8522405568998
2001-09-20,794.276410237226
2001-09-21,792.5120183484721
2001-09-24,786.264711454335
2001-09-25,781.1444848084404
2001-09-26,785.3087608053371
2001-09-27,794.0939333830928
2001-09-28,802.978127754781
2001-10-01,795.0281416984627
2001-10-02,787.9078857058524
2001-10-03,785.8664646165187
2001-10-04,783.106496280699
2001-10-05,793.8765944004476
2001-10-08,802.4501760390352
2001-10-09,811.0373606434292
2001-10-10,805.9837327012551
2001-10-11,806.9733500868105
2001-10-12,809.869134346035
2001-10-15,816.6665246349176
2001-10-16,802.4198689050145
2001-10-17,816.7125642462328
2001-10-18,823.6675592097755
2001-10-19,829.3789128678541
2001-10-22,833.6198695149473
2001-10-23,825.4802161162894
2001-10-24,840.8967450139771
2001-10-25,835.4177116264738
2001-10-26,837.1592889103104
2001-10-29,818.571702830581
2001-10-30,815.4321293372612
2001-10-31,830.7171057191207
2001-11-01,822.5568077958693
2001-11-02,826.5705252042064
2001-11-05,822.6320487317089
2001-11-06,824.7181401790389
2001-11-07,826.7436500435234
2001-11-08,827.4862877180719
2001-11-09,829.050943953408
2001-11-12,832.361090201889
2001-11-13,820.9927773301333
2001-11-14,814.0166481043173
2001-11-15,804.2430082903634
2001-11-16,802.8710168250387
2001-11-19,823.5037074056115
2001-11-20,834.5648119703666
2001-11-21,845.4747599344786
2001-11-22,829.1942973351981
2001-11-23,825.6926985086051
2001-11-26,832.5438488231504
2001-11-27,844.2997246746038
2001-11-28,834.5404585122242
2001-11-29,839.0643365464475
2001-11-30,825.7769392517714
2001-12-03,829.4606046597623
2001-12-04,821.3425785470349
2001-12-05,804.0455087454772
2001-12-06,795.9139655890219
2001-12-07,786.2489493195701
2001-12-10,788.1220005846843
2001-12-11,789.2216826945439
2001-12-12,784.1389226043422
2001-12-13,779.3695082262408
2001-12-14,787.2035272259167
2001-12-17,772.968165289328
2001-12-18,772.1156100647286
2001-12-19,784.4088431063319
2001-12-20,783.4244997416662
2001-12-21,780.8833161129486
2001-12-24,777.16089443427
2001-12-25,776.2135395936439
2001-12-26,769.5243157083033
2001-12-27,778.5430531040538
2001-12-28,777.5379226665561
2001-12-31,772.8351740877204
2002-01-01,766.2663458878424
2002-01-02,772.2304320005461
2002-01-03,776.0191332361901
2002-01-04,780.3951730633185
2002-01-07,774.6022739053354
2002-01-08,769.5589371598749
2002-01-09,766.9635935508572
2002-01-10,776.1134688791547
2002-01-11,774.083291530035
2002-01-14,773.7679007788125
2002-01-15,768.4785418655407
2002-01-16,769.9633388559866
2002-01-17,769.8679543166853
2002-01-18,757.4345022971662
2002-01-21,743.0020048481681
2002-01-22,736.9215641776893
2002-01-23,727.8296761708482
2002-01-24,735.1252343535009
2002-01-25,731.2667621788008
2002-01-28,749.429240451862
2002-01-29,761.333247801427
2002-01-30,758.3492676992881
2002-01-31,748.5178551047957
2002-02-01,751.5374510214298
2002-02-04,749.2154691219154
2002-02-05,741.5407139832549
2002-02-06,729.860048193733
2002-02-07,740.770529646753
2002-02-08,747.2085924228228
2002-02-11,738.6216790035074
2002-02-12,731.9807297916836
2002-02-13,734.095415187655
2002-02-14,748.4785583959035
2002-02-15,739.3204517851924
2002-02-18,721.6894702185161
2002-02-19,738.9863672112518
2002-02-20,740.8348082930697
2002-02-21,739.6712171422563
2002-02-22,744.055196877973
2002-02-25,750.8010959955757
2002-02-26,751.4117583628846
2002-02-27,741.4368297380316
2002-02-28,730.7801087129474
2002-03-01,727.1525270752986
2002-03-04,719.7454232858977
2002-03-05,725.354313962069
2002-03-06,731.4308914430605
2002-03-07,727.3664028991677
2002-03-08,728.624054379518
2002-03-11,718.0004461159582
2002-03-12,720.1642018282877
2002-03-13,713.3185529424628
2002-03-14,722.1476155971797
2002-03-15,717.3698635902983
2002-03-18,719.6879497941828
2002-03-19,718.592189726757
2002-03-20,712.1250743944139
2002-03-21,706.527352129442
2002-03-22,708.7277165030168
2002-03-25,709.105757704195
2002-03-26,711.0630533108665
2002-03-27,701.7781697931471
2002-03-28,698.4079845955758
2002-03-29,693.4026730634035
2002-04-01,700.2528431279881
2002-04-02,688.517013821418
2002-04-03,697.2192453643174
2002-04-04,701.911547591401
2002-04-05,695.1990895673698
2002-04-08,684.2576807775168
2002-04-09,682.2817444468704
2002-04-10,677.5528516183151
2002-04-11,678.2734385505298
2002-04-12,676.2578144760685
2002-04-15,673.0372560287085
2002-04-16,678.6721964061971
2002-04-17,673.7038670599135
2002-04-18,683.6954703232542
2002-04-19,687.2566044694868
2002-04-22,697.2799159163035
2002-04-23,704.7350499596247
2002-04-24,709.8257210282858
2002-04-25,710.7979655675491
2002-04-26,706.0983911463401
2002-04-29,701.1632766965124
2002-04-30,704.807922033697
2002-05-01,710.4109051256871
2002-05-02,699.0494215566234
2002-05-03,687.7735072186932
2002-05-06,701.9446656804657
2002-05-07,700.3601416812085
2002-05-08,692.0059917482232
2002-05-09,692.1492022130547
2002-05-10,681.4960621262306
2002-05-13,676.9830080656019
2002-05-14,669.5587167234556
2002-05-15,679.6001269126275
2002-05-16,684.9405599995206
2002-05-17,684.6003237288592
2002-05-20,698.1799009422109
2002-05-21,705.0699055424121
2002-05-22,708.3622998620577
2002-05-23,710.8743384928141
2002-05-24,718.86868207799
2002-05-27,712.8830181665993
2002-05-28,714.7323457497394
2002-05-29,704.9265323091087
2002-05-30,713.0624774384772
2002-05-31,717.3486948639751
2002-06-03,718.056554175694
2002-06-04,716.1385988920947
2002-06-05,716.1947423455082
2002-06-06,710.3858886894338
2002-06-07,712.0897909941453
2002-06-10,707.0356583028815
2002-06-11,707.722249293109
2002-06-12,705.2519235350603
2002-06-13,713.5660348859329
2002-06-14,723.9204773474004
2002-06-17,733.2885331036985
2002-06-18,733.1465286544501
2002-06-19,715.7716331035963
2002-06-20,694.902091514022
2002-06-21,696.3452155015212
2002-06-24,676.8901433215253
2002-06-25,670.6889378989546
2002-06-26,665.910658672384
2002-06-27,660.3320520646396
2002-06-28,639.8841160772828
2002-07-01,639.6466185728192
2002-07-02,636.1497770463693
2002-07-03,634.4208417955502
2002-07-04,632.9744897105523
2002-07-05,627.9377744497247
2002-07-08,622.7129461134024
2002-07-09,615.1707421004814
2002-07-10,612.4228776420775
2002-07-11,606.8882075287838
2002-07-12,604.5516126573259
2002-07-15,593.7340153463541
2002-07-16,590.1459284495959
2002-07-17,599.8892643958791
2002-07-18,601.5273751869029
2002-07-19,610.843522872964
2002-07-22,629.7768344259588
2002-07-23,647.0253540664572
2002-07-24,648.4063675054776
2002-07-25,638.9118889840123
2002-07-26,642.0660171883131
2002-07-29,639.132534716174
2002-07-30,642.9269763041025
2002-07-31,648.6827643975032
2002-08-01,651.9920553469738
2002-08-02,643.3049689377204
2002-08-05,643.1773707448108
2002-08-06,649.5557691390944
2002-08-07,646.5616516234596
2002-08-08,651.127661549661
2002-08-09,659.0210231276596
2002-08-12,661.3032890730666
2002-08-13,647.8616599527634
2002-08-14,634.3122410240513
2002-08-15,625.0452088007327
2002-08-16,634.5395575077176
2002-08-19,641.4811098154959
2002-08-20,638.6352574941614
2002-08-21,642.2895261742437
2002-08-22,641.7395315435696
2002-08-23,647.6877546798763
2002-08-26,652.4404897267351
2002-08-27,648.5327172413238
2002-08-28,642.6428216401251
2002-08-29,632.7055575970718
2002-08-30,642.5378306015434
2002-09-02,636.7232258885833
2002-09-03,636.8417993648716
2002-09-04,639.9336196594984
2002-09-05,630.9372065689674
2002-09-06,627.9674024559705
2002-09-09,634.0156078102674
2002-09-10,623.546904517248
2002-09-11,616.7748789122312
2002-09-12,616.4433374947542
2002-09-13,612.8335194404832
2002-09-16,615.4114762435987
2002-09-17,621.125037524869
2002-09-18,631.6657336136864
2002-09-19,628.2696920027278
2002-09-20,622.7863084316082
2002-09-23,618.982693268932
2002-09-24,624.4756025945993
2002-09-25,619.0105545768332
2002-09-26,616.3289332068347
2002-09-27,615.7965315825683
2002-09-30,620.8552617517428
2002-10-01,624.3652704526666
2002-10-02,617.8151265610567
2002-10-03,634.5506345484906
2002-10-04,631.3180551944271
2002-10-07,625.9908969686466
2002-10-08,628.0416321349923
2002-10-09,633.7537409351975
2002-10-10,623.7331298417673
2002-10-11,628.0562397342308
2002-10-14,629.7554146413861
2002-10-15,626.8484152938819
2002-10-16,621.2457274575966
2002-10-17,617.6354403736709
2002-10-18,626.3016200013341
2002-10-21,611.9446387484492
2002-10-22,616.1267472909977
2002-10-23,617.7853675897095
2002-10-24,616.3427290103326
2002-10-25,619.1554567591693
2002-10-28,617.2665897887922
2002-10-29,628.6418703974679
2002-10-30,628.6997154125164
2002-10-31,629.2899722414928
2002-11-01,626.7297233114444
2002-11-04,631.7200064286126
2002-11-05,639.1025813751628
2002-11-06,638.2354989581327
2002-11-07,633.7008394923262
2002-11-08,632.2883158285139
2002-11-11,632.2635821693817
2002-11-12,625.5412029176088
2002-11-13,619.6993608188584
2002-11-14,622.9294329382698
2002-11-15,621.2963659899425
2002-11-18,620.8489790438015
2002-11-19,614.3830525891929
2002-11-20,614.7287054846943
2002-11-21,620.6459915479323
2002-11-22,619.760697818715
2002-11-25,616.7882521571206
2002-11-26,618.1444654537423
2002-11-27,617.3647778482564
2002-11-28,621.7052495641386
2002-11-29,616.0315655944231
2002-12-02,616.2595279270646
2002-12-03,623.029292709027
2002-12-04,633.7289376571566
2002-12-05,628.0457963303096
2002-12-06,616.4972233479815
2002-12-09,609.921908666398
2002-12-10,613.7019291071275
2002-12-11,616.527621356956
2002-12-12,613.7773608341705
2002-12-13,606.6104876137003
2002-12-16,604.8145589324187
2002-12-17,600.8153886539741
2002-12-18,592.8990172443972
2002-12-19,588.6671077806797
2002-12-20,595.1409881973427
2002-12-23,595.6749054528602
2002-12-24,598.2748649954158
2002-12-25,607.5786819461738
2002-12-26,607.185724894245
2002-12-27,606.9741086408701
2002-12-30,607.6577883184125
2002-12-31,606.9614523607122
2003-01-01,605.3154236320247
2003-01-02,610.9751859763476
2003-01-03,615.6554120126823
2003-01-06,614.3612099707257
2003-01-07,616.7366090884187
2003-01-08,621.0199635221815
2003-01-09,622.9134545097972
2003-01-10,626.175253139412
2003-01-13,619.0592119607979
2003-01-14,614.4375001542099
2003-01-15,617.3391663104561
2003-01-16,630.2115340981636
2003-01-17,626.1207406612483
2003-01-20,618.4062365546835
2003-01-21,622.9896008190433
2003-01-22,627.4128080926951
2003-01-23,629.8251545384003
2003-01-24,631.4018963231587
2003-01-27,639.9323083677567
2003-01-28,637.1960688035712
2003-01-29,640.9705281263331
2003-01-30,637.757806453928
2003-01-31,633.4574759983501
2003-02-03,639.0298383901724
2003-02-04,637.8805272089086
2003-02-05,631.4909213428907
2003-02-06,622.7591914469912
2003-02-07,619.6973334528972
2003-02-10,619.3769326060527
2003-02-11,625.7654382137919
2003-02-12,632.7445192152898
2003-02-13,636.9505798406966
2003-02-14,638.8175363839902
2003-02-17,639.9263921316073
2003-02-18,639.3632402643326
2003-02-19,646.9477988295388
2003-02-20,641.9006586657932
2003-02-21,637.5067604011086
2003-02-24,639.4425450651432
2003-02-25,644.5847154185805
2003-02-26,644.4485360211663
2003-02-27,644.3035248564225
2003-02-28,640.8635773314371
2003-03-03,639.7632322078034
2003-03-04,636.3174241820931
2003-03-05,641.0515252205184
2003-03-06,638.4271712104206
2003-03-07,644.9130017112067
2003-03-10,647.7987195199497
2003-03-11,629.633339897787
2003-03-12,629.9440399377203
2003-03-13,635.0776017707366
2003-03-14,629.270988514425
2003-03-17,632.3822226997501
2003-03-18,637.3610912007565
2003-03-19,638.6702283271937
2003-03-20,643.6418950580153
2003-03-21,640.1879366427628
2003-03-24,641.1436666103782
2003-03-25,631.4134681426387
2003-03-26,635.9010297522203
2003-03-27,630.720414765062
2003-03-28,631.7349759507713
2003-03-31,633.0663004586556
2003-04-01,636.9327398073405
2003-04-02,643.9713829012355
2003-04-03,651.962276699841
2003-04-04,653.5088451583287
2003-04-07,652.9707730290717
2003-04-08,645.7664560657487
2003-04-09,651.3718934120743
2003-04-10,659.6775665169073
2003-04-11,663.2953666700046
2003-04-14,665.2915325882049
2003-04-15,667.0710885972693
2003-04-16,670.4245780576366
2003-04-17,666.952350522795
2003-04-18,677.0556720155438
2003-04-21,676.0356552679027
2003-04-22,679.4959432288597
2003-04-23,672.335327528295
2003-04-24,672.2409321428071
2003-04-25,665.6325654795467
2003-04-28,649.0111174064524
2003-04-29,656.4139046277311
2003-04-30,655.1175563383413
2003-05-01,652.0053304762912
2003-05-02,647.739581075312
2003-05-05,642.6101836275793
2003-05-06,641.4283345524098
2003-05-07,639.7548500478158
2003-05-08,641.4818783909574
2003-05-09,648.6131734991018
2003-05-12,639.8221418434217
2003-05-13,644.7620205238209
2003-05-14,637.5069480722148
2003-05-15,647.6333141956943
2003-05-16,646.1908151948127
2003-05-19,646.1389219402606
2003-05-20,647.8552415997394
2003-05-21,654.135436530248
2003-05-22,664.1413038762155
2003-05-23,665.9235017603215
2003-05-26,667.9434484995368
2003-05-27,672.5709474014056
2003-05-28,669.0729829362334
2003-05-29,672.0815673643709
2003-05-30,672.722486142452
2003-06-02,671.586193679198
2003-06-03,652.0036857006008
2003-06-04,643.6504302440562
2003-06-05,644.8393373948772
2003-06-06,655.154651232785
2003-06-09,656.1079215229927
2003-06-10,655.9664736353147
2003-06-11,661.2525635863417
2003-06-12,665.517986874065
2003-06-13,663.138256246363
2003-06-16,658.6472083012608
2003-06-17,664.7269880654628
2003-06-18,675.2985136030483
2003-06-19,680.0223669327439
2003-06-20,675.6466669988894
2003-06-23,675.892669464643
2003-06-24,681.6100661457172
2003-06-25,688.0512221964659
2003-06-26,684.4469234668218
2003-06-27,690.5167891784333
2003-06-30,683.5967412877837
2003-07-01,687.9626447962534
2003-07-02,687.7582467842227
2003-07-03,694.347454383311
2003-07-04,694.6724688115497
2003-07-07,706.050229477541
2003-07-08,710.8243804233692
2003-07-09,723.9853126556533
2003-07-10,720.7475714503723
2003-07-11,720.6416435289512
2003-07-14,711.695928858459
2003-07-15,714.0688695400505
2003-07-16,714.3254853256927
2003-07-17,694.1790865641881
2003-07-18,692.8477565031202
2003-07-21,703.3092169319087
2003-07-22,708.7221291772433
2003-07-23,716.7050659789932
2003-07-24,711.069022221532
2003-07-25,722.4092344552221
2003-07-28,720.2457626296236
2003-07-29,721.7779810444011
2003-07-30,714.9531753146509
2003-07-31,711.3101170961925
2003-08-01,718.2550186167114
2003-08-04,714.3382147105744
2003-08-05,722.040007965218
2003-08-06,709.3397509023387
2003-08-07,699.9578337437365
2003-08-08,709.2355764834043
2003-08-11,705.5479767533383
2003-08-12,707.7406677840997
2003-08-13,713.3337306594525
2003-08-14,700.4132737167895
2003-08-15,695.5181919851838
2003-08-18,687.5324297698496
2003-08-19,689.8296001018929
2003-08-20,700.5450433148218
2003-08-21,703.3349596456737
2003-08-22,707.3029531872219
2003-08-25,720.7165791461282
2003-08-26,724.6983863943332
2003-08-27,730.330408522132
2003-08-28,740.2038724656894
2003-08-29,742.3556492259502
2003-09-01,742.05605941824
2003-09-02,745.9222224336181
2003-09-03,744.7728253309336
2003-09-04,744.634295916863
2003-09-05,751.8794919626833
2003-09-08,757.7814550712206
2003-09-09,769.0132724185011
2003-09-10,770.1081391347524
2003-09-11,766.0383299704503
2003-09-12,771.166166227029
2003-09-15,773.7853432658267
2003-09-16,778.6388372698163
2003-09-17,796.121014225162
2003-09-18,798.159993497557
2003-09-19,800.2807891272488
2003-09-22,813.9901523816425
2003-09-23,816.7887703985981
2003-09-24,813.7233866577
2003-09-25,810.0611574296463
2003-09-26,803.3315034110766
2003-09-29,794.7466326015567
2003-09-30,802.8998781247643
2003-10-01,807.0567149948538
2003-10-02,802.860398290816
2003-10-03,807.2251331045914
2003-10-06,810.4466217084945
2003-10-07,801.5073697946996
2003-10-08,799.0891457090356
2003-10-09,797.0838325457502
2003-10-10,799.7679200977199
2003-10-13,792.1927687951189
2003-10-14,801.946707419498
2003-10-15,792.3107598941727
2003-10-16,789.0390008248513
2003-10-17,792.7377355585336
2003-10-20,797.6319831388655
2003-10-21,804.3988890729644
2003-10-22,807.540893085095
2003-10-23,812.1314948540142
2003-10-24,801.1895130947078
2003-10-27,790.3454956634364
2003-10-28,799.2750049440675
2003-10-29,799.3259639050287
2003-10-30,808.1843255085422
2003-10-31,809.889663095845
2003-11-03,806.2813307364621
2003-11-04,811.2925972099899
2003-11-05,822.1159515452948
2003-11-06,824.453415897215
2003-11-07,848.7996282812691
2003-11-10,839.9429599305063
2003-11-11,837.8202833962216
2003-11-12,842.1362603148501
2003-11-13,850.926947380902
2003-11-14,850.7784275933745
2003-11-17,854.5347754171542
2003-11-18,862.0157650670744
2003-11-19,866.404211364052
2003-11-20,879.126998794096
2003-11-21,876.1901474104129
2003-11-24,862.9551576294244
2003-11-25,856.6308337142755
2003-11-26,868.6988741159407
2003-11-27,877.1853740581023
2003-11-28,864.3864195456348
2003-12-01,872.966145556993
2003-12-02,876.4983378913786
2003-12-03,876.6426655121433
2003-12-04,878.7748578085663
2003-12-05,884.0139220124953
2003-12-08,895.1112884385981
2003-12-09,898.006362329037
2003-12-10,906.6552734915045
2003-12-11,919.3126051965291
2003-12-12,933.1475767734682
2003-12-15,942.2274941894058
2003-12-16,969.4349862353342
2003-12-17,981.8365169723917
2003-12-18,969.0370026447821
2003-12-19,960.0977292439243
2003-12-22,975.4544444386472
2003-12-23,976.1417937836279
2003-12-24,980.1131431260072
2003-12-25,988.3162925680317
2003-12-26,989.4690834103023
2003-12-29,989.126209374788
2003-12-30,999.1762950371248
2003-12-31,1000.0886134502163
2004-01-01,1005.3387831575702
2004-01-02,980.7735597397918
2004-01-05,991.1866141376172
2004-01-06,1023.3716510498346
2004-01-07,1032.6625469985695
2004-01-08,1026.6108693079152
2004-01-09,1027.5868276969834
2004-01-12,1022.7885687310231
2004-01-13,1017.4302746821903
2004-01-14,1035.6680877151855
2004-01-15,1044.6411177949417
2004-01-16,1047.0120881539508
2004-01-19,1062.4067403318693
2004-01-20,1050.8786560497688
2004-01-21,1036.5429531318666
2004-01-22,1044.1874070624056
2004-01-23,1039.717985656077
2004-01-26,1045.538849130205
2004-01-27,1063.6285531791245
2004-01-28,1065.4308624346897
2004-01-29,1066.5159344851565
2004-01-30,1079.0571904771027
2004-02-02,1082.3245660815928
2004-02-03,1084.7473284759526
2004-02-04,1096.9133896010694
2004-02-05,1095.7267700146742
2004-02-06,1101.928501125636
2004-02-09,1097.1984471760506
2004-02-10,1115.701930349212
2004-02-11,1116.8995358991776
2004-02-12,1124.0469088831749
2004-02-13,1128.0925968356405
2004-02-16,1128.1290071056608
2004-02-17,1137.1143878393218
2004-02-18,1117.8423124647124
2004-02-19,1109.3071321437149
2004-02-20,1107.751700610392
2004-02-23,1090.4918587009756
2004-02-24,1090.7276379351156
2004-02-25,1085.4665757336152
2004-02-26,1086.8497022438776
2004-02-27,1088.269133558999
2004-03-01,1097.0496010123206
2004-03-02,1115.7395703647858
2004-03-03,1120.019525426658
2004-03-04,1111.8333885454163
2004-03-05,1130.0847421292247
2004-03-08,1133.5522846265303
2004-03-09,1147.259938977757
2004-03-10,1152.286368746507
2004-03-11,1154.533252207733
2004-03-12,1156.3535322318985
2004-03-15,1156.5057872802797
2004-03-16,1185.657809759815
2004-03-17,1171.879092972024
2004-03-18,1170.0333442590488
2004-03-19,1152.3544874135073
2004-03-22,1149.9892345161122
2004-03-23,1129.9915198561291
2004-03-24,1135.1859078001823
2004-03-25,1139.1218179281934
2004-03-26,1139.453275929797
2004-03-29,1151.2501883145578
2004-03-30,1170.1126763254952
2004-03-31,1168.7202040681213
2004-04-01,1172.126456360724
2004-04-02,1167.0837028514936
2004-04-05,1161.1252736318431
2004-04-06,1188.8194869542479
2004-04-07,1198.147578040337
2004-04-08,1199.532004565333
2004-04-09,1192.1044002268532
2004-04-12,1198.416867767486
2004-04-13,1196.1949770966464
2004-04-14,1189.4649651440184
2004-04-15,1180.7002251564163
2004-04-16,1165.808410517791
2004-04-19,1153.057338162381
2004-04-20,1168.2030346002061
2004-04-21,1157.5941009354954
2004-04-22,1157.1107029734553
2004-04-23,1142.3872861767256
2004-04-26,1142.7590640611234
2004-04-27,1152.1222885718746
2004-04-28,1148.6675660546177
2004-04-29,1152.735643669358
2004-04-30,1163.328889419522
2004-05-03,1169.0476834652561
2004-05-04,1164.5027355152208
2004-05-05,1156.802368874211
2004-05-06,1148.616616529937
2004-05-07,1151.6289272108752
2004-05-10,1146.7657459280395
2004-05-11,1148.3740709816873
2004-05-12,1151.3240009606182
2004-05-13,1134.3691103550245
2004-05-14,1138.004614338447
2004-05-17,1152.529353641611
2004-05-18,1162.1353689749521
2004-05-19,1164.448894819055
2004-05-20,1177.947218988569
2004-05-21,1191.7043790020618
2004-05-24,1193.2488018155937
2004-05-25,1191.9184993410688
2004-05-26,1193.7652550779706
2004-05-27,1199.5935303765514
2004-05-28,1185.717417559356
2004-05-31,1183.1185014769535
2004-06-01,1210.6893625699884
2004-06-02,1208.2916010646481
2004-06-03,1213.6935399880404
2004-06-04,1212.3016885197858
2004-06-07,1210.5450696001471
2004-06-08,1227.6161299208334
2004-06-09,1241.5684130078507
2004-06-10,1250.0210497899625
2004-06-11,1260.9207703847646
2004-06-14,1268.321069608681
2004-06-15,1269.0985687926413
2004-06-16,1264.2004206572292
2004-06-17,1274.8762563812122
2004-06-18,1283.0058219050504
2004-06-21,1291.3541462781347
2004-06-22,1292.9621760214616
2004-06-23,1291.0367710565247
2004-06-24,1308.7935993919427
2004-06-25,1299.6465716356247
2004-06-28,1288.083623426276
2004-06-29,1295.4987767879438
2004-06-30,1280.490517303997
2004-07-01,1287.3993816122556
2004-07-02,1294.608327247291
2004-07-05,1272.6643363268051
2004-07-06,1272.453528023447
2004-07-07,1269.2325409685366
2004-07-08,1270.6445974195694
2004-07-09,1255.611025904792
2004-07-12,1252.3439141342103
2004-07-13,1250.9635702179417
2004-07-14,1252.4061816001608
2004-07-15,1245.8139636071912
2004-07-16,1259.8120831016813
2004-07-19,1254.5343318548792
2004-07-20,1262.632286748289
2004-07-21,1268.7275176120822
2004-07-22,1269.1938060629966
2004-07-23,1266.7054940587423
2004-07-26,1278.0651601503116
2004-07-27,1268.1386165856686
2004-07-28,1279.0710990747054
2004-07-29,1297.5985240772848
2004-07-30,1303.399738490056
2004-08-02,1323.2463986260518
2004-08-03,1320.561114870291
2004-08-04,1312.7323290900854
2004-08-05,1298.711465749451
2004-08-06,1302.089968857836
2004-08-09,1279.2431139309786
2004-08-10,1262.5429129089416
2004-08-11,1281.4956763629716
2004-08-12,1271.6961383166015
2004-08-13,1276.9669456972852
2004-08-16,1264.7045123313612
2004-08-17,1279.6223446383801
2004-08-18,1285.501312926353
2004-08-19,1275.7162632755997
2004-08-20,1299.8726150216937
2004-08-23,1305.4721190678822
2004-08-24,1323.5529967153732
2004-08-25,1331.1144509088606
2004-08-26,1323.8550327824667
2004-08-27,1316.020198522681
2004-08-30,1291.9300195593705
2004-08-31,1313.0553512766385
2004-09-01,1302.732695045578
2004-09-02,1312.6897854319573
2004-09-03,1315.8820731373637
2004-09-06,1322.7532182713119
2004-09-07,1313.5925139682404
2004-09-08,1316.2157814522966
2004-09-09,1297.1701853421125
2004-09-10,1308.6182775672412
2004-09-13,1317.6431896063218
2004-09-14,1338.9112715981937
2004-09-15,1363.8525573561042
2004-09-16,1370.786040702875
2004-09-17,1365.965464553317
2004-09-20,1351.16643025465
2004-09-21,1365.3242748029386
2004-09-22,1365.3536306257934
2004-09-23,1383.0740493517014
2004-09-24,1409.2092729052845
2004-09-27,1397.6045645416516
2004-09-28,1384.8257567127257
2004-09-29,1403.5163725921077
2004-09-30,1396.0295811899982
2004-10-01,1395.6435974298483
2004-10-04,1424.4732109674842
2004-10-05,1424.8272579786512
2004-10-06,1426.0462299831127
2004-10-07,1411.736189460958
2004-10-08,1402.7151740128813
2004-10-11,1401.4199991985886
2004-10-12,1416.8993578049412
2004-10-13,1407.6611539741475
2004-10-14,1404.7012127726557
2004-10-15,1387.9195243376914
2004-10-18,1379.3658701538027
2004-10-19,1382.0406383346294
2004-10-20,1363.3076286420826
2004-10-21,1371.5534633144775
2004-10-22,1368.908541300156
2004-10-25,1390.3183547478952
2004-10-26,1381.959205696228
2004-10-27,1370.3889225330756
2004-10-28,1361.0526515224221
2004-10-29,1376.8838444413077
2004-11-01,1375.8012211495145
2004-11-02,1373.118617429482
2004-11-03,1353.779270118123
2004-11-04,1341.7695983394444
2004-11-05,1343.8133135813055
2004-11-08,1341.5038919679928
2004-11-09,1369.0358186685548
2004-11-10,1360.4594683107548
2004-11-11,1353.3478978096502
2004-11-12,1353.400710105162
2004-11-15,1352.3135015064497
2004-11-16,1335.6389743599584
2004-11-17,1328.4507324004505
2004-11-18,1319.734691869673
2004-11-19,1329.038261881307
2004-11-22,1333.30644677488
2004-11-23,1321.7556765283011
2004-11-24,1321.6320444162634
2004-11-25,1319.8778574314883
2004-11-26,1325.4799425555523
2004-11-29,1346.2663213666503
2004-11-30,1341.793302096772
2004-12-01,1356.0478982045418
2004-12-02,1354.3397756895386
2004-12-03,1358.8434590140844
2004-12-06,1355.965004839282
2004-12-07,1357.9935134945842
2004-12-08,1342.5957038551887
2004-12-09,1356.0362059550687
2004-12-10,1349.5655338055278
2004-12-13,1347.3407762627744
2004-12-14,1363.871886716054
2004-12-15,1377.5598423444628
2004-12-16,1377.7499428352646
2004-12-17,1384.7052043479473
2004-12-20,1400.1637004081035
2004-12-21,1419.0426145654437
2004-12-22,1437.547491701519
2004-12-23,1462.1899468472548
2004-12-24,1461.8784773545021
2004-12-27,1445.7536059611996
2004-12-28,1429.118177305375
2004-12-29,1427.621553078609
2004-12-30,1447.2322876238914
2004-12-31,1431.9257964098103
2005-01-03,1433.8778306820773
2005-01-04,1455.5191299015733
2005-01-05,1454.4658988116869
2005-01-06,1448.9282122642123
2005-01-07,1441.6702863195317
2005-01-10,1431.4615413846013
2005-01-11,1439.5164492244019
2005-01-12,1419.6621486028719
2005-01-13,1418.7757883385084
2005-01-14,1415.1344316022858
2005-01-17,1413.1754423088537
2005-01-18,1419.3379583617968
2005-01-19,1427.9005096314647
2005-01-20,1423.0934044354262
2005-01-21,1445.5308721021422
2005-01-24,1436.3731726850594
2005-01-25,1425.4306638738983
2005-01-26,1442.3068806898013
2005-01-27,1434.8321737584836
2005-01-28,1444.3493878784948
2005-01-31,1456.5205854096864
2005-02-01,1461.3982104099796
2005-02-02,1459.575950870768
2005-02-03,1465.7028577889828
2005-02-04,1431.5989502144666
2005-02-07,1458.5084403459223
2005-02-08,1448.8811160334537
2005-02-09,1434.8729131224613
2005-02-10,1458.316527131268
2005-02-11,1472.5621690536263
2005-02-14,1460.1721741677643
2005-02-15,1468.4106078433551
2005-02-16,1502.9099841077234
2005-02-17,1509.858336398011
2005-02-18,1502.9885980992856
2005-02-21,1505.9430864929218
2005-02-22,1509.1048695345307
2005-02-23,1498.902058224119
2005-02-24,1481.1621686379162
2005-02-25,1505.8051369996363
2005-02-28,1534.4634131468058
2005-03-01,1537.638814376345
2005-03-02,1523.7518659076798
2005-03-03,1523.7889928165375
2005-03-04,1543.8072262929827
2005-03-07,1533.8312672598574
2005-03-08,1556.4845974097623
2005-03-09,1575.2200843715186
2005-03-10,1588.8752043918944
2005-03-11,1590.807668939479
2005-03-14,1591.658234611683
2005-03-15,1610.4575325430774
2005-03-16,1605.4959326066582
2005-03-17,1613.9807701473992
2005-03-18,1631.838495291269
2005-03-21,1646.9509257883055
2005-03-22,1676.2491113869414
2005-03-23,1672.9575595875697
2005-03-24,1685.2178549110465
2005-03-25,1719.2852820150492
2005-03-28,1710.442611829805
2005-03-29,1694.4722359102777
2005-03-30,1696.5113839808175
2005-03-31,1716.9484479000837
2005-04-01,1711.3190561409715
2005-04-04,1716.131627714786
2005-04-05,1703.9019966967649
2005-04-06,1703.8386761753713
2005-04-07,1686.9611010653439
2005-04-08,1680.0161815036681
2005-04-11,1648.1121412419507
2005-04-12,1660.4736522221003
2005-04-13,1636.2313357049698
2005-04-14,1651.2034112009576
2005-04-15,1650.5507060700572
2005-04-18,1669.8997068929982
2005-04-19,1667.9470098734134
2005-04-20,1676.7066311566068
2005-04-21,1704.4390556106403
2005-04-22,1703.095344475205
2005-04-25,1681.1436968298906
2005-04-26,1655.1357283156253
2005-04-27,1662.0548560899545
2005-04-28,1666.8658514917342
2005-04-29,1684.8963391836282
2005-05-02,1705.3424205721296
2005-05-03,1663.7246120163607
2005-05-04,1651.908349584761
2005-05-05,1654.9219621268494
2005-05-06,1675.51493407414
2005-05-09,1655.9594590093373
2005-05-10,1666.2686245614968
2005-05-11,1663.941158324177
2005-05-12,1664.6513026633645
2005-05-13,1659.8961835132718
2005-05-16,1679.664871809915
2005-05-17,1677.8838497255342
2005-05-18,1695.4573091768766
2005-05-19,1731.9529731201972
2005-05-20,1741.505297512609
2005-05-23,1745.7148433743364
2005-05-24,1750.074629961583
2005-05-25,1723.6033139139424
2005-05-26,1723.1492760857689
2005-05-27,1716.2594303986502
2005-05-30,1715.983317895662
2005-05-31,1698.3482424733634
2005-06-01,1707.2729644870888
2005-06-02,1730.4486748630143
2005-06-03,1742.956950671892
2005-06-06,1767.5145565673204
2005-06-07,1773.5757995336621
2005-06-08,1744.534231751129
2005-06-09,1762.4071172393997
2005-06-10,1781.2506714336414
2005-06-13,1779.094069328527
2005-06-14,1800.0192052663797
2005-06-15,1823.3600188662538
2005-06-16,1818.6005481138382
2005-06-17,1789.3604798548326
2005-06-20,1785.4438033937122
2005-06-21,1762.384265331197
2005-06-22,1759.6249348242384
2005-06-23,1734.6024054105592
2005-06-24,1720.317954549622
2005-06-27,1725.3746545609486
2005-06-28,1729.2852312567584
2005-06-29,1724.434024411857
2005-06-30,1742.321675056656
2005-07-01,1734.703448492806
2005-07-04,1743.561390089255
2005-07-05,1752.8085212450271
2005-07-06,1768.6527139525062
2005-07-07,1760.8853354983107
2005-07-08,1787.9908074952828
2005-07-11,1802.7638741148855
2005-07-12,1819.754926184948
2005-07-13,1803.1431648007524
2005-07-14,1788.9993273151574
2005-07-15,1779.0176672923117
2005-07-18,1779.2491134193351
2005-07-19,1770.7462611601488
2005-07-20,1768.7321963244344
2005-07-21,1794.7053875895037
2005-07-22,1807.471677878742
2005-07-25,1807.2911756434466
2005-07-26,1820.1937578909578
2005-07-27,1805.0085347814877
2005-07-28,1790.9109251699958
2005-07-29,1790.0224710450088
2005-08-01,1811.7122412210854
2005-08-02,1826.4739297025842
2005-08-03,1841.7241477131765
2005-08-04,1887.7598968730872
2005-08-05,1885.27366851255
2005-08-08,1875.3139851383285
2005-08-09,1886.6597603869707
2005-08-10,1894.7506732067498
2005-08-11,1882.4710883738376
2005-08-12,1840.7471749104234
2005-08-15,1863.9267757735938
2005-08-16,1871.2350403367714
2005-08-17,1880.1947364090074
2005-08-18,1867.5897718046701
2005-08-19,1869.61680366323
2005-08-22,1862.4736342996816
2005-08-23,1872.4107046633824
2005-08-24,1894.4130070141996
2005-08-25,1897.9493286244292
2005-08-26,1893.074588603664
2005-08-29,1909.9636070489933
2005-08-30,1940.6983977103696
2005-08-31,1964.228668954339
2005-09-01,1996.6099762264703
2005-09-02,2027.5482189065508
2005-09-05,2010.6095188553847
2005-09-06,2015.4966869342156
2005-09-07,2030.229310925509
2005-09-08,2000.1095572577901
2005-09-09,1963.536214450774
2005-09-12,1959.279767577852
2005-09-13,1957.7335637627825
2005-09-14,1934.6993611764826
2005-09-15,1924.6975861335359
2005-09-16,1928.110576931259
2005-09-19,1933.296824363947
2005-09-20,1944.2302925476083
2005-09-21,1960.9172496116034
2005-09-22,1959.6366620408212
2005-09-23,1954.212814432904
2005-09-26,1979.622980934738
2005-09-27,2000.8471139304834
2005-09-28,2017.1565678951717
2005-09-29,2049.108064930764
2005-09-30,2054.6576271314184
2005-10-03,2064.0825959519075
2005-10-04,2086.583406735976
2005-10-05,2072.000040381044
2005-10-06,2088.435861022631
2005-10-07,2054.917601998874
2005-10-10,2031.8611576409887
2005-10-11,2053.0442004786496
2005-10-12,2071.743153377824
2005-10-13,2096.2867402825646
2005-10-14,2141.5858428530755
2005-10-17,2135.233272595794
2005-10-18,2155.0386516332137
2005-10-19,2197.1221434559775
2005-10-20,2226.3556353819217
2005-10-21,2255.3656109929575
2005-10-24,2254.9465169350397
2005-10-25,2253.892646308662
2005-10-26,2257.530848878317
2005-10-27,2284.1508148669086
2005-10-28,2320.0050397580367
2005-10-31,2366.636567253711
2005-11-01,2347.968934134837
2005-11-02,2341.9919054172747
2005-11-03,2327.4192865870177
2005-11-04,2357.7717665643017
2005-11-07,2351.015436948583
2005-11-08,2356.7697758558065
2005-11-09,2348.7070695270518
2005-11-10,2360.537757882251
2005-11-11,2389.6440315313853
2005-11-14,2394.6979061674597
2005-11-15,2396.525168926041
2005-11-16,2401.474726167351
2005-11-17,2418.7697604225264
2005-11-18,2436.2302814763257
2005-11-21,2423.626840801995
2005-11-22,2418.8840314903023
2005-11-23,2434.2884363981857
2005-11-24,2445.7907721285105
2005-11-25,2447.4912508967905
2005-11-28,2415.0168611072177
2005-11-29,2425.2653973905813
2005-11-30,2437.3645284502204
2005-12-01,2450.794294766942
2005-12-02,2423.0742797009407
2005-12-05,2446.2042298587494
2005-12-06,2414.184125479596
2005-12-07,2401.7196603415778
2005-12-08,2414.3471949464733
2005-12-09,2427.6898739128574
2005-12-12,2482.7407236530967
2005-12-13,2501.2384465855102
2005-12-14,2488.4816215217957
2005-12-15,2514.653716364366
2005-12-16,2543.111086163844
2005-12-19,2518.656583010019
2005-12-20,2513.3239821506827
2005-12-21,2485.1389958103046
2005-12-22,2484.9846710577235
2005-12-23,2477.5343835729236
2005-12-26,2498.914090323772
2005-12-27,2485.4821886612444
2005-12-28,2475.226842996863
2005-12-29,2479.2194503911437
2005-12-30,2515.3601673553853
2006-01-02,2505.2065183218897
2006-01-03,2495.089545686663
2006-01-04,2478.3488704511537
2006-01-05,2490.514542328968
2006-01-06,2504.6084488927327
2006-01-09,2468.1900670048876
2006-01-10,2472.546347659881
2006-01-11,2439.4085540103765
2006-01-12,2418.063768265245
2006-01-13,2374.416016826043
2006-01-16,2367.9832075393447
2006-01-17,2355.7361264664414
2006-01-18,2364.638712474485
2006-01-19,2376.812638172718
2006-01-20,2401.9859825591766
2006-01-23,2386.8208596277022
2006-01-24,2393.9198202075063
2006-01-25,2425.9027627223654
2006-01-26,2411.890238504397
2006-01-27,2431.274146729539
2006-01-30,2455.398682795443
2006-01-31,2397.11836367526
2006-02-01,2400.3428904569028
2006-02-02,2416.954767786009
2006-02-03,2395.732435310679
2006-02-06,2403.288133939748
2006-02-07,2410.0182367622706
2006-02-08,2405.4398087148693
2006-02-09,2403.107416484266
2006-02-10,2461.1324456884204
2006-02-13,2438.594871757198
2006-02-14,2418.158260195245
2006-02-15,2436.1580173288307
2006-02-16,2468.110105645854
2006-02-17,2450.906583571098
2006-02-20,2464.6279609146927
2006-02-21,2484.6508563084503
2006-02-22,2499.39235517269
2006-02-23,2495.0186430240933
2006-02-24,2498.9052956967244
2006-02-27,2501.0445608264386
2006-02-28,2551.8612579217397
2006-03-01,2548.1766375064003
2006-03-02,2542.580166517363
2006-03-03,2528.530648625207
2006-03-06,2538.7791188179694
2006-03-07,2570.755464252505
2006-03-08,2549.0554687414797
2006-03-09,2544.004908326454
2006-03-10,2536.5135258493474
2006-03-13,2517.4976128044887
2006-03-14,2498.3722803905603
2006-03-15,2497.282122586811
2006-03-16,2502.0760826459205
2006-03-17,2513.7154567716334
2006-03-20,2502.035190307712
2006-03-21,2522.1067401112377
2006-03-22,2514.571670101399
2006-03-23,2528.1026351236565
2006-03-24,2510.373804230098
2006-03-27,2487.429895850234
2006-03-28,2497.398146297934
2006-03-29,2515.1419773574594
2006-03-30,2505.1551091379615
2006-03-31,2516.5834025516156
2006-04-03,2514.0768919161037
2006-04-04,2508.6904841414494
2006-04-05,2516.462275097442
2006-04-06,2556.3699487166655
2006-04-07,2543.496252411375
2006-04-10,2537.0733524598627
2006-04-11,2491.6990627722885
2006-04-12,2480.835489842604
2006-04-13,2482.7461655899124
2006-04-14,2501.1419678318166
2006-04-17,2476.365280873414
2006-04-18,2489.420241594928
2006-04-19,2517.7714858051895
2006-04-20,2509.107515914558
2006-04-21,2507.511675736037
2006-04-24,2560.9459578211117
2006-04-25,2557.684215290467
2006-04-26,2545.333852035326
2006-04-27,2561.6060671537784
2006-04-28,2573.106138195183
2006-05-01,2522.5056626062815
2006-05-02,2530.284365191133
2006-05-03,2541.9562080509336
2006-05-04,2535.492873583246
2006-05-05,2576.232608161787
2006-05-08,2585.3421894514663
2006-05-09,2586.4057744624247
2006-05-10,2602.492005760658
2006-05-11,2606.246474085778
2006-05-12,2594.8780216272003
2006-05-15,2585.5778679301384
2006-05-16,2553.371445618335
2006-05-17,2549.1291855867207
2006-05-18,2553.3901190291917
2006-05-19,2503.00915557908
2006-05-22,2499.1611283957927
2006-05-23,2528.957613677877
2006-05-24,2545.244586502896
2006-05-25,2522.443116367389
2006-05-26,2558.425543197588
2006-05-29,2609.8961581460653
2006-05-30,2580.5189961916417
2006-05-31,2560.6840717389982
2006-06-01,2613.9230216347314
2006-06-02,2650.313705446013
2006-06-05,2677.3641737410258
2006-06-06,2686.8261454737453
2006-06-07,2732.350918937339
2006-06-08,2721.0390744688502
2006-06-09,2752.9892618141757
2006-06-12,2711.996565737372
2006-06-13,2748.30288865618
2006-06-14,2768.3909024409113
2006-06-15,2781.0927483225732
2006-06-16,2764.284610149529
2006-06-19,2806.013658970255
2006-06-20,2799.4158358813033
2006-06-21,2793.1397469227254
2006-06-22,2808.697430010639
2006-06-23,2782.9586435695546
2006-06-26,2798.690464330441
2006-06-27,2756.678535529823
2006-06-28,2789.5158871747653
2006-06-29,2764.085472270697
2006-06-30,2824.1783587309747
2006-07-03,2794.454137524658
2006-07-04,2838.2586897857955
2006-07-05,2859.862427442319
2006-07-06,2884.5046857352595
2006-07-07,2901.026198705477
2006-07-10,2894.1767039662122
2006-07-11,2863.661222468589
2006-07-12,2838.977246698817
2006-07-13,2822.7303078563427
2006-07-14,2869.0255247779564
2006-07-17,2870.6576626997653
2006-07-18,2900.2622621887203
2006-07-19,2958.1561854940214
2006-07-20,2933.213574672358
2006-07-21,2946.7612261391237
2006-07-24,2912.245163232263
2006-07-25,2940.8317803336267
2006-07-26,2925.8257776494333
2006-07-27,2913.0247158186207
2006-07-28,2913.967681845661
2006-07-31,2905.803300287401
2006-08-01,2899.21117754082
2006-08-02,2926.1699358329583
2006-08-03,2944.0838898408024
2006-08-04,2992.747916796056
2006-08-07,2970.746950232874
2006-08-08,2963.8394124763736
2006-08-09,2964.3658165102433
2006-08-10,2980.769767512093
2006-08-11,2991.156233077768
2006-08-14,3016.946232300092
2006-08-15,3061.4554270615913
2006-08-16,3052.7863391152146
2006-08-17,3014.2706705399305
2006-08-18,3031.248948147872
2006-08-21,3046.941212652213
2006-08-22,3095.7337616048826
2006-08-23,3100.3914975078683
2006-08-24,3082.297051572787
2006-08-25,3084.6806097815984
2006-08-28,3079.480909819056
2006-08-29,3057.7963541772638
2006-08-30,3078.4903898502525
2006-08-31,3080.9830742977424
2006-09-01,3120.9769790883092
2006-09-04,3128.6722886544685
2006-09-05,3145.886341582346
2006-09-06,3088.883516231136
2006-09-07,3145.3093973987397
2006-09-08,3141.166538922404
2006-09-11,3100.41179636969
2006-09-12,3103.5484271932664
2006-09-13,3074.2317407638334
2006-09-14,3096.0643284599473
2006-09-15,3092.6171117086
2006-09-18,3100.6942771590584
2006-09-19,3131.036784385589
2006-09-20,3136.77469957607
2006-09-21,3121.126470066792
2006-09-22,3095.6068738194144
2006-09-25,3122.916582817702
2006-09-26,3146.6842149028257
2006-09-27,3130.9657399422367
2006-09-28,3185.3973798487477
2006-09-29,3181.7160572009543
2006-10-02,3172.069684663743
2006-10-03,3208.0754603748264
2006-10-04,3207.6666288705737
2006-10-05,3167.1368469963427
2006-10-06,3186.234524643064
2006-10-09,3252.3116719045543
2006-10-10,3212.385522208936
2006-10-11,3193.9191842713426
2006-10-12,3223.803201788639
2006-10-13,3199.527220294526
2006-10-16,3214.7498026480457
2006-10-17,3232.4941532503594
2006-10-18,3201.527166902077
2006-10-19,3223.023907791472
2006-10-20,3229.3517210214322
2006-10-23,3269.6577060073423
2006-10-24,3285.9504906837856
2006-10-25,3215.1101074667336
2006-10-26,3300.16280423376
2006-10-27,3316.701357752101
2006-10-30,3302.7685785429176
2006-10-31,3316.7801692778175
2006-11-01,3325.710056512137
2006-11-02,3321.9037927056756
2006-11-03,3344.703020205889
2006-11-06,3337.3769927145395
2006-11-07,3312.6539777386165
2006-11-08,3281.272107050208
2006-11-09,3299.7940793299067
2006-11-10,3392.505260180256
2006-11-13,3398.465707015066
2006-11-14,3415.272492811039
2006-11-15,3451.498314666951
2006-11-16,3405.544717963376
2006-11-17,3429.379633681747
2006-11-20,3462.8888035447135
2006-11-21,3457.0386859492255
2006-11-22,3448.2795894678375
2006-11-23,3451.9182791914336
2006-11-24,3441.7364043496373
2006-11-27,3470.0927924984103
2006-11-28,3474.3532702148364
2006-11-29,3493.878321821616
2006-11-30,3511.463991127888
2006-12-01,3455.945856111879
2006-12-04,3430.367508004994
2006-12-05,3427.264935424042
2006-12-06,3384.201095257926
2006-12-07,3335.047280665602
2006-12-08,3257.885302708323
2006-12-11,3258.632305468098
2006-12-12,3256.079782301169
2006-12-13,3279.3735158998506
2006-12-14,3295.9291808924354
2006-12-15,3322.4502802155657
2006-12-18,3354.193521369494
2006-12-19,3357.9510061292135
2006-12-20,3370.9543870388816
2006-12-21,3404.9506155464433
2006-12-22,3382.0745306010804
2006-12-25,3384.4838533552324
2006-12-26,3430.0544977246054
2006-12-27,3475.2948077891288
2006-12-28,3397.171958426069
2006-12-29,3412.2763007820004
2007-01-01,3450.6402673678713
2007-01-02,3426.5517806454577
2007-01-03,3452.9368339349476
2007-01-04,3456.020933342854
2007-01-05,3455.1847675657673
2007-01-08,3480.003400280888
2007-01-09,3468.2786082219427
2007-01-10,3487.8083210781692
2007-01-11,3473.927209952502
2007-01-12,3449.221555711888
2007-01-15,3463.141124299479
2007-01-16,3439.572620993425
2007-01-17,3461.728352399211
2007-01-18,3428.6720999499307
2007-01-19,3440.5666936342454
2007-01-22,3456.4123219687904
2007-01-23,3494.282233467228
2007-01-24,3533.4075560053493
2007-01-25,3506.49335251277
2007-01-26,3453.6498888522297
2007-01-29,3532.1573013460556
2007-01-30,3621.281337388794
2007-01-31,3635.8431512478633
2007-02-01,3700.24297930644
2007-02-02,3661.1950416210434
2007-02-05,3610.164760685501
2007-02-06,3617.6253101699144
2007-02-07,3612.684861934214
2007-02-08,3675.341899251942
2007-02-09,3704.6834746896443
2007-02-12,3720.5535533596444
2007-02-13,3693.5751500811507
2007-02-14,3736.8622534072406
2007-02-15,3842.490161248733
2007-02-16,3868.296686459383
2007-02-19,3868.607754890625
2007-02-20,3921.9444189930737
2007-02-21,3946.952273868841
2007-02-22,3969.96931762852
2007-02-23,3954.0948472522355
2007-02-26,4014.323266832925
2007-02-27,4047.318441122197
2007-02-28,4102.9876126392855
2007-03-01,4096.311201996405
2007-03-02,4052.090718784052
2007-03-05,3999.6844672857565
2007-03-06,4033.5454310377168
2007-03-07,4048.8376871208866
2007-03-08,4070.334518639815
2007-03-09,4076.8887393046907
2007-03-12,4022.101219511537
2007-03-13,4070.874666973431
2007-03-14,4087.8676388686367
2007-03-15,4182.713863149865
2007-03-16,4219.731357063452
2007-03-19,4260.163977909222
2007-03-20,4314.190075270396
2007-03-21,4312.886778809282
2007-03-22,4340.844936662956
2007-03-23,4326.357482038504
2007-03-26,4315.810456071614
2007-03-27,4310.852648619532
2007-03-28,4306.436050513433
2007-03-29,4378.876369935275
2007-03-30,4315.161600677503
2007-04-02,4319.400543024639
2007-04-03,4291.8886762762
2007-04-04,4258.8521198618455
2007-04-05,4243.836056722177
2007-04-06,4204.6661507597455
2007-04-09,4141.825066188226
2007-04-10,4068.797215989785
2007-04-11,4004.1101588970128
2007-04-12,3976.447049706801
2007-04-13,4037.1901780185594
2007-04-16,4025.39717939147
2007-04-17,4019.7543193703787
2007-04-18,4019.582001755439
2007-04-19,3923.882847655556
2007-04-20,3900.6698908614467
2007-04-23,3911.4085595079314
2007-04-24,3909.3236244399873
2007-04-25,3955.2025843051006
2007-04-26,3889.6354896622493
2007-04-27,3829.834235824666
2007-04-30,3830.7642107124234
2007-05-01,3823.8625570116365
2007-05-02,3842.90565601283
2007-05-03,3815.8699023649147
2007-05-04,3756.685392576477
2007-05-07,3786.5857373750196
2007-05-08,3770.7116401224353
2007-05-09,3756.2142796725366
2007-05-10,3758.0070414268826
2007-05-11,3739.4111548726505
2007-05-14,3685.6717990033526
2007-05-15,3649.6678468483733
2007-05-16,3680.142331241968
2007-05-17,3708.975730542856
2007-05-18,3694.4160226475396
2007-05-21,3725.0827183704614
2007-05-22,3702.0600905234114
2007-05-23,3685.3573388670093
2007-05-24,3664.4851084575835
2007-05-25,3658.3268023161536
2007-05-28,3711.031878376981
2007-05-29,3726.509823999985
2007-05-30,3731.2765935652096
2007-05-31,3781.8504566641227
2007-06-01,3775.148850933857
2007-06-04,3789.1269026655414
2007-06-05,3780.7885941169066
2007-06-06,3790.63310954987
2007-06-07,3798.213469438813
2007-06-08,3804.3524703864778
2007-06-11,3746.019871825504
2007-06-12,3763.453335210669
2007-06-13,3736.0795177650166
2007-06-14,3707.529279936814
2007-06-15,3735.5255334877756
2007-06-18,3727.126522367983
2007-06-19,3719.172066371899
2007-06-20,3731.2020269280933
2007-06-21,3730.825409152015
2007-06-22,3777.281318537692
2007-06-25,3792.4690149849903
2007-06-26,3795.723278825426
2007-06-27,3701.8157602226993
2007-06-28,3705.8860331841556
2007-06-29,3741.603766579494
2007-07-02,3770.223878681895
2007-07-03,3805.5647266057567
2007-07-04,3773.536034135789
2007-07-05,3841.4059935334803
2007-07-06,3798.3079382537694
2007-07-09,3821.550513879131
2007-07-10,3824.1338192889343
2007-07-11,3857.6219731652127
2007-07-12,3914.449577896352
2007-07-13,3909.5203763626887
2007-07-16,3920.8232355529226
2007-07-17,3954.530798097425
2007-07-18,3936.3700786712175
2007-07-19,3905.9094866541086
2007-07-20,3927.9091425848233
2007-07-23,3982.424875756568
2007-07-24,3917.1070479596424
2007-07-25,3909.205029976723
2007-07-26,3899.648058363982
2007-07-27,3903.552373137068
2007-07-30,3923.5447143525057
2007-07-31,3907.4469197298513
2007-08-01,3937.9464186808327
2007-08-02,3869.6473905140165
2007-08-03,3833.9276360732215
2007-08-06,3765.7212195048446
2007-08-07,3751.490401113604
2007-08-08,3752.5928332451576
2007-08-09,3766.860138056425
2007-08-10,3750.7353883158926
2007-08-13,3755.5241600271497
2007-08-14,3737.5064492419383
2007-08-15,3728.30204563443
2007-08-16,3662.045837167903
2007-08-17,3611.8599366966787
2007-08-20,3604.756223668945
2007-08-21,3553.4940757338045
2007-08-22,3577.1795243662764
2007-08-23,3610.4589584666815
2007-08-24,3594.3270903863754
2007-08-27,3625.953519139727
2007-08-28,3650.0816509186466
2007-08-29,3698.7148701377655
2007-08-30,3669.087761717116
2007-08-31,3660.217083443622
2007-09-03,3670.728738131047
2007-09-04,3680.567754880253
2007-09-05,3696.27514547158
2007-09-06,3639.403366403852
2007-09-07,3631.8155366924
2007-09-10,3630.2931611427107
2007-09-11,3562.232298372079
2007-09-12,3568.223160398833
2007-09-13,3536.5884904700524
2007-09-14,3605.988417671089
2007-09-17,3612.8093077786184
2007-09-18,3644.057126942971
2007-09-19,3678.001729303756
2007-09-20,3640.7871054115185
2007-09-21,3590.8996243976044
2007-09-24,3550.6343308882333
2007-09-25,3498.4035411617124
2007-09-26,3537.2452778731968
2007-09-27,3512.7278065676187
2007-09-28,3568.669101872785
2007-10-01,3660.304269162216
2007-10-02,3677.61796648551
2007-10-03,3657.0905471453216
2007-10-04,3644.33219679259
2007-10-05,3664.404953850218
2007-10-08,3632.389501650043
2007-10-09,3688.1827732048023
2007-10-10,3684.3643554421974
2007-10-11,3730.514103051584
2007-10-12,3730.6257314319205
2007-10-15,3697.026728954719
2007-10-16,3692.819679688814
2007-10-17,3717.830569000188
2007-10-18,3732.7866159874434
2007-10-19,3718.377485299202
2007-10-22,3702.1166739214686
2007-10-23,3699.2679653986943
2007-10-24,3761.285940353917
2007-10-25,3674.0979355614013
2007-10-26,3592.2210011307893
2007-10-29,3590.8759392160187
2007-10-30,3607.4634939626803
2007-10-31,3606.5210655846195
2007-11-01,3683.1606259843097
2007-11-02,3681.0293830614714
2007-11-05,3680.828977638375
2007-11-06,3713.1240684841605
2007-11-07,3673.6427495174644
2007-11-08,3711.3008554775497
2007-11-09,3743.4249581401646
2007-11-12,3757.844190755324
2007-11-13,3736.5805175672217
2007-11-14,3725.1468667902504
2007-11-15,3691.3637594632473
2007-11-16,3707.952553277529
2007-11-19,3709.2301089676557
2007-11-20,3627.8164286619385
2007-11-21,3590.327669264613
2007-11-22,3574.5874155964652
2007-11-23,3552.3944810792173
2007-11-26,3583.472764200462
2007-11-27,3496.5848302477675
2007-11-28,3525.0542245736124
2007-11-29,3553.6088942480665
2007-11-30,3629.2562616741498
2007-12-03,3625.316113221864
2007-12-04,3659.5520076025064
2007-12-05,3673.3405594567243
2007-12-06,3636.263715160472
2007-12-07,3645.1660187243747
2007-12-10,3626.0503969854176
2007-12-11,3582.385569475661
2007-12-12,3528.6482321981425
2007-12-13,3523.712150396284
2007-12-14,3568.75748645458
2007-12-17,3603.416453061555
2007-12-18,3586.8543146262227
2007-12-19,3543.943791627832
2007-12-20,3459.0381502240493
2007-12-21,3525.6487605171915
2007-12-24,3558.4148349824072
2007-12-25,3575.0269756804287
2007-12-26,3574.536396908553
2007-12-27,3624.2856530645386
2007-12-28,3665.0771975258604
2007-12-31,3595.593239473408
2008-01-01,3597.9023647047648
2008-01-02,3604.2185737936584
2008-01-03,3577.3690483692067
2008-01-04,3587.7574891711583
2008-01-07,3602.0616634313496
2008-01-08,3655.8597681585643
2008-01-09,3682.3155862550807
2008-01-10,3724.7244780782785
2008-01-11,3750.2610125949777
2008-01-14,3739.5122632181856
2008-01-15,3718.349288697001
2008-01-16,3811.1506740956734
2008-01-17,3852.5361777307226
2008-01-18,3845.3033358284156
2008-01-21,3824.592032019204
2008-01-22,3875.1894348299525
2008-01-23,3834.7505184545585
2008-01-24,3798.5018609316726
2008-01-25,3742.6334671755812
2008-01-28,3758.8223061983035
2008-01-29,3716.830344439777
2008-01-30,3728.98947543437
2008-01-31,3705.876308835764
2008-02-01,3734.84669138523
2008-02-04,3692.2723663937736
2008-02-05,3718.4762477117124
2008-02-06,3746.15354596263
2008-02-07,3730.444350949112
2008-02-08,3757.38944028715
2008-02-11,3686.5250921604115
2008-02-12,3787.98680571782
2008-02-13,3778.6834019948496
2008-02-14,3773.463406744371
2008-02-15,3796.44954399085
2008-02-18,3826.2520358472257
2008-02-19,3844.6215166832144
2008-02-20,3794.903024345132
2008-02-21,3775.0489593644756
2008-02-22,3823.758856703367
2008-02-25,3794.985270098027
2008-02-26,3925.74199724338
2008-02-27,3865.463960427586
2008-02-28,3901.737231885965
2008-02-29,3901.3486984499687
2008-03-03,3922.4699814358682
2008-03-04,3904.1348900364096
2008-03-05,3932.591973040965
2008-03-06,3955.3163727855567
2008-03-07,3892.058880280713
2008-03-10,3955.726255112786
2008-03-11,3919.4938753695105
2008-03-12,3955.7200461878574
2008-03-13,3965.8583707082835
2008-03-14,3999.056549782141
2008-03-17,3975.4380110458183
2008-03-18,3995.8284876009443
2008-03-19,4041.803794330095
2008-03-20,4022.027815957684
2008-03-21,4027.9599057263254
2008-03-24,3947.09903316292
2008-03-25,3933.198855746348
2008-03-26,3914.739807664743
2008-03-27,3842.4754207472934
2008-03-28,3799.902756100894
2008-03-31,3847.260838140104
2008-04-01,3852.839770256332
2008-04-02,3823.1000463310443
2008-04-03,3835.8496180212983
2008-04-04,3822.999360530406
2008-04-07,3815.909710827526
2008-04-08,3770.032314483354
2008-04-09,3708.7712361470262
2008-04-10,3702.496476972403
2008-04-11,3714.395578369786
2008-04-14,3734.6933808384183
2008-04-15,3721.165704150224
2008-04-16,3722.3092473868974
2008-04-17,3731.9666413184978
2008-04-18,3737.3436986883303
2008-04-21,3713.9424060170522
2008-04-22,3745.524485238825
2008-04-23,3704.3157685712868
2008-04-24,3764.693141023594
2008-04-25,3738.6059969719536
2008-04-28,3690.730942383211
2008-04-29,3635.5232886250574
2008-04-30,3673.3668092658586
2008-05-01,3720.5852720526086
2008-05-02,3709.111345085098
2008-05-05,3726.5375847266528
2008-05-06,3719.236062914844
2008-05-07,3720.1978224814115
2008-05-08,3713.2785529128437
2008-05-09,3765.613420239587
2008-05-12,3752.7819262607436
2008-05-13,3713.9519954808766
2008-05-14,3734.695013217991
2008-05-15,3782.0998010245635
2008-05-16,3781.176519882858
2008-05-19,3771.6491398602857
2008-05-20,3778.6104714000016
2008-05-21,3767.116039304179
2008-05-22,3730.9042388487005
2008-05-23,3804.6129470971837
2008-05-26,3822.039559082682
2008-05-27,3824.599102111492
2008-05-28,3805.059770301007
2008-05-29,3848.6546507164358
2008-05-30,3782.059070961051
2008-06-02,3759.21841842898
2008-06-03,3740.1800784860916
2008-06-04,3723.072620079847
2008-06-05,3701.863029484143
2008-06-06,3718.4470530081685
2008-06-09,3709.575352070966
2008-06-10,3653.9160468320956
2008-06-11,3727.1694894923085
2008-06-12,3676.8986832330174
2008-06-13,3637.285375488536
2008-06-16,3668.5221371827915
2008-06-17,3666.887764513233
2008-06-18,3698.0643110492165
2008-06-19,3693.5663325871164
2008-06-20,3697.589728113765
2008-06-23,3686.0260580985587
2008-06-24,3670.2061154802077
2008-06-25,3667.398475934687
2008-06-26,3710.2494779361077
2008-06-27,3651.3980033645403
2008-06-30,3658.0524450120984
2008-07-01,3621.2411989752004
2008-07-02,3607.266914760549
2008-07-03,3608.2015652476707
2008-07-04,3655.856521823638
2008-07-07,3733.7444144129486
2008-07-08,3768.4144970017264
2008-07-09,3832.955547490034
2008-07-10,3891.4905514669945
2008-07-11,3982.005387108005
2008-07-14,4065.2626301145465
2008-07-15,3984.0776958981564
2008-07-16,4004.088166793191
2008-07-17,4040.9210086937424
2008-07-18,4073.3049155665885
2008-07-21,4036.28135329034
2008-07-22,4017.2252052483614
2008-07-23,4047.6754575882005
2008-07-24,4109.767187316286
2008-07-25,4100.854826808426
2008-07-28,4137.629834357341
2008-07-29,4172.225945294977
2008-07-30,4175.235907288782
2008-07-31,4188.642775472585
2008-08-01,4224.289897554062
2008-08-04,4275.624835667454
2008-08-05,4279.839758155371
2008-08-06,4339.0910048520755
2008-08-07,4310.63982560182
2008-08-08,4364.46018947648
2008-08-11,4370.606964582455
2008-08-12,4386.666565094631
2008-08-13,4393.9101350530755
2008-08-14,4376.120475985069
2008-08-15,4309.802687339985
2008-08-18,4290.086553049436
2008-08-19,4327.786794385316
2008-08-20,4332.73863722137
2008-08-21,4349.517514688735
2008-08-22,4369.609311358805
2008-08-25,4366.469623821
2008-08-26,4442.766309676173
2008-08-27,4442.778389628385
2008-08-28,4413.305866112902
2008-08-29,4317.612904007074
2008-09-01,4298.0788356325065
2008-09-02,4206.835876812056
2008-09-03,4318.305115790211
2008-09-04,4259.565424079335
2008-09-05,4221.60573634839
2008-09-08,4234.320562580855
2008-09-09,4239.42228044094
2008-09-10,4245.639629544335
2008-09-11,4246.60389740867
2008-09-12,4287.626965103793
2008-09-15,4302.392074332983
2008-09-16,4297.015226397692
2008-09-17,4354.987268852365
2008-09-18,4306.745601727544
2008-09-19,4288.12003688761
2008-09-22,4263.538368179517
2008-09-23,4249.7976249225585
2008-09-24,4271.192349585638
2008-09-25,4228.299469942578
2008-09-26,4282.792836616026
2008-09-29,4251.316672907245
2008-09-30,4278.789592441448
2008-10-01,4282.555198093078
2008-10-02,4297.192747958459
2008-10-03,4265.179489824921
2008-10-06,4276.36479707179
2008-10-07,4236.3132961991705
2008-10-08,4265.453802580599
2008-10-09,4261.256220072212
2008-10-10,4286.124812247448
2008-10-13,4243.540390801183
2008-10-14,4220.57013413599
2008-10-15,4239.357055326705
2008-10-16,4210.2819161978005
2008-10-17,4177.450125657303
2008-10-20,4130.362513800702
2008-10-21,4161.598584851499
2008-10-22,4163.919705859986
2008-10-23,4181.048046910318
2008-10-24,4231.023386002191
2008-10-27,4254.814021289035
2008-10-28,4290.193994918246
2008-10-29,4279.025936465926
2008-10-30,4216.194540829986
2008-10-31,4269.66555288891
2008-11-03,4326.1338013849445
2008-11-04,4290.070371114456
2008-11-05,4221.525641828916
2008-11-06,4246.132217038034
2008-11-07,4230.059992445105
2008-11-10,4182.467409866083
2008-11-11,4184.829544018729
2008-11-12,4148.378425990577
2008-11-13,4071.469184198779
2008-11-14,4060.7357703400858
2008-11-17,4039.8450982653508
2008-11-18,4037.8473437860744
2008-11-19,4031.1946357122983
2008-11-20,4063.5733573708917
2008-11-21,3991.14924015947
2008-11-24,4035.358491832411
2008-11-25,4096.80764830719
2008-11-26,4044.5546732737103
2008-11-27,4071.7789692405595
2008-11-28,4049.234423843351
2008-12-01,4048.1352135729394
2008-12-02,3998.023730156849
2008-12-03,4008.1547755077167
2008-12-04,3963.724261869777
2008-12-05,3930.2855237745466
2008-12-08,3880.976376689075
2008-12-09,3879.846656017876
2008-12-10,3839.8147930478353
2008-12-11,3913.2642275414732
2008-12-12,3906.172507517109
2008-12-15,3887.439162684381
2008-12-16,3877.8184468446343
2008-12-17,3802.717123498378
2008-12-18,3717.6221542792323
2008-12-19,3742.0685749978406
2008-12-22,3732.1312781093934
2008-12-23,3669.089459279713
2008-12-24,3724.2470281091273
2008-12-25,3673.1711016491377
2008-12-26,3655.179592088164
2008-12-29,3609.62461059923
2008-12-30,3567.676109308834
2008-12-31,3529.247777213586
2009-01-01,3454.465095751306
2009-01-02,3385.5820606485577
2009-01-05,3346.3771928030724
2009-01-06,3289.2268573288225
2009-01-07,3302.2319847990952
2009-01-08,3306.116436619822
2009-01-09,3332.332700808639
2009-01-12,3288.4666131719337
2009-01-13,3245.0694283703206
2009-01-14,3210.9717255238934
2009-01-15,3200.9687684593964
2009-01-16,3195.0033787987336
2009-01-19,3218.408029835187
2009-01-20,3227.2299055342605
2009-01-21,3213.3130317176033
2009-01-22,3197.3085415299392
2009-01-23,3207.5088189061403
2009-01-26,3175.616008816841
2009-01-27,3193.8769259402143
2009-01-28,3211.386347835416
2009-01-29,3217.239549986853
2009-01-30,3209.1944618456982
2009-02-02,3184.9498717430465
2009-02-03,3180.3569026659766
2009-02-04,3176.8434218655434
2009-02-05,3215.587176606597
2009-02-06,3231.0852324882712
2009-02-09,3190.133000418958
2009-02-10,3213.5996997593675
2009-02-11,3178.38591779896
2009-02-12,3184.6416975955767
2009-02-13,3180.825560584183
2009-02-16,3159.6889647726894
2009-02-17,3165.8612723827923
2009-02-18,3144.815477323005
2009-02-19,3051.428395362702
2009-02-20,3030.0071685640737
2009-02-23,3002.86111489817
2009-02-24,3008.1371522116665
2009-02-25,3031.663822568573
2009-02-26,3029.32439420934
2009-02-27,3034.4296108559593
2009-03-02,2978.7015220060157
2009-03-03,3048.554226200115
2009-03-04,3027.5969211136844
2009-03-05,3056.372488501482
2009-03-06,3148.8636206059955
2009-03-09,3143.9985936677463
2009-03-10,3161.8669072377224
2009-03-11,3100.1656553127686
2009-03-12,3065.993335485268
2009-03-13,3068.192196352477
2009-03-16,3063.7181975356207
2009-03-17,3069.078626376853
2009-03-18,3142.314179858487
2009-03-19,3156.1772657324204
2009-03-20,3086.17139395028
2009-03-23,3084.5361674912238
2009-03-24,3101.1393021984404
2009-03-25,3094.147813575626
2009-03-26,3111.548385785118
2009-03-27,3071.5131902127137
2009-03-30,3019.5323286804123
2009-03-31,2999.8266936857563
2009-04-01,2949.1899233354834
2009-04-02,2947.9088255976108
2009-04-03,2963.6497080490817
2009-04-06,2976.3520207008796
2009-04-07,3026.780037701352
2009-04-08,3073.517519681306
2009-04-09,3106.640973483484
2009-04-10,3105.8838534568763
2009-04-13,3113.335418336533
2009-04-14,3177.8117762211527
2009-04-15,3193.8516419796156
2009-04-16,3179.421725956894
2009-04-17,3186.3585105755988
2009-04-20,3166.979456747411
2009-04-21,3143.0495950563713
2009-04-22,3172.350015339455
2009-04-23,3132.9397226227884
2009-04-24,3135.055427877715
2009-04-27,3138.0431782770675
2009-04-28,3148.855589126288
2009-04-29,3165.332694899044
2009-04-30,3177.6474841525933
2009-05-01,3146.8134997745647
2009-05-04,3118.702087717871
2009-05-05,3107.8715678011245
2009-05-06,3095.3425894607904
2009-05-07,3109.1040991647774
2009-05-08,3170.948867242882
2009-05-11,3159.3204778321124
2009-05-12,3197.5318545127316
2009-05-13,3202.9378406307396
2009-05-14,3200.5685866240274
2009-05-15,3187.4081048179387
2009-05-18,3177.760818907357
2009-05-19,3199.3529174117457
2009-05-20,3216.3482561780397
2009-05-21,3190.271277563013
2009-05-22,3187.2149450959187
2009-05-25,3191.8233165054626
2009-05-26,3141.843233810957
2009-05-27,3146.0236244070593
2009-05-28,3183.4652504734295
2009-05-29,3207.226899976806
2009-06-01,3192.7146725252833
2009-06-02,3144.830590353251
2009-06-03,3119.8340172647618
2009-06-04,3179.2878411752026
2009-06-05,3174.04763918679
2009-06-08,3176.905188639161
2009-06-09,3210.7207394110947
2009-06-10,3184.2398056161123
2009-06-11,3160.5367073230695
2009-06-12,3189.0740640704507
2009-06-15,3246.3569730023764
2009-06-16,3208.7532701307955
2009-06-17,3224.652830879433
2009-06-18,3231.3020451927914
2009-06-19,3245.5000610298794
2009-06-22,3242.5505978917813
2009-06-23,3283.29887296961
2009-06-24,3283.0448426467074
2009-06-25,3269.9577191266517
2009-06-26,3272.601142395039
2009-06-29,3280.962883817939
2009-06-30,3238.221392379113
2009-07-01,3242.166098817163
2009-07-02,3163.6645255968688
2009-07-03,3161.1515902281194
2009-07-06,3213.1175779230525
2009-07-07,3228.1690548342885
2009-07-08,3209.6290331298187
2009-07-09,3242.2651505915314
2009-07-10,3200.5152712389727
2009-07-13,3285.5751697163137
2009-07-14,3289.519285361542
2009-07-15,3328.243392354534
2009-07-16,3335.672045850613
2009-07-17,3318.6925258578194
2009-07-20,3288.15566908803
2009-07-21,3335.5775734221857
2009-07-22,3322.0433748599644
2009-07-23,3367.9547197146267
2009-07-24,3321.6731986724685
2009-07-27,3266.2568212139267
2009-07-28,3247.4850693208814
2009-07-29,3236.8476946286323
2009-07-30,3198.2405570281326
2009-07-31,3294.4205044612036
2009-08-03,3303.0716338289453
2009-08-04,3371.0917059111753
2009-08-05,3362.675341791939
2009-08-06,3344.0545408804833
2009-08-07,3351.124750145519
2009-08-10,3335.142384797442
2009-08-11,3337.8682973019813
2009-08-12,3311.396343246524
2009-08-13,3380.1123209133343
2009-08-14,3428.4501126216114
2009-08-17,3503.618970950698
2009-08-18,3540.061796938653
2009-08-19,3569.3085686074505
2009-08-20,3551.0927732168616
2009-08-21,3531.733220889037
2009-08-24,3564.3240186792973
2009-08-25,3514.975657812324
2009-08-26,3473.7278554539503
2009-08-27,3484.4217233118457
2009-08-28,3512.406428466816
2009-08-31,3474.8177115630124
2009-09-01,3511.8636595603575
2009-09-02,3523.492194056048
2009-09-03,3509.942613757071
2009-09-04,3483.588403984471
2009-09-07,3423.36183996622
2009-09-08,3464.505388396425
2009-09-09,3438.5296399719723
2009-09-10,3400.4211462545427
2009-09-11,3359.8520087080597
2009-09-14,3316.7119433526454
2009-09-15,3331.264679170661
2009-09-16,3326.5476861595826
2009-09-17,3269.9130691767486
2009-09-18,3298.699666044082
2009-09-21,3270.643057090419
2009-09-22,3233.7254251041086
2009-09-23,3241.239516350096
2009-09-24,3239.3547972317706
2009-09-25,3201.766733426886
2009-09-28,3199.3433263314087
2009-09-29,3208.5933577680034
2009-09-30,3193.0500888924885
2009-10-01,3239.2795029241197
2009-10-02,3222.625136048803
2009-10-05,3265.2191726065307
2009-10-06,3281.6224111923398
2009-10-07,3254.483427589746
2009-10-08,3254.8588632941996
2009-10-09,3283.0810272816625
2009-10-12,3365.3505591852886
2009-10-13,3374.518093937067
2009-10-14,3448.622877086667
2009-10-15,3432.6733181407876
2009-10-16,3441.7268614184186
2009-10-19,3496.551959949296
2009-10-20,3530.354491130207
2009-10-21,3562.238574877216
2009-10-22,3560.255048565441
2009-10-23,3540.6309098889456
2009-10-26,3571.0831236366894
2009-10-27,3537.298811285401
2009-10-28,3586.739293397009
2009-10-29,3607.773869417415
2009-10-30,3601.587006710395
2009-11-02,3656.054198559737
2009-11-03,3637.257252383174
2009-11-04,3617.986002521544
2009-11-05,3671.158540376518
2009-11-06,3595.4607623668394
2009-11-09,3614.0091518821064
2009-11-10,3662.672396669212
2009-11-11,3655.5730813457103
2009-11-12,3611.97820938558
2009-11-13,3641.7592938789326
2009-11-16,3589.036487215633
2009-11-17,3567.1525318223466
2009-11-18,3567.1322537903825
2009-11-19,3568.8387008049363
2009-11-20,3518.516439780043
2009-11-23,3524.2017023761846
2009-11-24,3543.3086022460975
2009-11-25,3569.464365342187
2009-11-26,3612.3648521146188
2009-11-27,3594.80491797398
2009-11-30,3646.3641519344656
2009-12-01,3578.1816805048998
2009-12-02,3644.389911896005
2009-12-03,3637.42368055119
2009-12-04,3665.009596837052
2009-12-07,3602.393236785403
2009-12-08,3534.2225332085345
2009-12-09,3530.9507054925507
2009-12-10,3504.6587731085237
2009-12-11,3496.721741876217
2009-12-14,3516.6124231981976
2009-12-15,3576.0636967282467
2009-12-16,3508.330165227947
2009-12-17,3512.927040880091
2009-12-18,3461.643980765391
2009-12-21,3455.137849993622
2009-12-22,3509.844491902953
2009-12-23,3464.4003843042615
2009-12-24,3391.840414681354
2009-12-25,3387.7909291249102
2009-12-28,3344.3318374760324
2009-12-29,3374.3520819721493
2009-12-30,3329.667886954256
2009-12-31,3317.0392989689376
2010-01-01,3303.828927043239
2010-01-04,3275.258222085345
2010-01-05,3264.786362557326
2010-01-06,3211.6453796267897
2010-01-07,3235.953090432378
2010-01-08,3233.8661895917026
2010-01-11,3244.1781970307657
2010-01-12,3222.1735836601747
2010-01-13,3217.064158474421
2010-01-14,3248.831903185126
2010-01-15,3282.86342394102
2010-01-18,3273.781851956359
2010-01-19,3283.899424055709
2010-01-20,3323.155079026953
2010-01-21,3301.702789308147
2010-01-22,3304.366463308355
2010-01-25,3247.4612891914553
2010-01-26,3213.5220936731334
2010-01-27,3268.381804517722
2010-01-28,3235.7749348483894
2010-01-29,3241.1959978913783
2010-02-01,3187.6008676996075
2010-02-02,3191.3058595343286
2010-02-03,3247.5039126532747
2010-02-04,3311.588135799301
2010-02-05,3305.630152095492
2010-02-08,3328.1837405566534
2010-02-09,3361.808927308808
2010-02-10,3333.2440762734095
2010-02-11,3371.2917341187062
2010-02-12,3357.4436389457774
2010-02-15,3421.0124222068293
2010-02-16,3432.4886466217813
2010-02-17,3445.8581442024533
2010-02-18,3396.084808938027
2010-02-19,3361.160325631412
2010-02-22,3391.399716930303
2010-02-23,3378.281480869924
2010-02-24,3358.102186253103
2010-02-25,3381.504789525342
2010-02-26,3386.9162279168663
2010-03-01,3430.734313927429
2010-03-02,3439.381227870366
2010-03-03,3462.473341792932
2010-03-04,3365.5545972208565
2010-03-05,3330.7184682266206
2010-03-08,3357.8161215024093
2010-03-09,3362.9867361954903
2010-03-10,3419.5207864189624
2010-03-11,3377.854375231874
2010-03-12,3350.838066857266
2010-03-15,3357.7459525207446
2010-03-16,3307.530270044552
2010-03-17,3354.1187679647874
2010-03-18,3345.5292833351523
2010-03-19,3315.514064756897
2010-03-22,3300.980723617914
2010-03-23,3359.3074943872425
2010-03-24,3390.4380320697314
2010-03-25,3376.688056896905
2010-03-26,3347.4441955043694
2010-03-29,3365.6691436018086
2010-03-30,3366.1035893911308
2010-03-31,3405.7007220659875
2010-04-01,3382.497886746831
2010-04-02,3415.900489338864
2010-04-05,3441.971219195269
2010-04-06,3456.0141484929277
2010-04-07,3484.572269921609
2010-04-08,3501.2444778554923
2010-04-09,3450.4604374803225
2010-04-12,3453.7721949130323
2010-04-13,3402.3320738210664
2010-04-14,3421.4665069571674
2010-04-15,3419.7276202740245
2010-04-16,3368.3432689340593
2010-04-19,3362.6176567327766
2010-04-20,3343.922878155741
2010-04-21,3408.3359155918974
2010-04-22,3391.904767461223
2010-04-23,3414.353832666641
2010-04-26,3447.433511980102
2010-04-27,3415.5553736483807
2010-04-28,3394.7473981020285
2010-04-29,3394.813206069842
2010-04-30,3357.472230582937
2010-05-03,3344.5049133858192
2010-05-04,3367.1004582119517
2010-05-05,3418.8805979580416
2010-05-06,3387.2461491596464
2010-05-07,3400.3309481296283
2010-05-10,3476.126335559485
2010-05-11,3536.3797339360185
2010-05-12,3478.8747463223613
2010-05-13,3468.1030508581666
2010-05-14,3379.928250310714
2010-05-17,3324.101378247792
2010-05-18,3338.0318943230386
2010-05-19,3330.309392805796
2010-05-20,3342.131484496427
2010-05-21,3317.810495605954
2010-05-24,3281.337174437503
2010-05-25,3275.9926404951284
2010-05-26,3293.8468170915444
2010-05-27,3290.543252412235
2010-05-28,3299.4255974460893
2010-05-31,3338.7961770059032
2010-06-01,3398.0426305019128
2010-06-02,3426.330474528824
2010-06-03,3419.5732196643903
2010-06-04,3401.0101388025078
2010-06-07,3353.072237067719
2010-06-08,3383.7863107992653
2010-06-09,3394.694269508388
2010-06-10,3430.276501786833
2010-06-11,3466.6183324660024
2010-06-14,3512.408557669465
2010-06-15,3514.2982795690555
2010-06-16,3545.8223128539676
2010-06-17,3486.9537294854504
2010-06-18,3468.313505159878
2010-06-21,3546.5092380769074
2010-06-22,3535.7992541642993
2010-06-23,3601.372325998237
2010-06-24,3634.6200131756314
2010-06-25,3632.0283570484617
2010-06-28,3671.4117195406134
2010-06-29,3725.3607504576626
2010-06-30,3751.9056990901204
2010-07-01,3841.23925537819
2010-07-02,3878.4116031371273
2010-07-05,3885.069728424554
2010-07-06,3838.9779016720204
2010-07-07,3796.868446178526
2010-07-08,3770.0406228032466
2010-07-09,3725.4565407587247
2010-07-12,3681.6321783555836
2010-07-13,3674.7844713515724
2010-07-14,3669.6528688525764
2010-07-15,3693.007941261097
2010-07-16,3700.5846855669843
2010-07-19,3701.4921625591046
2010-07-20,3673.445606074238
2010-07-21,3767.9316339123734
2010-07-22,3778.930563597741
2010-07-23,3753.963815257053
2010-07-26,3749.9403146649033
2010-07-27,3745.3666829108984
2010-07-28,3767.395728668177
2010-07-29,3764.062379691142
2010-07-30,3771.406465415941
2010-08-02,3783.043331290347
2010-08-03,3766.4874811294503
2010-08-04,3791.850533516054
2010-08-05,3794.3333542266373
2010-08-06,3789.2318548546095
2010-08-09,3748.8758350195208
2010-08-10,3758.7897534030303
2010-08-11,3761.586885909317
2010-08-12,3770.4417161831766
2010-08-13,3727.9101939944762
2010-08-16,3690.324182076253
2010-08-17,3802.996617179653
2010-08-18,3801.911141744198
2010-08-19,3792.828788627347
2010-08-20,3787.9381883508186
2010-08-23,3749.389465356086
2010-08-24,3692.9120679430357
2010-08-25,3660.58399010343
2010-08-26,3642.61678067062
2010-08-27,3679.1687762775773
2010-08-30,3610.233272289486
2010-08-31,3643.9535889470794
2010-09-01,3608.971989375068
2010-09-02,3588.3790980604026
2010-09-03,3629.9774194515953
2010-09-06,3643.687561282014
2010-09-07,3632.805161133601
2010-09-08,3674.1517012833247
2010-09-09,3675.2813308391264
2010-09-10,3685.351488921911
2010-09-13,3680.398284061987
2010-09-14,3724.1314452899474
2010-09-15,3759.0529641922735
2010-09-16,3753.3680504886165
2010-09-17,3733.418096502394
2010-09-20,3697.5855967622747
2010-09-21,3670.8709624611693
2010-09-22,3673.148181223667
2010-09-23,3653.19356909865
2010-09-24,3694.668791662952
2010-09-27,3698.8938646205106
2010-09-28,3643.483397343301
2010-09-29,3685.381222204366
2010-09-30,3654.056699992305
2010-10-01,3650.3151823954395
2010-10-04,3653.326873456834
2010-10-05,3683.0143353385797
2010-10-06,3707.7414700028435
2010-10-07,3722.6057852921126
2010-10-08,3680.6150000443267
2010-10-11,3630.792534762962
2010-10-12,3678.265290337209
2010-10-13,3756.367395205042
2010-10-14,3776.1847256422184
2010-10-15,3846.9388752577274
2010-10-18,3899.70283668986
2010-10-19,3851.749290832301
2010-10-20,3779.375194726375
2010-10-21,3815.2011740903545
2010-10-22,3812.289962749337
2010-10-25,3819.8151544868942
2010-10-26,3827.765675059404
2010-10-27,3770.5829653398837
2010-10-28,3816.347448821345
2010-10-29,3775.7437969855155
2010-11-01,3819.9029852660456
2010-11-02,3800.09366652021
2010-11-03,3766.1179674295736
2010-11-04,3848.1772067203274
2010-11-05,3853.3327701695275
2010-11-08,3867.122146108805
2010-11-09,3908.829325377156
2010-11-10,3891.7434602105427
2010-11-11,3886.6211696784894
2010-11-12,3996.2841789465047
2010-11-15,4018.9585192270465
2010-11-16,4053.8187333309647
2010-11-17,4046.6498682899596
2010-11-18,4077.5494168405926
2010-11-19,4167.771893538201
2010-11-22,4189.1459382857365
2010-11-23,4171.958522141534
2010-11-24,4207.005017809198
2010-11-25,4197.160483811473
2010-11-26,4191.686921494763
2010-11-29,4188.287506722218
2010-11-30,4199.238441995466
2010-12-01,4186.914079261671
2010-12-02,4165.9300694799795
2010-12-03,4125.046745906637
2010-12-06,4153.478365435338
2010-12-07,4176.8700447589645
2010-12-08,4126.740454594597
2010-12-09,4145.3434274822785
2010-12-10,4187.093692938341
2010-12-13,4200.443517971463
2010-12-14,4131.565951063527
2010-12-15,4094.715677101917
2010-12-16,4091.818149824162
2010-12-17,4097.936923584912
2010-12-20,4011.787370845333
2010-12-21,4052.4134203975595
2010-12-22,4092.256004724906
2010-12-23,4045.2401560982557
2010-12-24,4063.0396555737016
2010-12-27,4060.342736920907
2010-12-28,4001.1083372119247
2010-12-29,3936.7630645072086
2010-12-30,3920.773423172143
2010-12-31,3892.937711684242
2011-01-03,3895.6002155446467
2011-01-04,3839.077575446848
2011-01-05,3864.0962705629845
2011-01-06,3887.294430321503
2011-01-07,3842.2605424004973
2011-01-10,3791.8220742713697
2011-01-11,3774.1141086524935
2011-01-12,3802.7330179649134
2011-01-13,3836.3090886470923
2011-01-14,3861.4600963624102
2011-01-17,3881.495954148191
2011-01-18,3899.0228271131837
2011-01-19,3873.271457690054
2011-01-20,3856.8812697665344
2011-01-21,3844.225161243133
2011-01-24,3906.9060392504684
2011-01-25,3936.741858251936
2011-01-26,3916.173871594148
2011-01-27,3896.8225134974127
2011-01-28,3914.3027341611546
2011-01-31,3953.372806114149
2011-02-01,3948.217084159241
2011-02-02,3955.529996978805
2011-02-03,3827.8180078892337
2011-02-04,3873.3264531413633
2011-02-07,3837.5018534578994
2011-02-08,3832.1573721445166
2011-02-09,3864.5329809574487
2011-02-10,3855.30019210182
2011-02-11,3875.54910401541
2011-02-14,3917.8099434296364
2011-02-15,3887.666158731714
2011-02-16,3856.916052194969
2011-02-17,3894.5496435885743
2011-02-18,3899.617950558185
2011-02-21,3878.96447850491
2011-02-22,3809.2001305262274
2011-02-23,3806.0326682543614
2011-02-24,3792.4621646042833
2011-02-25,3805.1697384286367
2011-02-28,3814.8115956732645
2011-03-01,3808.4577773811325
2011-03-02,3798.6603467364766
2011-03-03,3736.193721676235
2011-03-04,3737.6514998250404
2011-03-07,3748.6872004862075
2011-03-08,3685.195859889446
2011-03-09,3666.0878380714744
2011-03-10,3671.814635809561
2011-03-11,3682.6633371143685
2011-03-14,3618.936124874778
2011-03-15,3654.709560725537
2011-03-16,3691.2143017101234
2011-03-17,3709.692399480302
2011-03-18,3689.581287280581
2011-03-21,3709.6117186147026
2011-03-22,3720.567216468606
2011-03-23,3745.5759538562847
2011-03-24,3719.556901487861
2011-03-25,3717.57302040276
2011-03-28,3713.2315044014204
2011-03-29,3740.4553023102303
2011-03-30,3743.8750968517306
2011-03-31,3738.946863382086
2011-04-01,3715.16417559191
2011-04-04,3673.8532385727267
2011-04-05,3636.508373740215
2011-04-06,3647.7382144088283
2011-04-07,3649.728086442434
2011-04-08,3611.4811396893692
2011-04-11,3622.282414621194
2011-04-12,3653.6116785122927
2011-04-13,3623.7064321669654
2011-04-14,3632.128621818951
2011-04-15,3665.2061701214493
2011-04-18,3617.291067476807
2011-04-19,3605.4767267764637
2011-04-20,3603.326153175913
2011-04-21,3608.4267914346956
2011-04-22,3662.267051309733
2011-04-25,3646.21920838692
2011-04-26,3641.3143223178263
2011-04-27,3684.749131217614
2011-04-28,3687.310315429298
2011-04-29,3696.9634017730377
2011-05-02,3761.6497872620216
2011-05-03,3765.7360614543154
2011-05-04,3746.237881575587
2011-05-05,3626.5826993271203
2011-05-06,3605.6178762675563
2011-05-09,3583.813510748431
2011-05-10,3616.3720926290393
2011-05-11,3642.8066513957456
2011-05-12,3675.901552861713
2011-05-13,3617.921233470592
2011-05-16,3614.240231596957
2011-05-17,3546.4935604402554
2011-05-18,3508.0725197385477
2011-05-19,3470.2780488687367
2011-05-20,3378.7322895301077
2011-05-23,3411.696650749856
2011-05-24,3455.2011856515833
2011-05-25,3517.7537645889242
2011-05-26,3511.3654485617576
2011-05-27,3520.75048968564
2011-05-30,3530.3488111541583
2011-05-31,3576.6884019504478
2011-06-01,3604.4331285113963
2011-06-02,3578.6252382403645
2011-06-03,3648.003903324967
2011-06-06,3668.578334432901
2011-06-07,3692.1365136557924
2011-06-08,3715.3410917096053
2011-06-09,3714.0636381147247
2011-06-10,3764.1652718081073
2011-06-13,3863.940272612639
2011-06-14,3921.0199108254724
2011-06-15,3856.7655911229217
2011-06-16,3813.8844363221106
2011-06-17,3810.1075056346867
2011-06-20,3814.4469084654766
2011-06-21,3859.1330041330357
2011-06-22,3833.655409897644
2011-06-23,3858.3983892714837
2011-06-24,3823.8385483904185
2011-06-27,3810.37012025438
2011-06-28,3761.195020271375
2011-06-29,3779.324970266527
2011-06-30,3794.056902899048
2011-07-01,3799.584741589802
2011-07-04,3805.5873109394984
2011-07-05,3858.2236663566014
2011-07-06,3821.4190641559926
2011-07-07,3842.177971451712
2011-07-08,3837.901035033146
2011-07-11,3798.5756671185554
2011-07-12,3837.483276964424
2011-07-13,3800.4111887777744
2011-07-14,3842.5745350619013
2011-07-15,3836.5999157382475
2011-07-18,3853.796228283708
2011-07-19,3883.556396637699
2011-07-20,3836.781626769374
2011-07-21,3878.1254338475123
2011-07-22,3939.0220648970217
2011-07-25,3916.807909667672
2011-07-26,3909.127581321812
2011-07-27,3886.224828990676
2011-07-28,3858.938077030207
2011-07-29,3851.754919336306
2011-08-01,3818.9161658446615
2011-08-02,3809.7993932312525
2011-08-03,3827.890726480389
2011-08-04,3819.744779098944
2011-08-05,3833.5438949217487
2011-08-08,3829.120343597006
2011-08-09,3791.728627303733
2011-08-10,3842.7056264199073
2011-08-11,3872.48647915195
2011-08-12,3920.6118948546364
2011-08-15,3972.7544633731345
2011-08-16,3858.423237572783
2011-08-17,3875.647623944903
2011-08-18,3825.3646112088463
2011-08-19,3838.8495279792864
2011-08-22,3833.063691027144
2011-08-23,3797.7019712288525
2011-08-24,3828.4987227287415
2011-08-25,3799.790953516174
2011-08-26,3833.692866873036
2011-08-29,3838.5637470656393
2011-08-30,3822.154867837566
2011-08-31,3818.1320069460003
2011-09-01,3823.6654682245703
2011-09-02,3791.0079002623706
2011-09-05,3770.489413446671
2011-09-06,3800.7391561149893
2011-09-07,3906.272557917237
2011-09-08,3925.320985267061
2011-09-09,3908.6264001595123
2011-09-12,3995.403539919643
2011-09-13,4024.913347032585
2011-09-14,4005.8205023092087
2011-09-15,3956.0848206783157
2011-09-16,3978.554296428325
2011-09-19,3999.3503935058006
2011-09-20,4050.4381516687395
2011-09-21,4033.4296154884214
2011-09-22,4119.004949563792
2011-09-23,4097.931391472092
2011-09-26,4092.7152551639315
2011-09-27,4120.396954745892
2011-09-28,4141.72248935131
2011-09-29,4154.567048528722
2011-09-30,4119.695339363569
2011-10-03,4141.799492500343
2011-10-04,4128.933138653948
2011-10-05,4173.295245590491
2011-10-06,4143.949221516188
2011-10-07,4088.2155297884
2011-10-10,4033.2121512864373
2011-10-11,4042.8087176095096
2011-10-12,3990.0566145398425
2011-10-13,4005.311421646472
2011-10-14,3973.2097043523117
2011-10-17,3995.1062119814983
2011-10-18,3935.864407406611
2011-10-19,3970.143668034879
2011-10-20,3905.226824066427
2011-10-21,3962.161924404143
2011-10-24,4020.3920992604685
2011-10-25,4065.390232444731
2011-10-26,4052.079599043176
2011-10-27,4005.8887937679724
2011-10-28,4058.8611035604767
2011-10-31,3978.7222093378264
2011-11-01,3941.3338897549606
2011-11-02,3938.4638831292095
2011-11-03,3973.471074729059
2011-11-04,3915.8625702369013
2011-11-07,3883.2847793281694
2011-11-08,3905.0276168451137
2011-11-09,3895.3198708090454
2011-11-10,3978.339669353505
2011-11-11,4035.19863744633
2011-11-14,4008.8769534372673
2011-11-15,4053.922364454992
2011-11-16,4095.395566694935
2011-11-17,4148.1836113813215
2011-11-18,4056.7156319692663
2011-11-21,4070.6632082083825
2011-11-22,4087.279817699655
2011-11-23,4098.280004710936
2011-11-24,4036.635416935667
2011-11-25,4120.44566512599
2011-11-28,4079.1059916141894
2011-11-29,4133.188119435465
2011-11-30,4132.601438155128
2011-12-01,4093.8659328604676
2011-12-02,4080.5961065407937
2011-12-05,4129.140205548732
2011-12-06,4121.730096544062
2011-12-07,4128.681477860613
2011-12-08,4050.05551556545
2011-12-09,4018.753851772221
2011-12-12,3989.2516443396757
2011-12-13,3979.7472392132677
2011-12-14,3907.085752646703
2011-12-15,3899.1602199402682
2011-12-16,3885.5504554645704
2011-12-19,3925.120805370467
2011-12-20,3994.6788758192324
2011-12-21,3961.2304863181434
2011-12-22,3918.6436101835584
2011-12-23,4010.8651229512448
2011-12-26,3955.183752560297
2011-12-27,3998.7662413691082
2011-12-28,4001.4243202931493
2011-12-29,4011.8488142182623
2011-12-30,4040.5727255340203
2012-01-02,4006.328876289319
2012-01-03,4032.8812784068173
2012-01-04,3951.3257465290158
2012-01-05,3955.795243143893
2012-01-06,3956.6373047980896
2012-01-09,3996.7699533126056
2012-01-10,4013.9815295824465
2012-01-11,4000.9418855201707
2012-01-12,4024.705524602524
2012-01-13,3989.0666330573877
2012-01-16,3956.993801119858
2012-01-17,3878.5087313697177
2012-01-18,3883.3042391067056
2012-01-19,3826.158156930557
2012-01-20,3872.8710656316716
2012-01-23,3828.958491847773
2012-01-24,3887.50016856403
2012-01-25,3905.917174226686
2012-01-26,3961.1240011275668
2012-01-27,3979.4117474382183
2012-01-30,3940.4312345186468
2012-01-31,3930.5392534957546
2012-02-01,3924.187625152913
2012-02-02,3923.7525792835595
2012-02-03,3894.014894171972
2012-02-06,3963.855230858194
2012-02-07,3998.0000672373944
2012-02-08,4012.4858764056507
2012-02-09,4007.6865912267594
2012-02-10,4024.9207090300188
2012-02-13,4032.9247662675416
2012-02-14,4044.549661739473
2012-02-15,4072.6876304706548
2012-02-16,4064.600243783016
2012-02-17,4072.145661288877
2012-02-20,4100.9734264971885
2012-02-21,4045.92645915732
2012-02-22,4036.7844985369834
2012-02-23,4047.309066222801
2012-02-24,4084.121426708155
2012-02-27,4106.365826052912
2012-02-28,4094.8211152992767
2012-02-29,4134.8192528516065
2012-03-01,4135.839809512315
2012-03-02,4119.588999993742
2012-03-05,4142.14041671333
2012-03-06,4168.328308618197
2012-03-07,4179.337876630663
2012-03-08,4177.502029364927
2012-03-09,4197.53768665997
2012-03-12,4184.886626962295
2012-03-13,4199.459397196078
2012-03-14,4127.069518231799
2012-03-15,4084.0421739425715
2012-03-16,4117.858765657152
2012-03-19,4085.7653260475163
2012-03-20,4124.948731390936
2012-03-21,4061.915657767293
2012-03-22,4018.4304669140183
2012-03-23,4017.704129714998
2012-03-26,4076.212885181873
2012-03-27,4077.7900291565456
2012-03-28,4087.7335452645766
2012-03-29,4084.3546744875175
2012-03-30,4034.8066665126744
2012-04-02,4090.617081901378
2012-04-03,4155.7817478738125
2012-04-04,4145.708910681716
2012-04-05,4121.8473871351625
2012-04-06,4100.958157848697
2012-04-09,4067.3622301416235
2012-04-10,4077.8078665211942
2012-04-11,4067.227478411738
2012-04-12,4049.6367523184763
2012-04-13,3994.0575433382537
2012-04-16,4037.982088174049
2012-04-17,4051.660467691713
2012-04-18,4037.8562535262067
2012-04-19,4037.4072613266935
2012-04-20,4052.5695847026377
2012-04-23,3976.970494653995
2012-04-24,3981.450162578864
2012-04-25,4009.652429567435
2012-04-26,4028.0489816056047
2012-04-27,3975.905951724419
2012-04-30,3961.5632763366234
2012-05-01,4010.8783274316693
2012-05-02,4119.031782600517
2012-05-03,4111.336752442009
2012-05-04,4064.3659200260886
2012-05-07,4129.056539015049
2012-05-08,4123.106810523899
2012-05-09,4192.391356514314
2012-05-10,4233.8639712055865
2012-05-11,4305.844357750825
2012-05-14,4322.885005896278
2012-05-15,4393.937799067111
2012-05-16,4412.943686892953
2012-05-17,4422.919528788349
2012-05-18,4462.971560735367
2012-05-21,4473.111630983051
2012-05-22,4565.526932909996
2012-05-23,4534.493924701026
2012-05-24,4558.194957223279
2012-05-25,4609.1190213236605
2012-05-28,4684.784483559595
2012-05-29,4641.324901493966
2012-05-30,4654.132016463691
2012-05-31,4646.786430583395
2012-06-01,4660.07113406087
2012-06-04,4720.751863865176
2012-06-05,4735.012606376428
2012-06-06,4694.7969979268855
2012-06-07,4697.022940447708
2012-06-08,4713.320936812503
2012-06-11,4706.551036754602
2012-06-12,4769.342186000235
2012-06-13,4728.548935947212
2012-06-14,4702.862081541977
2012-06-15,4670.153596487132
2012-06-18,4541.645877910567
2012-06-19,4517.6836737233425
2012-06-20,4470.262990657983
2012-06-21,4396.53580456735
2012-06-22,4383.415954721941
2012-06-25,4389.109866852755
2012-06-26,4424.066630043974
2012-06-27,4378.696519159698
2012-06-28,4401.6771631191095
2012-06-29,4373.258285673932
2012-07-02,4397.140071660212
2012-07-03,4413.197892961484
2012-07-04,4428.366630763293
2012-07-05,4426.189890863814
2012-07-06,4390.879803354083
2012-07-09,4368.0650689161575
2012-07-10,4385.465702267158
2012-07-11,4354.716173430407
2012-07-12,4361.978902858862
2012-07-13,4403.521922074665
2012-07-16,4431.232710278188
2012-07-17,4356.674785652484
2012-07-18,4341.317383860699
2012-07-19,4342.195828784078
2012-07-20,4411.150358158369
2012-07-23,4431.56000110989
2012-07-24,4406.635294225183
2012-07-25,4400.21098102396
2012-07-26,4499.259586042608
2012-07-27,4595.793178109265
2012-07-30,4606.233166624576
2012-07-31,4640.5768144194335
2012-08-01,4636.53376608124
2012-08-02,4670.035108010431
2012-08-03,4660.201766373549
2012-08-06,4659.943029790557
2012-08-07,4638.986357054874
2012-08-08,4612.449221140455
2012-08-09,4665.665005186151
2012-08-10,4675.042725342579
2012-08-13,4590.7996311289035
2012-08-14,4695.951368186901
2012-08-15,4709.601520578565
2012-08-16,4705.986190040266
2012-08-17,4738.87542123684
2012-08-20,4746.139383735592
2012-08-21,4776.088990975576
2012-08-22,4762.242273051451
2012-08-23,4797.861170425717
2012-08-24,4740.5364058228515
2012-08-27,4743.860571481369
2012-08-28,4720.916737946442
2012-08-29,4838.65259264023
2012-08-30,4832.052564456713
2012-08-31,4808.617247395536
2012-09-03,4810.265911353873
2012-09-04,4829.561488829916
2012-09-05,4845.5968793871825
2012-09-06,4859.671001634958
2012-09-07,4924.248356732325
2012-09-10,4892.853792769454
2012-09-11,4880.856139296451
2012-09-12,4830.447868537635
2012-09-13,4805.698637561071
2012-09-14,4878.236488512251
2012-09-17,4863.867461119042
2012-09-18,4884.347577897132
2012-09-19,4930.72773119538
2012-09-20,4927.668614072462
2012-09-21,4923.496682281532
2012-09-24,5024.199957095762
2012-09-25,5125.220633351254
2012-09-26,5100.519029232683
2012-09-27,5070.881768230184
2012-09-28,5098.570202850508
2012-10-01,5129.405465956695
2012-10-02,5189.802057355606
2012-10-03,5234.839932212662
2012-10-04,5186.827585467189
2012-10-05,5079.159415367138
2012-10-08,5151.232517206881
2012-10-09,5221.44353184549
2012-10-10,5212.059791372215
2012-10-11,5148.320276718772
2012-10-12,5120.373398951897
2012-10-15,5164.7435106195835
2012-10-16,5185.596587567476
2012-10-17,5183.34055861261
2012-10-18,5134.09643686335
2012-10-19,5046.870559887849
2012-10-22,4950.293906283896
2012-10-23,4903.763521725298
2012-10-24,4918.183685976105
2012-10-25,4919.174417903547
2012-10-26,4889.51533553284
2012-10-29,4864.790663510033
2012-10-30,4797.859563299302
2012-10-31,4793.329637862719
2012-11-01,4778.270643156472
2012-11-02,4773.114960734107
2012-11-05,4805.4604254530705
2012-11-06,4797.417663053393
2012-11-07,4850.851012615117
2012-11-08,4793.932504736836
2012-11-09,4732.328799863468
2012-11-12,4679.508201702461
2012-11-13,4759.077789596127
2012-11-14,4718.358731715088
2012-11-15,4720.822427540865
2012-11-16,4686.208054886594
2012-11-19,4810.858121040982
2012-11-20,4810.707531062626
2012-11-21,4734.570377232876
2012-11-22,4813.230464950998
2012-11-23,4932.773186653345
2012-11-26,4931.584186919162
2012-11-27,4994.285285883596
2012-11-28,5040.689054453147
2012-11-29,5033.622199692744
2012-11-30,4974.726042983634
2012-12-03,4961.8691344080835
2012-12-04,5035.099966020574
2012-12-05,5121.710794126366
2012-12-06,5114.841879113596
2012-12-07,5100.061886673194
2012-12-10,5111.068261273491
2012-12-11,5130.617325979121
2012-12-12,5139.7692128688095
2012-12-13,5092.8805127978
2012-12-14,5101.282238638762
2012-12-17,5143.401587563888
2012-12-18,5153.222084563953
2012-12-19,5057.2824427924525
2012-12-20,5036.986093860514
2012-12-21,5042.1226184117695
2012-12-24,5051.261182706218
2012-12-25,4964.914095421295
2012-12-26,4977.824740973286
2012-12-27,4992.208674652408
2012-12-28,4899.842708903559
2012-12-31,4848.526135289561
2013-01-01,4902.223137187863
2013-01-02,4980.195591173736
2013-01-03,4989.85847286895
2013-01-04,5054.200436497272
2013-01-07,5007.844842190276
2013-01-08,5021.593208752076
2013-01-09,4975.172169214927
2013-01-10,5008.846069227599
2013-01-11,5062.990629392758
2013-01-14,5067.70354650879
2013-01-15,5049.843603650616
2013-01-16,4980.206066634274
2013-01-17,4937.7974757599295
2013-01-18,4919.537537469376
2013-01-21,4878.3589248486
2013-01-22,4931.068403428531
2013-01-23,4970.377936095992
2013-01-24,5005.520323839667
2013-01-25,4918.304410523229
2013-01-28,4900.393020635523
2013-01-29,4872.954958507649
2013-01-30,4881.809028903684
2013-01-31,4905.506338241609
2013-02-01,4962.704053029691
2013-02-04,4988.3913981947035
2013-02-05,5024.918162501609
2013-02-06,4992.735716168028
2013-02-07,5129.985197365293
2013-02-08,5174.251957688711
2013-02-11,5233.427955780991
2013-02-12,5255.185380138802
2013-02-13,5272.8623777545445
2013-02-14,5271.498089277902
2013-02-15,5284.549334945344
2013-02-18,5285.656011890307
2013-02-19,5291.846216740585
2013-02-20,5181.5566740187
2013-02-21,5163.230459746876
2013-02-22,5221.242233355152
2013-02-25,5273.507640902512
2013-02-26,5292.168385977808
2013-02-27,5216.5408626883345
2013-02-28,5214.029155830389
2013-03-01,5266.025059824494
2013-03-04,5237.91608925143
2013-03-05,5285.8545599199015
2013-03-06,5271.813564190613
2013-03-07,5356.8451393062805
2013-03-08,5298.355185192711
2013-03-11,5347.816417449948
2013-03-12,5421.978434209067
2013-03-13,5385.77479134126
2013-03-14,5452.4626047755155
2013-03-15,5498.269671585837
2013-03-18,5531.897009004386
2013-03-19,5514.418494844713
2013-03-20,5475.7781181087485
2013-03-21,5502.824229689751
2013-03-22,5492.200017788789
2013-03-25,5531.452765168615
2013-03-26,5466.790407064164
2013-03-27,5405.753988072329
2013-03-28,5513.280637164557
2013-03-29,5508.534447632097
2013-04-01,5461.773355346732
2013-04-02,5510.9238001851245
2013-04-03,5521.425560667409
2013-04-04,5446.0388446661245
2013-04-05,5427.0969804179385
2013-04-08,5438.91233230908
2013-04-09,5387.835175221571
2013-04-10,5438.042688764713
2013-04-11,5403.242559466605
2013-04-12,5429.611168054646
2013-04-15,5387.848175204811
2013-04-16,5424.582289019549
2013-04-17,5489.600958783916
2013-04-18,5573.407582279825
2013-04-19,5498.405114856903
2013-04-22,5561.198892459852
2013-04-23,5483.902537389747
2013-04-24,5471.4271644036835
2013-04-25,5493.049891333842
2013-04-26,5471.108529530584
2013-04-29,5558.6276913297215
2013-04-30,5608.938031510422
2013-05-01,5595.377907728461
2013-05-02,5616.667082480303
2013-05-03,5565.393073446899
2013-05-06,5565.327934118545
2013-05-07,5573.550458252763
2013-05-08,5597.030365404035
2013-05-09,5764.400180346001
2013-05-10,5674.0670015168425
2013-05-13,5726.437302327067
2013-05-14,5647.114036080531
2013-05-15,5683.759688038448
2013-05-16,5636.869987766584
2013-05-17,5716.4873459148885
2013-05-20,5701.21175928337
2013-05-21,5742.7145964458605
2013-05-22,5709.430824256445
2013-05-23,5760.295868190836
2013-05-24,5742.2561019644745
2013-05-27,5664.092339114771
2013-05-28,5658.010648397414
2013-05-29,5647.845883008885
2013-05-30,5695.535212403833
2013-05-31,5731.988559893561
2013-06-03,5719.0038154866115
2013-06-04,5837.33098741686
2013-06-05,5756.010231512475
2013-06-06,5819.512283218188
2013-06-07,5794.408643047759
2013-06-10,5767.114336158766
2013-06-11,5731.786581375525
2013-06-12,5735.177973202852
2013-06-13,5757.768230002891
2013-06-14,5657.91030909027
2013-06-17,5627.301656719353
2013-06-18,5649.287234170409
2013-06-19,5573.802673840158
2013-06-20,5539.289576185286
2013-06-21,5490.108502198
2013-06-24,5524.030687726091
2013-06-25,5494.497701375249
2013-06-26,5558.668487933543
2013-06-27,5443.767105447394
2013-06-28,5400.309884302761
2013-07-01,5408.637933626233
2013-07-02,5454.321100394188
2013-07-03,5486.867649458664
2013-07-04,5544.594906991894
2013-07-05,5554.438446378812
2013-07-08,5627.6101075387805
2013-07-09,5614.114703338128
2013-07-10,5624.8942792587995
2013-07-11,5691.854326972109
2013-07-12,5700.254168331602
2013-07-15,5644.178118896926
2013-07-16,5687.358843244846
2013-07-17,5630.5144143096495
2013-07-18,5727.988011784607
2013-07-19,5739.9917839028485
2013-07-22,5689.992594062401
2013-07-23,5710.2907514323015
2013-07-24,5716.430541373501
2013-07-25,5737.0515715844795
2013-07-26,5681.287241032734
2013-07-29,5717.51306114856
2013-07-30,5719.974270319404
2013-07-31,5789.831885739433
2013-08-01,5772.417480043745
2013-08-02,5644.38107589911
2013-08-05,5633.274618738013
2013-08-06,5592.502545160987
2013-08-07,5705.210700454639
2013-08-08,5754.562452954857
2013-08-09,5646.809020603594
2013-08-12,5698.874811761228
2013-08-13,5607.560219109014
2013-08-14,5624.112850551963
2013-08-15,5744.761627449749
2013-08-16,5686.890943848782
2013-08-19,5777.683981435283
2013-08-20,5822.318815446724
2013-08-21,5827.919084280228
2013-08-22,5913.645518092255
2013-08-23,5979.894996511471
2013-08-26,5926.9160637784535
2013-08-27,5976.220116312992
2013-08-28,5996.258062654136
2013-08-29,5990.169442538395
2013-08-30,6022.586608749107
2013-09-02,6014.756422563308
2013-09-03,6105.888662574296
2013-09-04,6075.225605307477
2013-09-05,6132.246813681773
2013-09-06,6038.141364892606
2013-09-09,6001.739175852607
2013-09-10,5877.989505772782
2013-09-11,5805.942983395666
2013-09-12,5921.909001571904
2013-09-13,5994.437126208757
2013-09-16,6042.573400287888
2013-09-17,6088.573571744669
2013-09-18,6096.574434364115
2013-09-19,6121.220337895757
2013-09-20,6116.010899759702
2013-09-23,6163.4967217481635
2013-09-24,6214.467662350958
2013-09-25,6139.636403587411
2013-09-26,6192.344866762668
2013-09-27,6303.280235828352
2013-09-30,6381.339208716364
2013-10-01,6404.200393475183
2013-10-02,6414.31683413436
2013-10-03,6346.455454815211
2013-10-04,6302.127740842599
2013-10-07,6232.068522581365
2013-10-08,6215.294934341647
2013-10-09,6176.584083937696
2013-10-10,6303.847561865347
2013-10-11,6280.0548840536485
2013-10-14,6233.701128559296
2013-10-15,6210.52880247803
2013-10-16,6232.625805418184
2013-10-17,6222.177426966815
2013-10-18,6285.675504339952
2013-10-21,6289.254301579072
2013-10-22,6277.206104372017
2013-10-23,6235.9378394620935
2013-10-24,6213.8781898594625
2013-10-25,6153.9658120854465
2013-10-28,6205.432625797708
2013-10-29,6229.157316825598
2013-10-30,6295.955365963612
2013-10-31,6243.112375807089
2013-11-01,6383.587751980623
2013-11-04,6337.565072679818
2013-11-05,6393.937839311229
2013-11-06,6345.409656229291
2013-11-07,6454.397249543823
2013-11-08,6369.21813667844
2013-11-11,6270.656333802539
2013-11-12,6289.678322545037
2013-11-13,6263.429384973891
2013-11-14,6279.635715764915
2013-11-15,6314.385067678325
2013-11-18,6256.062343087471
2013-11-19,6326.661587324701
2013-11-20,6238.27953456773
2013-11-21,6248.888869314702
2013-11-22,6286.791915533206
2013-11-25,6196.786073519544
2013-11-26,6132.062729420302
2013-11-27,6124.210337887133
2013-11-28,6170.126493266125
2013-11-29,6132.828349529675
2013-12-02,6149.975770431299
2013-12-03,6089.850272272693
2013-12-04,6160.984935799458
2013-12-05,6152.288983070506
2013-12-06,6126.97747111725
2013-12-09,6079.991793070462
2013-12-10,6142.919822286698
2013-12-11,6147.969543045774
2013-12-12,6204.839565116178
2013-12-13,6332.732095226006
2013-12-16,6384.694753238521
2013-12-17,6354.083030133605
2013-12-18,6503.126505353765
2013-12-19,6545.902273220949
2013-12-20,6574.534972831238
2013-12-23,6632.571583514877
2013-12-24,6614.848474662154
2013-12-25,6666.398820408333
2013-12-26,6652.274409500017
2013-12-27,6545.1859766936905
2013-12-30,6468.62835964812
2013-12-31,6540.677337074435
2014-01-01,6571.22662171901
2014-01-02,6562.8326386534245
2014-01-03,6510.41626622543
2014-01-06,6488.122029407953
2014-01-07,6557.387040817292
2014-01-08,6458.707874460778
2014-01-09,6444.502528434458
2014-01-10,6411.610033028094
2014-01-13,6434.439960221079
2014-01-14,6435.68079640456
2014-01-15,6530.143409327059
2014-01-16,6439.397366981678
2014-01-17,6578.252739249153
2014-01-20,6569.461294851374
2014-01-21,6365.822541432082
2014-01-22,6440.894186100284
2014-01-23,6444.90195270196
2014-01-24,6483.167803004786
2014-01-27,6442.6686093482795
2014-01-28,6405.375952296947
2014-01-29,6409.587477892598
2014-01-30,6430.978973686446
2014-01-31,6523.869667211163
2014-02-03,6657.103157647162
2014-02-04,6685.824251993528
2014-02-05,6688.283366145366
2014-02-06,6781.20680143434
2014-02-07,6752.522142156925
2014-02-10,6820.06262127067
2014-02-11,6762.80656001977
2014-02-12,6608.359259074172
2014-02-13,6534.107106961649
2014-02-14,6478.730089519204
2014-02-17,6544.239079005597
2014-02-18,6559.782518664043
2014-02-19,6455.367952534236
2014-02-20,6507.396423606996
2014-02-21,6531.7662155527105
2014-02-24,6569.377439989711
2014-02-25,6536.470572867861
2014-02-26,6590.483995156372
2014-02-27,6653.553567731212
2014-02-28,6573.651838264509
2014-03-03,6643.235413927949
2014-03-04,6682.787307870257
2014-03-05,6709.828436398182
2014-03-06,6711.955618576603
2014-03-07,6810.242407318366
2014-03-10,6765.97852502687
2014-03-11,6808.343115461099
2014-03-12,6861.631020952029
2014-03-13,6970.597577934983
2014-03-14,7040.419231077387
2014-03-17,7048.108939738186
2014-03-18,6922.6038050724455
2014-03-19,6899.260413367761
2014-03-20,6959.364696984071
2014-03-21,6989.133778806281
2014-03-24,6910.455839456588
2014-03-25,6946.373205373561
2014-03-26,6905.521759362767
2014-03-27,6928.153907488827
2014-03-28,7009.316031262592
2014-03-31,6990.139307414819
2014-04-01,7026.531706311744
2014-04-02,6957.823229452802
2014-04-03,6947.2097147438
2014-04-04,6949.18863147538
2014-04-07,6895.718091553837
2014-04-08,6794.821932419139
2014-04-09,6847.906438166256
2014-04-10,6885.232280476635
2014-04-11,6789.1970562286
2014-04-14,6697.913533581378
2014-04-15,6704.203992678034
2014-04-16,6685.572768948087
2014-04-17,6729.478123756643
2014-04-18,6668.697599562482
2014-04-21,6645.603917998326
2014-04-22,6710.107297441181
2014-04-23,6749.167667510574
2014-04-24,6805.481942399335
2014-04-25,6848.463893804079
2014-04-28,6857.917444541958
2014-04-29,6865.62772725101
2014-04-30,6832.593902068988
2014-05-01,6942.832904154095
2014-05-02,6965.729456945958
2014-05-05,6960.954148520011
2014-05-06,7102.126643347369
2014-05-07,7120.2885092332735
2014-05-08,7205.459027329456
2014-05-09,7049.133799229651
2014-05-12,6956.610011319414
2014-05-13,6940.7109946936325
2014-05-14,6958.34445246565
2014-05-15,6884.732867854058
2014-05-16,6864.523563523861
2014-05-19,6898.78590869322
2014-05-20,6848.0230258885795
2014-05-21,6911.860569832783
2014-05-22,6851.519872092512
2014-05-23,6861.679926191068
2014-05-26,6818.754640366259
2014-05-27,6862.653672563662
2014-05-28,6910.427297572325
2014-05-29,6917.803031173755
2014-05-30,6977.378397905884
2014-06-02,6929.336027113619
2014-06-03,6896.651648103405
2014-06-04,6767.450053817314
2014-06-05,6789.366422419227
2014-06-06,6767.289846723001
2014-06-09,6677.525484955496
2014-06-10,6745.478977543108
2014-06-11,6752.525777228447
2014-06-12,6655.67199782789
2014-06-13,6687.3673745748865
2014-06-16,6667.159268113132
2014-06-17,6617.1395534274525
2014-06-18,6626.742589524079
2014-06-19,6609.51487691209
2014-06-20,6584.632541798599
2014-06-23,6579.359750433604
2014-06-24,6635.444326179888
2014-06-25,6627.5074910778885
2014-06-26,6614.288192698476
2014-06-27,6634.382820345274
2014-06-30,6708.331289511203
2014-07-01,6598.590912354607
2014-07-02,6582.612933571308
2014-07-03,6619.529626406323
2014-07-04,6726.147029639184
2014-07-07,6645.338562966678
2014-07-08,6646.365608472769
2014-07-09,6687.982109580018
2014-07-10,6743.336607880148
2014-07-11,6711.660394107976
2014-07-14,6679.03231296667
2014-07-15,6705.214126710106
2014-07-16,6691.70435927385
2014-07-17,6629.305444686288
2014-07-18,6627.494296489767
2014-07-21,6485.762534824596
2014-07-22,6572.493266033465
2014-07-23,6755.149827306913
2014-07-24,6872.699371463127
2014-07-25,6904.712435086905
2014-07-28,6716.207349058786
2014-07-29,6711.0824036282775
2014-07-30,6680.361389342814
2014-07-31,6701.776617712756
2014-08-01,6654.452596810264
2014-08-04,6694.439794579828
2014-08-05,6696.076281784496
2014-08-06,6736.659641297649
2014-08-07,6730.300076230772
2014-08-08,6749.978273662683
2014-08-11,6747.138045098922
2014-08-12,6723.742745050202
2014-08-13,6791.805786635512
2014-08-14,6753.287691062288
2014-08-15,6864.221502593177
2014-08-18,6854.042968128149
2014-08-19,7015.13772367811
2014-08-20,6952.953815221255
2014-08-21,6988.477221634953
2014-08-22,7034.084421219027
2014-08-25,7086.877782923127
2014-08-26,7062.335549345907
2014-08-27,7137.671663603547
2014-08-28,7026.351107738974
2014-08-29,7047.055424627989
2014-09-01,7064.675837001037
2014-09-02,6960.225976381946
2014-09-03,6965.812349358023
2014-09-04,6903.446812275778
2014-09-05,6914.710059735797
2014-09-08,6882.450694482775
2014-09-09,6918.427826788524
2014-09-10,6818.632438930663
2014-09-11,6774.894904502574
2014-09-12,6811.32997774381
2014-09-15,6820.473175440986
2014-09-16,6811.331437750713
2014-09-17,6752.1375019443485
2014-09-18,6762.176008766067
2014-09-19,6775.066154767463
2014-09-22,6763.393835380383
2014-09-23,6779.289325001633
2014-09-24,6869.794182698822
2014-09-25,6881.779374333553
2014-09-26,6857.517014520109
2014-09-29,6824.009488400662
2014-09-30,6751.792144468239
2014-10-01,6819.243344544868
2014-10-02,6794.322560914937
2014-10-03,6868.470381132197
2014-10-06,6980.366754135236
2014-10-07,6923.479298375608
2014-10-08,6959.138356712133
2014-10-09,6981.663195834067
2014-10-10,7057.25127573296
2014-10-13,6997.979498051955
2014-10-14,6986.010476206746
2014-10-15,6907.191566854153
2014-10-16,6883.078433097526
2014-10-17,6808.517986325645
2014-10-20,6906.222051709667
2014-10-21,6868.911983589221
2014-10-22,6796.7045886207625
2014-10-23,6831.290787002291
2014-10-24,6847.83863828184
2014-10-27,6788.029925064946
2014-10-28,6845.025040179198
2014-10-29,6885.1891715648935
2014-10-30,6827.2783103342745
2014-10-31,6689.45119001877
2014-11-03,6666.52167902911
2014-11-04,6639.548987216369
2014-11-05,6650.443834017187
2014-11-06,6745.533026248739
2014-11-07,6614.33654350674
2014-11-10,6671.7335660922445
2014-11-11,6621.190086974309
2014-11-12,6563.069267670358
2014-11-13,6651.724667889363
2014-11-14,6634.976226488132
2014-11-17,6669.193164964618
2014-11-18,6677.728261418212
2014-11-19,6746.5516238808295
2014-11-20,6691.053350267208
2014-11-21,6641.793259054475
2014-11-24,6695.166169421358
2014-11-25,6537.517191009266
2014-11-26,6411.688323396563
2014-11-27,6452.708319714906
2014-11-28,6363.889813740101
2014-12-01,6393.270307576765
2014-12-02,6418.339872178728
2014-12-03,6544.727203270384
2014-12-04,6584.037364303656
2014-12-05,6495.615348225801
2014-12-08,6479.024644793246
2014-12-09,6496.597553791127
2014-12-10,6450.079056387161
2014-12-11,6373.794924345085
2014-12-12,6417.057726125622
2014-12-15,6293.383363182275
2014-12-16,6273.371431290104
2014-12-17,6166.064773217129
2014-12-18,6196.331873840069
2014-12-19,6175.926232426394
2014-12-22,6225.372296593261
2014-12-23,6228.906959650028
2014-12-24,6174.47050211856
2014-12-25,6182.891952527397
2014-12-26,6142.206186614564
2014-12-29,6019.8614952451935
2014-12-30,6164.316396118439
2014-12-31,6142.11241310675
2015-01-01,6183.691857976201
2015-01-02,6233.588349985339
2015-01-05,6213.131896489704
2015-01-06,6075.5894592910345
2015-01-07,6016.344839393296
2015-01-08,6047.617253117482
2015-01-09,6078.972901846199
2015-01-12,6070.55024279997
2015-01-13,6105.158844324419
2015-01-14,6216.212578987674
2015-01-15,6189.868773594572
2015-01-16,6166.630488886413
2015-01-19,6188.679308787731
2015-01-20,6119.385215098738
2015-01-21,6119.508163514582
2015-01-22,6068.181088063213
2015-01-23,6041.933039310549
2015-01-26,6017.886984746057
2015-01-27,6040.776912486393
2015-01-28,6009.27866857108
2015-01-29,6082.732346819032
2015-01-30,6140.433124723676
2015-02-02,6183.604895931236
2015-02-03,6195.681867872713
2015-02-04,6177.704962023729
2015-02-05,6204.808676427349
2015-02-06,6264.656568337954
2015-02-09,6245.7953081957185
2015-02-10,6317.981249980925
2015-02-11,6302.689446840771
2015-02-12,6394.490621689081
2015-02-13,6399.994021245557
2015-02-16,6490.529479632313
2015-02-17,6447.258347779235
2015-02-18,6367.653352434276
2015-02-19,6350.911087163147
2015-02-20,6362.626104088422
2015-02-23,6309.673073582589
2015-02-24,6337.131020778403
2015-02-25,6355.29695316988
2015-02-26,6263.246187923564
2015-02-27,6201.418720848796
2015-03-02,6178.902243329466
2015-03-03,6209.574552965738
2015-03-04,6156.385584638377
2015-03-05,6194.8710393963
2015-03-06,6203.2544796746715
2015-03-09,6271.82106785732
2015-03-10,6348.356714904987
2015-03-11,6309.520955795989
2015-03-12,6408.634788941917
2015-03-13,6471.415796979639
2015-03-16,6323.333242841854
2015-03-17,6296.986946195654
2015-03-18,6325.202162877783
2015-03-19,6421.321647665393
2015-03-20,6433.440147620316
2015-03-23,6456.842038798031
2015-03-24,6503.953326814482
2015-03-25,6507.215221855835
2015-03-26,6628.85342966232
2015-03-27,6681.258415439572
2015-03-30,6677.463363299228
2015-03-31,6705.098992493423
2015-04-01,6643.963756332336
2015-04-02,6549.267439935681
2015-04-03,6626.840724075886
2015-04-06,6752.476233287691
2015-04-07,6795.607586798663
2015-04-08,6786.6747186469565
2015-04-09,6851.088364781998
2015-04-10,6960.5310327299185
2015-04-13,6921.959482173059
2015-04-14,6867.002475801031
2015-04-15,6814.153141432069
2015-04-16,6781.566700361292
2015-04-17,6834.586984091456
2015-04-20,6824.786922590258
2015-04-21,6799.362944289409
2015-04-22,6829.773966259414
2015-04-23,6919.478020738946
2015-04-24,7025.514594744556
2015-04-27,7151.162295276904
2015-04-28,7075.675975937134
2015-04-29,7028.408617331965
2015-04-30,7008.157786518598
2015-05-01,6994.200284105182
2015-05-04,6845.025916149073
2015-05-05,6752.442567377614
2015-05-06,6810.858983987693
2015-05-07,6873.282165154236
2015-05-08,6949.044270689974
2015-05-11,6941.023306940753
2015-05-12,7066.9839578545025
2015-05-13,6909.876012718859
2015-05-14,7019.502158781884
2015-05-15,6953.469164945131
2015-05-18,6908.863520401315
2015-05-19,6888.224619231861
2015-05-20,6888.0187080671685
2015-05-21,6756.914517819851
2015-05-22,6804.743932217799
2015-05-25,6738.65454476514
2015-05-26,6613.348878646331
2015-05-27,6699.2933412624425
2015-05-28,6803.332426779153
2015-05-29,6766.134192160109
2015-06-01,6759.132453256424
2015-06-02,6694.78895189074
2015-06-03,6675.019878515054
2015-06-04,6720.223389936024
2015-06-05,6791.227280527473
2015-06-08,6789.02796286914
2015-06-09,6921.128733896568
2015-06-10,6947.8677907440015
2015-06-11,7088.150380712127
2015-06-12,7098.444961565409
2015-06-15,7237.773946583889
2015-06-16,7294.386632957287
2015-06-17,7307.094856367607
2015-06-18,7447.473715661037
2015-06-19,7404.622004848955
2015-06-22,7292.782967504893
2015-06-23,7229.140114073402
2015-06-24,7230.404214071741
2015-06-25,7345.062008883678
2015-06-26,7212.025515940151
2015-06-29,7147.480916943399
2015-06-30,7102.712528534633
2015-07-01,7157.456098316231
2015-07-02,7144.850452659576
2015-07-03,7082.338609167811
2015-07-06,7125.060161989618
2015-07-07,7186.835597511871
2015-07-08,7284.810181322748
2015-07-09,7288.367217482515
2015-07-10,7346.554402747907
2015-07-13,7288.301971910639
2015-07-14,7229.978492898292
2015-07-15,7147.135599878367
2015-07-16,7149.953467880588
2015-07-17,7132.779546149409
2015-07-20,7096.079822147943
2015-07-21,6987.236255498243
2015-07-22,6987.335620604577
2015-07-23,6955.039067469303
2015-07-24,7084.975666184723
2015-07-27,7054.888290942913
2015-07-28,7022.468461277141
2015-07-29,7009.117236038476
2015-07-30,7021.3207599574525
2015-07-31,7096.802758520128
2015-08-03,7090.303403028489
2015-08-04,6987.909337632807
2015-08-05,6988.272894306444
2015-08-06,6878.505335373203
2015-08-07,6879.309792527394
2015-08-10,6869.84153915955
2015-08-11,6948.506502941532
2015-08-12,7058.2672002952395
2015-08-13,6911.468171589115
2015-08-14,6755.474924379585
2015-08-17,6890.5929389093035
2015-08-18,6950.453288310146
2015-08-19,7032.326381077982
2015-08-20,6919.703158574498
2015-08-21,7027.580508187931
2015-08-24,7021.235963105179
2015-08-25,7193.972654673337
2015-08-26,7119.489641323603
2015-08-27,7180.439517256658
2015-08-28,7216.034625061405
2015-08-31,7430.846405001276
2015-09-01,7659.8512785204
2015-09-02,7528.275251283026
2015-09-03,7465.8032393043995
2015-09-04,7349.465719566692
2015-09-07,7397.939154609744
2015-09-08,7359.27184886318
2015-09-09,7399.686537925814
2015-09-10,7414.947126248631
2015-09-11,7510.651136708923
2015-09-14,7518.9590608018025
2015-09-15,7451.000242378461
2015-09-16,7472.599330673074
2015-09-17,7616.692278783781
2015-09-18,7798.404823905976
2015-09-21,7846.114309084999
2015-09-22,7907.776584158413
2015-09-23,7859.483432272231
2015-09-24,7945.755795882784
2015-09-25,7914.506253547392
2015-09-28,7933.992759065607
2015-09-29,7966.8403665752885
2015-09-30,8036.478606923261
2015-10-01,8047.743927829104
2015-10-02,8113.8889348622015
2015-10-05,8132.7804414991515
2015-10-06,8150.662513971988
2015-10-07,8216.960279898198
2015-10-08,8134.533988777596
2015-10-09,8151.823757846074
2015-10-12,8099.189073985163
2015-10-13,8045.743868320365
2015-10-14,8017.929098922554
2015-10-15,7956.353704215362
2015-10-16,7920.294829761977
2015-10-19,7922.155945473185
2015-10-20,7920.457962497852
2015-10-21,7890.322427976528
2015-10-22,8118.728710520777
2015-10-23,8213.608943618185
2015-10-26,8210.183128493927
2015-10-27,8235.593715054121
2015-10-28,8250.565584186052
2015-10-29,8141.359213378791
2015-10-30,8034.945566605492
2015-11-02,8163.787114344052
2015-11-03,8242.437812595272
2015-11-04,8272.541192869046
2015-11-05,8384.82595763705
2015-11-06,8365.270204974422
2015-11-09,8463.3781050622
2015-11-10,8479.787237169174
2015-11-11,8458.847777529587
2015-11-12,8337.279621562202
2015-11-13,8211.971538930893
2015-11-16,8217.000518854018
2015-11-17,8114.9098651672675
2015-11-18,8105.78312426275
2015-11-19,8043.516586183115
2015-11-20,8029.594326207237
2015-11-23,8025.815388153039
2015-11-24,8122.438593261816
2015-11-25,8179.373581403877
2015-11-26,8152.463456161221
2015-11-27,8065.071727392778
2015-11-30,8050.222221940657
2015-12-01,8065.315002987405
2015-12-02,8043.768580534159
2015-12-03,7874.488090620615
2015-12-04,7770.4462721885475
2015-12-07,7777.574596835851
2015-12-08,7687.824333593148
2015-12-09,7756.6549651709465
2015-12-10,7816.691755366999
2015-12-11,7799.183375722323
2015-12-14,7786.499687206059
2015-12-15,7808.612201723044
2015-12-16,7910.71579232968
2015-12-17,7820.750248045088
2015-12-18,7832.955209466012
2015-12-21,7880.4470023614085
2015-12-22,7860.990473981336
2015-12-23,8021.904345839885
2015-12-24,8048.395840139425
2015-12-25,8150.558630041595
2015-12-28,8173.999390232966
2015-12-29,8117.110761875976
2015-12-30,8216.590851854839
2015-12-31,8088.964295690462
2016-01-01,8005.348288625072
2016-01-04,7989.938559395867
2016-01-05,7949.243592700917
2016-01-06,7856.674902781361
2016-01-07,7921.447729009797
2016-01-08,7978.279039682953
2016-01-11,7827.956378596423
2016-01-12,7766.074485269176
2016-01-13,7767.027478216887
2016-01-14,7681.025435797477
2016-01-15,7566.087922172135
2016-01-18,7438.162748630316
2016-01-19,7452.07312127603
2016-01-20,7384.370810485548
2016-01-21,7312.672465916589
2016-01-22,7237.5658863717545
2016-01-25,7054.617361431744
2016-01-26,7051.030965643747
2016-01-27,7074.052331121466
2016-01-28,7076.409213006323
2016-01-29,7082.0964058596355
2016-02-01,7131.432875799626
2016-02-02,7162.290545934788
2016-02-03,7115.044052852111
2016-02-04,7125.687809555641
2016-02-05,7061.406078046507
2016-02-08,7186.3652817437
2016-02-09,7214.97477345675
2016-02-10,7176.123670630559
2016-02-11,7203.7451812572035
2016-02-12,7286.496082113145
2016-02-15,7321.018367533512
2016-02-16,7355.677916606019
2016-02-17,7217.549890379136
2016-02-18,7215.544828235507
2016-02-19,7274.724457322677
2016-02-22,7354.705164215932
2016-02-23,7388.987249854223
2016-02-24,7424.663998059249
2016-02-25,7398.0014723489885
2016-02-26,7410.132349185451
2016-02-29,7288.707755215374
2016-03-01,7318.411668345181
2016-03-02,7165.96035221906
2016-03-03,7238.654892935371
2016-03-04,7205.104845595218
2016-03-07,7105.37627160147
2016-03-08,7122.236464625459
2016-03-09,7073.324089852581
2016-03-10,7020.163835577939
2016-03-11,6900.9715675598645
2016-03-14,6802.72938972447
2016-03-15,6801.681767829278
2016-03-16,6795.182100646304
2016-03-17,6732.936088990541
2016-03-18,6740.683948952607
2016-03-21,6841.497228809639
2016-03-22,6853.76441589801
2016-03-23,6946.182464962876
2016-03-24,6875.938443337365
2016-03-25,6850.1388429000335
2016-03-28,6912.325468861972
2016-03-29,6907.360744463268
2016-03-30,6893.428064325675
2016-03-31,6891.0396419393965
2016-04-01,7023.5913830003865
2016-04-04,7047.721385108045
2016-04-05,7131.330113603771
2016-04-06,7016.896904761539
2016-04-07,6989.494769348533
2016-04-08,7001.038465649871
2016-04-11,6946.710640030083
2016-04-12,7000.3504068347065
2016-04-13,6938.102784417548
2016-04-14,6978.057704543904
2016-04-15,7052.258323921439
2016-04-18,7070.595586373155
2016-04-19,7152.1241491960845
2016-04-20,7106.421783064779
2016-04-21,7182.7701364686845
2016-04-22,7353.221875030513
2016-04-25,7379.079039197231
2016-04-26,7434.619877824635
2016-04-27,7375.130567497238
2016-04-28,7445.439747590064
2016-04-29,7443.249468572782
2016-05-02,7486.268589927173
2016-05-03,7412.250053297193
2016-05-04,7377.328169637715
2016-05-05,7292.944116601009
2016-05-06,7196.340713833173
2016-05-09,7286.14766188726
2016-05-10,7221.457354078545
2016-05-11,7326.877713696634
2016-05-12,7333.891729550896
2016-05-13,7298.740393826187
2016-05-16,7440.038534074749
2016-05-17,7297.244502631487
2016-05-18,7262.054714512043
2016-05-19,7208.9049121768185
2016-05-20,7224.192472836261
2016-05-23,7329.463478377163
2016-05-24,7160.2501856109475
2016-05-25,7112.063413479759
2016-05-26,7049.486179196599
2016-05-27,7026.282337901856
2016-05-30,6955.438079061165
2016-05-31,6977.253960860986
2016-06-01,6874.312271355657
2016-06-02,6866.594900124449
2016-06-03,6846.891137669529
2016-06-06,6883.932396076825
2016-06-07,6951.855151235432
2016-06-08,6902.450179365176
2016-06-09,6750.768486807615
2016-06-10,6823.723694894886
2016-06-13,6818.566470248819
2016-06-14,6715.851384091209
2016-06-15,6740.007063275324
2016-06-16,6672.642389352558
2016-06-17,6663.807584575574
2016-06-20,6622.769568752317
2016-06-21,6685.266614406325
2016-06-22,6687.003286364157
2016-06-23,6667.798478050527
2016-06-24,6541.413887546314
2016-06-27,6488.647382867255
2016-06-28,6485.363702535992
2016-06-29,6518.060851432051
2016-06-30,6561.563782685991
2016-07-01,6558.659647037611
2016-07-04,6704.726934057641
2016-07-05,6547.771270908831
2016-07-06,6645.636029414426
2016-07-07,6727.011417372126
2016-07-08,6717.943384135612
2016-07-11,6799.144897384048
2016-07-12,6833.729943863431
2016-07-13,6819.586182566446
2016-07-14,6771.998928426953
2016-07-15,6759.2407331739005
2016-07-18,6642.740141498493
2016-07-19,6645.738523774163
2016-07-20,6715.56360052636
2016-07-21,6659.453133272511
2016-07-22,6711.876164369882
2016-07-25,6749.433955262087
2016-07-26,6799.431760455902
2016-07-27,6835.2989850795375
2016-07-28,6752.583082581837
2016-07-29,6699.867048763789
2016-08-01,6775.065620867981
2016-08-02,6774.234623728344
2016-08-03,6801.608693048659
2016-08-04,6913.740950173177
2016-08-05,6828.632266474697
2016-08-08,6774.865283579439
2016-08-09,6776.8451969741245
2016-08-10,6668.392083462278
2016-08-11,6618.34743619646
2016-08-12,6654.746478495434
2016-08-15,6481.587437308194
2016-08-16,6467.619964182424
2016-08-17,6602.915695424197
2016-08-18,6603.512504904395
2016-08-19,6612.309208941947
2016-08-22,6620.063476073397
2016-08-23,6609.34804134001
2016-08-24,6623.519175848638
2016-08-25,6606.99707535396
2016-08-26,6542.990200457337
2016-08-29,6535.867811749823
2016-08-30,6522.230616110663
2016-08-31,6522.852724964398
2016-09-01,6540.161330557511
2016-09-02,6652.4067817848745
2016-09-05,6622.493178050169
2016-09-06,6623.671072259015
2016-09-07,6587.211228291749
2016-09-08,6553.853967144449
2016-09-09,6520.853059996719
2016-09-12,6630.195646736889
2016-09-13,6602.65048456877
2016-09-14,6616.701951156105
2016-09-15,6582.45308578874
2016-09-16,6578.241237874697
2016-09-19,6679.722502554609
2016-09-20,6778.838103959342
2016-09-21,6747.264111549268
2016-09-22,6862.464741347439
2016-09-23,6928.8234685821135
2016-09-26,6883.325130788649
2016-09-27,6806.385962567764
2016-09-28,6892.296631972772
2016-09-29,6824.552768927357
2016-09-30,6937.582858163041
2016-10-03,6980.907027922953
2016-10-04,6954.3249616771
2016-10-05,7009.623585294941
2016-10-06,7044.814725822755
2016-10-07,7136.379767835155
2016-10-10,7142.810521334552
2016-10-11,7245.022891108999
2016-10-12,7147.349644642707
2016-10-13,7096.367206117386
2016-10-14,7191.385921711859
2016-10-17,7201.148067653954
2016-10-18,7184.855045392671
2016-10-19,7240.399885345298
2016-10-20,7263.713788059161
2016-10-21,7315.500830631242
2016-10-24,7344.153062846835
2016-10-25,7426.060317700086
2016-10-26,7450.166818546801
2016-10-27,7479.818535120746
2016-10-28,7406.468551629118
2016-10-31,7448.348490875473
2016-11-01,7393.648159862723
2016-11-02,7279.621195976537
2016-11-03,7399.064602962701
2016-11-04,7346.2340499389165
2016-11-07,7410.274265855838
2016-11-08,7429.502788814117
2016-11-09,7430.25982658354
2016-11-10,7375.737715545877
2016-11-11,7331.180316633883
2016-11-14,7194.6272627055105
2016-11-15,7016.068083590295
2016-11-16,7044.591604634356
2016-11-17,6999.638728311902
2016-11-18,6903.247457864684
2016-11-21,6779.677910553224
2016-11-22,6816.679102061085
2016-11-23,6745.094136684883
2016-11-24,6672.713171135926
2016-11-25,6631.444263725243
2016-11-28,6519.093443889488
2016-11-29,6314.585180187587
2016-11-30,6233.203529235175
2016-12-01,6136.3123561842485
2016-12-02,6044.622322883881
2016-12-05,5991.428731509397
2016-12-06,6020.263065014741
2016-12-07,5960.622389044791
2016-12-08,5919.419425762429
2016-12-09,5776.506837708743
2016-12-12,5823.491924111237
2016-12-13,5818.504660224727
2016-12-14,5847.968654354266
2016-12-15,5827.370631816499
2016-12-16,5855.202951702962
2016-12-19,5834.576299090674
2016-12-20,5897.571660573972
2016-12-21,5859.671101706092
2016-12-22,5949.29201303294
2016-12-23,6043.931642579558
2016-12-26,6108.557605405442
2016-12-27,5988.861023079459
2016-12-28,5972.687152901055
2016-12-29,6040.425317851222
2016-12-30,6030.8969017323825
2017-01-02,6000.9811803078965
2017-01-03,5973.177184257883
2017-01-04,5990.099442317917
2017-01-05,6023.241401653686
2017-01-06,6025.596016569005
2017-01-09,5914.260693629607
2017-01-10,6014.764168620911
2017-01-11,5982.497687110237
2017-01-12,5954.488813157964
2017-01-13,5914.564489819477
2017-01-16,6030.937239248794
2017-01-17,5993.752063840964
2017-01-18,6146.479067133117
2017-01-19,6078.522197319791
2017-01-20,6143.460921096379
2017-01-23,6022.203483057022
2017-01-24,5923.488867979531
2017-01-25,5885.255149525215
2017-01-26,5880.239008833064
2017-01-27,5963.958868917006
2017-01-30,5961.558289785674
2017-01-31,6033.891907421172
2017-02-01,5996.013279195355
2017-02-02,5928.891696941031
2017-02-03,5911.038942931771
2017-02-06,5898.575861379435
2017-02-07,5871.448501454808
2017-02-08,5955.142817929612
2017-02-09,5894.662149202326
2017-02-10,5945.949334944564
2017-02-13,6010.1239286456885
2017-02-14,6028.137922688836
2017-02-15,5996.23951670906
2017-02-16,6043.627017621533
2017-02-17,5970.217929904168
2017-02-20,6057.701315745926
2017-02-21,6158.072677996042
2017-02-22,6107.970128390633
2017-02-23,6176.363457212274
2017-02-24,6201.672665709752
2017-02-27,6218.86374430192
2017-02-28,6344.530597859637
2017-03-01,6401.816446716806
2017-03-02,6389.259102128753
2017-03-03,6351.363299018799
2017-03-06,6335.446923292142
2017-03-07,6267.308663995597
2017-03-08,6317.209221088458
2017-03-09,6273.70332547662
2017-03-10,6229.672013876972
2017-03-13,6198.331029652926
2017-03-14,6228.395721965001
2017-03-15,6142.395976897451
2017-03-16,6245.576252846133
2017-03-17,6383.9645829178835
2017-03-20,6364.560258234941
2017-03-21,6280.94451039782
2017-03-22,6358.934428657203
2017-03-23,6353.694808281338
2017-03-24,6379.327971579997
2017-03-27,6325.89485740215
2017-03-28,6230.415091790073
2017-03-29,6214.771689770726
2017-03-30,6246.028573653975
2017-03-31,6322.983804718866
2017-04-03,6366.004900026102
2017-04-04,6296.434829618261
2017-04-05,6304.621715645788
2017-04-06,6339.528973073944
2017-04-07,6263.196296430982
2017-04-10,6223.014049437759
2017-04-11,6207.711763281914
2017-04-12,6196.712981546869
2017-04-13,6218.808554201493
2017-04-14,6199.7186691471015
2017-04-17,6226.152080862622
2017-04-18,6256.809935539666
2017-04-19,6385.892624243617
2017-04-20,6400.636450938626
2017-04-21,6478.584242995482
2017-04-24,6478.187008664597
2017-04-25,6521.544748665144
2017-04-26,6594.307865022928
2017-04-27,6533.022670233893
2017-04-28,6423.471122080415
2017-05-01,6313.655282854465
2017-05-02,6407.86476352064
2017-05-03,6451.905176702957
2017-05-04,6372.430784546052
2017-05-05,6426.84769265097
2017-05-08,6332.411425281583
2017-05-09,6390.340613723134
2017-05-10,6262.578484838385
2017-05-11,6151.3660178011805
2017-05-12,6144.645688036799
2017-05-15,6225.776310014166
2017-05-16,6244.327254750375
2017-05-17,6282.844674802495
2017-05-18,6233.2489043475425
2017-05-19,6286.185043607149
2017-05-22,6282.753901409269
2017-05-23,6191.124315203448
2017-05-24,6227.758225284233
2017-05-25,6122.847735122921
2017-05-26,6100.575697147787
2017-05-29,6135.468107532695
2017-05-30,6127.410661546913
2017-05-31,6130.599838562107
2017-06-01,6210.743994254364
2017-06-02,6201.540260527219
2017-06-05,6195.925616007301
2017-06-06,6151.3820471637155
2017-06-07,6178.053481274141
2017-06-08,6241.713896190577
2017-06-09,6247.63967520512
2017-06-12,6321.491875319146
2017-06-13,6464.763595013807
2017-06-14,6387.552729026434
2017-06-15,6366.682014019605
2017-06-16,6321.7422851451165
2017-06-19,6223.9589284222175
2017-06-20,6336.452059813579
2017-06-21,6471.8193493015215
2017-06-22,6470.845494198238
2017-06-23,6361.77065661882
2017-06-26,6341.777016622292
2017-06-27,6180.8973712211555
2017-06-28,6194.714953164431
2017-06-29,6292.734515787299
2017-06-30,6263.864782816736
2017-07-03,6365.925194679197
2017-07-04,6334.7745397924355
2017-07-05,6405.718517083785
2017-07-06,6324.326157718585
2017-07-07,6255.8803293835945
2017-07-10,6177.354279862483
2017-07-11,6168.290592758903
2017-07-12,6205.741699373008
2017-07-13,6160.617395603882
2017-07-14,6161.194655843542
2017-07-17,6142.238708042904
2017-07-18,6158.5510317930475
2017-07-19,6161.3458635611805
2017-07-20,6243.589156123226
2017-07-21,6258.633404375501
2017-07-24,6330.7426409484
2017-07-25,6352.930093883156
2017-07-26,6419.068956094496
2017-07-27,6516.136315448739
2017-07-28,6445.358655269676
2017-07-31,6473.626490570052
2017-08-01,6676.5756749321845
2017-08-02,6597.246358697431
2017-08-03,6596.243569585657
2017-08-04,6687.109045742215
2017-08-07,6674.343092713076
2017-08-08,6668.349937462018
2017-08-09,6649.732447884329
2017-08-10,6652.016787343758
2017-08-11,6633.126437287109
2017-08-14,6670.9807819819125
2017-08-15,6847.507098134843
2017-08-16,6928.344421408974
2017-08-17,6939.93146253098
2017-08-18,6908.146536882755
2017-08-21,6933.920846006558
2017-08-22,6933.032342028852
2017-08-23,6834.116141752068
2017-08-24,6958.400870958806
2017-08-25,7056.316382211462
2017-08-28,7057.161732123029
2017-08-29,7045.655086103986
2017-08-30,6966.995739225997
2017-08-31,6963.981375960555
2017-09-01,6933.318491761733
2017-09-04,6890.298235257139
2017-09-05,6892.082233732877
2017-09-06,6944.758951753272
2017-09-07,6897.126264665073
2017-09-08,6828.694120244309
2017-09-11,6875.695788980624
2017-09-12,6839.203456584543
2017-09-13,6843.287037365569
2017-09-14,6900.281116086481
2017-09-15,6833.677674549952
2017-09-18,6972.233293481797
2017-09-19,6982.457601901895
2017-09-20,6816.518597539937
2017-09-21,6880.732858635239
2017-09-22,6901.153517816366
2017-09-25,6862.879041314938
2017-09-26,6912.405876327674
2017-09-27,6932.442631644776
2017-09-28,6976.662248553539
2017-09-29,7092.182029646539
2017-10-02,7168.23753610817
2017-10-03,7287.328653725985
2017-10-04,7199.51694801466
2017-10-05,7142.022634543464
2017-10-06,7071.367215642856
2017-10-09,7083.27840150987
2017-10-10,7033.9072767532225
2017-10-11,7042.0711331182165
2017-10-12,7139.90057539293
2017-10-13,7159.210577156479
2017-10-16,7324.602342207439
2017-10-17,7294.0937971905205
2017-10-18,7349.608770570173
2017-10-19,7428.963737287659
2017-10-20,7385.427570178759
2017-10-23,7442.1643504262
2017-10-24,7462.1702693807
2017-10-25,7387.565563825455
2017-10-26,7354.205851244341
2017-10-27,7401.259574180131
2017-10-30,7466.070662645029
2017-10-31,7305.980220449036
2017-11-01,7304.623531015131
2017-11-02,7234.82083023088
2017-11-03,7295.490879204455
2017-11-06,7306.310349820124
2017-11-07,7233.607515164548
2017-11-08,7306.903426369897
2017-11-09,7304.288329439495
2017-11-10,7352.0746601653855
2017-11-13,7384.8533236472795
2017-11-14,7258.6953015829495
2017-11-15,7214.009387673133
2017-11-16,7257.326499362644
2017-11-17,7369.098713409905
2017-11-20,7368.585526313245
2017-11-21,7374.301978246898
2017-11-22,7381.964240915897
2017-11-23,7353.804649948259
2017-11-24,7356.22126717362
2017-11-27,7421.438817356261
2017-11-28,7482.584546642526
2017-11-29,7489.60219451669
2017-11-30,7431.234050108351
2017-12-01,7440.149135085973
2017-12-04,7458.900023644834
2017-12-05,7410.146687905211
2017-12-06,7316.662661095104
2017-12-07,7269.974815285838
2017-12-08,7301.1028083441215
2017-12-11,7314.970445371038
2017-12-12,7338.345762316998
2017-12-13,7387.181263833715
2017-12-14,7374.07329342789
2017-12-15,7404.03098644109
2017-12-18,7477.221322719205
2017-12-19,7532.4524276492475
2017-12-20,7544.382420068641
2017-12-21,7535.1007610420165
2017-12-22,7536.968734184026
2017-12-25,7580.392645849983
2017-12-26,7630.87593832988
2017-12-27,7660.923652238382
2017-12-28,7744.766064302368
2017-12-29,7733.7350057082385
2018-01-01,7756.967652311422
2018-01-02,7647.59089160154
2018-01-03,7644.91896619138
2018-01-04,7648.590219689688
2018-01-05,7655.1401802756955
2018-01-08,7834.293185113531
2018-01-09,7904.989877701082
2018-01-10,7936.371746133387
2018-01-11,7831.741780792447
2018-01-12,7826.626819803393
2018-01-15,7903.171469334829
2018-01-16,7802.847188374312
2018-01-17,7848.838510880751
2018-01-18,7817.2797114070545
2018-01-19,7733.044893691685
2018-01-22,7771.757672543552
2018-01-23,7850.9378363002415
2018-01-24,7778.7546443639485
2018-01-25,7801.390163986169
2018-01-26,7787.568431069067
2018-01-29,7825.731217289319
2018-01-30,7781.00644184752
2018-01-31,7691.324809619218
2018-02-01,7766.745749513374
2018-02-02,7772.435500474599
2018-02-05,7765.011355647988
2018-02-06,7749.349586542196
2018-02-07,7663.332189291621
2018-02-08,7663.213040122016
2018-02-09,7669.31194349571
2018-02-12,7773.726500601089
2018-02-13,7769.392215708773
2018-02-14,7643.900609209101
2018-02-15,7474.9334894039885
2018-02-16,7474.65613486656
2018-02-19,7492.728775173162
2018-02-20,7445.130600541893
2018-02-21,7466.689043679652
2018-02-22,7546.431037584673
2018-02-23,7508.675879291845
2018-02-26,7547.275890707459
2018-02-27,7510.67734014317
2018-02-28,7507.473242676247
2018-03-01,7541.732302775395
2018-03-02,7408.322630344345
2018-03-05,7443.639768244818
2018-03-06,7266.953235645764
2018-03-07,7333.999319428788
2018-03-08,7295.844800134827
2018-03-09,7350.556994133434
2018-03-12,7448.730129871564
2018-03-13,7430.641488314111
2018-03-14,7553.484070560684
2018-03-15,7553.810970168645
2018-03-16,7626.031978528308
2018-03-19,7583.576482007716
2018-03-20,7539.317691320642
2018-03-21,7504.806673816274
2018-03-22,7479.481389851326
2018-03-23,7511.5335221381265
2018-03-26,7532.147804925292
2018-03-27,7521.797273977255
2018-03-28,7464.701869532375
2018-03-29,7548.822547892884
2018-03-30,7551.359906780379
2018-04-02,7584.507697633431
2018-04-03,7525.048713543573
2018-04-04,7398.510261851377
2018-04-05,7447.547441850072
2018-04-06,7350.90665311788
2018-04-09,7465.954932448242
2018-04-10,7514.708105088981
2018-04-11,7623.020374643173
2018-04-12,7494.9690559463
2018-04-13,7455.889473240243
2018-04-16,7388.569882213981
2018-04-17,7451.802944097129
2018-04-18,7346.818692815239
2018-04-19,7319.64086527433
2018-04-20,7367.8831619506855
2018-04-23,7369.694418799924
2018-04-24,7530.85056488319
2018-04-25,7459.176843815709
2018-04-26,7503.203516010123
2018-04-27,7481.4232463207845
2018-04-30,7430.668437680399
2018-05-01,7381.044222184876
2018-05-02,7208.416279141523
2018-05-03,7166.771988565469
2018-05-04,7268.890685024611
2018-05-07,7316.3338653679
2018-05-08,7218.889758120615
2018-05-09,7087.3453405322125
2018-05-10,7062.38569546032
2018-05-11,7104.47701714589
2018-05-14,7215.648658285356
2018-05-15,7246.751805096662
2018-05-16,7292.0098059544325
2018-05-17,7193.095817165006
2018-05-18,7237.732360013249
2018-05-21,7231.0877627904
2018-05-22,7306.755677324563
2018-05-23,7195.888761741451
2018-05-24,7129.965087257536
2018-05-25,7145.7700311947865
2018-05-28,7154.01907431213
2018-05-29,7225.328709701874
2018-05-30,7227.220351398103
2018-05-31,7086.6539547758475
2018-06-01,7197.864505401346
2018-06-04,7255.574455461755
2018-06-05,7209.148776178837
2018-06-06,7097.086045454812
2018-06-07,7067.755520017993
2018-06-08,7047.385814945299
2018-06-11,7215.3346420634725
2018-06-12,7222.073136051243
2018-06-13,7361.317510213399
2018-06-14,7377.209153402318
2018-06-15,7349.76753435996
2018-06-18,7367.029033031559
2018-06-19,7409.077959113229
2018-06-20,7431.330166424763
2018-06-21,7612.1336543708285
2018-06-22,7541.980014410932
2018-06-25,7577.758713627698
2018-06-26,7673.42598186409
2018-06-27,7799.420965531937
2018-06-28,7701.2523562252045
2018-06-29,7714.1139900532835
2018-07-02,7692.864138785139
2018-07-03,7733.249900923601
2018-07-04,7708.566554419439
2018-07-05,7701.2387304307385
2018-07-06,7780.709434464603
2018-07-09,7854.621574036953
2018-07-10,7919.18115938838
2018-07-11,7975.329371674972
2018-07-12,8051.209482582335
2018-07-13,8122.127586096326
2018-07-16,8157.387031008264
2018-07-17,8169.967447608927
2018-07-18,8292.295837281386
2018-07-19,8242.111535092934
2018-07-20,8264.27557408045
2018-07-23,8257.442826759558
2018-07-24,8146.695036846272
2018-07-25,8140.402891693173
2018-07-26,8099.403476447428
2018-07-27,8113.211892091002
2018-07-30,8211.349601112111
2018-07-31,8204.508282006564
2018-08-01,8167.876440907691
2018-08-02,8255.144721954704
2018-08-03,8267.031657466316
2018-08-06,8388.635374809583
2018-08-07,8408.662539755527
2018-08-08,8392.21288681817
2018-08-09,8440.041153956654
2018-08-10,8466.601459531488
2018-08-13,8530.061497365517
2018-08-14,8466.641572381925
2018-08-15,8473.961277045368
2018-08-16,8330.780771053973
2018-08-17,8388.28187719794
2018-08-20,8384.325404767107
2018-08-21,8392.700916253376
2018-08-22,8389.347786083048
2018-08-23,8459.249964330103
2018-08-24,8549.10748488277
2018-08-27,8571.973121432004
2018-08-28,8681.556574302995
2018-08-29,8483.502331886184
2018-08-30,8470.069802549839
2018-08-31,8368.68630955603
2018-09-03,8348.902215732625
2018-09-04,8343.324395078836
2018-09-05,8383.593055101504
2018-09-06,8543.74203637574
2018-09-07,8340.120682192024
2018-09-10,8332.511814346994
2018-09-11,8452.745029776162
2018-09-12,8324.539570850582
2018-09-13,8385.349474292167
2018-09-14,8241.927520068002
2018-09-17,8159.4186623200085
2018-09-18,8135.26169112233
2018-09-19,8168.0267105309185
2018-09-20,8247.12502620077
2018-09-21,8313.918373540195
2018-09-24,8268.339403106784
2018-09-25,8330.261621782163
2018-09-26,8212.490727025846
2018-09-27,8212.87593334597
2018-09-28,8274.34066302265
2018-10-01,8241.008498417792
2018-10-02,8359.513894056232
2018-10-03,8198.712305721705
2018-10-04,8246.262852950582
2018-10-05,8205.873945818823
2018-10-08,8232.07644439211
2018-10-09,8323.463586977701
2018-10-10,8465.462511087535
2018-10-11,8467.59441150648
2018-10-12,8468.841673091416
2018-10-15,8489.217234758595
2018-10-16,8414.274435410816
2018-10-17,8386.955925920438
2018-10-18,8334.680163533816
2018-10-19,8412.568647943084
2018-10-22,8392.865925394648
2018-10-23,8474.623549716904
2018-10-24,8393.86767809922
2018-10-25,8314.10101742464
2018-10-26,8322.274218951137
2018-10-29,8469.300068106226
2018-10-30,8454.104633499242
2018-10-31,8368.684094292104
2018-11-01,8452.098770374201
2018-11-02,8527.641821613313
2018-11-05,8628.171630390978
2018-11-06,8670.236537136501
2018-11-07,8773.089764793713
2018-11-08,8807.749883019684
2018-11-09,8574.450585902234
2018-11-12,8577.83705679368
2018-11-13,8546.486399798921
2018-11-14,8512.184891309893
2018-11-15,8597.771598457057
2018-11-16,8436.984468314304
2018-11-19,8454.345499024046
2018-11-20,8334.949728209996
2018-11-21,8254.035938323765
2018-11-22,8273.456634673596
2018-11-23,8429.759318803513
2018-11-26,8195.685925115811
2018-11-27,8244.084223594627
2018-11-28,8214.45256944626
2018-11-29,8213.382717464177
2018-11-30,8247.008144298685
2018-12-03,8290.962370750676
2018-12-04,8454.467573493657
2018-12-05,8441.509214916478
2018-12-06,8586.442211037946
2018-12-07,8650.682155890363
2018-12-10,8601.695388789722
2018-12-11,8624.095161147205
2018-12-12,8663.825813518606
2018-12-13,8545.794277603307
2018-12-14,8548.881189293537
2018-12-17,8609.719807501617
2018-12-18,8639.659217810145
2018-12-19,8655.079302302503
2018-12-20,8755.05337923508
2018-12-21,8787.452431478518
2018-12-24,8927.419699610846
2018-12-25,8945.187428247193
2018-12-26,8942.042882622958
2018-12-27,8855.039681650633
2018-12-28,8706.892077415137
2018-12-31,8456.447617466687
2019-01-01,8479.065960100535
2019-01-02,8414.439216329714
2019-01-03,8485.272509813243
2019-01-04,8428.214702054234
2019-01-07,8481.671045045432
2019-01-08,8403.650127143354
2019-01-09,8438.593860371393
2019-01-10,8347.644039853478
2019-01-11,8445.770787811447
2019-01-14,8571.826397127252
2019-01-15,8598.912082880064
2019-01-16,8548.067768763945
2019-01-17,8512.63585514054
2019-01-18,8600.090330558962
2019-01-21,8575.018652304863
2019-01-22,8635.037749613071
2019-01-23,8790.178394602564
2019-01-24,9030.143254358085
2019-01-25,9031.65526749882
2019-01-28,8982.322411198007
2019-01-29,9068.393459211798
2019-01-30,9095.759336030062
2019-01-31,9026.513367620271
2019-02-01,8965.230597474734
2019-02-04,9130.544586815426
2019-02-05,9203.269112334036
2019-02-06,9125.153115845265
2019-02-07,9062.724900125357
2019-02-08,9147.3438958401
2019-02-11,9168.207633602482
2019-02-12,9142.169568895226
2019-02-13,9221.266881606434
2019-02-14,9379.954223784775
2019-02-15,9288.037370479551
2019-02-18,9156.066684935746
2019-02-19,9268.971808616863
2019-02-20,9261.853256319851
2019-02-21,9301.63557101983
2019-02-22,9377.892468134498
2019-02-25,9428.908051519255
2019-02-26,9429.12591752175
2019-02-27,9506.100937407786
2019-02-28,9535.897002558926
2019-03-01,9453.985302955354
2019-03-04,9565.302320072742
2019-03-05,9559.806894222042
2019-03-06,9454.85437390233
2019-03-07,9410.570415635053
2019-03-08,9506.59800028123
2019-03-11,9589.051625775532
2019-03-12,9612.699798240827
2019-03-13,9546.903692702721
2019-03-14,9405.12101816768
2019-03-15,9332.767846420962
2019-03-18,9333.431659701891
2019-03-19,9247.424222816766
2019-03-20,9306.006901006353
2019-03-21,9405.958370953314
2019-03-22,9368.797581114177
2019-03-25,9537.327453127942
2019-03-26,9650.494206350628
2019-03-27,9573.969608226933
2019-03-28,9368.344221796448
2019-03-29,9548.390768739839
2019-04-01,9576.90878055712
2019-04-02,9421.45889625358
2019-04-03,9435.655155313392
2019-04-04,9326.102294233022
2019-04-05,9361.582157694917
2019-04-08,9416.926782043522
2019-04-09,9467.46858555286
2019-04-10,9339.496714460647
2019-04-11,9195.490873765502
2019-04-12,9183.309420971531
2019-04-15,9175.66244418465
2019-04-16,9195.71338050587
2019-04-17,9326.296795452123
2019-04-18,9332.418072979008
2019-04-19,9405.270457056564
2019-04-22,9271.590814212033
2019-04-23,9327.375290752549
2019-04-24,9426.08088210867
2019-04-25,9335.270483890434
2019-04-26,9294.363016856594
2019-04-29,9220.928334861655
2019-04-30,9369.305948804833
2019-05-01,9388.658110434008
2019-05-02,9362.211603688884
2019-05-03,9446.8011579244
2019-05-06,9469.502139045751
2019-05-07,9545.163351107536
2019-05-08,9657.109191567646
2019-05-09,9638.799654419505
2019-05-10,9801.808409169715
2019-05-13,9657.021530219747
2019-05-14,9657.681425157281
2019-05-15,9773.514679554213
2019-05-16,9763.116065835491
2019-05-17,9755.660853351466
2019-05-20,9804.629399256164
2019-05-21,9927.193743454864
2019-05-22,9829.023300198494
2019-05-23,9857.841876749522
2019-05-24,9841.4719896956
2019-05-27,9783.455447060878
2019-05-28,9942.347305786945
2019-05-29,9985.308283050403
2019-05-30,10110.270511365175
2019-05-31,9984.020142596833
2019-06-03,9942.990669942637
2019-06-04,9953.29520321054
2019-06-05,9880.322343648762
2019-06-06,9913.47323994791
2019-06-07,9925.601968544916
2019-06-10,9904.874227233191
2019-06-11,9962.134421280136
2019-06-12,9736.177560297
2019-06-13,9679.358031191097
2019-06-14,9735.017911231093
2019-06-17,9678.914571849858
2019-06-18,9647.517887647786
2019-06-19,9684.585375281824
2019-06-20,9720.030320555672
2019-06-21,10001.740174520935
2019-06-24,10012.749026588712
2019-06-25,10065.621658241349
2019-06-26,9963.245772440883
2019-06-27,9916.652118114052
2019-06-28,10033.032257290633
2019-07-01,9976.346122025981
2019-07-02,9967.432253477984
2019-07-03,9722.176596021794
2019-07-04,9805.297351924984
2019-07-05,9822.633798938725
2019-07-08,9841.249945231782
2019-07-09,9781.32607705911
2019-07-10,9643.45185887989
2019-07-11,9744.143463695476
2019-07-12,9669.052850713653
2019-07-15,9618.004621255628
2019-07-16,9799.397252829363
2019-07-17,9763.355502702829
2019-07-18,9907.355303018381
2019-07-19,9856.490583301618
2019-07-22,9900.45615233707
2019-07-23,9971.737060679208
2019-07-24,10207.040333271156
2019-07-25,10006.046370398879
2019-07-26,10219.373335839502
2019-07-29,10035.892541267312
2019-07-30,10157.48654503873
2019-07-31,10296.648839768915
2019-08-01,10410.253403213475
2019-08-02,10529.623855724069
2019-08-05,10387.682161616416
2019-08-06,10474.910060005059
2019-08-07,10464.1489947509
2019-08-08,10541.964744980713
2019-08-09,10585.401299677584
2019-08-12,10558.688401670068
2019-08-13,10528.308547262353
2019-08-14,10409.594759425348
2019-08-15,10423.411715306438
2019-08-16,10397.710302168156
2019-08-19,10406.923228850957
2019-08-20,10295.102486946456
2019-08-21,10048.64894013869
2019-08-22,10061.243019339692
2019-08-23,10183.398257739986
2019-08-26,10171.309042215858
2019-08-27,10216.836703443254
2019-08-28,10170.081590650525
2019-08-29,10032.636936281178
2019-08-30,9841.285316990889
2019-09-02,9934.007905244216
2019-09-03,9798.172560193025
2019-09-04,9588.321711214103
2019-09-05,9547.098488407235
2019-09-06,9504.374027633747
2019-09-09,9333.918673661241
2019-09-10,9415.993363197653
2019-09-11,9392.983265790594
2019-09-12,9520.180974101442
2019-09-13,9264.612751932482
2019-09-16,9351.688292261253
2019-09-17,9468.602219146773
2019-09-18,9391.45766287217
2019-09-19,9342.85397898408
2019-09-20,9454.914612658873
2019-09-23,9576.936163390106
2019-09-24,9593.699602462384
2019-09-25,9458.784393236927
2019-09-26,9477.209568028604
2019-09-27,9467.806984538236
2019-09-30,9655.417928882422
2019-10-01,9628.08729995414
2019-10-02,9755.61724180319
2019-10-03,9721.290539417314
2019-10-04,9735.880827721374
2019-10-07,9711.84436287807
2019-10-08,9773.976717771704
2019-10-09,9616.459959873393
2019-10-10,9586.322125767301
2019-10-11,9454.164997926384
2019-10-14,9527.81841739683
2019-10-15,9616.929802529838
2019-10-16,9680.51042088726
2019-10-17,9749.361049413144
2019-10-18,9608.967952487843
2019-10-21,9536.46004120987
2019-10-22,9298.591493129012
2019-10-23,9326.922341795254
2019-10-24,9262.781927535218
2019-10-25,9285.067682973564
2019-10-28,9385.735891071245
2019-10-29,9232.17288100632
2019-10-30,9190.592753299654
2019-10-31,9218.004345434618
2019-11-01,9160.084325459795
2019-11-04,9190.032168108624
2019-11-05,9130.590161693586
2019-11-06,9055.237276203823
2019-11-07,9174.743835128143
2019-11-08,9373.663924380318
2019-11-11,9395.021737285988
2019-11-12,9449.548162532607
2019-11-13,9383.875579247238
2019-11-14,9487.564264426988
2019-11-15,9404.420643390513
2019-11-18,9383.65804564615
2019-11-19,9498.788744460579
2019-11-20,9690.957336246533
2019-11-21,9679.357571681694
2019-11-22,9640.514786263342
2019-11-25,9722.064904513109
2019-11-26,9697.506012678077
2019-11-27,9559.619352462349
2019-11-28,9430.604371508787
2019-11-29,9325.564263907872
2019-12-02,9315.632430931206
2019-12-03,9234.84868001545
2019-12-04,9285.38562055496
2019-12-05,9346.159392081063
2019-12-06,9277.094204986091
2019-12-09,9244.943735763085
2019-12-10,9330.58929031373
2019-12-11,9342.108023823925
2019-12-12,9205.339396946827
2019-12-13,9203.495553060606
2019-12-16,9308.463171771036
2019-12-17,9414.269910474763
2019-12-18,9611.189195881989
2019-12-19,9663.461374020948
2019-12-20,9635.61692325287
2019-12-23,9674.289952386727
2019-12-24,9616.771128413033
2019-12-25,9598.541000087087
2019-12-26,9599.837645315829
2019-12-27,9690.48215107429
2019-12-30,9659.38444654084
2019-12-31,9813.88064847732
2020-01-01,9856.893004303449
2020-01-02,9917.854417525012
2020-01-03,9989.334418020957
2020-01-06,9963.551376955362
2020-01-07,9994.092968966726
2020-01-08,10081.530640917934
2020-01-09,10135.359525195663
2020-01-10,10072.337168795011
2020-01-13,10023.70668733672
2020-01-14,9827.4893305162
2020-01-15,9785.281858336786
2020-01-16,9680.385116220517
2020-01-17,9851.198613679971
2020-01-20,9947.811554260445
2020-01-21,10016.634832410977
2020-01-22,10088.955636887531
2020-01-23,10171.077990356507
2020-01-24,10321.804047833175
2020-01-27,10395.265595004837
2020-01-28,10506.730183874804
2020-01-29,10461.676955727758
2020-01-30,10295.038518614723
2020-01-31,10169.675912910101
2020-02-03,10100.637531195765
2020-02-04,10065.003697490485
2020-02-05,10168.445498932339
2020-02-06,10202.677808719147
2020-02-07,10129.111459735179
2020-02-10,10118.567199739291
2020-02-11,10050.403835572091
2020-02-12,9979.550579799317
2020-02-13,10086.861557785447
2020-02-14,10083.3500885974
2020-02-17,10119.769839058166
2020-02-18,10110.24747080047
2020-02-19,10192.719253241426
2020-02-20,10233.3419001017
2020-02-21,10260.174894992097
2020-02-24,10191.258418540072
2020-02-25,10130.989035360204
2020-02-26,9904.5598811399
2020-02-27,9751.592906050211
2020-02-28,9656.906036647264
2020-03-02,9613.229527904323
2020-03-03,9502.935387996662
2020-03-04,9376.220598004442
2020-03-05,9224.741366076709
2020-03-06,9221.212548947988
2020-03-09,9230.627682131926
2020-03-10,9283.280790129858
2020-03-11,9448.961386860168
2020-03-12,9376.249417106963
2020-03-13,9408.058721099598
2020-03-16,9361.231163207629
2020-03-17,9447.316987398184
2020-03-18,9516.3750586732
2020-03-19,9407.785459779983
2020-03-20,9318.019255714595
2020-03-23,9367.678691874791
2020-03-24,9263.903198453156
2020-03-25,9288.949710011731
2020-03-26,9284.859456946568
2020-03-27,9172.84675905697
2020-03-30,9140.646515582806
2020-03-31,9174.773617039784
2020-04-01,9112.704773699965
2020-04-02,9142.11841564107
2020-04-03,9187.77159763663
2020-04-06,9248.462078867098
2020-04-07,9344.998975059176
2020-04-08,9289.311168968581
2020-04-09,9189.758421547882
2020-04-10,9179.379705931457
2020-04-13,9030.35790543606
2020-04-14,9127.519646723586
2020-04-15,9150.062863472871
2020-04-16,9250.383782624916
2020-04-17,9231.049900396421
2020-04-20,9150.705240707546
2020-04-21,9148.284621236926
2020-04-22,9144.879127558643
2020-04-23,9144.310017259033
2020-04-24,9149.99163466106
2020-04-27,9051.529173364845
2020-04-28,9102.590887722241
2020-04-29,9148.55021090838
2020-04-30,9228.43444566835
2020-05-01,9206.516921033763
2020-05-04,9221.688245511861
2020-05-05,9176.383209625934
2020-05-06,9251.835660896957
2020-05-07,9158.906329017955
2020-05-08,9276.418160559544
2020-05-11,9278.444553106106
2020-05-12,9180.56780708546
2020-05-13,9271.041643439892
2020-05-14,9128.902029839875
2020-05-15,9064.142711317372
2020-05-18,9080.057457612307
2020-05-19,8976.97770076742
2020-05-20,8950.827490311574
2020-05-21,8965.136355868706
2020-05-22,8852.492143375846
2020-05-25,8897.463525974712
2020-05-26,8947.766232512735
2020-05-27,8872.587976743616
2020-05-28,8796.452365559324
2020-05-29,8695.713613408405
2020-06-01,8585.10693999196
2020-06-02,8508.97250384271
2020-06-03,8464.504674455306
2020-06-04,8570.733510857857
2020-06-05,8675.612670754967
2020-06-08,8544.774011870051
2020-06-09,8579.138428738564
2020-06-10,8426.138085839062
2020-06-11,8547.659550761426
2020-06-12,8586.605921686445
2020-06-15,8530.920097990964
2020-06-16,8534.709803793898
2020-06-17,8454.645516832521
2020-06-18,8276.193193212861
2020-06-19,8160.4697433370675
2020-06-22,8011.968828712613
2020-06-23,8055.273763572132
2020-06-24,7861.830856761283
2020-06-25,7743.544383592567
2020-06-26,7801.398249206306
2020-06-29,7765.840961323488
2020-06-30,7681.26531501489
2020-07-01,7659.758170403951
2020-07-02,7611.6512451920435
2020-07-03,7689.736683064407
2020-07-06,7909.361360647555
2020-07-07,8014.862451212555
2020-07-08,8065.650289994753
2020-07-09,8111.5296921946965
2020-07-10,8174.132231572339
2020-07-13,8152.778331808719
2020-07-14,8195.947062564068
2020-07-15,8137.938457139658
2020-07-16,8016.842289311194
2020-07-17,8079.661069029492
2020-07-20,8062.163623934895
2020-07-21,8122.388352603454
2020-07-22,8105.74497971906
2020-07-23,8189.762819950705
2020-07-24,8294.977935696696
2020-07-27,8178.300021026343
2020-07-28,8317.392728077552
2020-07-29,8247.322247864922
2020-07-30,8297.41586552275
2020-07-31,8378.41840767498
2020-08-03,8404.471926800357
2020-08-04,8495.325396243785
2020-08-05,8494.343472172035
2020-08-06,8513.8750515172
2020-08-07,8553.307055636713
2020-08-10,8514.436507132623
2020-08-11,8481.694849692958
2020-08-12,8420.13725236981
2020-08-13,8370.964815403238
2020-08-14,8358.250974706476
2020-08-17,8258.313891010252
2020-08-18,8127.926522318636
2020-08-19,8134.429704958398
2020-08-20,8103.668678776601
2020-08-21,8078.61948530967
2020-08-24,8263.848134736956
2020-08-25,8161.888071517749
2020-08-26,8233.118715928535
2020-08-27,8232.799095429618
2020-08-28,8196.266903445072
2020-08-31,8244.270035923846
2020-09-01,8227.901809324665
2020-09-02,8435.447714922979
2020-09-03,8504.863135973404
2020-09-04,8451.314863468167
2020-09-07,8494.012451396638
2020-09-08,8389.227039694728
2020-09-09,8502.97379900262
2020-09-10,8453.933131399403
2020-09-11,8424.962319378277
2020-09-14,8373.255475984242
2020-09-15,8379.879659316535
2020-09-16,8460.643467817037
2020-09-17,8355.45715582397
2020-09-18,8263.360868621614
2020-09-21,8210.657434435347
2020-09-22,8143.312914475274
2020-09-23,8134.150740101291
2020-09-24,8126.32074797777
2020-09-25,8073.044595145503
2020-09-28,7988.323712023486
2020-09-29,8058.641981520344
2020-09-30,8052.304736218282
2020-10-01,8050.853186690697
2020-10-02,8136.379057603934
2020-10-05,7993.884551384256
2020-10-06,8202.698340264566
2020-10-07,8348.604220809717
2020-10-08,8353.671768095192
2020-10-09,8306.890223437622
2020-10-12,8237.647956017243
2020-10-13,8204.908030460556
2020-10-14,8100.764208563472
2020-10-15,8100.600852437822
2020-10-16,8102.583280634082
2020-10-19,8110.762846954097
2020-10-20,8138.765195525519
2020-10-21,8151.431013423051
2020-10-22,8216.953966443381
2020-10-23,8265.828664259205
2020-10-26,8418.944481659606
2020-10-27,8453.444789404193
2020-10-28,8378.717367230292
2020-10-29,8390.813888328856
2020-10-30,8189.400021814035
2020-11-02,8248.008915951734
2020-11-03,8178.7694414993475
2020-11-04,8088.74869217988
2020-11-05,7959.041013731691
2020-11-06,7998.764639035412
2020-11-09,8022.328869565325
2020-11-10,8028.862250719544
2020-11-11,7887.237205813395
2020-11-12,7832.929236482499
2020-11-13,7802.077353691771
2020-11-16,7856.971085874152
2020-11-17,7784.676649357409
2020-11-18,7758.1822991284
2020-11-19,7670.811388630281
2020-11-20,7746.794012940427
2020-11-23,7791.839722716111
2020-11-24,7858.305138299908
2020-11-25,7872.9135573861995
2020-11-26,7947.681238765291
2020-11-27,8098.867919893855
2020-11-30,8161.821661039039
2020-12-01,8279.98650980677
2020-12-02,8276.732706494182
2020-12-03,8359.824758421342
2020-12-04,8497.277588903251
2020-12-07,8505.505464497051
2020-12-08,8556.755317311776
2020-12-09,8775.951148853766
2020-12-10,8675.12331454437
2020-12-11,8645.228528068454
2020-12-14,8676.949754085179
2020-12-15,8768.78559487234
2020-12-16,8764.482190725912
2020-12-17,8883.333937793039
2020-12-18,8968.11207253117
2020-12-21,8911.682884241794
2020-12-22,8856.35879483159
2020-12-23,8736.440095409967
2020-12-24,8742.510903846027
2020-12-25,8667.744404473222
2020-12-28,8821.76477911264
2020-12-29,8988.893668523784
2020-12-30,9012.477226636602
2020-12-31,8907.594998704793
2021-01-01,8873.297990033587
2021-01-04,8903.148426463611
2021-01-05,8832.439877094706
2021-01-06,8861.829547267997
2021-01-07,8785.840945594146
2021-01-08,8733.144971180007
2021-01-11,8759.753449487831
2021-01-12,8690.14985226597
2021-01-13,8689.476977786097
2021-01-14,8608.22703030303
2021-01-15,8608.178975000352
2021-01-18,8530.219382603302
2021-01-19,8563.656510436287
2021-01-20,8524.388027131408
2021-01-21,8503.301578876728
2021-01-22,8549.229971595505
2021-01-25,8552.263700892072
2021-01-26,8622.987235477909
2021-01-27,8688.026793138968
2021-01-28,8632.184148944167
2021-01-29,8474.302040164934
2021-02-01,8382.5041436123
2021-02-02,8328.827200248004
2021-02-03,8373.591564954542
2021-02-04,8269.206360193071
2021-02-05,8238.057556617101
2021-02-08,8344.394763327029
2021-02-09,8283.945694674927
2021-02-10,8312.68036382163
2021-02-11,8370.914767211625
2021-02-12,8453.345200280852
2021-02-15,8559.905662887895
2021-02-16,8480.847913175434
2021-02-17,8549.016642502052
2021-02-18,8667.304886837122
2021-02-19,8662.670216822442
2021-02-22,8629.30834074222
2021-02-23,8537.65912457929
2021-02-24,8622.87085641911
2021-02-25,8800.549464411226
2021-02-26,8781.471828993923
2021-03-01,8791.573309023934
2021-03-02,8820.112477636836
2021-03-03,8888.889417657898
2021-03-04,8963.446224214473
2021-03-05,9005.196900740508
2021-03-08,8967.861049425175
2021-03-09,9065.379900791128
2021-03-10,9053.11926426063
2021-03-11,9074.977047987684
2021-03-12,8942.64671473534
2021-03-15,8973.19122609229
2021-03-16,8979.822163744635
2021-03-17,9048.207346348325
2021-03-18,9019.508304674182
2021-03-19,8885.515144759649
2021-03-22,8844.274649132858
2021-03-23,8831.493460783373
2021-03-24,8977.056934074086
2021-03-25,8982.369594064465
2021-03-26,8919.67466715978
2021-03-29,8808.176897893707
2021-03-30,8739.442182021563
2021-03-31,8521.495097313113
2021-04-01,8571.57920136634
2021-04-02,8523.033443264556
2021-04-05,8641.78317667154
2021-04-06,8642.914356509593
2021-04-07,8636.208116439759
2021-04-08,8530.267327695363
2021-04-09,8455.708429265947
2021-04-12,8510.448650680255
2021-04-13,8372.535380697394
2021-04-14,8343.85853204245
2021-04-15,8222.232189273833
2021-04-16,8239.130515978195
2021-04-19,8408.636068223863
2021-04-20,8277.523871591176
2021-04-21,8325.04937322058
2021-04-22,8295.991254263014
2021-04-23,8277.902415261306
2021-04-26,8313.04482551766
2021-04-27,8251.26675009523
2021-04-28,8295.94690059481
2021-04-29,8294.996787632235
2021-04-30,8264.259146171149
2021-05-03,8313.816012977257
2021-05-04,8481.398429861883
2021-05-05,8456.886409522773
2021-05-06,8478.462175905102
2021-05-07,8296.660805506206
2021-05-10,8451.518558108626
2021-05-11,8411.470746177643
2021-05-12,8386.435214463472
2021-05-13,8473.109154279195
2021-05-14,8453.143773966685
2021-05-17,8480.256688869353
2021-05-18,8447.05608378078
2021-05-19,8406.654965285434
2021-05-20,8427.902228572459
2021-05-21,8471.262366528976
2021-05-24,8307.45646391964
2021-05-25,8373.416043845174
2021-05-26,8459.872553148683
2021-05-27,8414.61301312794
2021-05-28,8552.58067239741
2021-05-31,8379.695240262734
2021-06-01,8506.820412266732
2021-06-02,8677.235114799156
2021-06-03,8731.390731195293
2021-06-04,8724.398044695798
2021-06-07,8731.920143329402
2021-06-08,8698.407623869965
2021-06-09,8758.43086574265
2021-06-10,8692.632848852227
2021-06-11,8619.67989491437
2021-06-14,8504.213394732078
2021-06-15,8529.024032125486
2021-06-16,8446.324159589847
2021-06-17,8482.723890216104
2021-06-18,8458.825812835534
2021-06-21,8487.028497296431
2021-06-22,8558.55030754705
2021-06-23,8609.660072102379
2021-06-24,8542.372569146843
2021-06-25,8360.72052004741
2021-06-28,8478.980873324206
2021-06-29,8459.506466802131
2021-06-30,8373.767461959556
2021-07-01,8472.859261446682
2021-07-02,8324.536439761325
2021-07-05,8301.134589833275
2021-07-06,8336.620225640952
2021-07-07,8439.870118815194
2021-07-08,8525.223228610708
2021-07-09,8564.247425804017
2021-07-12,8565.976581682356
2021-07-13,8646.579859445344
2021-07-14,8693.663857970481
2021-07-15,8777.282470911827
2021-07-16,8767.592873577205
2021-07-19,8623.855688191032
2021-07-20,8676.064857935637
2021-07-21,8676.1898417152
2021-07-22,8704.719855785335
2021-07-23,8728.692999430337
2021-07-26,8763.662018797468
2021-07-27,8827.663938767831
2021-07-28,8779.472607068792
2021-07-29,8782.820950070796
2021-07-30,8701.658512895601
2021-08-02,8655.170161076914
2021-08-03,8637.078988396546
2021-08-04,8560.801372785889
2021-08-05,8543.705345652426
2021-08-06,8700.012650023424
2021-08-09,8507.394331436297
2021-08-10,8382.467215594737
2021-08-11,8188.019304792087
2021-08-12,8154.947627285511
2021-08-13,8195.219696819737
2021-08-16,8229.17675624047
2021-08-17,8167.418653540585
2021-08-18,8035.276285729327
2021-08-19,8030.739106742432
2021-08-20,8095.527933656716
2021-08-23,8211.999673677208
2021-08-24,8200.262543750929
2021-08-25,8272.374166686728
2021-08-26,8281.51244649807
2021-08-27,8318.891905332117
2021-08-30,8316.255243650938
2021-08-31,8192.61119631996
2021-09-01,8299.361116801607
2021-09-02,8210.91889049477
2021-09-03,8248.925859525049
2021-09-06,8260.743781976962
2021-09-07,8194.186702703844
2021-09-08,8022.356886844607
2021-09-09,8020.267221711859
2021-09-10,7945.9525752975505
2021-09-13,7974.851816859425
2021-09-14,8051.029530425211
2021-09-15,8105.118045591393
2021-09-16,8188.931218902832
2021-09-17,8290.4392688377
2021-09-20,8446.367398402666
2021-09-21,8364.440755806643
2021-09-22,8430.737969862648
2021-09-23,8344.294830599454
2021-09-24,8332.176152031087
2021-09-27,8300.249009944833
2021-09-28,8308.50066003618
2021-09-29,8369.064597182873
2021-09-30,8537.794946246253
2021-10-01,8548.20732222595
2021-10-04,8440.070190542434
2021-10-05,8416.136761907357
2021-10-06,8477.86735041327
2021-10-07,8393.84015257629
2021-10-08,8502.707099714604
2021-10-11,8464.877909831042
2021-10-12,8548.257391255998
2021-10-13,8521.174552944649
2021-10-14,8705.440713720964
2021-10-15,8697.504504102015
2021-10-18,8825.913650336774
2021-10-19,8756.399802187996
2021-10-20,8835.571260434739
2021-10-21,9018.200150868672
2021-10-22,8970.15137323269
2021-10-25,8951.146661028351
2021-10-26,8860.181046198943
2021-10-27,9028.243797336874
2021-10-28,8878.625350026725
2021-10-29,8668.609921995243
2021-11-01,8577.450614799362
2021-11-02,8624.575815108012
2021-11-03,8554.332051363965
2021-11-04,8441.660761145913
2021-11-05,8298.341160700127
2021-11-08,8322.340645182865
2021-11-09,8356.760700310253
2021-11-10,8371.194453587326
2021-11-11,8266.560557236435
2021-11-12,8443.510594438378
2021-11-15,8395.361453652034
2021-11-16,8319.864483004685
2021-11-17,8234.401179439768
2021-11-18,8318.61290467417
2021-11-19,8207.645483526992
2021-11-22,8062.356025753386
2021-11-23,7926.502678184802
2021-11-24,7901.587430213125
2021-11-25,8044.464122913854
2021-11-26,8031.792873468622
2021-11-29,7935.726948085006
2021-11-30,8004.162962709114
2021-12-01,7972.883752796085
2021-12-02,7962.315449572593
2021-12-03,7969.69060310331
2021-12-06,8151.0457247110935
2021-12-07,8095.423210377342
2021-12-08,8086.441272403176
2021-12-09,8149.7526150629865
2021-12-10,8229.898999209849
2021-12-13,8226.866925755352
2021-12-14,8345.598249882758
2021-12-15,8349.210946106012
2021-12-16,8352.127237791568
2021-12-17,8340.02697724441
2021-12-20,8442.316779783217
2021-12-21,8518.937740303043
2021-12-22,8400.851099928681
2021-12-23,8493.624005386238
2021-12-24,8486.745550880656
2021-12-27,8460.547809370706
2021-12-28,8552.060127527906
2021-12-29,8592.48598715983
2021-12-30,8505.429814634037
2021-12-31,8460.487701995138
2022-01-03,8484.66382620093
2022-01-04,8709.060598608956
2022-01-05,8702.161659884005
2022-01-06,8575.385433275535
2022-01-07,8519.92701683727
2022-01-10,8458.986181384815
2022-01-11,8410.402069700542
2022-01-12,8469.094520837436
2022-01-13,8471.35053778581
2022-01-14,8410.91803546537
2022-01-17,8314.756665734154
2022-01-18,8214.372708799507
2022-01-19,8290.204885053201
2022-01-20,8181.388999499454
2022-01-21,8167.207177588722
2022-01-24,8194.710875655523
2022-01-25,8197.759462640905
2022-01-26,8118.802206243276
2022-01-27,8187.936687883466
2022-01-28,8340.942568473449
2022-01-31,8283.980728954779
2022-02-01,8224.471921969312
2022-02-02,8172.859719028325
2022-02-03,8089.696942528152
2022-02-04,7918.881904254751
2022-02-07,7991.315169864078
2022-02-08,7872.637915772396
2022-02-09,7805.628969574717
2022-02-10,7874.316307023325
2022-02-11,7982.305549276262
2022-02-14,7900.766848625096
2022-02-15,8002.760185670942
2022-02-16,8004.575977681138
2022-02-17,8089.195230363066
2022-02-18,8097.082985240931
2022-02-21,8208.265527510657
2022-02-22,8150.252333348956
2022-02-23,8206.281628474124
2022-02-24,8077.730796883976
2022-02-25,8061.4986307037225
2022-02-28,8144.718068721173
2022-03-01,8178.954758496814
2022-03-02,8110.55743608609
2022-03-03,8101.744315298624
2022-03-04,8078.665623811453
2022-03-07,8045.434281361333
2022-03-08,8053.436209313104
2022-03-09,7856.482853022239
2022-03-10,7872.356218073141
2022-03-11,7853.924798357985
2022-03-14,7817.931774078294
2022-03-15,7865.070406707421
2022-03-16,8005.273115345796
2022-03-17,7957.20834181078
2022-03-18,8109.414505322028
2022-03-21,8117.435948275755
2022-03-22,8064.907379408009
2022-03-23,8165.519267430498
2022-03-24,8168.1159770606455
2022-03-25,8046.633830078599
2022-03-28,7961.764476451607
2022-03-29,8087.092816307916
2022-03-30,7985.859082078571
2022-03-31,8021.3293084289235
2022-04-01,7980.859250627228
2022-04-04,8036.566089730191
2022-04-05,8008.899504061769
2022-04-06,8067.523414914674
2022-04-07,8156.417938891898
2022-04-08,8139.017269707802
2022-04-11,8146.657491654834
2022-04-12,8131.95682562011
2022-04-13,8142.034261178377
2022-04-14,8044.891815438165
2022-04-15,7967.2544407302885
2022-04-18,8038.1733838968075
2022-04-19,8042.915339887352
2022-04-20,7959.574295212728
2022-04-21,7862.007328520204
2022-04-22,7892.0023658614
2022-04-25,7844.74101305026
2022-04-26,7832.845149135321
2022-04-27,8015.093932370233
2022-04-28,7845.087699569075
2022-04-29,7989.407036690405
2022-05-02,8072.477553461329
2022-05-03,8202.520239153291
2022-05-04,8104.104580569466
2022-05-05,8022.204852511333
2022-05-06,7961.603006309614
2022-05-09,7881.734001062868
2022-05-10,7863.495702396692
2022-05-11,7999.8712793932345
2022-05-12,8027.894122436129
2022-05-13,8100.709390016086
2022-05-16,8116.876759624623
2022-05-17,8222.652772586112
2022-05-18,8300.973453607046
2022-05-19,8405.658595559573
2022-05-20,8340.63011709131
2022-05-23,8414.018868066778
2022-05-24,8447.581911372788
2022-05-25,8465.136519026084
2022-05-26,8394.43392392391
2022-05-27,8418.082871563325
2022-05-30,8513.603991719658
2022-05-31,8438.5290702356
2022-06-01,8415.664406856306
2022-06-02,8532.313699326325
2022-06-03,8670.565898210192
2022-06-06,8753.412366958015
2022-06-07,8734.35847507673
2022-06-08,8706.245422417212
2022-06-09,8684.946900035759
2022-06-10,8735.271265839528
2022-06-13,8778.803843826096
2022-06-14,9012.560710970232
2022-06-15,9028.036503990854
2022-06-16,9043.724258350716
2022-06-17,8966.411401836409
2022-06-20,8933.836620058666
2022-06-21,8889.37301463512
2022-06-22,8982.81094346851
2022-06-23,8982.060988341058
2022-06-24,9045.81007904652
2022-06-27,9067.931630140296
2022-06-28,9083.468661432698
2022-06-29,9186.476964942232
2022-06-30,9150.723260508714
2022-07-01,9203.810408207335
2022-07-04,9422.573615336789
2022-07-05,9492.908438275126
2022-07-06,9379.553196632583
2022-07-07,9384.597485687786
2022-07-08,9382.82224625092
2022-07-11,9505.545653504934
2022-07-12,9426.725436322764
2022-07-13,9433.372500882819
2022-07-14,9540.68409712398
2022-07-15,9479.814173464147
2022-07-18,9437.445212181121
2022-07-19,9563.511560682866
2022-07-20,9528.701234809394
2022-07-21,9398.388169948526
2022-07-22,9409.72166093851
2022-07-25,9342.348471827348
2022-07-26,9307.168091845646
2022-07-27,9344.680906661342
2022-07-28,9441.468451073704
2022-07-29,9331.863692846116
2022-08-01,9287.194143148443
2022-08-02,9242.834709354194
2022-08-03,9017.77564223353
2022-08-04,9027.999519514802
2022-08-05,9008.152146200107
2022-08-08,9085.641687622234
2022-08-09,9115.305757649721
2022-08-10,9074.881235114754
2022-08-11,9044.447078799973
2022-08-12,9072.994516980425
2022-08-15,8934.821533402292
2022-08-16,9112.893888690247
2022-08-17,9244.090003647541
2022-08-18,9435.660887265094
2022-08-19,9591.410630303322
2022-08-22,9712.493450414131
2022-08-23,9638.916550690854
2022-08-24,9583.092159410076
2022-08-25,9756.203843071515
2022-08-26,9643.445697516934
2022-08-29,9638.859628279908
2022-08-30,9556.189022493823
2022-08-31,9533.81988527776
2022-09-01,9613.25738131195
2022-09-02,9571.023157113523
2022-09-05,9549.540654935638
2022-09-06,9499.67494986406
2022-09-07,9564.968720970504
2022-09-08,9684.149928106419
2022-09-09,9717.326096346753
2022-09-12,9831.537337395206
2022-09-13,9760.281675038515
2022-09-14,9656.14968833177
2022-09-15,9707.320815260071
2022-09-16,9874.379007825226
2022-09-19,9745.498553742103
2022-09-20,9801.671266936975
2022-09-21,9844.277045384597
2022-09-22,9746.430734638898
2022-09-23,9527.39726773933
2022-09-26,9491.337794639621
2022-09-27,9508.226786002599
2022-09-28,9569.824825899945
2022-09-29,9536.820021491618
2022-09-30,9506.019590147389
2022-10-03,9630.615598355727
2022-10-04,9676.941600980519
2022-10-05,9616.629048951509
2022-10-06,9591.687113090564
2022-10-07,9575.081324714029
2022-10-10,9705.76958278741
2022-10-11,9746.583942768855
2022-10-12,9756.937035691315
2022-10-13,9929.36363967076
2022-10-14,10066.177861181422
2022-10-17,10214.297473081913
2022-10-18,10086.308307306983
2022-10-19,10232.61540206154
2022-10-20,10143.492764212264
2022-10-21,10125.47928229938
2022-10-24,10089.452600887269
2022-10-25,10239.862989650324
2022-10-26,10264.90809935421
2022-10-27,10248.990633076814
2022-10-28,10240.879609847852
2022-10-31,10337.319407097186
2022-11-01,10150.638089926939
2022-11-02,10133.572333699818
2022-11-03,10242.080633438745
2022-11-04,10449.443798672457
2022-11-07,10507.83521819261
2022-11-08,10720.861281729778
2022-11-09,10744.838281440503
2022-11-10,10829.905677473598
2022-11-11,10829.749615628321
2022-11-14,10816.215694617249
2022-11-15,10913.09724000086
2022-11-16,11094.142239855611
2022-11-17,10963.174746500412
2022-11-18,11003.899900073864
2022-11-21,10925.214742649774
2022-11-22,11028.03425436309
2022-11-23,10898.105775751887
2022-11-24,10809.298518774876
2022-11-25,10944.359063582197
2022-11-28,11126.977326941018
2022-11-29,10973.215748705878
2022-11-30,10847.379722219654
2022-12-01,10795.271549770072
2022-12-02,10721.577852710287
2022-12-05,10798.737532647428
2022-12-06,10815.033834122467
2022-12-07,10761.259818004257
2022-12-08,10740.695274737644
2022-12-09,10645.467423634991
2022-12-12,10723.916163167642
2022-12-13,10657.809926188831
2022-12-14,10653.3836172103
2022-12-15,10644.976384208612
2022-12-16,10540.978920849027
2022-12-19,10580.219490367483
2022-12-20,10460.063351421953
2022-12-21,10375.483746373304
2022-12-22,10506.769111254665
2022-12-23,10548.44780076901
2022-12-26,10682.494795510367
2022-12-27,10764.707369168993
2022-12-28,10792.84834802189
2022-12-29,10810.633760940516
2022-12-30,10898.90483770439
2023-01-02,10718.253335320303
2023-01-03,10614.403189513252
2023-01-04,10608.76108188169
2023-01-05,10448.78053815837
2023-01-06,10550.551099879283
2023-01-09,10676.08151376315
2023-01-10,10506.053120654035
2023-01-11,10439.212182291845
2023-01-12,10384.803115796094
2023-01-13,10288.013229738375
2023-01-16,10293.232518781573
2023-01-17,10315.752596045084
2023-01-18,10300.877210287166
2023-01-19,10414.391264838692
2023-01-20,10359.695519984836
2023-01-23,10556.6193790229
2023-01-24,10484.159105188957
2023-01-25,10380.728016128018
2023-01-26,10409.40073539021
2023-01-27,10435.390246869245
2023-01-30,10356.83850896466
2023-01-31,10400.61492915476
2023-02-01,10376.645626048525
2023-02-02,10315.33348892943
2023-02-03,10224.335633451352
2023-02-06,10452.913831730952
2023-02-07,10286.552408019928
2023-02-08,10210.319862374456
2023-02-09,10129.0378344648
2023-02-10,10047.428034121584
2023-02-13,10075.754121446971
2023-02-14,10023.941728922542
2023-02-15,10095.270205486684
2023-02-16,10054.93545436611
2023-02-17,10095.51320332148
2023-02-20,10153.547286175577
2023-02-21,10194.167715564017
2023-02-22,10176.675307158064
2023-02-23,10318.929111004843
2023-02-24,10433.452572839424
2023-02-27,10347.084681105247
2023-02-28,10479.559331633744
2023-03-01,10569.81349343527
2023-03-02,10569.853297524867
2023-03-03,10543.706825399673
2023-03-06,10513.114779115456
2023-03-07,10633.04333249639
2023-03-08,10558.849155485315
2023-03-09,10620.798203113574
2023-03-10,10744.9148347318
2023-03-13,10674.34580188634
2023-03-14,10703.134900450796
2023-03-15,10659.797188884526
2023-03-16,10753.86986672785
2023-03-17,10754.79453621663
2023-03-20,10695.331448131132
2023-03-21,10621.38241714357
2023-03-22,10603.981124551705
2023-03-23,10632.209194718815
2023-03-24,10534.295816359867
2023-03-27,10468.969162612993
2023-03-28,10398.198295444829
2023-03-29,10500.647088364754
2023-03-30,10628.623707597802
2023-03-31,10599.848511573853
2023-04-03,10453.680340669694
2023-04-04,10293.818637425133
2023-04-05,10369.790292901944
2023-04-06,10441.136170118507
2023-04-07,10505.948578657768
2023-04-10,10470.628185377484
2023-04-11,10408.988912546742
2023-04-12,10487.206594051711
2023-04-13,10416.96263888001
2023-04-14,10458.750118949542
2023-04-17,10411.237586846079
2023-04-18,10519.230210977601
2023-04-19,10331.378574276441
2023-04-20,10388.371697710536
2023-04-21,10436.907598158805
2023-04-24,10371.283127660385
2023-04-25,10429.43862162803
2023-04-26,10311.661128392689
2023-04-27,10410.122961550998
2023-04-28,10308.105238425262
2023-05-01,10020.289665651391
2023-05-02,9881.505894584441
2023-05-03,9961.883824143013
2023-05-04,9999.156739146585
2023-05-05,10081.222419208027
2023-05-08,10058.638022925572
2023-05-09,10077.328195758475
2023-05-10,10018.086226633146
2023-05-11,9994.383327455751
2023-05-12,10052.495968126996
2023-05-15,10068.850525810674
2023-05-16,9958.897965019773
2023-05-17,9943.713212659488
2023-05-18,10187.977060265794
2023-05-19,10316.792052814682
2023-05-22,10306.784445970094
2023-05-23,10328.154486163641
2023-05-24,10230.284681739606
2023-05-25,10278.901658776746
2023-05-26,10328.777988763411
2023-05-29,10379.528955408943
2023-05-30,10473.110279573844
2023-05-31,10432.066603448471
2023-06-01,10370.320799537174
2023-06-02,10432.421351757861
2023-06-05,10378.212471667814
2023-06-06,10212.189740573218
2023-06-07,10252.389621757644
2023-06-08,10147.81902974244
2023-06-09,10332.80475011877
2023-06-12,10310.702110574983
2023-06-13,10385.709009527001
2023-06-14,10422.160399292543
2023-06-15,10526.149379611308
2023-06-16,10453.629961459792
2023-06-19,10194.886534910174
2023-06-20,10313.66525884971
2023-06-21,10180.125963155042
2023-06-22,10267.020247382856
2023-06-23,10176.894006016071
2023-06-26,9962.854174093422
2023-06-27,9853.325267737346
2023-06-28,9774.626703953976
2023-06-29,9778.39384797864
2023-06-30,9677.727929121715
2023-07-03,9793.17109611012
2023-07-04,9738.823803918101
2023-07-05,9838.979328709049
2023-07-06,9961.737618147878
2023-07-07,9978.803241727914
2023-07-10,10144.512139794908
2023-07-11,10291.102555807252
2023-07-12,10239.202087068948
2023-07-13,10292.283815552833
2023-07-14,10161.561369612273
2023-07-17,10126.44566424625
2023-07-18,10182.746071250052
2023-07-19,10289.598155901462
2023-07-20,10281.664108866033
2023-07-21,10332.192833492867
2023-07-24,10369.246276533826
2023-07-25,10271.28013345814
2023-07-26,10445.009690196055
2023-07-27,10379.63486412039
2023-07-28,10465.345686786794
2023-07-31,10187.846828295238
2023-08-01,10305.11543125729
2023-08-02,10258.900258908108
2023-08-03,10264.930639037239
2023-08-04,10117.837063937406
2023-08-07,9955.932079359924
2023-08-08,9849.026592213799
2023-08-09,9955.41254195333
2023-08-10,10078.24998951401
2023-08-11,10098.540382476398
2023-08-14,10002.419859080817
2023-08-15,10082.139327312227
2023-08-16,9937.88808158633
2023-08-17,9915.795880444228
2023-08-18,9925.568989457972
2023-08-21,9978.409495867725
2023-08-22,10056.515183106845
2023-08-23,10064.608998603533
2023-08-24,10080.061574172332
2023-08-25,9923.615840541761
2023-08-28,9965.56433930085
2023-08-29,9851.992807416837
2023-08-30,9776.06158218777
2023-08-31,9761.702523647067
2023-09-01,9743.426052863575
2023-09-04,9664.574347607477
2023-09-05,9686.779388943512
2023-09-06,9754.264168054506
2023-09-07,9834.201043397929
2023-09-08,9928.02237437191
2023-09-11,9700.720715167792
2023-09-12,9582.849394277504
2023-09-13,9698.152288783112
2023-09-14,9523.699444660748
2023-09-15,9630.733511917562
2023-09-18,9598.399253862297
2023-09-19,9634.255817384705
2023-09-20,9852.163033823075
2023-09-21,9869.829661461212
2023-09-22,9886.290074574996
2023-09-25,9992.399727903945
2023-09-26,9968.182542527766
2023-09-27,9848.993063624235
2023-09-28,9790.028293879053
2023-09-29,9895.419086978707
2023-10-02,9908.106815482939
2023-10-03,9914.34077098385
2023-10-04,10019.791441739138
2023-10-05,10018.214148243167
2023-10-06,10233.3565971345
2023-10-09,10216.89365565337
2023-10-10,10224.988389112772
2023-10-11,10145.135905533836
2023-10-12,10152.683467808445
2023-10-13,10321.885129797176
2023-10-16,10175.799400225813
2023-10-17,10102.372176341676
2023-10-18,9902.247407535688
2023-10-19,9877.42575335344
2023-10-20,9884.051280776242
2023-10-23,9915.429794493326
2023-10-24,10083.61678882747
2023-10-25,9976.915797751193
2023-10-26,10025.159589365352
2023-10-27,10066.798849522893
2023-10-30,10127.509539047142
2023-10-31,10037.477026125905
2023-11-01,9881.945204991738
2023-11-02,9653.120390024927
2023-11-03,9655.053900948767
2023-11-06,9764.066670559576
2023-11-07,9801.277798600853
2023-11-08,9934.528213824193
2023-11-09,9967.173911356585
2023-11-10,10103.855835397526
2023-11-13,10056.697064468646
2023-11-14,10118.450544592652
2023-11-15,10223.514844709898
2023-11-16,10036.39660788292
2023-11-17,10129.220991982833
2023-11-20,10170.925865212854
2023-11-21,10269.983820437272
2023-11-22,10404.856757948879
2023-11-23,10544.616768517431
2023-11-24,10507.746549941505
2023-11-27,10628.707437387975
2023-11-28,10636.590806575008
2023-11-29,10628.589164449357
2023-11-30,10644.703872249333
2023-12-01,10731.647185005204
2023-12-04,10841.24310850183
2023-12-05,10777.514870550918
2023-12-06,10751.050199328804
2023-12-07,10944.031616813683
2023-12-08,10873.873776906688
2023-12-11,10847.207864170363
2023-12-12,10659.737693122364
2023-12-13,10707.286769007495
2023-12-14,10589.095877696647
2023-12-15,10581.76715713906
2023-12-18,10603.462116183899
2023-12-19,10562.40967575088
2023-12-20,10521.691461968518
2023-12-21,10641.819140706844
2023-12-22,10425.34077567847
2023-12-25,10494.906697943992
2023-12-26,10568.180995481747
2023-12-27,10666.112103574496
2023-12-28,10869.199321770424
2023-12-29,10889.017747096836
2024-01-01,10677.44861311432
2024-01-02,10655.54614452224
2024-01-03,10624.615320848581
2024-01-04,10713.217035986525
2024-01-05,10692.17098655511
2024-01-08,10721.38727308053
2024-01-09,10793.165433330281
2024-01-10,10992.305239970008
2024-01-11,11054.376166503738
2024-01-12,11143.419682926606
2024-01-15,11209.579995802666
2024-01-16,11165.916929744435
2024-01-17,11195.70542753282
2024-01-18,11103.976359055432
2024-01-19,11167.680192205204
2024-01-22,11132.89053284748
2024-01-23,11122.209094319545
2024-01-24,11300.454021559317
2024-01-25,11195.273792658745
2024-01-26,11407.790526691446
2024-01-29,11422.018655639456
2024-01-30,11449.666948027943
2024-01-31,11472.072612462847
2024-02-01,11641.441376583278
2024-02-02,11724.24688292285
2024-02-05,11642.451787917487
2024-02-06,11658.23175208544
2024-02-07,11816.334365642575
2024-02-08,11703.509059063545
2024-02-09,11655.18559541513
2024-02-12,11593.30837207674
2024-02-13,11587.230954439237
2024-02-14,11532.385600799626
2024-02-15,11597.821853702948
2024-02-16,11760.11011942264
2024-02-19,11822.772646330406
2024-02-20,11764.695807721984
2024-02-21,11630.466315764063
2024-02-22,11673.481421206685
2024-02-23,11873.556072797419
2024-02-26,11990.890755795988
2024-02-27,12082.674655312163
2024-02-28,12082.164455563572
2024-02-29,11993.920326794203
2024-03-01,11942.810807628523
2024-03-04,11908.262465158023
2024-03-05,12084.753611711261
2024-03-06,12304.351521380364
2024-03-07,12421.990299426638
2024-03-08,12151.224969737572
2024-03-11,12168.039239126118
2024-03-12,12209.92712120685
2024-03-13,12141.802542653648
2024-03-14,12256.762672140114
2024-03-15,12321.446162053635
2024-03-18,12367.816648234182
2024-03-19,12344.74042833939
2024-03-20,12267.615203979018
2024-03-21,12309.585160416089
2024-03-22,12138.8431714401
2024-03-25,12081.457969149733
2024-03-26,11792.649338351504
2024-03-27,11869.871227180063
2024-03-28,11839.107300843945
2024-03-29,11751.82126152379
2024-04-01,11679.306853950795
2024-04-02,11723.899627050625
2024-04-03,11635.589803568748
2024-04-04,11589.767615452547
2024-04-05,11573.637868621783
2024-04-08,11557.355842866618
2024-04-09,11415.943281150292
2024-04-10,11391.260243423503
2024-04-11,11327.67907319649
2024-04-12,11117.994274369321
2024-04-15,11089.621716387215
2024-04-16,11090.47498023608
2024-04-17,11240.872695160888
2024-04-18,11259.873112337245
2024-04-19,11159.235712348533
2024-04-22,11230.856505808239
2024-04-23,11390.738578958568
2024-04-24,11480.681905309442
2024-04-25,11672.050628339495
2024-04-26,11903.164424065148
2024-04-29,11988.239950067382
2024-04-30,11694.536597399534
2024-05-01,11733.559292104876
2024-05-02,11725.393997471987
2024-05-03,11758.852945039285
2024-05-06,11817.074442715835
2024-05-07,11664.171047445448
2024-05-08,11737.985516947263
2024-05-09,11776.744285986842
2024-05-10,11834.348453943818
2024-05-13,11828.06431513331
2024-05-14,11997.344669128332
2024-05-15,12148.019805885619
2024-05-16,12014.818834116033
2024-05-17,11985.028742465958
2024-05-20,12196.509644462303
2024-05-21,12302.33797257722
2024-05-22,12300.121298876065
2024-05-23,12259.717616139938
2024-05-24,12211.268681664147
2024-05-27,12323.068729829993
2024-05-28,12250.825476225833
2024-05-29,12271.71722618666
2024-05-30,12478.83139613115
2024-05-31,12478.87221359706
2024-06-03,12644.745198406248
2024-06-04,12843.010497209638
2024-06-05,12685.31334955954
2024-06-06,12804.246644673378
2024-06-07,12516.522313928448
2024-06-10,12669.63494201142
2024-06-11,12619.284120983868
2024-06-12,12619.501148279842
2024-06-13,12569.983237058683
2024-06-14,12824.88208982423
2024-06-17,12889.781689786048
2024-06-18,12914.579162161137
2024-06-19,13038.56701453632
2024-06-20,13001.247370765228
2024-06-21,12865.19916232371
2024-06-24,12851.78368486072
2024-06-25,13135.119571455398
2024-06-26,13056.735624471003
2024-06-27,13101.846106591123
2024-06-28,12954.546017591667
2024-07-01,12926.92555368056
2024-07-02,12681.093197695945
2024-07-03,12905.482408615158
2024-07-04,12807.576115850956
2024-07-05,12908.766441799558
2024-07-08,13006.138065122042
2024-07-09,12909.082483002509
2024-07-10,13040.658956032139
2024-07-11,12980.737216134607
2024-07-12,12807.394082567338
2024-07-15,12954.467170190188
2024-07-16,13043.16093113452
2024-07-17,12970.121589255397
2024-07-18,13128.53191961128
2024-07-19,13256.135483558508
2024-07-22,13245.906247734618
2024-07-23,13185.70288075399
2024-07-24,13106.929452175375
2024-07-25,12997.233076884764
2024-07-26,13008.07709943662
2024-07-29,13204.266674158114
2024-07-30,13344.731254704033
2024-07-31,13334.156706011649
2024-08-01,13290.697075623333
2024-08-02,13363.426703876416
2024-08-05,13333.261460766053
2024-08-06,13437.112535325678
2024-08-07,13409.943008726019
2024-08-08,13307.442518499667
2024-08-09,13240.080115538898
2024-08-12,13478.123278793511
2024-08-13,13173.788097774737
2024-08-14,13100.20434852755
2024-08-15,13204.002637004145
2024-08-16,13154.16109521062
2024-08-19,13171.707255507512
2024-08-20,13261.289878668993
2024-08-21,13450.06072603385
2024-08-22,13239.562633594078
2024-08-23,13117.306536478796
2024-08-26,13171.370628225086
2024-08-27,12952.630989180363
2024-08-28,12859.210127523998
2024-08-29,12747.35239843757
2024-08-30,12572.681003440028
2024-09-02,12488.765756098415
2024-09-03,12578.807452775143
2024-09-04,12526.840224940177
2024-09-05,12607.715127989924
2024-09-06,12873.975871086266
2024-09-09,12784.145481372254
2024-09-10,12851.59012489019
2024-09-11,12772.72328613793
2024-09-12,12776.274943627925
2024-09-13,12759.007482750236
2024-09-16,12609.090789529679
2024-09-17,12587.741045278826
2024-09-18,12593.875765714027
2024-09-19,12717.38719408139
2024-09-20,12517.101433420143
2024-09-23,12235.701014356464
2024-09-24,12201.088756317538
2024-09-25,12301.659832313879
2024-09-26,12336.237650170975
2024-09-27,12295.307302584837
2024-09-30,12182.945610396457
2024-10-01,12213.928843857999
2024-10-02,12366.954883262764
2024-10-03,12461.021601973394
2024-10-04,12570.582475542147
2024-10-07,12667.85297606155
2024-10-08,12710.937470295534
2024-10-09,12780.986966086835
2024-10-10,12767.515704695405
2024-10-11,12821.333642582227
2024-10-14,12838.92418292193
2024-10-15,13032.122818380007
2024-10-16,13035.296708870505
2024-10-17,12994.083555405497
2024-10-18,12930.665792002625
2024-10-21,12889.845682007994
2024-10-22,12876.551777844403
2024-10-23,13049.525107361398
2024-10-24,12927.170963232835
2024-10-25,13136.820432955505
2024-10-28,13163.932838496366
2024-10-29,13214.420364135824
2024-10-30,13336.35206762281
2024-10-31,13250.126648961388
2024-11-01,13216.46655906201
2024-11-04,13282.462990905748
2024-11-05,13282.968458938716
2024-11-06,13406.52888332733
2024-11-07,13319.999286343063
2024-11-08,13232.952204795507
2024-11-11,13099.763600059343
2024-11-12,13171.602206196947
2024-11-13,13300.705433976942
2024-11-14,13216.919083854598
2024-11-15,13272.913555670506
2024-11-18,13427.512754697953
2024-11-19,13344.285700357226
2024-11-20,13210.077786850325
2024-11-21,13520.785943572548
2024-11-22,13724.976326046817
2024-11-25,13866.672003088855
2024-11-26,13697.77875771469
2024-11-27,13483.40600600251
2024-11-28,13467.834020358016
2024-11-29,13349.999045700315
2024-12-02,13347.549115588437
2024-12-03,13138.378394728714
2024-12-04,13104.19527485517
2024-12-05,13078.326299948858
2024-12-06,13094.644501622306
2024-12-09,13176.63729317477
2024-12-10,13225.620570496303
2024-12-11,13261.903860808328
2024-12-12,13312.945086526777
2024-12-13,13099.896634255898
2024-12-16,13222.718103424857
2024-12-17,13045.207722915846
2024-12-18,13373.541265805005
2024-12-19,13616.627693583334
2024-12-20,13404.534609479815
2024-12-23,13406.423004264267
2024-12-24,13253.004813901789
2024-12-25,13348.042697224177
2024-12-26,13548.086213122875
2024-12-27,13699.617141398894
2024-12-30,13836.825795076482
2024-12-31,13805.477305021424
2025-01-01,13904.375315439835
2025-01-02,14126.537455671058
2025-01-03,13929.5434111381
2025-01-06,14016.734254988582
2025-01-07,13984.50901300443
2025-01-08,14045.9365030642
2025-01-09,13967.710488609788
2025-01-10,13886.199105319321
2025-01-13,14075.153267541793
2025-01-14,13856.812131616378
2025-01-15,13872.540320323216
2025-01-16,13942.53961408297
2025-01-17,13913.420949717553
2025-01-20,13859.55886576467
2025-01-21,13961.954919867836
2025-01-22,13862.870594158781
2025-01-23,13853.769596868044
2025-01-24,13806.038054184495
2025-01-27,13825.324682976068
2025-01-28,14073.850924329934
2025-01-29,14249.906188949
2025-01-30,14029.656003206495
2025-01-31,14005.325616129237
2025-02-03,13810.89049007957
2025-02-04,13856.6996757413
2025-02-05,13606.047197632977
2025-02-06,13671.440172533685
2025-02-07,13606.490182641499
2025-02-10,13671.42942582254
2025-02-11,13447.714704679725
2025-02-12,13615.866605866526
2025-02-13,13620.258634362679
2025-02-14,13628.419453027338
2025-02-17,13424.945241139896
2025-02-18,13314.985719775004
2025-02-19,13436.890372440266
2025-02-20,13639.824419917823
2025-02-21,13771.158362708258
2025-02-24,13639.285051710705
2025-02-25,13633.703120618631
2025-02-26,13669.585805994131
2025-02-27,13430.310684322629
2025-02-28,13462.902000617722
2025-03-03,13301.689527881965
2025-03-04,13506.867070310183
2025-03-05,13455.34947931697
2025-03-06,13567.11531311156
2025-03-07,13577.885175018177
2025-03-10,13620.369275986002
2025-03-11,13761.181902138846
2025-03-12,13907.55246217315
2025-03-13,13820.506479323867
2025-03-14,13845.145214777145
2025-03-17,13984.184648188888
2025-03-18,13886.898407703558
2025-03-19,13899.765035622786
2025-03-20,13825.840011442693
2025-03-21,13868.477667879626
2025-03-24,13988.964514576366
2025-03-25,13948.456712261104
2025-03-26,13843.332452713878
2025-03-27,13707.926259591784
2025-03-28,13793.23400245093
2025-03-31,13902.775896488838
2025-04-01,14151.66467389403
2025-04-02,14086.379636955298
2025-04-03,13927.660221000851
2025-04-04,13953.027001335155
2025-04-07,14097.178326044446
2025-04-08,14257.33490145333
2025-04-09,14232.780956555878
2025-04-10,14057.602830286378
2025-04-11,13926.723310669602
2025-04-14,13983.465965448457
2025-04-15,13975.697292057284
2025-04-16,13952.399866162414
2025-04-17,13963.208000407061
2025-04-18,13967.890847529954
2025-04-21,14019.461655993904
2025-04-22,14097.950482285349
2025-04-23,13978.567092453775
2025-04-24,13848.471033305474
2025-04-25,13737.662323963958
2025-04-28,13847.172274816092
2025-04-29,13856.047917424563
2025-04-30,13982.980055426377
2025-05-01,14086.111571565216
2025-05-02,13733.788212820009
2025-05-05,13781.124009783487
2025-05-06,13583.228134975037
2025-05-07,13708.156322636147
2025-05-08,13732.971818401995
2025-05-09,13769.818370163135
2025-05-12,13778.085273667033
2025-05-13,13607.937584912264
2025-05-14,13715.781510047
2025-05-15,13817.926202855746
2025-05-16,13474.53394696783
2025-05-19,13554.745486451102
2025-05-20,13603.636211133233
2025-05-21,13537.802291404829
2025-05-22,13431.709502158847
2025-05-23,13283.81267432023
2025-05-26,13358.23520279494
2025-05-27,13386.17859765059
2025-05-28,13323.352564785895
2025-05-29,13112.961049062933
2025-05-30,13255.186120375538
2025-06-02,13448.937146713894
2025-06-03,13495.741233589555
2025-06-04,13621.639862938271
2025-06-05,13517.442585793859
2025-06-06,13594.296764881543
2025-06-09,13681.181275396582
2025-06-10,13780.235204201577
2025-06-11,13856.090009058018
2025-06-12,14024.93410521553
2025-06-13,14065.74327640317
2025-06-16,13959.46210834045
2025-06-17,13741.103479714424
2025-06-18,13741.922133192305
2025-06-19,13866.481218092995
2025-06-20,13783.180643599671
2025-06-23,13842.526590259424
2025-06-24,14068.390793228493
2025-06-25,14094.114065736398
2025-06-26,13961.703422001494
2025-06-27,13971.574885322229
2025-06-30,13819.638016581657
2025-07-01,13877.784214811825
2025-07-02,13897.296431910916
2025-07-03,13971.624599030352
2025-07-04,13849.12204964829
2025-07-07,13973.547068208472
2025-07-08,14009.706823758948
2025-07-09,13718.94101262271
2025-07-10,13705.33311679379
2025-07-11,13557.81528196923
2025-07-14,13633.154907022616
2025-07-15,13767.407538854337
2025-07-16,13751.68003526762
2025-07-17,13599.319436607851
2025-07-18,13504.926306059113
2025-07-21,13493.287551617876
2025-07-22,13641.678278181347
2025-07-23,13936.738478523854
2025-07-24,13722.536184266179
2025-07-25,13762.1711905464
2025-07-28,13884.917033882972
2025-07-29,13748.1651428276
2025-07-30,13672.404321378945
2025-07-31,14086.516044877691
2025-08-01,14380.813079565023
2025-08-04,14466.390254255668
2025-08-05,14497.826616946975
2025-08-06,14388.050760583874
2025-08-07,14437.926279531037
2025-08-08,14354.077512551221
2025-08-11,14188.446281882858
2025-08-12,14072.320545200662
2025-08-13,14147.438614577537
2025-08-14,13979.528860664926
2025-08-15,14085.964132482446
2025-08-18,14090.362055205891
2025-08-19,14182.155467690167
2025-08-20,14394.032728726947
2025-08-21,14375.257520915868
2025-08-22,14238.172343699982
2025-08-25,14185.445496074522
2025-08-26,14185.033586347517
2025-08-27,14384.40465010201
2025-08-28,14593.330937993684
2025-08-29,14468.134448597133
2025-09-01,14397.38817072613
2025-09-02,14585.68845324688
2025-09-03,14512.9413196254
2025-09-04,14409.024560294942
2025-09-05,14413.695989381113
2025-09-08,14228.86594534778
2025-09-09,14180.59872956571
2025-09-10,13903.596497339944
2025-09-11,13972.602537117662
2025-09-12,13976.900662003527
2025-09-15,13995.679140483055
2025-09-16,13803.362960312688
2025-09-17,13523.037960053367
2025-09-18,13509.11090753567
2025-09-19,13476.58608038865
2025-09-22,13561.427761255836
2025-09-23,13547.186590595487
2025-09-24,13459.954784955908
2025-09-25,13560.473500120743
2025-09-26,13612.716954815549
2025-09-29,13238.964717055838
2025-09-30,13278.953085530311
2025-10-01,13269.329542818585
2025-10-02,13276.554538369646
2025-10-03,13276.090555997213
2025-10-06,13308.04477175799
2025-10-07,13507.318195420394
2025-10-08,13551.057535875927
2025-10-09,13655.711603720507
2025-10-10,13264.106949161025
2025-10-13,13230.477463971023
2025-10-14,13448.886739546539
2025-10-15,13833.739806898146
2025-10-16,13963.762420573632
2025-10-17,13820.905896744536
2025-10-20,14001.104388758646
2025-10-21,14062.76891241885
2025-10-22,14185.604314138362
2025-10-23,14173.217820873786
2025-10-24,14295.289929278359
2025-10-27,14473.570686151998
2025-10-28,14199.427359060397
2025-10-29,14274.774069644442
2025-10-30,14227.875528794977
2025-10-31,14300.578597168333
2025-11-03,14220.277724011828
2025-11-04,14029.689877491712
2025-11-05,14073.22639429689
2025-11-06,14033.7207479273
2025-11-07,14076.411699624428
2025-11-10,14154.37426504252
2025-11-11,14034.57671072867
2025-11-12,14005.299230448816
2025-11-13,13844.492326467016
2025-11-14,13884.888457882984
2025-11-17,13875.172416732257
2025-11-18,13807.960964450627
2025-11-19,13656.622345447508
2025-11-20,13713.472105412102
2025-11-21,13702.15675744687
2025-11-24,13716.721567041119
2025-11-25,13327.314576764715
2025-11-26,13663.400868171158
2025-11-27,13577.994829768377
2025-11-28,13574.155193719136
2025-12-01,13631.961227357633
2025-12-02,13823.728738929602
2025-12-03,13862.174029474665
2025-12-04,13700.47022480933
2025-12-05,13704.622255665867
2025-12-08,13747.474522317949
2025-12-09,13827.56277181765
2025-12-10,13704.827365686857
2025-12-11,13630.80866266714
2025-12-12,13607.531124622008
2025-12-15,13354.117092903425
2025-12-16,13274.715380057956
2025-12-17,13150.917894588909
2025-12-18,13177.880802612734
2025-12-19,13146.654845251296
2025-12-22,13077.536162128243
2025-12-23,12792.574255393769
2025-12-24,12887.713112035186
2025-12-25,13064.741331657879
2025-12-26,13052.967091863471
2025-12-29,13221.926331917477
2025-12-30,13191.340656006028
2025-12-31,13207.170728177738
