date,price
1987-01-02,99.39720224667347
1987-01-05,98.74698526684391
1987-01-06,98.86187531694655
1987-01-07,100.26140977892864
1987-01-08,99.93280500018689
1987-01-09,98.75676707805134
1987-01-12,97.92029609825383
1987-01-13,99.88163199863008
1987-01-14,99.52524159804341
1987-01-15,98.2653448946951
1987-01-16,97.9665641705528
1987-01-19,98.31604547279187
1987-01-20,98.65464985713642
1987-01-21,100.72547046653139
1987-01-22,100.54177689197503
1987-01-23,98.87448609152622
1987-01-26,100.55739801135668
1987-01-27,100.90361895813847
1987-01-28,101.26550341883996
1987-01-29,100.54008251817599
1987-01-30,99.42906809372836
1987-02-02,101.20143856979568
1987-02-03,99.55378920944536
1987-02-04,98.90469509962496
1987-02-05,97.692146549841
1987-02-06,99.28374022520815
1987-02-09,99.66423649874241
1987-02-10,98.91846055495681
1987-02-11,99.72545600326491
1987-02-12,101.91004582070508
1987-02-13,100.86474187823778
1987-02-16,99.90618728783403
1987-02-17,100.37480187025152
1987-02-18,100.67124285534483
1987-02-19,99.44904787255413
1987-02-20,98.78081321724646
1987-02-23,98.78754499100802
1987-02-24,99.75895108553841
1987-02-25,98.16775533915117
1987-02-26,98.92386368828274
1987-02-27,99.50580694336966
1987-03-02,101.81362070182244
1987-03-03,99.19171321200128
1987-03-04,98.8475402665687
1987-03-05,98.44722715957433
1987-03-06,100.15462876540448
1987-03-09,98.88995205819018
1987-03-10,98.31705689471593
1987-03-11,98.6317834083922
1987-03-12,99.34669742557513
1987-03-13,99.93127600199944
1987-03-16,98.54199467458253
1987-03-17,100.75700330068777
1987-03-18,100.01672977669116
1987-03-19,100.55395532058202
1987-03-20,101.68776534911188
1987-03-23,101.31917164041447
1987-03-24,101.9767819990587
1987-03-25,100.2928760686511
1987-03-26,100.18669505399845
1987-03-27,99.61367020326115
1987-03-30,97.92318010309202
1987-03-31,97.18846200528405
1987-04-01,96.07992232757057
1987-04-02,97.14744905697144
1987-04-03,96.2592597648387
1987-04-06,94.58423110958672
1987-04-07,94.37362605936312
1987-04-08,94.0135892609032
1987-04-09,96.86015581147268
1987-04-10,98.89560902551571
1987-04-13,99.11181394114233
1987-04-14,98.23470495767656
1987-04-15,100.8877565639674
1987-04-16,101.2400705722767
1987-04-17,99.26981544564023
1987-04-20,99.74762297974134
1987-04-21,97.79384629252698
1987-04-22,99.23341855374838
1987-04-23,99.72048188546144
1987-04-24,98.39457775860909
1987-04-27,97.69354504601037
1987-04-28,95.21280580769641
1987-04-29,97.15234715544068
1987-04-30,97.24533488749535
1987-05-01,98.00348230468633
1987-05-04,99.5140178775304
1987-05-05,99.02597149661761
1987-05-06,98.34811252757689
1987-05-07,97.7771840166755
1987-05-08,98.11473555213726
1987-05-11,97.12808887383923
1987-05-12,96.70498576966257
1987-05-13,97.00918104902394
1987-05-14,97.15661482213378
1987-05-15,96.48483258067085
1987-05-18,95.22409386369523
1987-05-19,94.56757011627477
1987-05-20,95.27991086125968
1987-05-21,96.79034467021216
1987-05-22,98.11117109405089
1987-05-25,97.77702930305426
1987-05-26,98.52823570055584
1987-05-27,98.98248099853329
1987-05-28,100.76692027182013
1987-05-29,99.83356548854348
1987-06-01,101.26821798249512
1987-06-02,101.75558069080759
1987-06-03,101.59745286011
1987-06-04,104.66962266530788
1987-06-05,107.0192848570977
1987-06-08,105.08185630968087
1987-06-09,105.27324921457912
1987-06-10,106.24169959206371
1987-06-11,107.7040911959352
1987-06-12,106.1925908727384
1987-06-15,106.78956083667192
1987-06-16,107.11316696502445
1987-06-17,106.15696045443548
1987-06-18,107.20444546955892
1987-06-19,106.56213915983895
1987-06-22,106.53763897870239
1987-06-23,105.32724389508475
1987-06-24,105.94008276177851
1987-06-25,106.60246590903397
1987-06-26,106.22524246477944
1987-06-29,105.16886805966901
1987-06-30,105.20054867094608
1987-07-01,105.55008471757729
1987-07-02,105.79807539627394
1987-07-03,105.50700448741796
1987-07-06,106.82390404073038
1987-07-07,106.41091122914959
1987-07-08,106.52149372917034
1987-07-09,108.56735665706121
1987-07-10,107.49588621828426
1987-07-13,107.56942138297943
1987-07-14,107.9712368369614
1987-07-15,107.01956630057563
1987-07-16,105.28316518559733
1987-07-17,104.08290625985765
1987-07-20,101.46408794360092
1987-07-21,101.4848929160927
1987-07-22,101.41190441376078
1987-07-23,102.29288520618825
1987-07-24,104.66217911706022
1987-07-27,104.90347052917335
1987-07-28,105.18010481052794
1987-07-29,105.82713615131287
1987-07-30,105.22286415818908
1987-07-31,103.33220438906197
1987-08-03,102.40797812640707
1987-08-04,102.61851621311521
1987-08-05,102.6097197341423
1987-08-06,102.67031266122095
1987-08-07,101.92861095329411
1987-08-10,102.0039522101479
1987-08-11,101.61485729206309
1987-08-12,101.43633892750874
1987-08-13,99.88964815090164
1987-08-14,98.8718979680216
1987-08-17,98.89060386683424
1987-08-18,100.71696694513778
1987-08-19,100.835853580843
1987-08-20,101.57084131773155
1987-08-21,103.91189225990843
1987-08-24,104.26922647696182
1987-08-25,103.90007004382349
1987-08-26,101.49193718414892
1987-08-27,101.08915080801025
1987-08-28,102.58665253462314
1987-08-31,101.37263046076892
1987-09-01,100.95080421613429
1987-09-02,100.7414641798078
1987-09-03,101.01949037448685
1987-09-04,99.76303429543684
1987-09-07,100.73310916879548
1987-09-08,101.44709185066421
1987-09-09,100.22165582708354
1987-09-10,96.85999353208796
1987-09-11,97.57245690187825
1987-09-14,97.74469769472714
1987-09-15,97.78708158473727
1987-09-16,95.6715545500132
1987-09-17,94.726258927834
1987-09-18,94.40650444687752
1987-09-21,94.66630437082466
1987-09-22,94.53756415861314
1987-09-23,95.61803357636877
1987-09-24,94.31328288793527
1987-09-25,92.92708884586213
1987-09-28,92.84718502929299
1987-09-29,94.19152089905054
1987-09-30,92.70589064743072
1987-10-01,90.78319292181607
1987-10-02,92.32338233547792
1987-10-05,91.18655552447171
1987-10-06,90.97604321270026
1987-10-07,92.16333994840673
1987-10-08,90.72159534297826
1987-10-09,90.50789335647366
1987-10-12,90.7241307391493
1987-10-13,90.22569768491168
1987-10-14,89.54885262185456
1987-10-15,88.50513349011902
1987-10-16,87.75310957582667
1987-10-19,88.54136101749653
1987-10-20,85.90069020229258
1987-10-21,86.00490014120656
1987-10-22,85.67243060361251
1987-10-23,85.41764552327326
1987-10-26,85.15773162206716
1987-10-27,84.81555483374888
1987-10-28,85.13620967345459
1987-10-29,82.83202558445453
1987-10-30,83.29308184242015
1987-11-02,83.68655356628837
1987-11-03,83.45669523943981
1987-11-04,83.07965570082678
1987-11-05,83.70894319885691
1987-11-06,85.47752578109818
1987-11-09,86.84752866580905
1987-11-10,87.95690564314982
1987-11-11,85.78172223226203
1987-11-12,87.27770504785603
1987-11-13,87.10209302469084
1987-11-16,86.18003227581484
1987-11-17,86.22066856406111
1987-11-18,87.18714173514608
1987-11-19,85.1616512981236
1987-11-20,85.66993213222742
1987-11-23,84.87886796217695
1987-11-24,84.71821613312677
1987-11-25,84.15202890373675
1987-11-26,84.62919368798502
1987-11-27,84.44585303934798
1987-11-30,83.47825375993571
1987-12-01,82.6494369733382
1987-12-02,82.15469303119781
1987-12-03,82.74373601030806
1987-12-04,82.04254611966526
1987-12-07,82.85338965112089
1987-12-08,84.10019482984768
1987-12-09,84.39265426391043
1987-12-10,82.45114440793705
1987-12-11,82.88234395036858
1987-12-14,83.44512992568559
1987-12-15,84.39576540230506
1987-12-16,84.71886187524579
1987-12-17,86.18723619590854
1987-12-18,87.76475576976478
1987-12-21,87.91535439833069
1987-12-22,88.81675957383715
1987-12-23,90.9051769915631
1987-12-24,91.69244284903958
1987-12-25,92.25364621599682
1987-12-28,94.53584781873481
1987-12-29,92.40933703493808
1987-12-30,94.0566806515878
1987-12-31,93.80239433184714
1988-01-01,91.53115979686383
1988-01-04,92.61116821052468
1988-01-05,94.26485967419069
1988-01-06,94.28100083277823
1988-01-07,94.97025801324375
1988-01-08,96.28130319709913
1988-01-11,95.87978634816906
1988-01-12,96.32302557907944
1988-01-13,97.2514673856534
1988-01-14,96.55802239177117
1988-01-15,96.53529520360173
1988-01-18,95.59864449296968
1988-01-19,94.55826407262293
1988-01-20,94.49048482585354
1988-01-21,94.98833966810197
1988-01-22,95.28157455744837
1988-01-25,96.04171856758863
1988-01-26,96.92580209438589
1988-01-27,97.78556896359086
1988-01-28,97.202165670751
1988-01-29,96.87560824699037
1988-02-01,95.45500089887912
1988-02-02,97.26802952435524
1988-02-03,98.32020082762685
1988-02-04,98.01825584655191
1988-02-05,97.98549603848323
1988-02-08,98.9938582996969
1988-02-09,98.02948024438926
1988-02-10,97.55946654217458
1988-02-11,96.63207670885492
1988-02-12,96.62729058746372
1988-02-15,98.11397927974448
1988-02-16,97.56918700051975
1988-02-17,99.00342768529927
1988-02-18,99.44048936007428
1988-02-19,99.16669275838285
1988-02-22,100.16379321990298
1988-02-23,98.88669846735422
1988-02-24,99.09257048061679
1988-02-25,99.26791466543311
1988-02-26,101.87624185703956
1988-02-29,101.4337144625783
1988-03-01,101.78150995893145
1988-03-02,100.40255891799461
1988-03-03,99.31158825798589
1988-03-04,100.12532384272555
1988-03-07,102.16073541046653
1988-03-08,103.6989252748998
1988-03-09,101.97900197975893
1988-03-10,100.82117265955506
1988-03-11,99.36407286640829
1988-03-14,99.29342466278098
1988-03-15,100.59177179888772
1988-03-16,101.65973834771495
1988-03-17,101.7975371721359
1988-03-18,101.85602384260852
1988-03-21,99.16115580453192
1988-03-22,95.17472152416046
1988-03-23,94.77755093167394
1988-03-24,92.8005960600647
1988-03-25,92.62365964819759
1988-03-28,91.37613494667289
1988-03-29,92.02585028845344
1988-03-30,91.26785663616155
1988-03-31,90.1534785857211
1988-04-01,89.89224440159947
1988-04-04,90.8857191921915
1988-04-05,90.32070879441693
1988-04-06,91.6179824606873
1988-04-07,90.18734033134008
1988-04-08,88.75614130990085
1988-04-11,88.27245026887704
1988-04-12,88.09192490917445
1988-04-13,88.5590295500925
1988-04-14,88.3120697693591
1988-04-15,88.10137895069573
1988-04-18,86.49180661382981
1988-04-19,87.60151212005239
1988-04-20,87.02207876280922
1988-04-21,87.149202892615
1988-04-22,87.1708700940441
1988-04-25,89.06125503505427
1988-04-26,87.21885224461688
1988-04-27,87.08624584217223
1988-04-28,88.437080391454
1988-04-29,86.03227322175866
1988-05-02,85.4312994688649
1988-05-03,85.25400502946266
1988-05-04,85.3099827795038
1988-05-05,84.03241565388406
1988-05-06,84.71716216841702
1988-05-09,83.45531460714932
1988-05-10,84.62562740045237
1988-05-11,84.42157604331587
1988-05-12,83.15294791120334
1988-05-13,84.39968474917448
1988-05-16,84.55796293512728
1988-05-17,85.01548957296038
1988-05-18,85.80703826396073
1988-05-19,85.38850066169127
1988-05-20,84.83853582391143
1988-05-23,85.18500534718031
1988-05-24,86.53624522256465
1988-05-25,86.9288038616712
1988-05-26,86.32306975312348
1988-05-27,88.03517964784608
1988-05-30,87.22881364960692
1988-05-31,86.80710627236454
1988-06-01,86.44632701181149
1988-06-02,86.29871564902008
1988-06-03,86.7111965158512
1988-06-06,87.24599892999196
1988-06-07,86.4173099378173
1988-06-08,85.65023081001696
1988-06-09,86.52841543057723
1988-06-10,87.3829479351548
1988-06-13,86.50268940690431
1988-06-14,87.63002157148466
1988-06-15,87.52018558026927
1988-06-16,87.94291011015578
1988-06-17,88.29075208475523
1988-06-20,88.66667484079511
1988-06-21,88.29123918169621
1988-06-22,88.43610618240771
1988-06-23,87.9521915810477
1988-06-24,88.11397060184447
1988-06-27,87.8201358141745
1988-06-28,87.35917035394299
1988-06-29,87.17192380333562
1988-06-30,87.63546850738308
1988-07-01,87.84072540083537
1988-07-04,87.74192305977368
1988-07-05,87.40840020055369
1988-07-06,87.87542377607738
1988-07-07,89.59071911593117
1988-07-08,89.82204074139182
1988-07-11,90.34943445231629
1988-07-12,89.56855767849403
1988-07-13,89.16130853096556
1988-07-14,88.95256847897161
1988-07-15,90.73988201552903
1988-07-18,91.61664137283
1988-07-19,92.45326058032461
1988-07-20,92.44847232767148
1988-07-21,92.68070718231996
1988-07-22,93.4557602121635
1988-07-25,93.62158853129102
1988-07-26,92.47150498547666
1988-07-27,92.46294952724003
1988-07-28,92.4660353267321
1988-07-29,90.89750082499096
1988-08-01,88.9046942560504
1988-08-02,88.77248943554702
1988-08-03,88.56496445576838
1988-08-04,88.50016162236419
1988-08-05,88.72917775628491
1988-08-08,89.23047095744158
1988-08-09,90.37400830859377
1988-08-10,89.25273836531467
1988-08-11,89.71298925885436
1988-08-12,91.15895826549021
1988-08-15,92.48956398869909
1988-08-16,91.4184512415617
1988-08-17,91.79019855329024
1988-08-18,92.14217171009626
1988-08-19,91.66967161986913
1988-08-22,90.47111741582002
1988-08-23,90.19095764922757
1988-08-24,91.43459353635257
1988-08-25,91.11499233848164
1988-08-26,90.99362868472285
1988-08-29,90.70970725791976
1988-08-30,91.87892356319698
1988-08-31,91.98657775054497
1988-09-01,90.116175922831
1988-09-02,87.74636718313921
1988-09-05,87.68775653498354
1988-09-06,87.18212451719273
1988-09-07,86.64658696430153
1988-09-08,88.12061241825941
1988-09-09,89.34979944133013
1988-09-12,89.62425398894237
1988-09-13,90.57708425605283
1988-09-14,92.0875356758526
1988-09-15,92.22441355349112
1988-09-16,91.79231643650407
1988-09-19,90.19628159586624
1988-09-20,90.96853338386435
1988-09-21,92.54900196665477
1988-09-22,91.51947684806608
1988-09-23,91.04065731714965
1988-09-26,90.28867210270644
1988-09-27,90.9481591473005
1988-09-28,90.6621646548899
1988-09-29,92.03106828308407
1988-09-30,90.76579181638593
1988-10-03,93.56500096946874
1988-10-04,95.12000602625443
1988-10-05,94.78596239194502
1988-10-06,93.91603088005873
1988-10-07,92.79366203608846
1988-10-10,93.15169820267404
1988-10-11,93.22925461547433
1988-10-12,92.90897408592554
1988-10-13,92.52608166111975
1988-10-14,92.4705365163514
1988-10-17,92.27444754678027
1988-10-18,91.70782044879519
1988-10-19,92.9558086755084
1988-10-20,94.37282344369578
1988-10-21,94.22170362681737
1988-10-24,94.82535937660401
1988-10-25,94.26734387398335
1988-10-26,94.99893421683969
1988-10-27,93.08968208674902
1988-10-28,93.37318267355575
1988-10-31,93.85243666451517
1988-11-01,93.91195693429259
1988-11-02,93.40945242941655
1988-11-03,93.66637638989724
1988-11-04,93.7214413136073
1988-11-07,95.45432266007535
1988-11-08,94.16620570280314
1988-11-09,92.32838051134684
1988-11-10,92.65496208457766
1988-11-11,92.86484137567315
1988-11-14,92.6681278211723
1988-11-15,92.33475275609938
1988-11-16,93.55257491691586
1988-11-17,95.48168447150623
1988-11-18,95.050382641739
1988-11-21,96.66429026496606
1988-11-22,97.3765499447637
1988-11-23,98.38023833942995
1988-11-24,98.43923242175168
1988-11-25,98.51157478098237
1988-11-28,100.16415928254274
1988-11-29,99.412799270331
1988-11-30,99.66517220926941
1988-12-01,100.54086507418796
1988-12-02,99.96632593096017
1988-12-05,99.13068171815043
1988-12-06,98.53517736355299
1988-12-07,99.82500898547806
1988-12-08,100.06065564027517
1988-12-09,99.72190844846558
1988-12-12,98.91720947746985
1988-12-13,99.66807460892436
1988-12-14,99.69316283706658
1988-12-15,99.70125021252844
1988-12-16,98.70537872642177
1988-12-19,98.379483546605
1988-12-20,97.55268044955426
1988-12-21,98.44448346496712
1988-12-22,98.48519567188035
1988-12-23,96.87219995859002
1988-12-26,97.46680209553043
1988-12-27,97.14417730669672
1988-12-28,99.68698363958218
1988-12-29,99.56744880086758
1988-12-30,100.0640005998549
1989-01-02,99.75497992924794
1989-01-03,99.37818131289812
1989-01-04,99.40348074897919
1989-01-05,99.57534263396754
1989-01-06,100.19930751036156
1989-01-09,102.46767073135723
1989-01-10,103.3145363897059
1989-01-11,104.59913350119847
1989-01-12,102.5701604313065
1989-01-13,104.75202327293627
1989-01-16,102.22880649577237
1989-01-17,102.90691026425387
1989-01-18,104.10676838755451
1989-01-19,104.29868238458744
1989-01-20,103.17589982871213
1989-01-23,106.26270754852996
1989-01-24,107.51314529717224
1989-01-25,107.7700133527402
1989-01-26,110.20303728416503
1989-01-27,113.57823126035933
1989-01-30,112.64780118638606
1989-01-31,113.19202882060178
1989-02-01,110.69502468716537
1989-02-02,109.50924505249155
1989-02-03,109.70567058492098
1989-02-06,111.73372085187397
1989-02-07,112.75860978234702
1989-02-08,116.79196629636559
1989-02-09,117.75240837323221
1989-02-10,115.03197000631677
1989-02-13,114.21724758107923
1989-02-14,116.2864943809527
1989-02-15,117.55134836426319
1989-02-16,117.34810131596826
1989-02-17,118.96677401791938
1989-02-20,120.10011170960733
1989-02-21,121.21711867670604
1989-02-22,118.52889592300275
1989-02-23,118.84257278989834
1989-02-24,116.70008505903593
1989-02-27,115.04461493680991
1989-02-28,116.5391475256093
1989-03-01,116.62846017851962
1989-03-02,117.18580602380597
1989-03-03,118.62463735359572
1989-03-06,117.63788483417035
1989-03-07,116.42641732270916
1989-03-08,116.30603415067196
1989-03-09,116.35897975604017
1989-03-10,115.72680277650238
1989-03-13,115.5562740459059
1989-03-14,117.94870274412432
1989-03-15,117.48341918326003
1989-03-16,117.3934106903594
1989-03-17,116.13585001265423
1989-03-20,115.15962342152513
1989-03-21,115.8723301157855
1989-03-22,115.90561712886085
1989-03-23,116.53237528971438
1989-03-24,115.97391241831801
1989-03-27,117.96154917727853
1989-03-28,120.32273847696537
1989-03-29,120.24566817540128
1989-03-30,122.19428098006301
1989-03-31,124.82874936524769
1989-04-03,124.69940329285254
1989-04-04,123.63425422531303
1989-04-05,125.09369410187344
1989-04-06,126.72322086731704
1989-04-07,124.35426396120062
1989-04-10,121.51390382881114
1989-04-11,120.58422268389621
1989-04-12,123.0050932273278
1989-04-13,123.64268472081694
1989-04-14,124.38291560960496
1989-04-17,122.36288205489542
1989-04-18,121.69846132655877
1989-04-19,119.58239148463963
1989-04-20,118.3954399440291
1989-04-21,119.43555327958708
1989-04-24,119.55780434812323
1989-04-25,119.58394893453199
1989-04-26,119.1275984945234
1989-04-27,118.68430034923207
1989-04-28,118.89406807889426
1989-05-01,117.7839665275505
1989-05-02,118.53774338238792
1989-05-03,118.04116266701348
1989-05-04,120.08560737307505
1989-05-05,117.09718455940738
1989-05-08,117.09918835061977
1989-05-09,116.21700496204058
1989-05-10,116.49504513545843
1989-05-11,115.94934615869464
1989-05-12,114.77796476008648
1989-05-15,115.10516174898831
1989-05-16,116.3595123582707
1989-05-17,117.07220681128344
1989-05-18,118.71447347497859
1989-05-19,118.94311032961637
1989-05-22,120.14659086316166
1989-05-23,119.18089538698797
1989-05-24,118.28160451198838
1989-05-25,118.98129627191472
1989-05-26,117.17745264070874
1989-05-29,115.76685812181537
1989-05-30,116.17414064595259
1989-05-31,114.97337522185333
1989-06-01,116.84212953333997
1989-06-02,118.19826216973952
1989-06-05,116.60387426650749
1989-06-06,117.36580327117582
1989-06-07,116.61425978720452
1989-06-08,116.41216639750569
1989-06-09,116.09345166064975
1989-06-12,115.47962058335992
1989-06-13,115.16446072461312
1989-06-14,114.05951961972146
1989-06-15,111.3203245562181
1989-06-16,111.56619946203065
1989-06-19,111.66068253470102
1989-06-20,110.79606408455065
1989-06-21,111.3128023883982
1989-06-22,110.55049435304889
1989-06-23,112.01988426079797
1989-06-26,111.338469864283
1989-06-27,112.42913191443466
1989-06-28,113.79562733016006
1989-06-29,116.02271668575091
1989-06-30,114.60083747940854
1989-07-03,114.71603878367898
1989-07-04,117.0035009969125
1989-07-05,114.79239178125178
1989-07-06,113.83745703484041
1989-07-07,112.70096002314882
1989-07-10,112.32101296844439
1989-07-11,113.3837878925049
1989-07-12,112.8804625315704
1989-07-13,113.83793802097897
1989-07-14,114.48645490782316
1989-07-17,112.67636309681421
1989-07-18,112.99072763160932
1989-07-19,112.78384770212557
1989-07-20,113.66382911461375
1989-07-21,114.57922661871342
1989-07-24,113.94731763037905
1989-07-25,112.84939370748938
1989-07-26,113.6444926313825
1989-07-27,115.96816408790866
1989-07-28,115.82711172904048
1989-07-31,116.11560775587677
1989-08-01,114.53733190528294
1989-08-02,118.09399158611936
1989-08-03,118.57773517308163
1989-08-04,117.27704110256363
1989-08-07,117.55767564500981
1989-08-08,119.46227065468018
1989-08-09,120.69936105917176
1989-08-10,121.16935933736701
1989-08-11,120.77331986746461
1989-08-14,118.60061110850583
1989-08-15,117.40439111320808
1989-08-16,117.69503101039518
1989-08-17,118.45758374684819
1989-08-18,118.63163039697697
1989-08-21,119.03250051066432
1989-08-22,119.88606586012487
1989-08-23,118.34159966400442
1989-08-24,116.94354568925596
1989-08-25,115.91890617429539
1989-08-28,117.236995441811
1989-08-29,117.61310742218356
1989-08-30,118.07835890235296
1989-08-31,117.20191054165836
1989-09-01,116.58233780593986
1989-09-04,116.57992355209366
1989-09-05,115.52576805245891
1989-09-06,114.28077972234827
1989-09-07,114.3526572548952
1989-09-08,113.70266584952108
1989-09-11,113.45755447245554
1989-09-12,115.12527916931121
1989-09-13,116.31361857667335
1989-09-14,115.4486448087765
1989-09-15,115.46280076273858
1989-09-18,115.4865671084635
1989-09-19,114.83909010121222
1989-09-20,115.447907520685
1989-09-21,115.24870520594175
1989-09-22,114.4360318486535
1989-09-25,115.21386021253615
1989-09-26,114.25002531064167
1989-09-27,113.17124453425215
1989-09-28,114.41608068598048
1989-09-29,114.59229516237347
1989-10-02,114.02262076275602
1989-10-03,115.10055907299916
1989-10-04,114.25720452163814
1989-10-05,114.36523325077634
1989-10-06,114.38689111998626
1989-10-09,114.5296590440704
1989-10-10,113.85455982282808
1989-10-11,114.44225209292529
1989-10-12,117.48510693239726
1989-10-13,119.0934111039371
1989-10-16,120.1824585992625
1989-10-17,120.24939644759685
1989-10-18,118.80387803744736
1989-10-19,121.87439114847419
1989-10-20,121.03168982620167
1989-10-23,122.54499568261674
1989-10-24,124.23496530297132
1989-10-25,125.46285572470381
1989-10-26,124.89039000165951
1989-10-27,120.94845106982606
1989-10-30,119.1710641355083
1989-10-31,117.96921950298152
1989-11-01,116.9629228579757
1989-11-02,118.95491981681168
1989-11-03,120.72186268991645
1989-11-06,121.71825163298091
1989-11-07,124.28417466863411
1989-11-08,125.25020830977245
1989-11-09,125.2930542894672
1989-11-10,124.94262172502356
1989-11-13,124.72172626773941
1989-11-14,124.24886205338022
1989-11-15,125.59709477392198
1989-11-16,127.45891619264174
1989-11-17,126.66860575632964
1989-11-20,127.58725361226884
1989-11-21,126.66874300898525
1989-11-22,128.47439465659974
1989-11-23,126.57758610762264
1989-11-24,126.95509224857398
1989-11-27,126.7894624986623
1989-11-28,124.41705864943731
1989-11-29,121.55822794861122
1989-11-30,119.4701426968588
1989-12-01,118.791809247296
1989-12-04,118.8503750192947
1989-12-05,120.48051114322556
1989-12-06,121.48976387481392
1989-12-07,120.39930943852728
1989-12-08,121.40855739676869
1989-12-11,124.39070384337963
1989-12-12,124.47201028838957
1989-12-13,124.28286227173722
1989-12-14,123.44011748329994
1989-12-15,122.82485400259762
1989-12-18,124.38109769129674
1989-12-19,122.73467810300069
1989-12-20,123.6940664647577
1989-12-21,124.7298440306992
1989-12-22,124.09905357880558
1989-12-25,127.96251234439133
1989-12-26,127.48181826596449
1989-12-27,125.56398132670992
1989-12-28,126.50618509434244
1989-12-29,124.48487856626113
1990-01-01,124.97317201353779
1990-01-02,124.47794460497423
1990-01-03,124.5081788788919
1990-01-04,125.77979996038981
1990-01-05,126.03448979137922
1990-01-08,126.67444993448922
1990-01-09,125.94017421071935
1990-01-10,125.91886032877152
1990-01-11,124.55535157468907
1990-01-12,123.75629019561605
1990-01-15,123.84424892981376
1990-01-16,125.6273555951457
1990-01-17,126.73266823838678
1990-01-18,127.56344442247057
1990-01-19,128.17351727209788
1990-01-22,126.65861355944791
1990-01-23,127.69237378690256
1990-01-24,129.03834770701462
1990-01-25,132.12009593477617
1990-01-26,132.4174717359902
1990-01-29,129.87942824382083
1990-01-30,130.3903757097854
1990-01-31,132.37506561151562
1990-02-01,130.80767603982252
1990-02-02,130.78474764114364
1990-02-05,131.63127409522093
1990-02-06,131.25475993693414
1990-02-07,132.6641999279039
1990-02-08,133.06481509809828
1990-02-09,134.55823026201315
1990-02-12,131.6777114538316
1990-02-13,132.34904694403352
1990-02-14,132.46400066770707
1990-02-15,133.11941216515862
1990-02-16,132.11250821391042
1990-02-19,133.3675129350059
1990-02-20,132.06383116107526
1990-02-21,133.91454308040366
1990-02-22,132.88190543388282
1990-02-23,134.32061574817214
1990-02-26,133.66356259371028
1990-02-27,133.89635811282528
1990-02-28,133.6335373325585
1990-03-01,133.68205711704923
1990-03-02,134.41244302152458
1990-03-05,131.84444106672382
1990-03-06,134.58331390755924
1990-03-07,135.37485979845297
1990-03-08,135.64567634688817
1990-03-09,135.4171593506023
1990-03-12,133.37854200942334
1990-03-13,131.50108878464243
1990-03-14,131.0372125940008
1990-03-15,130.10023724939234
1990-03-16,130.8604638594272
1990-03-19,132.25928280773672
1990-03-20,133.5093785662814
1990-03-21,133.6064597519409
1990-03-22,132.52800720950947
1990-03-23,132.93240158792278
1990-03-26,134.4147916260532
1990-03-27,133.5091847009534
1990-03-28,135.82303618008527
1990-03-29,136.60671696611703
1990-03-30,136.2238375608957
1990-04-02,136.49151559129552
1990-04-03,136.4549448745938
1990-04-04,137.71473812509817
1990-04-05,135.19517055925076
1990-04-06,136.87011517734925
1990-04-09,135.40632743649357
1990-04-10,138.43200956659757
1990-04-11,138.2337664142166
1990-04-12,135.5913848623424
1990-04-13,138.71356500393136
1990-04-16,136.7839250921801
1990-04-17,134.54084492250334
1990-04-18,133.78910634883385
1990-04-19,134.9906247282937
1990-04-20,135.51080369017546
1990-04-23,136.9583930043282
1990-04-24,137.35245179358745
1990-04-25,139.42092864047174
1990-04-26,141.0352213849565
1990-04-27,142.97907090303679
1990-04-30,145.44446934109146
1990-05-01,143.81836412048924
1990-05-02,145.14096842907554
1990-05-03,145.83648003812056
1990-05-04,145.94352618833722
1990-05-07,145.06175476697084
1990-05-08,145.38991523805572
1990-05-09,146.1258439689823
1990-05-10,142.13436518211466
1990-05-11,142.54824276899024
1990-05-14,142.73118790782792
1990-05-15,142.66501693079965
1990-05-16,142.58860658086655
1990-05-17,141.3574725713366
1990-05-18,140.26587876691616
1990-05-21,139.08635987937558
1990-05-22,136.25850660505003
1990-05-23,135.25379995688945
1990-05-24,135.9821200090147
1990-05-25,137.34884908209546
1990-05-28,136.43868982291667
1990-05-29,134.81820144275284
1990-05-30,132.33972381717032
1990-05-31,133.58568791282352
1990-06-01,134.41261842252044
1990-06-04,135.07965118550624
1990-06-05,133.04659467224505
1990-06-06,133.824509722089
1990-06-07,133.93697602990426
1990-06-08,134.184644266342
1990-06-11,134.61658833214588
1990-06-12,136.07022967947705
1990-06-13,133.27108366051502
1990-06-14,132.41489936025056
1990-06-15,134.31091518175043
1990-06-18,132.4081858834429
1990-06-19,133.33686452421284
1990-06-20,131.419426840544
1990-06-21,129.57186052734775
1990-06-22,128.5006763275322
1990-06-25,128.69695373078713
1990-06-26,131.77290212732095
1990-06-27,132.3309033712615
1990-06-28,131.76421645788437
1990-06-29,130.28953526049554
1990-07-02,129.8809678750911
1990-07-03,128.9289599320102
1990-07-04,128.15376820404606
1990-07-05,129.0342239642186
1990-07-06,128.11216061960474
1990-07-09,128.42234961894786
1990-07-10,127.5077247144158
1990-07-11,129.62667638731125
1990-07-12,131.33565337883456
1990-07-13,131.4870419436111
1990-07-16,129.1640692250392
1990-07-17,126.98393922839787
1990-07-18,125.87743530433244
1990-07-19,125.0498594842081
1990-07-20,128.04525351853195
1990-07-23,128.92785093474467
1990-07-24,128.94969702874855
1990-07-25,129.9050627295021
1990-07-26,131.8987550679228
1990-07-27,131.25349025310763
1990-07-30,130.13478303876497
1990-07-31,131.58218206231226
1990-08-01,132.1193444949567
1990-08-02,129.02053800867412
1990-08-03,128.84258182407874
1990-08-06,127.34705253940857
1990-08-07,129.67124739350103
1990-08-08,129.4668887734482
1990-08-09,127.3488242679206
1990-08-10,129.09072514943293
1990-08-13,129.01699673356
1990-08-14,128.51544096085001
1990-08-15,128.75172088577236
1990-08-16,127.69428734828709
1990-08-17,126.04845154881974
1990-08-20,124.58224871338774
1990-08-21,124.58306731889444
1990-08-22,125.75445602929194
1990-08-23,124.97166544299614
1990-08-24,123.97566548059254
1990-08-27,127.26589611224948
1990-08-28,128.08812998409772
1990-08-29,127.02543678399093
1990-08-30,125.84476939662103
1990-08-31,126.70347203363139
1990-09-03,128.07061652782357
1990-09-04,126.52564668716077
1990-09-05,126.95057257922291
1990-09-06,125.21487066985235
1990-09-07,125.02408097833386
1990-09-10,124.80023081467435
1990-09-11,125.91718389825664
1990-09-12,127.51882719482745
1990-09-13,127.06047783433768
1990-09-14,124.6140277415767
1990-09-17,125.58593026103935
1990-09-18,123.0071089438355
1990-09-19,123.32595900934396
1990-09-20,125.59349888680073
1990-09-21,125.06949112503753
1990-09-24,125.37629964749758
1990-09-25,124.20769154149247
1990-09-26,122.21747643429164
1990-09-27,123.38147936493324
1990-09-28,122.39966052271376
1990-10-01,124.56490000087939
1990-10-02,123.74655718578151
1990-10-03,122.81440338227708
1990-10-04,122.69948984334431
1990-10-05,122.98159927831517
1990-10-08,122.46364148419973
1990-10-09,125.51781955312524
1990-10-10,123.90111707245872
1990-10-11,124.3321440753183
1990-10-12,123.29714099129141
1990-10-15,124.64560106362572
1990-10-16,125.01695903029162
1990-10-17,124.04718687370004
1990-10-18,123.38683263417039
1990-10-19,122.95533118048118
1990-10-22,122.74141832009306
1990-10-23,120.5768227749764
1990-10-24,122.59489996838313
1990-10-25,125.20760739331949
1990-10-26,128.24127386175564
1990-10-29,131.52985648112502
1990-10-30,130.43471971546202
1990-10-31,128.3128623457515
1990-11-01,128.1964439401714
1990-11-02,128.21824078805602
1990-11-05,129.95016472088753
1990-11-06,127.03010037826972
1990-11-07,126.55578548935327
1990-11-08,125.12892873669105
1990-11-09,123.137448287634
1990-11-12,122.63283769223257
1990-11-13,121.30930520634489
1990-11-14,121.05630263753302
1990-11-15,123.38838557424288
1990-11-16,123.47632277260803
1990-11-19,123.88565743775806
1990-11-20,124.62046395360522
1990-11-21,123.18728093501647
1990-11-22,123.88288299397543
1990-11-23,124.21067702359856
1990-11-26,123.9507596457752
1990-11-27,126.18209327163967
1990-11-28,124.34318214453448
1990-11-29,124.79408654270976
1990-11-30,123.91349099356741
1990-12-03,124.51186797718657
1990-12-04,122.85162761559747
1990-12-05,123.27274684462992
1990-12-06,123.31257160611267
1990-12-07,122.04772501053507
1990-12-10,121.29448907134868
1990-12-11,122.96388856479376
1990-12-12,122.60724871773685
1990-12-13,123.15414956940467
1990-12-14,123.80950079193491
1990-12-17,125.3683305777694
1990-12-18,125.09821370416114
1990-12-19,124.86273186956902
1990-12-20,124.17602034970929
1990-12-21,124.84518197285772
1990-12-24,125.82469347781074
1990-12-25,126.11060468050952
1990-12-26,125.89755000471273
1990-12-27,125.75263698313996
1990-12-28,124.79413349869274
1990-12-31,125.04532070241882
1991-01-01,124.44217438944321
1991-01-02,125.39971133052994
1991-01-03,125.5698287770301
1991-01-04,126.16700752746317
1991-01-07,126.22069013118625
1991-01-08,124.24058236560984
1991-01-09,121.4487747553393
1991-01-10,119.34044292620702
1991-01-11,119.22890753750355
1991-01-14,120.21247488526954
1991-01-15,120.36959135276781
1991-01-16,119.74971712168761
1991-01-17,118.05105074137757
1991-01-18,119.13282763077643
1991-01-21,121.5903812884164
1991-01-22,120.51082718391835
1991-01-23,123.15177756447969
1991-01-24,121.88172205835082
1991-01-25,120.94169084194246
1991-01-28,118.42989912878214
1991-01-29,117.67394361166355
1991-01-30,117.48150343067263
1991-01-31,117.12794474411139
1991-02-01,116.712956286329
1991-02-04,119.24751009206777
1991-02-05,119.16070707693167
1991-02-06,118.07901118674073
1991-02-07,118.34310515859016
1991-02-08,118.68874622311083
1991-02-11,121.56524866771228
1991-02-12,119.20678112554842
1991-02-13,118.63194957490428
1991-02-14,120.21734072136434
1991-02-15,121.02726653937918
1991-02-18,121.6258763329323
1991-02-19,119.79181291973356
1991-02-20,120.3564966555437
1991-02-21,119.61802221214089
1991-02-22,119.07507784623499
1991-02-25,118.45942686690405
1991-02-26,119.64394668422698
1991-02-27,120.42325349488054
1991-02-28,119.95759608973657
1991-03-01,121.20932601066652
1991-03-04,121.47222541016643
1991-03-05,119.96755921619821
1991-03-06,117.94655826593569
1991-03-07,118.6503043770722
1991-03-08,118.81350812163409
1991-03-11,120.67899580347195
1991-03-12,120.00769138997948
1991-03-13,120.65725981015656
1991-03-14,119.82366546839363
1991-03-15,120.3640364630736
1991-03-18,121.21554813742672
1991-03-19,120.14499313077121
1991-03-20,119.52026031170628
1991-03-21,119.63206873176344
1991-03-22,118.87547484133721
1991-03-25,122.38034999191281
1991-03-26,119.4355773390334
1991-03-27,120.15372189230192
1991-03-28,120.40264338432829
1991-03-29,117.77371707202873
1991-04-01,118.21652900606936
1991-04-02,117.4252066836471
1991-04-03,116.1231714458877
1991-04-04,116.70156219238899
1991-04-05,117.12052371743802
1991-04-08,117.97726070711715
1991-04-09,118.83050018760821
1991-04-10,117.70427281286359
1991-04-11,117.21788955214151
1991-04-12,116.97196133308503
1991-04-15,118.07272132449312
1991-04-16,119.09669437563156
1991-04-17,119.55775026729158
1991-04-18,121.56181775652809
1991-04-19,122.57338168777297
1991-04-22,123.64556100821034
1991-04-23,122.81884242065142
1991-04-24,123.04218056361525
1991-04-25,122.59501415806507
1991-04-26,120.11996128468168
1991-04-29,120.90067763962233
1991-04-30,122.12000998663963
1991-05-01,123.16435478083281
1991-05-02,125.31993562982295
1991-05-03,126.64894725747547
1991-05-06,126.30505717635192
1991-05-07,126.70892695691383
1991-05-08,125.7944186111601
1991-05-09,124.83837767132056
1991-05-10,124.16368575143075
1991-05-13,122.7535112049598
1991-05-14,122.42442480240518
1991-05-15,124.64517769833299
1991-05-16,127.13949603721217
1991-05-17,127.10655271983798
1991-05-20,125.8558497840199
1991-05-21,124.6120417098629
1991-05-22,125.36463169515257
1991-05-23,127.52407594995927
1991-05-24,127.0356679740954
1991-05-27,125.43155572911324
1991-05-28,125.34790568918454
1991-05-29,125.61979021956142
1991-05-30,125.68903002998756
1991-05-31,124.4567469278455
1991-06-03,123.78081015506805
1991-06-04,123.38609378207575
1991-06-05,121.05635407978387
1991-06-06,121.80242385258195
1991-06-07,120.93678810380366
1991-06-10,122.24484196673646
1991-06-11,123.96821262951508
1991-06-12,122.57859248157672
1991-06-13,123.83759199019846
1991-06-14,126.87653238902689
1991-06-17,124.84703965337269
1991-06-18,122.53180143979053
1991-06-19,122.00581420240577
1991-06-20,121.02158334153094
1991-06-21,118.64349485486578
1991-06-24,118.87845973991544
1991-06-25,119.38382917299377
1991-06-26,119.45021057540576
1991-06-27,119.5149169727861
1991-06-28,119.61255654698518
1991-07-01,119.71774651333054
1991-07-02,118.56678154613999
1991-07-03,117.53870641278532
1991-07-04,118.82292168451339
1991-07-05,119.02994343738258
1991-07-08,118.13152149401729
1991-07-09,120.62362764315095
1991-07-10,122.18521892741083
1991-07-11,121.51896021105229
1991-07-12,121.678201088749
1991-07-15,122.37327852234688
1991-07-16,121.70565397577018
1991-07-17,122.99140867489433
1991-07-18,122.53342746675959
1991-07-19,120.37510307622068
1991-07-22,119.95242876525809
1991-07-23,118.63394932783984
1991-07-24,118.09651482482946
1991-07-25,117.6855837305956
1991-07-26,117.09017748197705
1991-07-29,118.37185175377141
1991-07-30,118.12627725998468
1991-07-31,117.14022921125562
1991-08-01,116.03731919266767
1991-08-02,115.72300571380387
1991-08-05,117.81863946813623
1991-08-06,118.26586402819079
1991-08-07,118.71807704496864
1991-08-08,118.87375672846284
1991-08-09,118.71494800203972
1991-08-12,118.1119196252135
1991-08-13,118.49813630580839
1991-08-14,117.8052397618954
1991-08-15,117.8714891590881
1991-08-16,118.34431893444726
1991-08-19,118.66661485511936
1991-08-20,117.71476358250696
1991-08-21,118.17784319051381
1991-08-22,118.2800689690896
1991-08-23,116.54514066876649
1991-08-26,119.1135620343194
1991-08-27,119.61982531855662
1991-08-28,117.42154255627514
1991-08-29,115.96797604424378
1991-08-30,116.28700382007253
1991-09-02,114.73756148883353
1991-09-03,113.73804548837043
1991-09-04,111.70426373988795
1991-09-05,112.33994082595586
1991-09-06,111.62657803515874
1991-09-09,115.44490593782515
1991-09-10,115.7753759553547
1991-09-11,115.77891818270653
1991-09-12,116.10430577466013
1991-09-13,115.66372270115417
1991-09-16,115.90666556346139
1991-09-17,117.18693829301463
1991-09-18,114.82452382771898
1991-09-19,113.37638156490866
1991-09-20,113.35689258243784
1991-09-23,115.40247215225641
1991-09-24,114.85458491854273
1991-09-25,115.0640917170582
1991-09-26,117.62614258018831
1991-09-27,116.94087868580499
1991-09-30,115.50697170205841
1991-10-01,114.91736839972502
1991-10-02,116.07249194354392
1991-10-03,117.58130411590204
1991-10-04,119.13807948908438
1991-10-07,120.03793208765372
1991-10-08,119.72122906437355
1991-10-09,122.31785772194222
1991-10-10,122.22178744343792
1991-10-11,122.12174022310232
1991-10-14,122.82129988876835
1991-10-15,124.938131706537
1991-10-16,125.97045325092748
1991-10-17,127.04190484809558
1991-10-18,127.6530144299502
1991-10-21,126.74255487219794
1991-10-22,126.8001863954383
1991-10-23,127.69966386301348
1991-10-24,125.92770307289342
1991-10-25,129.15589029897944
1991-10-28,127.59154410896625
1991-10-29,125.56096496329236
1991-10-30,123.83953938903684
1991-10-31,123.51808591943134
1991-11-01,123.46967859660755
1991-11-04,122.90927526659303
1991-11-05,125.39633759799584
1991-11-06,124.7555736012953
1991-11-07,126.49377585493133
1991-11-08,127.6145873720469
1991-11-11,127.79456314913293
1991-11-12,126.1972380041412
1991-11-13,122.80433117800187
1991-11-14,122.63319192615381
1991-11-15,123.45275790040174
1991-11-18,124.41048387667817
1991-11-19,124.84376313473705
1991-11-20,123.9517962977657
1991-11-21,123.02961078721289
1991-11-22,120.39622361688873
1991-11-25,121.8208295727534
1991-11-26,122.72700038879788
1991-11-27,123.94242341956678
1991-11-28,122.38810206216084
1991-11-29,122.78397297195704
1991-12-02,123.32674136758268
1991-12-03,123.13736038966327
1991-12-04,124.97090230974064
1991-12-05,126.07585839148364
1991-12-06,125.54461067318094
1991-12-09,125.68007396557152
1991-12-10,123.19588040626681
1991-12-11,123.57629053803565
1991-12-12,123.56523175428995
1991-12-13,122.46922345825236
1991-12-16,121.97568901375881
1991-12-17,121.4594988216253
1991-12-18,123.05026522826705
1991-12-19,123.99075619146127
1991-12-20,124.91869511195735
1991-12-23,124.96893025312296
1991-12-24,125.1077437428908
1991-12-25,123.96218128693477
1991-12-26,123.98514581079002
1991-12-27,123.55476271869594
1991-12-30,120.64006130111689
1991-12-31,120.86184979357132
1992-01-01,121.19830377883059
1992-01-02,122.81631377302118
1992-01-03,121.15963273756458
1992-01-06,120.49807861485975
1992-01-07,119.86124079673759
1992-01-08,119.81741317320274
1992-01-09,117.60807126345192
1992-01-10,116.27222873605247
1992-01-13,115.41362225516455
1992-01-14,114.58446011100204
1992-01-15,114.26240627758735
1992-01-16,114.4036173354972
1992-01-17,113.9797007492626
1992-01-20,114.03918981652687
1992-01-21,113.9078180312324
1992-01-22,114.2904785546068
1992-01-23,115.96355004517982
1992-01-24,116.44960353871063
1992-01-27,117.1764773581606
1992-01-28,118.95941573811619
1992-01-29,120.37769369252833
1992-01-30,119.99662638287643
1992-01-31,119.28097600876843
1992-02-03,118.68183873741931
1992-02-04,117.99188326604472
1992-02-05,117.29582118919421
1992-02-06,119.41902004107547
1992-02-07,119.86172394540556
1992-02-10,119.29983485530195
1992-02-11,118.36735419516432
1992-02-12,117.66921926647589
1992-02-13,114.40142941717566
1992-02-14,114.50634577050185
1992-02-17,115.14085261713522
1992-02-18,113.21594312056462
1992-02-19,112.02985328970827
1992-02-20,113.65106679931209
1992-02-21,114.21178793061064
1992-02-24,113.98779285542975
1992-02-25,113.1411701807658
1992-02-26,115.31455451819252
1992-02-27,116.59702435059422
1992-02-28,119.3579370113792
1992-03-02,119.78417847162734
1992-03-03,117.74564039443645
1992-03-04,119.6192788843891
1992-03-05,118.25631192206774
1992-03-06,119.53873963577215
1992-03-09,119.44946121515814
1992-03-10,118.2025188630923
1992-03-11,117.5908977276719
1992-03-12,117.46252210855532
1992-03-13,116.98286536308477
1992-03-16,116.18810643815303
1992-03-17,115.81148071473099
1992-03-18,116.80063766597027
1992-03-19,116.39479791793144
1992-03-20,117.74882136757985
1992-03-23,118.06508389951844
1992-03-24,116.3130899242023
1992-03-25,116.51840233953763
1992-03-26,116.74796149533451
1992-03-27,119.80174171713263
1992-03-30,119.85577537642197
1992-03-31,119.15398548992
1992-04-01,120.27543052760102
1992-04-02,120.51731300330046
1992-04-03,120.40057414830716
1992-04-06,119.27587273220706
1992-04-07,121.9195737140223
1992-04-08,120.35246819341138
1992-04-09,120.06552925605965
1992-04-10,121.12845246543917
1992-04-13,119.38191188919663
1992-04-14,120.96380977817205
1992-04-15,120.31795025934342
1992-04-16,118.82201562699117
1992-04-17,121.31509233066924
1992-04-20,121.44497646877699
1992-04-21,121.4909444770766
1992-04-22,121.11338418204578
1992-04-23,120.8245036572352
1992-04-24,121.2402958413959
1992-04-27,121.22018892321576
1992-04-28,121.34781651957252
1992-04-29,122.14508160214363
1992-04-30,120.56541308795265
1992-05-01,121.93658522949957
1992-05-04,119.24102106077217
1992-05-05,118.39925819656145
1992-05-06,115.80127907046554
1992-05-07,115.39102830741048
1992-05-08,114.22685504857864
1992-05-11,115.55827752461425
1992-05-12,113.11343648897747
1992-05-13,115.23645097984101
1992-05-14,114.86834429463619
1992-05-15,114.09657517812408
1992-05-18,113.5725855824457
1992-05-19,114.59923466981301
1992-05-20,116.54524691966365
1992-05-21,117.91805060185911
1992-05-22,118.52956256909171
1992-05-25,118.5089590496024
1992-05-26,119.88749009053483
1992-05-27,118.33708279230959
1992-05-28,119.21131807277654
1992-05-29,120.73350027166916
1992-06-01,119.70135958759198
1992-06-02,118.98831843878153
1992-06-03,119.78078436545316
1992-06-04,118.89539832813973
1992-06-05,118.49703442379626
1992-06-08,117.30130117071276
1992-06-09,118.36427675457732
1992-06-10,117.11250367183848
1992-06-11,117.31335143741903
1992-06-12,118.21646855670794
1992-06-15,117.4233780448048
1992-06-16,114.43246468739967
1992-06-17,114.20212236915073
1992-06-18,113.57272863533385
1992-06-19,113.97224783377678
1992-06-22,113.05186699647322
1992-06-23,114.79061084699593
1992-06-24,114.49468923262165
1992-06-25,114.78899733378587
1992-06-26,114.31531538868676
1992-06-29,115.24037991726479
1992-06-30,114.46979537796007
1992-07-01,113.60608328940991
1992-07-02,112.51577694583904
1992-07-03,111.5808191130494
1992-07-06,110.06397223015057
1992-07-07,110.58497398510549
1992-07-08,110.13740485178904
1992-07-09,109.22691476617202
1992-07-10,109.97677746991093
1992-07-13,110.80835973543932
1992-07-14,110.14781442274084
1992-07-15,109.21849039459275
1992-07-16,109.0639074818559
1992-07-17,108.22770736441139
1992-07-20,106.61450698761989
1992-07-21,108.02577149190913
1992-07-22,107.31529996974349
1992-07-23,106.46671409210128
1992-07-24,106.40308565033261
1992-07-27,105.69069363603138
1992-07-28,106.85773128159413
1992-07-29,104.71873971470669
1992-07-30,103.62438302401335
1992-07-31,105.38393205752308
1992-08-03,105.35221002171022
1992-08-04,105.54917699326853
1992-08-05,104.93377954623313
1992-08-06,105.34533878901127
1992-08-07,106.61481046531884
1992-08-10,103.69937041439601
1992-08-11,104.4558852950892
1992-08-12,103.44150150771421
1992-08-13,104.5864257417682
1992-08-14,106.34265026367315
1992-08-17,105.34093151284627
1992-08-18,104.69907210717335
1992-08-19,105.08749204122094
1992-08-20,104.34044812766858
1992-08-21,103.77493249642573
1992-08-24,103.81913716821003
1992-08-25,104.15197683501181
1992-08-26,103.45003904358228
1992-08-27,103.41311638079162
1992-08-28,102.91698041752582
1992-08-31,104.02316182838199
1992-09-01,104.3514479379322
1992-09-02,104.60135019005874
1992-09-03,104.41586422776084
1992-09-04,104.40360919753921
1992-09-07,103.8816221578711
1992-09-08,100.94262233828162
1992-09-09,99.47960117863369
1992-09-10,97.4563491783605
1992-09-11,97.45656887671659
1992-09-14,98.08038722932541
1992-09-15,97.68683203975223
1992-09-16,98.47641002643665
1992-09-17,101.37790287698591
1992-09-18,101.81412770491143
1992-09-21,102.10213135367223
1992-09-22,105.43212800850192
1992-09-23,106.74546234316225
1992-09-24,107.20168692650671
1992-09-25,106.584652548362
1992-09-28,106.40217706804759
1992-09-29,106.93631973851912
1992-09-30,105.00556824934948
1992-10-01,106.17139610158168
1992-10-02,106.44716887805731
1992-10-05,105.96387662936377
1992-10-06,107.96245260997945
1992-10-07,109.73588202604365
1992-10-08,109.21367328595765
1992-10-09,108.52351549440975
1992-10-12,107.668740060953
1992-10-13,110.05340748451708
1992-10-14,110.24391576201292
1992-10-15,108.90732120773605
1992-10-16,107.2413484684842
1992-10-19,108.9059023158613
1992-10-20,109.50073137875853
1992-10-21,110.87861721843176
1992-10-22,111.41994004326506
1992-10-23,109.8405432007269
1992-10-26,111.65662323981694
1992-10-27,112.04700394006244
1992-10-28,110.92066594562293
1992-10-29,111.57952502215547
1992-10-30,110.52716772872134
1992-11-02,111.97844902662086
1992-11-03,112.2688786563278
1992-11-04,111.38079657100435
1992-11-05,112.85476450686478
1992-11-06,113.24969411101887
1992-11-09,112.61394375768157
1992-11-10,111.38905012231832
1992-11-11,110.8302936483777
1992-11-12,112.3315650267771
1992-11-13,111.11338200155056
1992-11-16,112.63620460362027
1992-11-17,113.39086238059654
1992-11-18,114.63742701443358
1992-11-19,113.15816815262076
1992-11-20,110.84645865635818
1992-11-23,109.53491084834901
1992-11-24,107.67218843865155
1992-11-25,106.1889136970319
1992-11-26,107.05160982543485
1992-11-27,106.66702369095145
1992-11-30,108.01998738746674
1992-12-01,106.39081686925607
1992-12-02,106.82897617274041
1992-12-03,106.16722415366692
1992-12-04,104.39863359918438
1992-12-07,103.96186010400771
1992-12-08,103.16997864619728
1992-12-09,102.05939213147165
1992-12-10,100.60852862632348
1992-12-11,101.2902436738954
1992-12-14,102.03812867326583
1992-12-15,99.66241464586244
1992-12-16,100.9591514850996
1992-12-17,100.89983325129872
1992-12-18,100.08698253314756
1992-12-21,99.31291054868646
1992-12-22,100.7855246322612
1992-12-23,98.49147345975008
1992-12-24,97.93829554944115
1992-12-25,97.20707039449567
1992-12-28,97.09678938914122
1992-12-29,96.97070886200892
1992-12-30,97.08685493661761
1992-12-31,96.085604195459
1993-01-01,95.94996990003676
1993-01-04,97.33591258977525
1993-01-05,97.10623060250477
1993-01-06,95.9785941254481
1993-01-07,96.22576840737473
1993-01-08,94.95726198284638
1993-01-11,95.38413590126439
1993-01-12,95.69262872838267
1993-01-13,95.45454529380454
1993-01-14,96.28364377783633
1993-01-15,96.47915876674918
1993-01-18,95.97874903040933
1993-01-19,97.16986071679024
1993-01-20,97.6129461120683
1993-01-21,97.01363162625087
1993-01-22,98.74577969048917
1993-01-25,99.23180793692269
1993-01-26,99.57349926364616
1993-01-27,98.56527102083682
1993-01-28,100.39520326886297
1993-01-29,101.08295056425327
1993-02-01,101.41673911896534
1993-02-02,100.38102192590048
1993-02-03,99.43361293462543
1993-02-04,99.27517338659878
1993-02-05,99.3224443468772
1993-02-08,99.6726480103127
1993-02-09,99.28640477134194
1993-02-10,99.91034022783023
1993-02-11,100.59975201302069
1993-02-12,99.9715163682428
1993-02-15,101.24086704315916
1993-02-16,100.63554146950528
1993-02-17,101.34334534669833
1993-02-18,102.67443521878552
1993-02-19,102.75541990175981
1993-02-22,103.23394412273524
1993-02-23,103.0646717183304
1993-02-24,102.05246962712458
1993-02-25,101.36150544603308
1993-02-26,101.9375429681592
1993-03-01,101.87397479274598
1993-03-02,102.19596592121383
1993-03-03,101.10883000225839
1993-03-04,100.99894853666149
1993-03-05,100.55857921399189
1993-03-08,100.47171169703708
1993-03-09,103.13128924632097
1993-03-10,104.24918663168611
1993-03-11,104.0674905125843
1993-03-12,104.29184709084176
1993-03-15,103.4403027873918
1993-03-16,103.8721920644244
1993-03-17,102.2766731705455
1993-03-18,100.18510807800003
1993-03-19,101.52004411204567
1993-03-22,99.41209885605832
1993-03-23,100.68846898565073
1993-03-24,100.69638997145245
1993-03-25,102.39442073538183
1993-03-26,101.68500898587797
1993-03-29,101.4522135568789
1993-03-30,100.38058846209033
1993-03-31,101.38379352163697
1993-04-01,99.74249876075855
1993-04-02,99.33615978548363
1993-04-05,101.37519496864913
1993-04-06,100.93508921874216
1993-04-07,100.10651353297429
1993-04-08,100.57911679059276
1993-04-09,101.07495313986774
1993-04-12,99.75165542423807
1993-04-13,103.65257393872811
1993-04-14,102.46948079515899
1993-04-15,103.53694873390582
1993-04-16,103.6802472182053
1993-04-19,105.82864427868392
1993-04-20,104.82695963544086
1993-04-21,104.6909208088717
1993-04-22,105.96298572101166
1993-04-23,105.79937086066988
1993-04-26,105.05389163272771
1993-04-27,104.83547060640865
1993-04-28,105.1756349074473
1993-04-29,104.96865123496487
1993-04-30,103.56539613510145
1993-05-03,104.5442020257714
1993-05-04,104.68204666156112
1993-05-05,104.07311436747806
1993-05-06,104.02709474203186
1993-05-07,102.588421818781
1993-05-10,104.62247553240019
1993-05-11,104.00302156888081
1993-05-12,106.6773601294418
1993-05-13,108.36226628480104
1993-05-14,109.81443955628909
1993-05-17,108.74739870721561
1993-05-18,113.15423373476739
1993-05-19,110.9945719278744
1993-05-20,112.58440843811286
1993-05-21,112.36976772305111
1993-05-24,110.5785686235721
1993-05-25,110.82074711293544
1993-05-26,110.87845898029568
1993-05-27,111.29922556329346
1993-05-28,111.09075862092777
1993-05-31,110.07849034865005
1993-06-01,109.90245565974006
1993-06-02,111.30502232157973
1993-06-03,111.34371104152851
1993-06-04,112.57572119573402
1993-06-07,113.26681326176767
1993-06-08,114.64713692591822
1993-06-09,113.22331303549895
1993-06-10,114.96938724870107
1993-06-11,114.17292759182962
1993-06-14,112.44787136395604
1993-06-15,113.79403863497046
1993-06-16,114.90602153983534
1993-06-17,117.64709905569832
1993-06-18,117.71314310817556
1993-06-21,118.66246812115054
1993-06-22,118.09938525878776
1993-06-23,116.854523076986
1993-06-24,118.02461704183385
1993-06-25,119.37826522458106
1993-06-28,117.457241329063
1993-06-29,119.61699085028145
1993-06-30,118.87735825938293
1993-07-01,121.61925413103975
1993-07-02,122.3915466872681
1993-07-05,122.4507348040748
1993-07-06,120.67769136453681
1993-07-07,120.8041840283846
1993-07-08,119.23547047877929
1993-07-09,119.97524596928208
1993-07-12,118.85707596875473
1993-07-13,118.34943427714077
1993-07-14,116.99976155094744
1993-07-15,115.67434102188872
1993-07-16,117.44067438866155
1993-07-19,117.5084811419597
1993-07-20,119.11062957986121
1993-07-21,116.69680111716019
1993-07-22,116.88299929009798
1993-07-23,118.08154409820324
1993-07-26,118.34251236910961
1993-07-27,119.15247168556257
1993-07-28,117.2169216823776
1993-07-29,117.32694560164573
1993-07-30,115.708002632593
1993-08-02,118.94777111574753
1993-08-03,117.9412980964389
1993-08-04,118.45212065352536
1993-08-05,117.87647834645689
1993-08-06,116.18548379154964
1993-08-09,113.20461736236307
1993-08-10,113.98926444373558
1993-08-11,115.67742912718404
1993-08-12,115.85908073221687
1993-08-13,116.14910190495793
1993-08-16,118.06303117891184
1993-08-17,118.06204644816738
1993-08-18,116.46226551701615
1993-08-19,116.07793068296672
1993-08-20,115.00884724010842
1993-08-23,116.4792269882009
1993-08-24,116.37667982416329
1993-08-25,116.3778812085396
1993-08-26,118.76790684938068
1993-08-27,119.04318399339357
1993-08-30,119.39073693289654
1993-08-31,118.36267952861516
1993-09-01,120.34581914932538
1993-09-02,120.37975376642996
1993-09-03,120.40190982096894
1993-09-06,120.65237783294278
1993-09-07,121.42409324020174
1993-09-08,121.98873428633708
1993-09-09,120.43302066064308
1993-09-10,116.01125721896004
1993-09-13,117.18288407845282
1993-09-14,117.46765223972426
1993-09-15,116.23088055570017
1993-09-16,117.1989099801847
1993-09-17,115.5406852981803
1993-09-20,114.12988553764363
1993-09-21,112.01132845664215
1993-09-22,112.09937657220664
1993-09-23,111.2579841019884
1993-09-24,112.56209372894716
1993-09-27,113.48410836645024
1993-09-28,113.26336500963541
1993-09-29,113.8542350481
1993-09-30,113.45792055519372
1993-10-01,112.87488198873783
1993-10-04,110.90400828019109
1993-10-05,112.5221530811588
1993-10-06,115.04948296532271
1993-10-07,115.59138370853577
1993-10-08,116.9167741688381
1993-10-11,117.07249291852303
1993-10-12,117.23021158633475
1993-10-13,114.48979750532034
1993-10-14,113.21924043608942
1993-10-15,112.22789216073872
1993-10-18,112.02129396800495
1993-10-19,113.28915119222917
1993-10-20,111.09769306553905
1993-10-21,109.00279897259128
1993-10-22,106.60425982760205
1993-10-25,107.08695459409421
1993-10-26,109.65685943974238
1993-10-27,109.21091969344259
1993-10-28,109.03962302599845
1993-10-29,111.11515541024674
1993-11-01,110.16168527830263
1993-11-02,111.48178943042232
1993-11-03,111.90340142254891
1993-11-04,113.32196559360337
1993-11-05,111.26224589115526
1993-11-08,111.32375494290916
1993-11-09,110.73259797571677
1993-11-10,113.40346085486861
1993-11-11,114.28870805917053
1993-11-12,114.5852668532364
1993-11-15,115.53002839275115
1993-11-16,114.19547543136714
1993-11-17,110.96940322509437
1993-11-18,110.87643097144064
1993-11-19,112.01630173424908
1993-11-22,110.34581185458583
1993-11-23,111.76964421976314
1993-11-24,110.85181880264668
1993-11-25,110.6037516761256
1993-11-26,109.61090144782932
1993-11-29,111.14334310666565
1993-11-30,109.49549045839994
1993-12-01,111.31839182559568
1993-12-02,110.5901904695956
1993-12-03,111.79934301669473
1993-12-06,110.92853984721975
1993-12-07,112.14732283191289
1993-12-08,110.71441421618486
1993-12-09,111.90130960713473
1993-12-10,112.67783790646592
1993-12-13,114.16974415852846
1993-12-14,115.04413231702586
1993-12-15,113.89308758274488
1993-12-16,113.59437276203306
1993-12-17,114.06306511419055
1993-12-20,113.53291555264033
1993-12-21,112.89224504695927
1993-12-22,111.8024004100796
1993-12-23,113.28173286573467
1993-12-24,113.4045719747307
1993-12-27,113.30665637475312
1993-12-28,114.80588643319373
1993-12-29,113.67136230200919
1993-12-30,113.90876260737261
1993-12-31,115.36234796065823
1994-01-03,114.88459193914477
1994-01-04,116.30389164953465
1994-01-05,115.84598006067242
1994-01-06,114.00493525823772
1994-01-07,113.57152358542028
1994-01-10,113.68588621924052
1994-01-11,111.98858546290178
1994-01-12,113.40392662833298
1994-01-13,115.54585478959744
1994-01-14,113.7530795947814
1994-01-17,112.97547300241608
1994-01-18,112.26025017834034
1994-01-19,111.11435054628016
1994-01-20,111.36525316937814
1994-01-21,113.66417862398389
1994-01-24,111.46544268241139
1994-01-25,111.8718869721458
1994-01-26,112.5858611156023
1994-01-27,112.78732616358376
1994-01-28,111.07368931062523
1994-01-31,111.934226783385
1994-02-01,111.42338354582088
1994-02-02,109.9655003861996
1994-02-03,110.27348834978153
1994-02-04,109.46487566235885
1994-02-07,108.63530760876972
1994-02-08,110.02987488714555
1994-02-09,111.90205361791337
1994-02-10,111.08051501849839
1994-02-11,110.96005463890539
1994-02-14,110.42239783862051
1994-02-15,110.7009489261088
1994-02-16,110.41716794316426
1994-02-17,111.15129749183765
1994-02-18,112.56117117404042
1994-02-21,114.59120603984083
1994-02-22,114.46567516875909
1994-02-23,114.65297998394936
1994-02-24,114.85079232561222
1994-02-25,113.61554810797682
1994-02-28,112.89910615299443
1994-03-01,113.07723716687892
1994-03-02,113.28176013971445
1994-03-03,114.2718570667459
1994-03-04,114.91515946980564
1994-03-07,114.08847983325825
1994-03-08,115.08712753113133
1994-03-09,115.23860985675078
1994-03-10,112.17396543837215
1994-03-11,111.88462062874083
1994-03-14,110.18164958278032
1994-03-15,109.45592521677885
1994-03-16,107.93436915413706
1994-03-17,109.63878709392193
1994-03-18,108.06115522250383
1994-03-21,107.83555491831025
1994-03-22,108.13891801694835
1994-03-23,107.83537973498059
1994-03-24,105.81795133688172
1994-03-25,106.22962558745792
1994-03-28,107.58543705424091
1994-03-29,107.14352957765823
1994-03-30,107.50846592869951
1994-03-31,107.45974628931027
1994-04-01,107.61096795732688
1994-04-04,109.75782659289439
1994-04-05,108.4674155201574
1994-04-06,109.81703081297789
1994-04-07,108.25329393849455
1994-04-08,107.61449349190042
1994-04-11,106.56309193689613
1994-04-12,108.28084331023939
1994-04-13,108.61664113412937
1994-04-14,109.46227521700567
1994-04-15,109.8063470052309
1994-04-18,110.3586673040221
1994-04-19,108.86947963301365
1994-04-20,111.3440957603472
1994-04-21,112.80754915398619
1994-04-22,113.75302297718115
1994-04-25,114.05603880877193
1994-04-26,114.4640914572907
1994-04-27,113.968226003759
1994-04-28,113.00860489155282
1994-04-29,114.36113554371701
1994-05-02,115.69137232013922
1994-05-03,116.98762563033654
1994-05-04,117.72681696729323
1994-05-05,115.08448497206139
1994-05-06,117.01416359033115
1994-05-09,115.89756420794035
1994-05-10,115.68606232384543
1994-05-11,113.2022517167728
1994-05-12,113.84831928723327
1994-05-13,112.3977638456805
1994-05-16,112.5285207667175
1994-05-17,114.75852571213765
1994-05-18,114.4837092624855
1994-05-19,115.55637879688628
1994-05-20,115.37643251808463
1994-05-23,117.75632168839407
1994-05-24,116.04022821002502
1994-05-25,112.9866034386936
1994-05-26,112.9652001452766
1994-05-27,112.83588514303406
1994-05-30,112.01060780748342
1994-05-31,113.2194033644752
1994-06-01,115.9355954068555
1994-06-02,115.64526773233783
1994-06-03,117.1401788198877
1994-06-06,117.57271331464861
1994-06-07,117.63482577732314
1994-06-08,117.29015664597885
1994-06-09,117.38682552661255
1994-06-10,117.82559794593183
1994-06-13,118.25536213867436
1994-06-14,121.01892154887237
1994-06-15,121.01999564841539
1994-06-16,119.57094858902866
1994-06-17,118.54989181413016
1994-06-20,118.95374456104524
1994-06-21,120.31248926248396
1994-06-22,119.30862794007808
1994-06-23,120.5747802891364
1994-06-24,121.46920286343115
1994-06-27,121.94612056077827
1994-06-28,122.8889001219184
1994-06-29,121.88576533512216
1994-06-30,121.2726795171571
1994-07-01,122.5088917898533
1994-07-04,121.50729488754932
1994-07-05,122.42750151949797
1994-07-06,121.39247262067126
1994-07-07,124.67665246059443
1994-07-08,122.54906434054782
1994-07-11,124.40350706488441
1994-07-12,124.98649883000179
1994-07-13,124.80198018313216
1994-07-14,124.1411968861131
1994-07-15,122.25974204553431
1994-07-18,122.91817411692558
1994-07-19,121.91223567588058
1994-07-20,120.13291179828438
1994-07-21,121.12678995793812
1994-07-22,120.33060448212505
1994-07-25,118.81638362482283
1994-07-26,117.74622036687283
1994-07-27,119.13539201892152
1994-07-28,116.66937258121011
1994-07-29,117.16906263215805
1994-08-01,118.24772367253887
1994-08-02,118.42813225612574
1994-08-03,118.37975910076621
1994-08-04,117.08212544775085
1994-08-05,116.34922015592457
1994-08-08,114.60934992111207
1994-08-09,114.42740938350364
1994-08-10,112.64439171474405
1994-08-11,113.59760513430179
1994-08-12,114.1080578961525
1994-08-15,113.0525766365605
1994-08-16,113.87852069013384
1994-08-17,112.50419954321703
1994-08-18,111.69441864307615
1994-08-19,110.18062226208404
1994-08-22,111.43481458410878
1994-08-23,111.46092671185308
1994-08-24,110.8724851152211
1994-08-25,110.51128317244402
1994-08-26,110.04563381436287
1994-08-29,109.39853105897805
1994-08-30,110.21252487208946
1994-08-31,110.42752311780724
1994-09-01,109.30814181813146
1994-09-02,109.52491627094909
1994-09-05,109.58103085249226
1994-09-06,109.04999675786759
1994-09-07,109.14176916087929
1994-09-08,110.24980101642751
1994-09-09,111.60082081019628
1994-09-12,110.94634698033967
1994-09-13,111.23286839483806
1994-09-14,110.97518666745856
1994-09-15,110.60530651079785
1994-09-16,112.36700717934963
1994-09-19,113.35896598978519
1994-09-20,113.43817318965763
1994-09-21,113.26822083552071
1994-09-22,112.09374344657348
1994-09-23,111.24655332743801
1994-09-26,110.8838238634576
1994-09-27,110.17427249127326
1994-09-28,111.3866460246761
1994-09-29,113.36811508261407
1994-09-30,116.56547677261923
1994-10-03,113.96657499043832
1994-10-04,112.37693683669943
1994-10-05,110.60431853832699
1994-10-06,110.08710255895866
1994-10-07,110.3750687141634
1994-10-10,110.98940606938226
1994-10-11,110.77541976201243
1994-10-12,110.24573505584947
1994-10-13,109.73131904222755
1994-10-14,107.7717877733033
1994-10-17,108.60822541362312
1994-10-18,108.13162076050821
1994-10-19,106.43914431594
1994-10-20,105.19638318992793
1994-10-21,104.19669701827003
1994-10-24,103.22047060731971
1994-10-25,101.12030201191806
1994-10-26,101.17417647800234
1994-10-27,103.08119634619544
1994-10-28,103.53474285457085
1994-10-31,102.2989894058015
1994-11-01,101.70421572961685
1994-11-02,100.57151985994312
1994-11-03,101.60058155564629
1994-11-04,103.2142646671722
1994-11-07,104.18353164808283
1994-11-08,103.51371964228477
1994-11-09,103.01524905400615
1994-11-10,104.28494072204515
1994-11-11,104.0022127518948
1994-11-14,105.07260256301146
1994-11-15,102.75372430620959
1994-11-16,101.89391044081724
1994-11-17,102.8854626992825
1994-11-18,103.40017458040145
1994-11-21,104.16329119272866
1994-11-22,104.35222008787707
1994-11-23,104.3440283570249
1994-11-24,104.13917647718544
1994-11-25,106.49023546246809
1994-11-28,103.51195634092419
1994-11-29,104.74214481780409
1994-11-30,103.12370841949281
1994-12-01,101.79659020127862
1994-12-02,103.15141004747437
1994-12-05,103.77954265184482
1994-12-06,103.68755826144118
1994-12-07,103.1342241630787
1994-12-08,103.70988180887197
1994-12-09,104.70498179331564
1994-12-12,104.39641282342937
1994-12-13,104.1212536314984
1994-12-14,103.59965406852638
1994-12-15,104.69627556737211
1994-12-16,103.23304705721112
1994-12-19,101.72955393511822
1994-12-20,102.0501025731722
1994-12-21,101.84779024904404
1994-12-22,99.96714833505595
1994-12-23,101.52047399182274
1994-12-26,101.96081133397439
1994-12-27,102.35827437988567
1994-12-28,101.38609240580914
1994-12-29,100.63286228862533
1994-12-30,101.04435364490745
1995-01-02,101.24337151392572
1995-01-03,100.50454090721459
1995-01-04,102.21439795312844
1995-01-05,100.58393385614444
1995-01-06,100.06377905055818
1995-01-09,99.54230476736718
1995-01-10,97.80499876817524
1995-01-11,98.91167379618922
1995-01-12,100.43143334221301
1995-01-13,99.81485934340932
1995-01-16,98.06860628892808
1995-01-17,99.48951042992753
1995-01-18,99.84457892274355
1995-01-19,101.04322298380349
1995-01-20,100.11384204154481
1995-01-23,100.43162952298385
1995-01-24,98.73162561712127
1995-01-25,98.64918229023802
1995-01-26,98.32495850186753
1995-01-27,98.07153175595819
1995-01-30,97.68947093870361
1995-01-31,96.77487884783447
1995-02-01,97.22775816644484
1995-02-02,99.09774947594259
1995-02-03,101.03612566485813
1995-02-06,100.14836787008996
1995-02-07,98.82298315053147
1995-02-08,100.50690255899859
1995-02-09,101.26780134883906
1995-02-10,101.64522209351074
1995-02-13,100.35839328912377
1995-02-14,100.94945034996785
1995-02-15,100.92360939462068
1995-02-16,101.49178323500318
1995-02-17,100.17191204920933
1995-02-20,102.9682587515073
1995-02-21,104.3247343454488
1995-02-22,102.1597208446971
1995-02-23,103.52095135068977
1995-02-24,101.51776318117749
1995-02-27,100.83701848684143
1995-02-28,100.61782870816805
1995-03-01,101.17702350794475
1995-03-02,102.01120643066174
1995-03-03,102.51353662738157
1995-03-06,102.88244299131193
1995-03-07,101.12610185937292
1995-03-08,101.57301347194672
1995-03-09,103.34149609128553
1995-03-10,102.10501999484762
1995-03-13,103.54242182245486
1995-03-14,101.88642697167198
1995-03-15,100.20406561305128
1995-03-16,102.94238045450581
1995-03-17,101.68637782485995
1995-03-20,102.336261700983
1995-03-21,101.34591630613193
1995-03-22,100.94557643947446
1995-03-23,102.22239559553164
1995-03-24,102.3228529031002
1995-03-27,99.73276944916392
1995-03-28,99.76041753702422
1995-03-29,100.43205172914782
1995-03-30,99.18962791559275
1995-03-31,100.35831842142697
1995-04-03,101.69020086620613
1995-04-04,100.75125906071641
1995-04-05,101.25263063387007
1995-04-06,99.92533954889247
1995-04-07,98.84980011957445
1995-04-10,99.77963877412557
1995-04-11,98.62099912029385
1995-04-12,99.97966334621242
1995-04-13,100.77092273543067
1995-04-14,101.48405393977448
1995-04-17,100.70700505689155
1995-04-18,102.19730821069366
1995-04-19,102.83118590303599
1995-04-20,102.23994431572847
1995-04-21,104.7447211949875
1995-04-24,104.59942090344418
1995-04-25,105.99184185866895
1995-04-26,105.37272440540181
1995-04-27,105.68448405439923
1995-04-28,105.27407087476908
1995-05-01,104.94840726521547
1995-05-02,106.54687997942891
1995-05-03,108.86948000678696
1995-05-04,106.95615082108998
1995-05-05,105.80552726955436
1995-05-08,106.7266180896635
1995-05-09,106.05155734111149
1995-05-10,105.40449210221684
1995-05-11,106.75990583894657
1995-05-12,106.39996589004166
1995-05-15,105.22390491068077
1995-05-16,105.18716820084568
1995-05-17,105.38844002731655
1995-05-18,105.8431225378254
1995-05-19,106.46666834624237
1995-05-22,107.29034499495909
1995-05-23,105.84768765070021
1995-05-24,106.50611487436821
1995-05-25,107.16815292441923
1995-05-26,107.10283849411385
1995-05-29,105.63100406448784
1995-05-30,105.59230814552902
1995-05-31,106.43946188977027
1995-06-01,105.47794506823335
1995-06-02,105.21390512235811
1995-06-05,105.46957970514173
1995-06-06,106.2133204990775
1995-06-07,106.62013427021945
1995-06-08,105.96451528426482
1995-06-09,105.41457297464139
1995-06-12,106.00564173702791
1995-06-13,106.27036432733257
1995-06-14,103.27283536695586
1995-06-15,102.57754897026383
1995-06-16,103.49266943072455
1995-06-19,103.5013985487361
1995-06-20,103.18285854123401
1995-06-21,102.72965534616709
1995-06-22,102.8041973092884
1995-06-23,103.43391231004493
1995-06-26,103.3156376304356
1995-06-27,102.28647412961061
1995-06-28,102.7217948155832
1995-06-29,104.23022884863069
1995-06-30,104.74309960991654
1995-07-03,105.98635655707491
1995-07-04,105.68162613695708
1995-07-05,108.27848655589128
1995-07-06,107.80961450524646
1995-07-07,108.04149142721215
1995-07-10,108.08789323700987
1995-07-11,107.32498747335563
1995-07-12,109.00931465315875
1995-07-13,109.00417098591106
1995-07-14,109.19948043261967
1995-07-17,106.29056595006656
1995-07-18,106.13681152403127
1995-07-19,105.79991241522836
1995-07-20,105.11593221235252
1995-07-21,104.94765424156623
1995-07-24,104.76570639987963
1995-07-25,105.10023053073161
1995-07-26,106.00352489037314
1995-07-27,105.71468601452266
1995-07-28,108.3385319104358
1995-07-31,109.03188776380766
1995-08-01,108.29157733622772
1995-08-02,105.8714892437305
1995-08-03,105.9461322668358
1995-08-04,106.11390203811332
1995-08-07,108.65239205439656
1995-08-08,107.9268530233787
1995-08-09,107.62659604680978
1995-08-10,106.00580776869187
1995-08-11,106.61384414645596
1995-08-14,108.32347992665044
1995-08-15,110.08565048179074
1995-08-16,111.49985801414286
1995-08-17,112.7615398774926
1995-08-18,113.21739770573687
1995-08-21,111.64192468161977
1995-08-22,111.3373986513841
1995-08-23,111.11149962007178
1995-08-24,111.6788844816993
1995-08-25,111.31191574088484
1995-08-28,110.85756548935075
1995-08-29,111.72949018763987
1995-08-30,112.72072965879534
1995-08-31,112.09214310069203
1995-09-01,110.20535785497445
1995-09-04,110.16551753135369
1995-09-05,110.82881423969484
1995-09-06,112.65910260588579
1995-09-07,113.34995797512244
1995-09-08,112.07195790960508
1995-09-11,110.75162289491625
1995-09-12,111.73684719816406
1995-09-13,110.4341144168255
1995-09-14,111.40483143770632
1995-09-15,111.30221518732337
1995-09-18,112.8417659009986
1995-09-19,113.71515867457288
1995-09-20,114.61834250797497
1995-09-21,116.02965812303951
1995-09-22,114.63114559761014
1995-09-25,114.27247688267224
1995-09-26,114.7551655650249
1995-09-27,112.11845760993744
1995-09-28,112.21758358165827
1995-09-29,112.09832550852946
1995-10-02,111.44576854116615
1995-10-03,110.408836472206
1995-10-04,111.82149395533749
1995-10-05,112.20029034372779
1995-10-06,112.78300987459001
1995-10-09,114.33332764279358
1995-10-10,114.63604419355235
1995-10-11,114.7572602401742
1995-10-12,114.43346390902087
1995-10-13,115.23754884152034
1995-10-16,113.24162921263357
1995-10-17,114.57464137837059
1995-10-18,114.9117643212719
1995-10-19,115.4972675262965
1995-10-20,117.10895296481536
1995-10-23,116.7951114755045
1995-10-24,117.23694230575394
1995-10-25,117.44748505311209
1995-10-26,118.39805503880119
1995-10-27,119.79712825513008
1995-10-30,118.94267408366134
1995-10-31,117.59966196507617
1995-11-01,118.1823932422219
1995-11-02,118.06605095459794
1995-11-03,119.59523273969765
1995-11-06,122.55419772093725
1995-11-07,123.39881527893306
1995-11-08,124.93228883174953
1995-11-09,126.91728714948876
1995-11-10,128.61098084413635
1995-11-13,128.77869469714028
1995-11-14,129.95683674865768
1995-11-15,128.90903880901632
1995-11-16,129.99516689361428
1995-11-17,132.00533245398844
1995-11-20,129.99244077586818
1995-11-21,129.923221951028
1995-11-22,128.06337156570424
1995-11-23,127.57383141015059
1995-11-24,128.0584367676665
1995-11-27,126.28699276518944
1995-11-28,125.90310419917843
1995-11-29,125.67356660011188
1995-11-30,126.19043842485831
1995-12-01,126.88662853474592
1995-12-04,126.6823084719208
1995-12-05,125.23337569656088
1995-12-06,127.67400989940802
1995-12-07,129.17436033725724
1995-12-08,130.65595595083494
1995-12-11,130.92978044886175
1995-12-12,130.6929789519272
1995-12-13,131.61494365937062
1995-12-14,131.38222952336017
1995-12-15,132.292212711675
1995-12-18,131.67751896508213
1995-12-19,129.188211059804
1995-12-20,131.07723158574314
1995-12-21,133.54566146097758
1995-12-22,134.51865480318938
1995-12-25,135.30796042978105
1995-12-26,134.7642979459502
1995-12-27,138.3345765555562
1995-12-28,139.52111409713933
1995-12-29,138.17212510558724
1996-01-01,137.85697676115745
1996-01-02,138.9797569890611
1996-01-03,137.05558349165074
1996-01-04,133.86619667534836
1996-01-05,135.07761178363003
1996-01-08,134.58719054976672
1996-01-09,132.78195118241777
1996-01-10,131.24185332180394
1996-01-11,129.6353226624065
1996-01-12,129.46816786479053
1996-01-15,129.63186076848092
1996-01-16,131.16765311237293
1996-01-17,131.52839878009576
1996-01-18,130.18768093116947
1996-01-19,130.92996232051885
1996-01-22,133.85714292375553
1996-01-23,134.01480543373657
1996-01-24,133.0735751302123
1996-01-25,131.4426613686823
1996-01-26,132.844776266913
1996-01-29,130.52580562138795
1996-01-30,131.69718564819772
1996-01-31,132.98525641564362
1996-02-01,133.26275680735645
1996-02-02,133.69712991317616
1996-02-05,131.85340302211245
1996-02-06,130.660611900782
1996-02-07,130.20104628218897
1996-02-08,128.0136408531155
1996-02-09,126.41625831152001
1996-02-12,125.46750718697304
1996-02-13,125.13880990539003
1996-02-14,123.98401497541303
1996-02-15,123.59206015428357
1996-02-16,124.54441731321468
1996-02-19,125.38392672227533
1996-02-20,122.51653747182357
1996-02-21,121.14699335593546
1996-02-22,118.9643558772552
1996-02-23,119.10128870406069
1996-02-26,118.02625757723
1996-02-27,117.78854061271733
1996-02-28,118.9108882736547
1996-02-29,120.49770814557176
1996-03-01,120.13977986376783
1996-03-04,119.10839285006732
1996-03-05,120.01793697057659
1996-03-06,121.46518143043194
1996-03-07,122.8230662459934
1996-03-08,123.26021851405353
1996-03-11,123.89853423680202
1996-03-12,126.31271448029746
1996-03-13,126.37447224916156
1996-03-14,126.04578103955768
1996-03-15,125.97342248223553
1996-03-18,124.58998329533655
1996-03-19,123.65281825980898
1996-03-20,124.77375414291568
1996-03-21,127.48244107690765
1996-03-22,127.39698582531021
1996-03-25,125.9953626889515
1996-03-26,127.59437274672314
1996-03-27,127.29737161654431
1996-03-28,127.46225782133509
1996-03-29,123.53032733177425
1996-04-01,123.81044854914151
1996-04-02,124.83595819828928
1996-04-03,126.54373981580676
1996-04-04,126.23866624298432
1996-04-05,127.69850164905678
1996-04-08,130.72763349020374
1996-04-09,131.02468953015963
1996-04-10,131.74825513278043
1996-04-11,131.94696820683512
1996-04-12,132.38626438368993
1996-04-15,130.50549434576578
1996-04-16,129.50871212196847
1996-04-17,129.93027027313482
1996-04-18,129.43347072613693
1996-04-19,130.55733655162894
1996-04-22,131.40586267073255
1996-04-23,132.19974601660223
1996-04-24,133.30336193677695
1996-04-25,133.67276577654982
1996-04-26,129.99081182740483
1996-04-29,128.35977563826836
1996-04-30,127.364619856162
1996-05-01,127.15157955096457
1996-05-02,126.53181210708759
1996-05-03,125.01244677796086
1996-05-06,125.23307400156052
1996-05-07,123.31801713024416
1996-05-08,120.57104698966748
1996-05-09,120.87366500409055
1996-05-10,121.19278020643436
1996-05-13,119.95384377753018
1996-05-14,117.55816894350512
1996-05-15,117.60811829744746
1996-05-16,117.1701120262501
1996-05-17,116.87739086744085
1996-05-20,116.17075016474779
1996-05-21,115.46424501570198
1996-05-22,114.84672248012124
1996-05-23,113.42291314520727
1996-05-24,112.43876594829231
1996-05-27,112.63628510539301
1996-05-28,114.86477457246917
1996-05-29,117.39591027383591
1996-05-30,118.42253726905885
1996-05-31,120.02151395311257
1996-06-03,119.36396847927644
1996-06-04,118.8313398428545
1996-06-05,119.49733412490484
1996-06-06,120.78686972503039
1996-06-07,119.71809458134372
1996-06-10,121.37813797913846
1996-06-11,120.87944567787446
1996-06-12,119.7569267715066
1996-06-13,117.75276913296884
1996-06-14,117.14049112565836
1996-06-17,117.31452732846135
1996-06-18,116.21541507598681
1996-06-19,119.59123509463703
1996-06-20,121.59588897621016
1996-06-21,122.96019648322445
1996-06-24,125.67502375783015
1996-06-25,123.62711251197818
1996-06-26,123.8606223958415
1996-06-27,122.47240150105416
1996-06-28,122.26287003657494
1996-07-01,122.34103263367307
1996-07-02,121.30380320193008
1996-07-03,120.96165542206256
1996-07-04,122.49975940794432
1996-07-05,121.8267336925561
1996-07-08,121.00407732811126
1996-07-09,123.84018114660012
1996-07-10,123.34490726598581
1996-07-11,122.69967908032358
1996-07-12,124.32287153593494
1996-07-15,124.19090688367702
1996-07-16,123.9505823626153
1996-07-17,123.66931691781961
1996-07-18,123.05208124353956
1996-07-19,122.499119487077
1996-07-22,121.86856606012944
1996-07-23,121.39625665608816
1996-07-24,120.31321207967946
1996-07-25,121.97173058181056
1996-07-26,120.71536155786715
1996-07-29,119.67719715448959
1996-07-30,119.70037659398771
1996-07-31,117.74382476667242
1996-08-01,119.47258621175673
1996-08-02,117.6557910923399
1996-08-05,118.42413285883049
1996-08-06,120.15583038491819
1996-08-07,119.83660703018518
1996-08-08,117.36715570025562
1996-08-09,116.33019709179864
1996-08-12,117.60428292933283
1996-08-13,118.73503234774059
1996-08-14,119.88281673808712
1996-08-15,121.73875138083388
1996-08-16,121.52313366430525
1996-08-19,119.75586243908702
1996-08-20,120.38311212941935
1996-08-21,120.04542703735741
1996-08-22,121.52171472459308
1996-08-23,121.28401539776665
1996-08-26,119.54327540641872
1996-08-27,119.4624020589206
1996-08-28,119.87458466760013
1996-08-29,119.58415129575958
1996-08-30,119.86066523359997
1996-09-02,122.62281212982542
1996-09-03,121.2831232458784
1996-09-04,121.75529993724868
1996-09-05,120.55799757641626
1996-09-06,121.1989410333422
1996-09-09,122.12272613093643
1996-09-10,123.75892009179476
1996-09-11,124.77475067058097
1996-09-12,126.0556401374461
1996-09-13,125.01878801886588
1996-09-16,125.33978829799521
1996-09-17,125.4138969263253
1996-09-18,125.53173930369309
1996-09-19,126.66513808489277
1996-09-20,127.75214189068546
1996-09-23,129.1634618109559
1996-09-24,129.17448876225842
1996-09-25,127.0387478965014
1996-09-26,125.8184744301578
1996-09-27,124.8888983466471
1996-09-30,125.77261150749965
1996-10-01,126.0010218123512
1996-10-02,124.59782012827132
1996-10-03,124.19827130036597
1996-10-04,125.17126658797181
1996-10-07,127.09182182989034
1996-10-08,128.79343533100405
1996-10-09,127.12111788683671
1996-10-10,126.92799153030015
1996-10-11,128.1347068090121
1996-10-14,126.78345852596718
1996-10-15,124.93049261405386
1996-10-16,126.20461285144597
1996-10-17,125.8836749958171
1996-10-18,125.69161325818985
1996-10-21,125.02650734444516
1996-10-22,126.8505839475062
1996-10-23,126.99377235153375
1996-10-24,124.60042215965888
1996-10-25,121.84647258819948
1996-10-28,124.03257783644246
1996-10-29,123.23830007955523
1996-10-30,122.06738264898406
1996-10-31,123.82652331260444
1996-11-01,125.53689618428135
1996-11-04,125.71453345182317
1996-11-05,128.40596682475334
1996-11-06,126.4053733358975
1996-11-07,125.84591966588124
1996-11-08,124.8439990401051
1996-11-11,122.11858223875748
1996-11-12,122.7553254580573
1996-11-13,123.54433797366096
1996-11-14,124.67510833605175
1996-11-15,125.01807662122626
1996-11-18,122.52215281130856
1996-11-19,120.68549886781015
1996-11-20,120.61812942024778
1996-11-21,120.31769228307347
1996-11-22,122.03626381945345
1996-11-25,123.17084875237802
1996-11-26,123.80260344476038
1996-11-27,124.14654533807841
1996-11-28,124.42483261752089
1996-11-29,126.08962383274988
1996-12-02,126.29231192786696
1996-12-03,126.81769872794537
1996-12-04,128.203878185416
1996-12-05,127.5158232358356
1996-12-06,127.13381804274326
1996-12-09,128.6072396698333
1996-12-10,128.6260939158151
1996-12-11,127.78584224370191
1996-12-12,126.44529026587006
1996-12-13,126.82563450304423
1996-12-16,127.61498690014884
1996-12-17,126.49220763282403
1996-12-18,126.21827475643963
1996-12-19,126.7371020608859
1996-12-20,129.76419996303696
1996-12-23,127.99365321128147
1996-12-24,129.10577629528603
1996-12-25,127.36948857276475
1996-12-26,127.11752642749536
1996-12-27,127.5349744344131
1996-12-30,128.2218021465975
1996-12-31,127.82922499368125
1997-01-01,129.23989830730162
1997-01-02,129.87318022310586
1997-01-03,131.68437184414094
1997-01-06,131.6465987347246
1997-01-07,131.52365597518286
1997-01-08,130.7045978912018
1997-01-09,129.3753191471763
1997-01-10,129.13336801097026
1997-01-13,128.9419884139763
1997-01-14,129.54536727192703
1997-01-15,130.37537129108887
1997-01-16,130.3996497988007
1997-01-17,129.94477720570404
1997-01-20,132.87168236172218
1997-01-21,133.0630723773291
1997-01-22,133.466313774302
1997-01-23,135.24065209228976
1997-01-24,136.8685489014475
1997-01-27,137.57077586497743
1997-01-28,137.7592147058477
1997-01-29,139.13187842171794
1997-01-30,138.71401764007715
1997-01-31,137.00197894160917
1997-02-03,136.05783854921395
1997-02-04,133.8165021775575
1997-02-05,132.48227473626375
1997-02-06,131.16143665054415
1997-02-07,132.5405105010119
1997-02-10,131.72760052212666
1997-02-11,131.85910690878083
1997-02-12,131.51559080825172
1997-02-13,131.23441997934177
1997-02-14,132.82028802225756
1997-02-17,131.19146914046158
1997-02-18,131.15684709774274
1997-02-19,130.72607578616842
1997-02-20,129.04581094950186
1997-02-21,130.44965010220233
1997-02-24,131.39489614168457
1997-02-25,132.92263929773583
1997-02-26,133.30858446460874
1997-02-27,134.65402789206829
1997-02-28,137.42378663253783
1997-03-03,139.72941979471528
1997-03-04,139.14233750485093
1997-03-05,136.9504982247402
1997-03-06,135.320114191742
1997-03-07,132.39801218482
1997-03-10,132.96525309759832
1997-03-11,133.42940419388572
1997-03-12,129.73536029124037
1997-03-13,130.76763899392557
1997-03-14,130.81483539401017
1997-03-17,131.01438296902955
1997-03-18,132.26335126198933
1997-03-19,134.54944787589517
1997-03-20,134.53047924869168
1997-03-21,136.14479988681845
1997-03-24,134.09142423826415
1997-03-25,134.3466035593199
1997-03-26,133.23848086695816
1997-03-27,132.0271498442932
1997-03-28,133.0141423525512
1997-03-31,133.56073916079163
1997-04-01,134.64674079286073
1997-04-02,134.36894686919436
1997-04-03,133.4590489883884
1997-04-04,132.4775759857919
1997-04-07,131.96026055488943
1997-04-08,134.69591061087152
1997-04-09,134.79344297192574
1997-04-10,134.3320989047718
1997-04-11,133.72106671949612
1997-04-14,132.17548993768526
1997-04-15,131.2219749462385
1997-04-16,128.94844599904607
1997-04-17,129.17470887617915
1997-04-18,128.8812746326289
1997-04-21,131.3116196042032
1997-04-22,130.87714552898947
1997-04-23,132.61054308895194
1997-04-24,130.21757566970328
1997-04-25,130.6413345398321
1997-04-28,131.34582025371188
1997-04-29,132.4597540660037
1997-04-30,131.9684491453626
1997-05-01,131.00354089191285
1997-05-02,129.6719965011882
1997-05-05,129.18827996139822
1997-05-06,127.78106879415705
1997-05-07,127.72844751078797
1997-05-08,130.6105913255877
1997-05-09,132.29814075636196
1997-05-12,131.47944388005462
1997-05-13,131.7663757891038
1997-05-14,130.56576107031083
1997-05-15,130.8014279987652
1997-05-16,130.01675573725834
1997-05-19,129.56776618448228
1997-05-20,129.55183689459375
1997-05-21,127.09817574465391
1997-05-22,125.71148044193168
1997-05-23,124.18346448124116
1997-05-26,122.30041265226512
1997-05-27,123.47341025779386
1997-05-28,121.11908716766877
1997-05-29,119.01134696268485
1997-05-30,120.46217675272845
1997-06-02,122.89502767761434
1997-06-03,123.9491857376563
1997-06-04,125.72570531273124
1997-06-05,126.2258549289804
1997-06-06,127.40722210928304
1997-06-09,128.57313090007344
1997-06-10,128.51557676733322
1997-06-11,130.09040938842287
1997-06-12,132.26969345750223
1997-06-13,132.87095426218102
1997-06-16,137.19087085818722
1997-06-17,139.11200546372731
1997-06-18,143.07415366725135
1997-06-19,143.65126573252195
1997-06-20,145.29149480803568
1997-06-23,142.56647497301012
1997-06-24,140.55531869186308
1997-06-25,139.2141444693421
1997-06-26,139.45028953763935
1997-06-27,139.43976457056618
1997-06-30,141.2296736591402
1997-07-01,138.98780383337265
1997-07-02,140.48490592400233
1997-07-03,139.85755992117558
1997-07-04,139.37673596179522
1997-07-07,140.55524518525974
1997-07-08,140.45226371252963
1997-07-09,140.80873344659426
1997-07-10,141.57964826092743
1997-07-11,141.05967003419914
1997-07-14,141.2560533035213
1997-07-15,141.50602618898478
1997-07-16,138.04777153004122
1997-07-17,137.84059156846624
1997-07-18,137.86417321362882
1997-07-21,136.7647558865621
1997-07-22,138.1553219546227
1997-07-23,138.29138515914394
1997-07-24,141.3526645706812
1997-07-25,143.75598627007932
1997-07-28,142.72626404170327
1997-07-29,144.34894218351678
1997-07-30,143.79888562005493
1997-07-31,143.35585124363683
1997-08-01,144.7493206307862
1997-08-04,145.3480404047075
1997-08-05,146.1786862667513
1997-08-06,146.14541736879883
1997-08-07,148.99340095687475
1997-08-08,149.59821531081622
1997-08-11,148.36467146206013
1997-08-12,147.81431242120487
1997-08-13,148.23201293107016
1997-08-14,147.07503501461983
1997-08-15,144.9903476537856
1997-08-18,143.60459511379392
1997-08-19,143.77515610150536
1997-08-20,143.86764899068442
1997-08-21,145.74861395648253
1997-08-22,142.82898014627307
1997-08-25,146.11859840848766
1997-08-26,147.80874390176274
1997-08-27,147.04199923182267
1997-08-28,148.72243841496157
1997-08-29,147.29997685848653
1997-09-01,147.32599593887096
1997-09-02,146.84202464753352
1997-09-03,145.18995940940934
1997-09-04,144.82258800440485
1997-09-05,147.88892289403123
1997-09-08,150.2452555377517
1997-09-09,148.79533503316884
1997-09-10,148.62664931639526
1997-09-11,149.94768688527645
1997-09-12,152.92902760100299
1997-09-15,153.45104789497418
1997-09-16,153.94746234577428
1997-09-17,154.57524551413474
1997-09-18,155.119226281789
1997-09-19,154.12934343120043
1997-09-22,152.1386674677329
1997-09-23,153.9442564687874
1997-09-24,156.65219795770605
1997-09-25,154.4216540194358
1997-09-26,152.49622857080698
1997-09-29,153.57438137763182
1997-09-30,152.49708453644314
1997-10-01,152.5874493776419
1997-10-02,150.02990547453757
1997-10-03,150.30959405765833
1997-10-06,147.64117791109882
1997-10-07,147.70065765141862
1997-10-08,148.41758527526127
1997-10-09,151.44510837003452
1997-10-10,151.55689679878319
1997-10-13,151.12294594059708
1997-10-14,150.7446425707386
1997-10-15,149.94675409705215
1997-10-16,147.22405609802766
1997-10-17,145.8796424777687
1997-10-20,148.42124104969895
1997-10-21,147.6006430827476
1997-10-22,145.91947560309413
1997-10-23,143.65641631256005
1997-10-24,145.59766505940027
1997-10-27,145.89963415133968
1997-10-28,144.43630212743153
1997-10-29,144.0586335133323
1997-10-30,143.28338575568188
1997-10-31,144.3607420766496
1997-11-03,146.68990672793578
1997-11-04,147.48077895017028
1997-11-05,148.5132361727778
1997-11-06,150.50801748770425
1997-11-07,149.487689817751
1997-11-10,147.887574761817
1997-11-11,147.73397640465757
1997-11-12,148.3162653582818
1997-11-13,148.67943134301805
1997-11-14,148.06863811249553
1997-11-17,146.45523313816497
1997-11-18,149.4727842805482
1997-11-19,148.9665958212838
1997-11-20,148.0027141093514
1997-11-21,150.83682349773173
1997-11-24,150.82374746362495
1997-11-25,153.66005418402858
1997-11-26,151.68483855577918
1997-11-27,150.68160490186574
1997-11-28,151.04148105209458
1997-12-01,152.90598464516714
1997-12-02,153.09600500132115
1997-12-03,154.58657519827517
1997-12-04,154.49018745019185
1997-12-05,152.62870442306365
1997-12-08,151.3016141655758
1997-12-09,151.64828458762773
1997-12-10,150.57445162780473
1997-12-11,150.111658247991
1997-12-12,148.41971361526575
1997-12-15,148.56500929117328
1997-12-16,150.0982644618937
1997-12-17,149.0467944735752
1997-12-18,149.7861026481457
1997-12-19,149.72222196437946
1997-12-22,149.47707649921898
1997-12-23,148.21318860138118
1997-12-24,151.2201830003212
1997-12-25,150.04071023507692
1997-12-26,149.81376722193238
1997-12-29,149.97213375320402
1997-12-30,147.70960958401426
1997-12-31,147.19180509834692
1998-01-01,149.66633931636792
1998-01-02,151.61584234788475
1998-01-05,154.7245313069444
1998-01-06,155.183345009713
1998-01-07,157.43878808205994
1998-01-08,160.40446226169175
1998-01-09,162.14492505747202
1998-01-12,160.67534817960595
1998-01-13,162.5207952871899
1998-01-14,165.97440787411665
1998-01-15,166.90488724602912
1998-01-16,166.80309439696944
1998-01-19,163.13288613270217
1998-01-20,162.96228016147782
1998-01-21,160.02955992096105
1998-01-22,161.41733581562593
1998-01-23,163.50583860544688
1998-01-26,162.94190867553783
1998-01-27,166.68866896804383
1998-01-28,168.93323003189758
1998-01-29,169.28830604898698
1998-01-30,168.56119286225203
1998-02-02,169.44166875029458
1998-02-03,168.26872540085006
1998-02-04,169.64207867278077
1998-02-05,175.56896071764274
1998-02-06,173.42124142800674
1998-02-09,171.9839348862269
1998-02-10,171.20500962046916
1998-02-11,171.7794379589957
1998-02-12,170.0883338080278
1998-02-13,167.32305988633584
1998-02-16,171.29565463571237
1998-02-17,170.12037874282467
1998-02-18,172.9012595523371
1998-02-19,173.36061883452857
1998-02-20,175.41534572587238
1998-02-23,174.61264732913276
1998-02-24,173.22950798746692
1998-02-25,171.22015462359425
1998-02-26,169.84605742531627
1998-02-27,170.687863003101
1998-03-02,169.73579007093292
1998-03-03,169.2368610657205
1998-03-04,168.482089660013
1998-03-05,170.0715284956354
1998-03-06,169.72125251108196
1998-03-09,170.08491757881598
1998-03-10,167.9143796124328
1998-03-11,169.60582010367767
1998-03-12,167.81490237377142
1998-03-13,170.49724402666857
1998-03-16,168.20125508897365
1998-03-17,168.14398174499942
1998-03-18,170.5417681089906
1998-03-19,169.17483816680743
1998-03-20,172.14214448362725
1998-03-23,171.7172551345024
1998-03-24,172.76189047698495
1998-03-25,172.00100186479594
1998-03-26,170.45081713748127
1998-03-27,170.34796214936287
1998-03-30,171.76426956157798
1998-03-31,168.63986880156935
1998-04-01,169.11382667583499
1998-04-02,169.94785747531424
1998-04-03,166.41720640224568
1998-04-06,166.3647855383531
1998-04-07,167.49592561789254
1998-04-08,167.1720406447662
1998-04-09,167.7631025250441
1998-04-10,169.42380180439937
1998-04-13,172.17226971500585
1998-04-14,171.39771906980735
1998-04-15,172.3364648011472
1998-04-16,174.93838473453653
1998-04-17,176.17020351171217
1998-04-20,174.42853444641372
1998-04-21,174.9229566211465
1998-04-22,173.60862711857243
1998-04-23,172.38061090927485
1998-04-24,173.81598012746008
1998-04-27,171.07546044771135
1998-04-28,170.92513385963872
1998-04-29,169.82708179782432
1998-04-30,168.79400119138236
1998-05-01,171.1895910041004
1998-05-04,171.23201520560718
1998-05-05,174.58793654171367
1998-05-06,176.09191906635223
1998-05-07,177.74292537704207
1998-05-08,176.6412067172016
1998-05-11,174.67689868113538
1998-05-12,177.81979116988703
1998-05-13,177.43128270480238
1998-05-14,179.89474206771368
1998-05-15,182.73224916692382
1998-05-18,180.84058629481805
1998-05-19,180.9328527364695
1998-05-20,179.84932437253786
1998-05-21,177.58803352981857
1998-05-22,176.5494024917673
1998-05-25,178.91427619515974
1998-05-26,175.8824030947719
1998-05-27,177.06402660783283
1998-05-28,177.70631239455113
1998-05-29,176.6296187061588
1998-06-01,177.0647447358615
1998-06-02,177.80852616912037
1998-06-03,176.4285035667163
1998-06-04,177.97642831931637
1998-06-05,180.52146641536655
1998-06-08,178.8907223882311
1998-06-09,178.92777762502706
1998-06-10,179.2015571397927
1998-06-11,180.8281309532093
1998-06-12,184.575868853124
1998-06-15,188.7078425254331
1998-06-16,187.63595725196208
1998-06-17,185.1840496720102
1998-06-18,183.43182484803117
1998-06-19,185.12612221723197
1998-06-22,186.55260555130425
1998-06-23,191.71425727943114
1998-06-24,196.84670739374837
1998-06-25,198.64388542594335
1998-06-26,199.51446670930972
1998-06-29,198.50754092867194
1998-06-30,200.43997959842827
1998-07-01,200.9189834201272
1998-07-02,199.7915852314368
1998-07-03,198.87852912788543
1998-07-06,196.95156362794924
1998-07-07,193.36448106065706
1998-07-08,194.8661848454623
1998-07-09,194.5898296938395
1998-07-10,199.06384657365683
1998-07-13,198.44363001520372
1998-07-14,197.04303946937884
1998-07-15,196.65444378366453
1998-07-16,197.29793068396157
1998-07-17,194.95574000371084
1998-07-20,196.30562349669339
1998-07-21,196.97160242809386
1998-07-22,199.87578401987344
1998-07-23,199.99638299486654
1998-07-24,199.51603432697044
1998-07-27,199.77389513331931
1998-07-28,200.97192373608533
1998-07-29,203.84873433677168
1998-07-30,204.63149951573044
1998-07-31,203.82610051922327
1998-08-03,203.14158425110645
1998-08-04,204.20149027193068
1998-08-05,206.8277658034757
1998-08-06,206.61535514411722
1998-08-07,209.23029422178558
1998-08-10,209.4695335939515
1998-08-11,211.7092182280921
1998-08-12,210.56062081596676
1998-08-13,208.82034473675697
1998-08-14,204.8186442952469
1998-08-17,202.15637997552594
1998-08-18,199.39729120670208
1998-08-19,202.16118267919128
1998-08-20,202.40108044976046
1998-08-21,203.17371159490943
1998-08-24,203.6762763695635
1998-08-25,203.92015787668626
1998-08-26,204.66346537029798
1998-08-27,202.908514822001
1998-08-28,204.0342128245796
1998-08-31,202.80789928804137
1998-09-01,203.40153119600947
1998-09-02,205.97750961520984
1998-09-03,203.65693152342544
1998-09-04,201.48245918255952
1998-09-07,201.685092024486
1998-09-08,202.9152298601777
1998-09-09,205.46464876364533
1998-09-10,207.9355204840115
1998-09-11,210.4312562286473
1998-09-14,208.573170626051
1998-09-15,206.17710861717683
1998-09-16,202.26480703563263
1998-09-17,203.5889493557514
1998-09-18,202.65632722452952
1998-09-21,202.3789370876001
1998-09-22,201.56350532134715
1998-09-23,198.40964644485305
1998-09-24,198.03504303381806
1998-09-25,199.50817050983608
1998-09-28,202.94699622374645
1998-09-29,204.6982653141015
1998-09-30,207.45575930328687
1998-10-01,212.41815548396886
1998-10-02,212.87745161933623
1998-10-05,214.72744823771413
1998-10-06,216.76851663580322
1998-10-07,216.65877773585444
1998-10-08,217.635087771752
1998-10-09,220.84584244666937
1998-10-12,222.38862296392256
1998-10-13,226.2252838950397
1998-10-14,221.20792378547637
1998-10-15,219.70905747447523
1998-10-16,218.30708264162175
1998-10-19,215.51219864802627
1998-10-20,214.62084834750254
1998-10-21,216.6649213448613
1998-10-22,218.316185369042
1998-10-23,214.7620582275165
1998-10-26,216.2775790841446
1998-10-27,212.44966981104986
1998-10-28,210.2065332779583
1998-10-29,213.8954591984567
1998-10-30,212.40181515763595
1998-11-02,213.76322594414682
1998-11-03,214.38694521623808
1998-11-04,214.39611389043637
1998-11-05,216.89900432184533
1998-11-06,219.34922980228552
1998-11-09,221.03098941652263
1998-11-10,217.9066503872068
1998-11-11,220.8550038883946
1998-11-12,216.74288504878265
1998-11-13,213.00162866804482
1998-11-16,208.44761015285894
1998-11-17,207.71160114516843
1998-11-18,206.79458783616576
1998-11-19,209.1095534867809
1998-11-20,207.7160136783026
1998-11-23,207.11714463907137
1998-11-24,209.05519173180863
1998-11-25,212.76645975173238
1998-11-26,213.0952972096682
1998-11-27,213.4901205884947
1998-11-30,211.252161008592
1998-12-01,212.34066013219203
1998-12-02,209.88258355886074
1998-12-03,210.01888893456123
1998-12-04,208.19199737619033
1998-12-07,210.09179315008691
1998-12-08,213.60034185545436
1998-12-09,214.24537876839577
1998-12-10,215.09436425841614
1998-12-11,216.46198346888116
1998-12-14,220.85276007507338
1998-12-15,220.61100410558683
1998-12-16,216.7980164064642
1998-12-17,221.21334223753357
1998-12-18,223.35044743323542
1998-12-21,221.14722622565418
1998-12-22,221.98072126404122
1998-12-23,222.66457544181915
1998-12-24,223.93325088772676
1998-12-25,225.37056718466727
1998-12-28,225.15900871719202
1998-12-29,227.51613371554558
1998-12-30,230.5295451589159
1998-12-31,231.8120417889267
1999-01-01,230.3746723509614
1999-01-04,232.72564214983208
1999-01-05,226.94372099760756
1999-01-06,228.45418095439345
1999-01-07,224.52000892682403
1999-01-08,227.14123455065476
1999-01-11,224.1099051751004
1999-01-12,223.4935643125077
1999-01-13,222.29491474538756
1999-01-14,224.49364190996982
1999-01-15,227.5713815342217
1999-01-18,230.75307858412603
1999-01-19,230.89008156879748
1999-01-20,230.57395228996475
1999-01-21,228.7829190554659
1999-01-22,227.33325624551273
1999-01-25,223.6175825126454
1999-01-26,224.97644522014815
1999-01-27,220.38162888610162
1999-01-28,218.6250099825994
1999-01-29,218.49542005800294
1999-02-01,221.18781317066282
1999-02-02,218.37667627935028
1999-02-03,220.87525235839544
1999-02-04,222.35651743672014
1999-02-05,223.28311494636802
1999-02-08,222.1599605845681
1999-02-09,223.89237506787566
1999-02-10,224.26025606961218
1999-02-11,224.08722219266127
1999-02-12,225.83921533271263
1999-02-15,227.12233167181256
1999-02-16,225.6521235232893
1999-02-17,223.42016930098256
1999-02-18,219.70040291782297
1999-02-19,216.54363364080731
1999-02-22,216.22215943383182
1999-02-23,212.3697686046146
1999-02-24,211.92722800596383
1999-02-25,210.6453638078504
1999-02-26,209.11659488052433
1999-03-01,206.89614852788404
1999-03-02,203.76950618653504
1999-03-03,207.30283896803118
1999-03-04,205.86001181135987
1999-03-05,204.8780002191962
1999-03-08,203.47419845117147
1999-03-09,202.39153114613475
1999-03-10,205.36798314521457
1999-03-11,204.35112624923119
1999-03-12,203.2444507757243
1999-03-15,202.2489744210152
1999-03-16,201.8477175784597
1999-03-17,203.37955147217608
1999-03-18,206.04867613901527
1999-03-19,204.9588848950793
1999-03-22,203.41659703664408
1999-03-23,204.4153494817679
1999-03-24,200.3823054723462
1999-03-25,203.3964385756071
1999-03-26,199.63340174797796
1999-03-29,202.07434348389478
1999-03-30,199.3772961333369
1999-03-31,202.69755650159792
1999-04-01,201.88071640536097
1999-04-02,204.69201879165038
1999-04-05,203.80757701543882
1999-04-06,200.7091193303447
1999-04-07,198.79892833041947
1999-04-08,197.7572069501576
1999-04-09,199.50073539842512
1999-04-12,197.74799076376488
1999-04-13,195.9029784309619
1999-04-14,196.47882081468893
1999-04-15,198.89194221889778
1999-04-16,199.13397065482138
1999-04-19,197.213131208137
1999-04-20,198.45734506604938
1999-04-21,201.31426438536118
1999-04-22,203.0129639730077
1999-04-23,203.3994851219905
1999-04-26,204.86147854024034
1999-04-27,203.2934823239163
1999-04-28,202.83325724407098
1999-04-29,203.93737768901343
1999-04-30,204.4399902277215
1999-05-03,203.92324930317258
1999-05-04,201.00942172939438
1999-05-05,197.09015168887754
1999-05-06,197.6313561618966
1999-05-07,195.4870293108123
1999-05-10,196.76003948956867
1999-05-11,201.8582982695376
1999-05-12,200.5966733471379
1999-05-13,203.75290911964393
1999-05-14,203.45033985550228
1999-05-17,203.26835278433802
1999-05-18,202.26829035277825
1999-05-19,200.93613612847054
1999-05-20,201.20069920828473
1999-05-21,200.9111177325992
1999-05-24,199.75456066000208
1999-05-25,202.111247337609
1999-05-26,199.95224090598373
1999-05-27,198.49087601124248
1999-05-28,195.68198223709902
1999-05-31,196.47445118218693
1999-06-01,195.80215582981418
1999-06-02,192.03744244909396
1999-06-03,192.13471374595116
1999-06-04,191.08796682697314
1999-06-07,192.0959044197672
1999-06-08,192.2201748710109
1999-06-09,191.95819326376397
1999-06-10,188.765828947943
1999-06-11,185.06933288601448
1999-06-14,188.1002051115403
1999-06-15,188.32395996258043
1999-06-16,190.43759882385385
1999-06-17,187.28979136452222
1999-06-18,184.9595072408362
1999-06-21,183.32682988320792
1999-06-22,183.43349149361308
1999-06-23,183.56427894840488
1999-06-24,183.54618533487442
1999-06-25,184.56514806966834
1999-06-28,183.59819769642795
1999-06-29,182.15647973544293
1999-06-30,179.38959491713152
1999-07-01,178.62329224649574
1999-07-02,178.08082430844186
1999-07-05,178.26162990948623
1999-07-06,178.34721007910852
1999-07-07,177.73516997779996
1999-07-08,175.7400866989786
1999-07-09,177.01686802340683
1999-07-12,174.99286389515544
1999-07-13,174.09025072361504
1999-07-14,172.1167591711588
1999-07-15,170.9367106108579
1999-07-16,170.49917820874393
1999-07-19,169.88497394605787
1999-07-20,171.01465823768257
1999-07-21,169.71673421767116
1999-07-22,171.3626647275304
1999-07-23,170.67485918984755
1999-07-26,169.12300993139925
1999-07-27,170.75535681505093
1999-07-28,171.63642172772242
1999-07-29,171.40572714784855
1999-07-30,171.2756949299996
1999-08-02,172.59801471127025
1999-08-03,175.42312038456058
1999-08-04,177.30203191819572
1999-08-05,178.2453713030477
1999-08-06,179.30501645740983
1999-08-09,180.90596481143103
1999-08-10,182.04731669663238
1999-08-11,180.67107114187712
1999-08-12,177.27499049261263
1999-08-13,177.47935598473757
1999-08-16,177.33166200879532
1999-08-17,175.44475074668148
1999-08-18,174.9237078258202
1999-08-19,174.47262512898297
1999-08-20,177.52737919991185
1999-08-23,180.6809499699338
1999-08-24,181.00654984656467
1999-08-25,181.80435580496854
1999-08-26,182.32570652131292
1999-08-27,184.5389294464652
1999-08-30,184.84616618675255
1999-08-31,184.62645072768933
1999-09-01,185.57991969679497
1999-09-02,185.59685118083354
1999-09-03,184.43984003071898
1999-09-06,184.80150697745637
1999-09-07,184.22005835396408
1999-09-08,185.42212949964477
1999-09-09,185.20981055295175
1999-09-10,186.40821678893985
1999-09-13,187.03226693631643
1999-09-14,190.51840142054962
1999-09-15,191.70775345564803
1999-09-16,190.0034111537645
1999-09-17,189.64353126180663
1999-09-20,188.6528185711426
1999-09-21,185.6451157202688
1999-09-22,186.74746294992616
1999-09-23,188.15919867567007
1999-09-24,185.85185216854234
1999-09-27,185.87292954958525
1999-09-28,185.96567580688327
1999-09-29,184.41821957340895
1999-09-30,186.25414583444285
1999-10-01,186.86410853044808
1999-10-04,186.80563680197133
1999-10-05,187.78913665907982
1999-10-06,187.27249363263653
1999-10-07,186.8971149306889
1999-10-08,188.73957085375918
1999-10-11,191.06593645598545
1999-10-12,193.50987229324215
1999-10-13,192.05209922531867
1999-10-14,194.53123145452395
1999-10-15,194.33264818679717
1999-10-18,193.32684738361127
1999-10-19,194.03880560572136
1999-10-20,190.3366753167861
1999-10-21,190.16043025435346
1999-10-22,191.3682192973596
1999-10-25,192.22214079969
1999-10-26,192.70741462557527
1999-10-27,193.6963148598928
1999-10-28,192.21003511368568
1999-10-29,192.44843790786473
1999-11-01,196.22228866822556
1999-11-02,198.2437117404253
1999-11-03,195.52750384074534
1999-11-04,193.4632868602935
1999-11-05,192.45786731476517
1999-11-08,195.59250121080535
1999-11-09,194.22497577889294
1999-11-10,195.15754070795072
1999-11-11,194.83518659776246
1999-11-12,194.00450902048166
1999-11-15,193.4742605784095
1999-11-16,193.65036444918425
1999-11-17,192.21133070203155
1999-11-18,192.2615787059877
1999-11-19,192.02269307896356
1999-11-22,193.0220923077192
1999-11-23,193.19445173179074
1999-11-24,194.9346850454588
1999-11-25,194.04850426763417
1999-11-26,193.3551415200055
1999-11-29,191.93410914787614
1999-11-30,189.0574561133036
1999-12-01,185.81396027132686
1999-12-02,184.04848033453663
1999-12-03,188.64915044819782
1999-12-06,190.80828201166605
1999-12-07,192.1036439846933
1999-12-08,193.1125593506796
1999-12-09,195.25655354758484
1999-12-10,196.84311329243744
1999-12-13,198.11973856329385
1999-12-14,199.12292985664513
1999-12-15,200.56583695668903
1999-12-16,198.3043742835958
1999-12-17,200.0011496355384
1999-12-20,202.62454105951275
1999-12-21,202.36490129316786
1999-12-22,202.7095880018945
1999-12-23,203.50663499687886
1999-12-24,202.40964322720956
1999-12-27,197.2563616170012
1999-12-28,196.04679926669687
1999-12-29,194.62739348074956
1999-12-30,199.98949440364206
1999-12-31,199.033210986285
2000-01-03,202.18817424299823
2000-01-04,201.19929332570646
2000-01-05,203.49278138085847
2000-01-06,199.64276000364288
2000-01-07,199.91467029345313
2000-01-10,201.27102142290582
2000-01-11,200.84495121816656
2000-01-12,201.98337928749157
2000-01-13,203.81674555835056
2000-01-14,205.99093410259331
2000-01-17,203.04120200275352
2000-01-18,204.84803620596298
2000-01-19,204.59377435644387
2000-01-20,204.88495401568608
2000-01-21,201.86804487709566
2000-01-24,203.4236141330533
2000-01-25,203.64549613265606
2000-01-26,205.6828643497503
2000-01-27,207.9369648022579
2000-01-28,208.7079486178359
2000-01-31,208.13170629212934
2000-02-01,211.73717756810535
2000-02-02,210.4367116723763
2000-02-03,209.87608817955748
2000-02-04,207.02529482285027
2000-02-07,202.1784095496363
2000-02-08,202.64875639459555
2000-02-09,199.6386066939975
2000-02-10,199.44621254853857
2000-02-11,198.8398752475572
2000-02-14,202.21241075090893
2000-02-15,201.7882425837355
2000-02-16,200.00775026415317
2000-02-17,199.20674098141467
2000-02-18,202.59989149153935
2000-02-21,203.134616942721
2000-02-22,204.55721660908418
2000-02-23,200.533405588256
2000-02-24,196.22350815270056
2000-02-25,195.7178342796933
2000-02-28,193.4067186793776
2000-02-29,196.55718457161925
2000-03-01,197.78241813589466
2000-03-02,199.30124811675097
2000-03-03,197.5544747482949
2000-03-06,198.71388187718156
2000-03-07,200.07831856440546
2000-03-08,201.49170408312372
2000-03-09,199.67156536840568
2000-03-10,202.13926539032903
2000-03-13,204.96578978632422
2000-03-14,201.29969387987342
2000-03-15,199.76678641892133
2000-03-16,200.3550160533202
2000-03-17,197.76476700101702
2000-03-20,194.88360568447388
2000-03-21,196.6648623524202
2000-03-22,195.05769956795513
2000-03-23,192.42355024123623
2000-03-24,192.19699841948488
2000-03-27,188.67798060470986
2000-03-28,188.3754671705836
2000-03-29,186.75236843747612
2000-03-30,184.83502945655312
2000-03-31,185.24901822261646
2000-04-03,183.91652089047523
2000-04-04,182.90685141006767
2000-04-05,184.73584584865986
2000-04-06,183.98948144641597
2000-04-07,183.3238439070219
2000-04-10,184.27237886712913
2000-04-11,187.2728741957876
2000-04-12,185.52457365499544
2000-04-13,185.65210071083104
2000-04-14,184.4383594081141
2000-04-17,184.17053661155433
2000-04-18,177.84529654505982
2000-04-19,177.81272906072806
2000-04-20,174.57178625638824
2000-04-21,172.83693893554727
2000-04-24,172.02035170549348
2000-04-25,170.82349326140104
2000-04-26,170.49492869858454
2000-04-27,168.75314865244363
2000-04-28,171.84709453467266
2000-05-01,165.41293424672025
2000-05-02,163.57615961378085
2000-05-03,161.5454889735952
2000-05-04,162.4590405707058
2000-05-05,160.64394299695772
2000-05-08,160.83738949180312
2000-05-09,162.6601052526231
2000-05-10,165.61352517582696
2000-05-11,163.4672935499321
2000-05-12,160.5911715597948
2000-05-15,162.92274525110378
2000-05-16,159.7558040278528
2000-05-17,161.1774232271658
2000-05-18,161.31405825336725
2000-05-19,158.4596260002257
2000-05-22,156.52898793030369
2000-05-23,155.00826627267918
2000-05-24,152.72930511110977
2000-05-25,151.98841024409728
2000-05-26,151.14289021252833
2000-05-29,150.90158511614405
2000-05-30,149.62333984898132
2000-05-31,147.30327485596376
2000-06-01,147.98411589310982
2000-06-02,149.9290437285111
2000-06-05,150.2056666213395
2000-06-06,149.0394020538265
2000-06-07,149.40136031225575
2000-06-08,149.59455661380994
2000-06-09,150.24768769179423
2000-06-12,149.53199297279437
2000-06-13,146.31912232811163
2000-06-14,143.45601121837907
2000-06-15,141.86377238785963
2000-06-16,145.25951564000798
2000-06-19,144.75302997730776
2000-06-20,142.85669821429704
2000-06-21,143.7390763698948
2000-06-22,143.52131490930978
2000-06-23,142.83173059414148
2000-06-26,143.16771810511185
2000-06-27,143.14726433789957
2000-06-28,140.46153169382546
2000-06-29,138.5028433350562
2000-06-30,137.0989059932272
2000-07-03,136.3896501556634
2000-07-04,136.83345028139945
2000-07-05,136.0094040415616
2000-07-06,135.55924707993893
2000-07-07,134.94062991054082
2000-07-10,132.94233900309615
2000-07-11,134.04593056279307
2000-07-12,134.34307963726474
2000-07-13,133.43619206946653
2000-07-14,135.2819506117858
2000-07-17,133.0953851735265
2000-07-18,133.54816118877488
2000-07-19,129.9475236919543
2000-07-20,130.92648456008098
2000-07-21,130.54200380804002
2000-07-24,129.6181724696973
2000-07-25,129.937793524716
2000-07-26,130.75212913086028
2000-07-27,128.1876450120505
2000-07-28,129.09312865176454
2000-07-31,126.23594106806823
2000-08-01,128.96129733073673
2000-08-02,128.78663838677596
2000-08-03,128.72255815431913
2000-08-04,128.65416579290357
2000-08-07,129.32434499723274
2000-08-08,131.54789351402238
2000-08-09,131.54020473511878
2000-08-10,130.73230358910243
2000-08-11,130.57278057778734
2000-08-14,132.6585118892694
2000-08-15,131.48561767315954
2000-08-16,131.33832458312443
2000-08-17,130.76954481163955
2000-08-18,129.80396917828892
2000-08-21,129.8276549414646
2000-08-22,127.81737123472286
2000-08-23,130.18040015082767
2000-08-24,130.83647035489844
2000-08-25,131.56975892877477
2000-08-28,134.10275228022684
2000-08-29,133.87775685917836
2000-08-30,135.49388554675804
2000-08-31,133.7572284809785
2000-09-01,133.3638312866758
2000-09-04,133.17626467851198
2000-09-05,133.54336610987644
2000-09-06,131.01545874171896
2000-09-07,132.53778084237783
2000-09-08,134.24925647773526
2000-09-11,133.66573277645543
2000-09-12,134.5990414629137
2000-09-13,133.90809029751549
2000-09-14,135.89880681675598
2000-09-15,133.9971145845346
2000-09-18,134.66762352075426
2000-09-19,133.79804662319066
2000-09-20,132.1829998365448
2000-09-21,129.90832075184366
2000-09-22,130.3330710128734
2000-09-25,128.6780585457659
2000-09-26,130.37908133261266
2000-09-27,130.3929588359215
2000-09-28,131.19713251247555
2000-09-29,131.95742015422672
2000-10-02,130.72023692511675
2000-10-03,130.89084206966743
2000-10-04,131.37185288359078
2000-10-05,129.52804600629173
2000-10-06,127.588286153457
2000-10-09,127.80087219014389
2000-10-10,128.81483260190103
2000-10-11,129.15521751279297
2000-10-12,127.55349761766546
2000-10-13,126.41583623204158
2000-10-16,125.17463386976111
2000-10-17,126.18304147579119
2000-10-18,126.6306059975904
2000-10-19,126.90277945658454
2000-10-20,125.40029987431669
2000-10-23,123.4223117840245
2000-10-24,124.17296941449769
2000-10-25,123.75207669459904
2000-10-26,121.2842000111783
2000-10-27,118.43486039515415
2000-10-30,119.2124769634406
2000-10-31,116.88969417352908
2000-11-01,115.96157672094034
2000-11-02,116.87303935754174
2000-11-03,117.30995964069865
2000-11-06,117.04789170960512
2000-11-07,115.1411767011824
2000-11-08,116.65637770162994
2000-11-09,117.47689859933826
2000-11-10,116.97649711405246
2000-11-13,116.8424655974435
2000-11-14,119.27689133677487
2000-11-15,119.0189971011425
2000-11-16,119.31141114032275
2000-11-17,117.87257101453254
2000-11-20,116.85535979651821
2000-11-21,116.59784035148373
2000-11-22,119.38064801806105
2000-11-23,121.52313256800447
2000-11-24,122.34599563572391
2000-11-27,124.87157947224092
2000-11-28,123.30152207169569
2000-11-29,122.94361962284756
2000-11-30,120.93884648013112
2000-12-01,120.23086669709593
2000-12-04,119.516033082875
2000-12-05,120.82056174133736
2000-12-06,119.86876502319444
2000-12-07,120.1591543367087
2000-12-08,120.00770750499107
2000-12-11,120.42836127853131
2000-12-12,121.52303009133468
2000-12-13,122.46677888737707
2000-12-14,121.91715255347188
2000-12-15,121.83368413340905
2000-12-18,122.15624363645112
2000-12-19,123.16327649418903
2000-12-20,123.53261849731621
2000-12-21,123.62259060064788
2000-12-22,124.02601484920106
2000-12-25,123.4189262425547
2000-12-26,124.1523636349794
2000-12-27,123.80536371707713
2000-12-28,121.5108310558412
2000-12-29,122.54867123011249
2001-01-01,122.27211301513661
2001-01-02,124.38771125146391
2001-01-03,126.65498005619709
2001-01-04,125.81613260583167
2001-01-05,127.70865372247975
2001-01-08,128.73748803698405
2001-01-09,128.99747058776566
2001-01-10,129.27854672737462
2001-01-11,130.41775927516053
2001-01-12,130.47790963698088
2001-01-15,128.32691013823896
2001-01-16,127.80823351931447
2001-01-17,129.18407222964552
2001-01-18,128.407029510785
2001-01-19,125.79068781114286
2001-01-22,123.82926457225223
2001-01-23,123.22921179515218
2001-01-24,124.47857460555991
2001-01-25,122.33648088832649
2001-01-26,123.73227796314355
2001-01-29,122.15913655625883
2001-01-30,120.88746307937251
2001-01-31,121.27566127796507
2001-02-01,123.5804676547599
2001-02-02,124.15929427922062
2001-02-05,123.38673908833495
2001-02-06,123.49063768875878
2001-02-07,123.24466976811065
2001-02-08,124.34725371640161
2001-02-09,123.10883178428678
2001-02-12,124.28732033334107
2001-02-13,124.40230648053785
2001-02-14,125.12257080725621
2001-02-15,125.39277329935076
2001-02-16,125.94720550021286
2001-02-19,125.02948031457268
2001-02-20,125.0407884790996
2001-02-21,124.09661917396532
2001-02-22,125.12593389455779
2001-02-23,126.52829638215717
2001-02-26,126.3028954207275
2001-02-27,127.22734056682891
2001-02-28,128.35532245816728
2001-03-01,127.96267927340794
2001-03-02,131.84535377274028
2001-03-05,131.3077904283875
2001-03-06,130.890574989347
2001-03-07,130.84052060144057
2001-03-08,128.03697978931504
2001-03-09,130.16878627690542
2001-03-12,133.07065208421312
2001-03-13,133.34926104008477
2001-03-14,132.68510693101123
2001-03-15,133.08576580948903
2001-03-16,131.66542878766677
2001-03-19,128.49386860085653
2001-03-20,129.1499689588614
2001-03-21,129.88329444212886
2001-03-22,132.69241700058743
2001-03-23,132.15729636362366
2001-03-26,131.19759703645835
2001-03-27,130.67594749261585
2001-03-28,128.70591597258345
2001-03-29,129.6301809887884
2001-03-30,132.02808443098007
2001-04-02,134.27503284185306
2001-04-03,133.502991743188
2001-04-04,132.6004354138361
2001-04-05,133.63448351364747
2001-04-06,134.34520691603052
2001-04-09,133.3420713188594
2001-04-10,134.37286641568244
2001-04-11,134.23578565446667
2001-04-12,132.53006357176682
2001-04-13,131.7784314803839
2001-04-16,132.88589243196904
2001-04-17,132.17190260889527
2001-04-18,132.22218764764634
2001-04-19,133.62645780115184
2001-04-20,132.3086357051829
2001-04-23,133.9550723865476
2001-04-24,134.99908275997055
2001-04-25,134.14462267530988
2001-04-26,134.1461213299812
2001-04-27,136.06461446738035
2001-04-30,137.30414588789287
2001-05-01,135.4463254992672
2001-05-02,136.04271326668123
2001-05-03,135.09999943272518
2001-05-04,132.88530146383204
2001-05-07,132.33584779863443
2001-05-08,132.6823626329954
2001-05-09,134.47308681151452
2001-05-10,133.57481061472913
2001-05-11,133.81697147005457
2001-05-14,137.45226181246207
2001-05-15,139.71638516332575
2001-05-16,137.99116520763107
2001-05-17,139.54040748856727
2001-05-18,137.0746909478004
2001-05-21,136.29200336718193
2001-05-22,136.4157664087625
2001-05-23,135.69829335648495
2001-05-24,135.51805196412417
2001-05-25,135.82314435131372
2001-05-28,134.08793680772905
2001-05-29,134.43817728184163
2001-05-30,136.46479450295482
2001-05-31,138.46341158821625
2001-06-01,137.854976532245
2001-06-04,136.9500933145823
2001-06-05,135.75997459241933
2001-06-06,137.88181381933038
2001-06-07,138.96616550217507
2001-06-08,139.39110844521986
2001-06-11,140.59280844853086
2001-06-12,141.52629636905044
2001-06-13,141.40429602038412
2001-06-14,143.41969433152065
2001-06-15,145.52820453413185
2001-06-18,144.70415035788355
2001-06-19,142.9253114422674
2001-06-20,142.29491393783903
2001-06-21,143.53142306632867
2001-06-22,142.3588129051913
2001-06-25,140.67072771090824
2001-06-26,138.5553623737639
2001-06-27,138.42646111723883
2001-06-28,137.8617996682657
2001-06-29,134.42272582202662
2001-07-02,136.09570725269296
2001-07-03,136.84144719286584
2001-07-04,137.28537567749433
2001-07-05,136.92941965905658
2001-07-06,138.36948957019317
2001-07-09,138.499965289304
2001-07-10,138.31349584074343
2001-07-11,139.52178523711015
2001-07-12,140.73218115530577
2001-07-13,140.36214792481897
2001-07-16,138.39664341740533
2001-07-17,137.29675611125174
2001-07-18,138.83315992350384
2001-07-19,139.27084646318838
2001-07-20,138.26046681322617
2001-07-23,140.7570424979628
2001-07-24,139.75374055803061
2001-07-25,140.13418060873428
2001-07-26,139.50181212394034
2001-07-27,138.83326024796014
2001-07-30,137.0202221403288
2001-07-31,138.1395357232326
2001-08-01,138.6502495450398
2001-08-02,137.02304057593804
2001-08-03,139.76206110625844
2001-08-06,137.2647458010657
2001-08-07,137.188082717227
2001-08-08,137.09536356039672
2001-08-09,136.53926318042295
2001-08-10,138.17031883630747
2001-08-13,136.87572258214146
2001-08-14,136.20351047967822
2001-08-15,133.98286214978648
2001-08-16,135.1344639820466
2001-08-17,135.96030787812998
2001-08-20,133.74375413202634
2001-08-21,134.44094481494918
2001-08-22,134.772484804548
2001-08-23,136.13813222919495
2001-08-24,134.47797950784235
2001-08-27,135.7511859217562
2001-08-28,134.86461970239208
2001-08-29,134.0256925202072
2001-08-30,135.02751639705303
2001-08-31,133.4623243636908
2001-09-03,136.01823203265988
2001-09-04,134.6488040321738
2001-09-05,134.09602682856746
2001-09-06,132.60888301416293
2001-09-07,132.54138431978686
2001-09-10,131.83690518048215
2001-09-11,132.3843773496486
2001-09-12,131.73577381225363
2001-09-13,132.1287642651711
2001-09-14,132.6477230213007
2001-09-17,132.97627400887194
2001-09-18,131.29561619110606
2001-09-19,131.6279531917538
2001-09-20,131.4892207849042
2001-09-21,133.22021742477938
2001-09-24,134.6296536636312
2001-09-25,137.66634128024165
2001-09-26,140.55211824622577
2001-09-27,139.97785650097285
2001-09-28,139.17961499452113
2001-10-01,138.64943448223315
2001-10-02,139.67799414157946
2001-10-03,142.05813699043125
2001-10-04,142.51327774923496
2001-10-05,139.85121630608614
2001-10-08,143.3019727739095
2001-10-09,144.3442626797409
2001-10-10,145.44345677244667
2001-10-11,146.39241222289394
2001-10-12,146.3967346824884
2001-10-15,146.53652285727
2001-10-16,145.51788672979487
2001-10-17,148.08650911462914
2001-10-18,149.39337459441688
2001-10-19,150.7826292299548
2001-10-22,151.04554316780712
2001-10-23,149.47501364989412
2001-10-24,150.89928037304418
2001-10-25,151.5738346426788
2001-10-26,150.86968149031895
2001-10-29,151.00122522899173
2001-10-30,150.33512911028234
2001-10-31,149.1501805741282
2001-11-01,147.99203564908166
2001-11-02,147.02616897322943
2001-11-05,147.4045378728322
2001-11-06,146.8304198670252
2001-11-07,145.79759476963997
2001-11-08,146.43627717459864
2001-11-09,149.95479485212758
2001-11-12,147.60680197824217
2001-11-13,146.5457147926482
2001-11-14,146.05638799681765
2001-11-15,142.03229220403156
2001-11-16,142.60717842815788
2001-11-19,141.71983322371094
2001-11-20,141.72600006383345
2001-11-21,142.01143745275036
2001-11-22,140.82363062463045
2001-11-23,139.3218048420487
2001-11-26,141.27672537133816
2001-11-27,139.54606187630358
2001-11-28,138.87284362207345
2001-11-29,139.58866233499464
2001-11-30,140.83711450623144
2001-12-03,141.10481695142298
2001-12-04,140.58186595513465
2001-12-05,139.80948319984998
2001-12-06,138.20587115065936
2001-12-07,139.21395737525532
2001-12-10,140.55638710469918
2001-12-11,144.06418637039096
2001-12-12,143.8227264558038
2001-12-13,149.73170935822506
2001-12-14,151.85632359484967
2001-12-17,154.3411703181421
2001-12-18,154.6013634200159
2001-12-19,156.89064637887188
2001-12-20,155.96017203805354
2001-12-21,156.24780874375563
2001-12-24,157.88515597852282
2001-12-25,158.58059401066413
2001-12-26,158.336497226543
2001-12-27,161.14106018337455
2001-12-28,160.07859032119404
2001-12-31,157.85420106195656
2002-01-01,158.93474008088114
2002-01-02,156.9840235895278
2002-01-03,158.9014327372779
2002-01-04,156.28224347228536
2002-01-07,153.90672565118692
2002-01-08,154.62654592943284
2002-01-09,153.32194461100488
2002-01-10,152.45565921817484
2002-01-11,151.81455916803475
2002-01-14,152.2155936526264
2002-01-15,151.8163447880067
2002-01-16,151.97828442474113
2002-01-17,152.54127768999376
2002-01-18,154.14422907871827
2002-01-21,151.02999940324668
2002-01-22,150.84739545942506
2002-01-23,152.09996099946784
2002-01-24,152.94294681758888
2002-01-25,153.39380400938964
2002-01-28,153.576140448948
2002-01-29,153.21123149263147
2002-01-30,152.46915213591117
2002-01-31,154.4867312702914
2002-02-01,151.66534165196302
2002-02-04,153.31883411725218
2002-02-05,151.91806472684874
2002-02-06,152.71403449139558
2002-02-07,154.84427494533475
2002-02-08,156.6870000281851
2002-02-11,158.01610761205882
2002-02-12,158.74249831051156
2002-02-13,160.07136174854938
2002-02-14,162.13893958331266
2002-02-15,160.2264629860073
2002-02-18,159.44126442063796
2002-02-19,162.78302096664882
2002-02-20,161.76944326878245
2002-02-21,159.93855443450158
2002-02-22,161.94948892848296
2002-02-25,163.72682061554409
2002-02-26,163.57525158654158
2002-02-27,167.40701124902844
2002-02-28,167.2001618398011
2002-03-01,164.7068282250644
2002-03-04,166.06880260516138
2002-03-05,164.65540720359434
2002-03-06,164.78959831972213
2002-03-07,167.6406872461727
2002-03-08,169.27487228969
2002-03-11,169.8591595474649
2002-03-12,167.9609791585133
2002-03-13,169.99256849765666
2002-03-14,168.77003331212188
2002-03-15,166.29639919969557
2002-03-18,165.9837953993371
2002-03-19,165.70990446430162
2002-03-20,165.6328133726354
2002-03-21,166.40514272998303
2002-03-22,166.87730630958032
2002-03-25,166.13115164654405
2002-03-26,166.56131323233882
2002-03-27,166.21302108728048
2002-03-28,168.4014805450256
2002-03-29,168.60254731311213
2002-04-01,167.64255069611127
2002-04-02,170.0208006266522
2002-04-03,167.0715464921136
2002-04-04,168.5830276979545
2002-04-05,168.27165712285134
2002-04-08,167.89821319134228
2002-04-09,166.6569637261819
2002-04-10,166.22345377577642
2002-04-11,166.73255923792817
2002-04-12,167.9242020972438
2002-04-15,168.35961787622765
2002-04-16,169.2669182540651
2002-04-17,171.8883555764256
2002-04-18,174.6970851253593
2002-04-19,174.5270377863805
2002-04-22,171.64115924628365
2002-04-23,167.63042953977933
2002-04-24,168.63692247542355
2002-04-25,168.03351791892172
2002-04-26,166.41132260693686
2002-04-29,167.81322424786075
2002-04-30,168.21563386478627
2002-05-01,169.34539472975533
2002-05-02,170.07710797772313
2002-05-03,171.4074944217199
2002-05-06,173.08759078693504
2002-05-07,174.65362172989714
2002-05-08,176.59012692987443
2002-05-09,175.6438962396755
2002-05-10,176.5803959135444
2002-05-13,178.42533777100365
2002-05-14,177.14225521703318
2002-05-15,176.50416059658951
2002-05-16,175.36640549187172
2002-05-17,175.91319998829712
2002-05-20,177.8476705617267
2002-05-21,174.93275409320967
2002-05-22,175.81738193677984
2002-05-23,177.6580021371445
2002-05-24,176.09756500374093
2002-05-27,175.07718976764147
2002-05-28,173.09460640629425
2002-05-29,170.86187422908802
2002-05-30,171.56155902195113
2002-05-31,170.20201194709492
2002-06-03,166.58092417771644
2002-06-04,164.37665759813368
2002-06-05,163.59507077948524
2002-06-06,166.28687107531422
2002-06-07,165.7963319252782
2002-06-10,165.63454480749022
2002-06-11,164.45567085826357
2002-06-12,165.61568691749645
2002-06-13,165.58870769239348
2002-06-14,167.99027129757536
2002-06-17,168.04418298922198
2002-06-18,170.55767505363318
2002-06-19,170.98714938505242
2002-06-20,169.23048745493196
2002-06-21,167.6529844208692
2002-06-24,164.6082456031883
2002-06-25,162.7287069998199
2002-06-26,164.9683096294177
2002-06-27,164.50216190228784
2002-06-28,165.34951785929357
2002-07-01,165.69776097482097
2002-07-02,166.53527844260216
2002-07-03,163.09775981849498
2002-07-04,160.5465938786229
2002-07-05,165.72593643155105
2002-07-08,168.15234138148628
2002-07-09,163.90195318638433
2002-07-10,163.46205182703565
2002-07-11,163.97525095035368
2002-07-12,164.24229726032982
2002-07-15,166.55176070779254
2002-07-16,166.39913237306698
2002-07-17,163.82096912585703
2002-07-18,161.32330197874555
2002-07-19,158.40910321153606
2002-07-22,158.3789601377507
2002-07-23,156.23421198343237
2002-07-24,157.42261835397073
2002-07-25,155.43205234243888
2002-07-26,156.3261012941849
2002-07-29,156.28237696116057
2002-07-30,156.99846616146317
2002-07-31,158.22284778314534
2002-08-01,158.67665713219722
2002-08-02,155.88616516872858
2002-08-05,157.80321064363326
2002-08-06,157.7460310246818
2002-08-07,156.96361674734024
2002-08-08,155.94956143452046
2002-08-09,157.82341188952535
2002-08-12,157.51863989960208
2002-08-13,158.3384947673232
2002-08-14,159.9846991347803
2002-08-15,160.63594926879256
2002-08-16,161.07862596550183
2002-08-19,159.76843912595442
2002-08-20,157.60400128672305
2002-08-21,157.6350249356058
2002-08-22,156.6841396430033
2002-08-23,159.07482396968152
2002-08-26,160.26439797517133
2002-08-27,160.96088586001946
2002-08-28,163.85619346911082
2002-08-29,161.8138442629122
2002-08-30,160.5340307588441
2002-09-02,158.83330820764095
2002-09-03,158.96069604603426
2002-09-04,162.11969535586869
2002-09-05,160.46592732750636
2002-09-06,160.03460861581246
2002-09-09,157.0164751865788
2002-09-10,158.99322819849468
2002-09-11,158.7270301413714
2002-09-12,158.95900320116016
2002-09-13,156.7969268058595
2002-09-16,160.3612999629264
2002-09-17,159.25497976522772
2002-09-18,159.0913350722335
2002-09-19,160.17337070243983
2002-09-20,161.57318870903597
2002-09-23,162.72527298757495
2002-09-24,159.88253960880786
2002-09-25,160.02512436825583
2002-09-26,160.66989461929978
2002-09-27,163.45559142784356
2002-09-30,166.53908505454106
2002-10-01,164.86080949603115
2002-10-02,165.02109134915085
2002-10-03,163.7809659604375
2002-10-04,163.29144410706112
2002-10-07,162.4141982937412
2002-10-08,159.88163278191675
2002-10-09,163.31977711512636
2002-10-10,163.28655876652232
2002-10-11,163.1745614070262
2002-10-14,164.71469698493087
2002-10-15,165.7266911915469
2002-10-16,164.35319247797418
2002-10-17,163.73935686441982
2002-10-18,162.63670630650955
2002-10-21,165.2577073268974
2002-10-22,163.77370046725534
2002-10-23,165.8346767687257
2002-10-24,166.20639784892091
2002-10-25,164.87615824338081
2002-10-28,162.96836192237325
2002-10-29,163.31041974508872
2002-10-30,163.7404617532742
2002-10-31,163.3717879322638
2002-11-01,163.0145311312877
2002-11-04,164.6948728363719
2002-11-05,162.19325391402194
2002-11-06,163.43975536259035
2002-11-07,158.44950881766414
2002-11-08,157.21214698868704
2002-11-11,156.76435406066648
2002-11-12,160.49581027987344
2002-11-13,161.15655440662536
2002-11-14,159.13629233675428
2002-11-15,156.1556883164401
2002-11-18,154.54856327397266
2002-11-19,155.51253275947113
2002-11-20,154.5244494413338
2002-11-21,153.79779867607743
2002-11-22,155.73615807533898
2002-11-25,156.1572838389579
2002-11-26,156.4902903466568
2002-11-27,155.2963617333515
2002-11-28,153.5756578155858
2002-11-29,152.26356301678413
2002-12-02,150.6355009623951
2002-12-03,150.52760659712217
2002-12-04,151.5693970874646
2002-12-05,152.49815522720877
2002-12-06,153.41859378210376
2002-12-09,153.680471726888
2002-12-10,152.67964183848687
2002-12-11,151.3095329868178
2002-12-12,149.94746497737208
2002-12-13,152.73552658460932
2002-12-16,152.7541723986483
2002-12-17,152.02883685369153
2002-12-18,152.2300529603577
2002-12-19,152.35543226158146
2002-12-20,150.19244598611755
2002-12-23,147.677463530159
2002-12-24,146.47591281933373
2002-12-25,146.8032302064665
2002-12-26,149.52765176476584
2002-12-27,147.09336007785663
2002-12-30,147.83285099303586
2002-12-31,148.45510657263827
2003-01-01,147.9040814632447
2003-01-02,149.11027309712122
2003-01-03,147.80879436891453
2003-01-06,146.08993918536743
2003-01-07,147.689242999067
2003-01-08,143.0823997987947
2003-01-09,142.94458594150564
2003-01-10,142.37172840447383
2003-01-13,141.76517760506457
2003-01-14,139.9157019858311
2003-01-15,142.41488612084672
2003-01-16,146.51226370482937
2003-01-17,143.68764887489687
2003-01-20,143.23846942433352
2003-01-21,141.60273396858
2003-01-22,139.26954454729298
2003-01-23,140.01076076190057
2003-01-24,137.68794499201232
2003-01-27,135.60155975935265
2003-01-28,136.23097974152157
2003-01-29,137.14510676475044
2003-01-30,136.74132228829413
2003-01-31,134.68915130524783
2003-02-03,133.29706549603995
2003-02-04,133.03136854495062
2003-02-05,134.53985089823433
2003-02-06,134.20228074346085
2003-02-07,133.36430445688643
2003-02-10,133.11551385488195
2003-02-11,135.3489969855773
2003-02-12,133.69087285678384
2003-02-13,132.10796170913676
2003-02-14,134.34573539687642
2003-02-17,133.8033199499608
2003-02-18,134.5653844624972
2003-02-19,134.67059845283288
2003-02-20,135.34001143002283
2003-02-21,137.81149753435673
2003-02-24,136.57041300079473
2003-02-25,136.27952340687784
2003-02-26,135.90914886268607
2003-02-27,137.06054729800627
2003-02-28,134.8389335632516
2003-03-03,135.65007088652547
2003-03-04,134.2550569156485
2003-03-05,133.3789826562711
2003-03-06,134.29869917582604
2003-03-07,134.4383353173327
2003-03-10,134.33533581678054
2003-03-11,135.1552700707215
2003-03-12,136.25642211915542
2003-03-13,134.7543666102814
2003-03-14,134.1640526290101
2003-03-17,133.30774658823515
2003-03-18,133.04955658788694
2003-03-19,131.14083027365837
2003-03-20,132.69760607687363
2003-03-21,133.11834835541316
2003-03-24,132.20975467636097
2003-03-25,132.91276736050557
2003-03-26,134.70006281714336
2003-03-27,137.28306477111022
2003-03-28,136.1171163812178
2003-03-31,136.40240708177566
2003-04-01,134.83626314848263
2003-04-02,136.96018983856598
2003-04-03,136.01216695624507
2003-04-04,133.64019865228315
2003-04-07,134.03936878892054
2003-04-08,135.74369483573776
2003-04-09,135.42213027014162
2003-04-10,135.36576208421204
2003-04-11,135.54176182932486
2003-04-14,135.76127300123778
2003-04-15,135.63554617749625
2003-04-16,135.25575520809056
2003-04-17,134.95625317541078
2003-04-18,138.07250632353728
2003-04-21,137.94982402186076
2003-04-22,137.70616892783858
2003-04-23,139.75309612652728
2003-04-24,139.30480167197516
2003-04-25,141.83661197809914
2003-04-28,143.01147870495504
2003-04-29,142.39579912817325
2003-04-30,143.59472024171572
2003-05-01,141.04826008967913
2003-05-02,141.72140015687825
2003-05-05,140.4687478115432
2003-05-06,141.27241598830028
2003-05-07,139.32969457478217
2003-05-08,138.57809210246845
2003-05-09,138.88871411975296
2003-05-12,141.2327180903233
2003-05-13,141.07993920852158
2003-05-14,142.21362051452869
2003-05-15,143.74057312684084
2003-05-16,143.22694724974568
2003-05-19,144.29934219227675
2003-05-20,144.3020843655126
2003-05-21,142.3351620976188
2003-05-22,142.66297047780495
2003-05-23,143.0371181074431
2003-05-26,142.48314092623457
2003-05-27,141.36475958546498
2003-05-28,142.80645136894205
2003-05-29,141.1885251780184
2003-05-30,141.9815196212002
2003-06-02,139.7351427247713
2003-06-03,138.86075514101194
2003-06-04,141.01030192335992
2003-06-05,141.28948759186412
2003-06-06,140.59147434940607
2003-06-09,138.7710906994517
2003-06-10,137.9336550073896
2003-06-11,136.81452132820112
2003-06-12,136.54227757222088
2003-06-13,136.38528468933654
2003-06-16,138.4559389333312
2003-06-17,137.03086168293882
2003-06-18,135.44707437525832
2003-06-19,135.88741633361076
2003-06-20,136.72963031726295
2003-06-23,136.80124851997556
2003-06-24,137.46790045465207
2003-06-25,137.8502006188718
2003-06-26,140.1832743126166
2003-06-27,140.0660684048995
2003-06-30,140.14998675082848
2003-07-01,140.98429735720777
2003-07-02,137.61005765491717
2003-07-03,135.59828657153597
2003-07-04,135.05830527116512
2003-07-07,134.44812001241337
2003-07-08,134.405474466853
2003-07-09,133.44576004464074
2003-07-10,133.24756723031228
2003-07-11,137.39838968630335
2003-07-14,138.000445588871
2003-07-15,138.13063594003228
2003-07-16,141.09522585472206
2003-07-17,140.37172859507717
2003-07-18,139.4131548917691
2003-07-21,139.98166081884852
2003-07-22,141.0271607007562
2003-07-23,139.49062908306752
2003-07-24,139.22781821000666
2003-07-25,139.24489820212767
2003-07-28,141.21052327177784
2003-07-29,141.60434037010168
2003-07-30,139.79122650470416
2003-07-31,138.62403980191698
2003-08-01,142.51069826687151
2003-08-04,144.85066756973916
2003-08-05,144.2536876103627
2003-08-06,144.78231083121565
2003-08-07,144.57530005834076
2003-08-08,143.77511637795098
2003-08-11,143.14516792209423
2003-08-12,141.9409623760538
2003-08-13,142.403274680679
2003-08-14,141.48490896488295
2003-08-15,142.3112213175119
2003-08-18,142.01580095142558
2003-08-19,142.93425824257167
2003-08-20,142.66606034136535
2003-08-21,140.47118294887485
2003-08-22,140.46639870513627
2003-08-25,140.4070075997917
2003-08-26,142.29199108154646
2003-08-27,142.02061623889307
2003-08-28,141.95309085550346
2003-08-29,144.20047949058159
2003-09-01,144.65876973571326
2003-09-02,141.96627392823137
2003-09-03,143.73046759731477
2003-09-04,143.85724949682924
2003-09-05,142.57450878403628
2003-09-08,141.40864319260137
2003-09-09,141.8099119968246
2003-09-10,144.18457699934677
2003-09-11,147.01825727151189
2003-09-12,145.4770896947794
2003-09-15,143.41472803743576
2003-09-16,142.74947489766674
2003-09-17,143.43356128117208
2003-09-18,142.73338534024697
2003-09-19,144.5261088415666
2003-09-22,140.64605320654815
2003-09-23,143.40618846262862
2003-09-24,144.6857403521977
2003-09-25,145.2565681706137
2003-09-26,145.50063356403712
2003-09-29,146.59630534977256
2003-09-30,149.50965223677775
2003-10-01,150.53710955718088
2003-10-02,148.15594405095698
2003-10-03,148.89722341700065
2003-10-06,148.32926216782337
2003-10-07,150.4087686408435
2003-10-08,150.11591582889804
2003-10-09,152.06232325089465
2003-10-10,152.78464445159713
2003-10-13,152.70534001633266
2003-10-14,154.12592718824055
2003-10-15,154.73634347671845
2003-10-16,154.79527755410584
2003-10-17,155.05946173120682
2003-10-20,155.3919874585446
2003-10-21,157.14012188146395
2003-10-22,156.27792927950287
2003-10-23,153.9212110173527
2003-10-24,155.24861207233408
2003-10-27,155.89865466328652
2003-10-28,154.31709788657005
2003-10-29,151.77513713656757
2003-10-30,153.73555516732665
2003-10-31,154.04539278107353
2003-11-03,154.24166922067175
2003-11-04,155.0215539351665
2003-11-05,154.51201381801653
2003-11-06,153.86829870621307
2003-11-07,156.75854482595997
2003-11-10,152.58711144008285
2003-11-11,155.58909141908268
2003-11-12,154.9921946603756
2003-11-13,155.64559165022627
2003-11-14,156.63692969386574
2003-11-17,156.24550641521228
2003-11-18,155.22451096024537
2003-11-19,155.2708689726777
2003-11-20,155.5306146397159
2003-11-21,154.05628686702326
2003-11-24,152.12087940097206
2003-11-25,153.19483061604853
2003-11-26,152.50673301619565
2003-11-27,153.15736081245132
2003-11-28,150.58331735580484
2003-12-01,154.14010968814486
2003-12-02,152.94973265443048
2003-12-03,151.05025255935269
2003-12-04,152.02116298623704
2003-12-05,151.77553682103385
2003-12-08,151.68705360318685
2003-12-09,150.29322534049248
2003-12-10,151.7249431581029
2003-12-11,154.43535825574656
2003-12-12,152.15711760791578
2003-12-15,153.58745569072713
2003-12-16,153.1802037526504
2003-12-17,153.83254280355035
2003-12-18,153.71836964276474
2003-12-19,151.3596535662692
2003-12-22,151.9692737509381
2003-12-23,151.52444281662213
2003-12-24,153.03642801261347
2003-12-25,152.16872076207912
2003-12-26,149.5366612111455
2003-12-29,149.68492247596134
2003-12-30,150.78880970516119
2003-12-31,151.94745629223883
2004-01-01,152.02496830444673
2004-01-02,150.20418676164954
2004-01-05,151.48749346690454
2004-01-06,153.72633130994848
2004-01-07,153.20090462610207
2004-01-08,153.39225568839444
2004-01-09,154.11283244334157
2004-01-12,155.42292147503488
2004-01-13,157.2957781615097
2004-01-14,155.51808963330902
2004-01-15,156.19385060364502
2004-01-16,159.2464351423234
2004-01-19,157.64944263928967
2004-01-20,159.19284769241003
2004-01-21,159.26618438705015
2004-01-22,159.29312992759992
2004-01-23,159.32275647564393
2004-01-26,160.1574401081725
2004-01-27,157.49113570391023
2004-01-28,154.69568464238097
2004-01-29,153.38369799364003
2004-01-30,151.0524663530762
2004-02-02,151.9811261393807
2004-02-03,152.65520396831954
2004-02-04,153.90294818934424
2004-02-05,152.16465863942773
2004-02-06,153.11863542463516
2004-02-09,150.28904874389434
2004-02-10,150.42972197736867
2004-02-11,149.15336357397263
2004-02-12,147.53024137418075
2004-02-13,148.01864325892615
2004-02-16,148.92971929608592
2004-02-17,148.63875653670107
2004-02-18,147.05405167014962
2004-02-19,148.53736658992898
2004-02-20,149.65940541366115
2004-02-23,148.48938863921765
2004-02-24,149.79597115896277
2004-02-25,152.53722037670286
2004-02-26,152.57757171440224
2004-02-27,149.82751377368163
2004-03-01,151.50527444802336
2004-03-02,154.25663328203748
2004-03-03,152.64092440390843
2004-03-04,150.16980409246352
2004-03-05,149.9491163402408
2004-03-08,150.39436776577844
2004-03-09,149.26309806588284
2004-03-10,152.9531025229049
2004-03-11,152.92369836773034
2004-03-12,156.10257399871662
2004-03-15,153.4078004577832
2004-03-16,150.06835345009313
2004-03-17,151.1740198001146
2004-03-18,151.6406404656394
2004-03-19,150.21210747937684
2004-03-22,153.7373282859091
2004-03-23,152.17089464781515
2004-03-24,151.22734224130474
2004-03-25,152.1609557243872
2004-03-26,153.2846092063491
2004-03-29,152.1423564885027
2004-03-30,152.66345460651732
2004-03-31,153.24949858005783
2004-04-01,152.62921613687135
2004-04-02,151.73503858094952
2004-04-05,149.83870625321575
2004-04-06,149.29709449247756
2004-04-07,149.92510866273977
2004-04-08,151.29831740971775
2004-04-09,152.09348059728745
2004-04-12,154.48256783224224
2004-04-13,151.9808049764911
2004-04-14,150.64620699334566
2004-04-15,150.32132548649955
2004-04-16,152.01148442507284
2004-04-19,155.95955185159548
2004-04-20,154.8364987032532
2004-04-21,154.72578403032767
2004-04-22,154.99905213795557
2004-04-23,157.4670972004697
2004-04-26,158.43185549921802
2004-04-27,156.08889174972646
2004-04-28,154.87388531098802
2004-04-29,155.74771760940322
2004-04-30,158.29971380751527
2004-05-03,154.7088708214303
2004-05-04,151.40220093835813
2004-05-05,151.57199005260495
2004-05-06,154.10595014543594
2004-05-07,153.85093451207862
2004-05-10,153.27613701461578
2004-05-11,153.30655114138054
2004-05-12,153.75239826548747
2004-05-13,154.86264751515165
2004-05-14,154.82753755840977
2004-05-17,154.7112322396014
2004-05-18,155.04560452646103
2004-05-19,157.50785563150757
2004-05-20,158.43326011427078
2004-05-21,163.27268300141247
2004-05-24,163.128517267365
2004-05-25,161.46424858129055
2004-05-26,165.57249488608613
2004-05-27,167.42149846830077
2004-05-28,167.35020498458292
2004-05-31,168.01884647398444
2004-06-01,166.2073435716161
2004-06-02,162.66992290903767
2004-06-03,160.80547531430275
2004-06-04,158.3204484718082
2004-06-07,157.38272626919218
2004-06-08,155.59209179193218
2004-06-09,156.47205596002988
2004-06-10,158.9069986754394
2004-06-11,159.1290407719451
2004-06-14,160.5578538343703
2004-06-15,161.24508134127694
2004-06-16,161.90525632436476
2004-06-17,161.92822245052818
2004-06-18,160.06264249086982
2004-06-21,161.5015712765971
2004-06-22,164.01287883682764
2004-06-23,163.49948098690638
2004-06-24,164.1936230728404
2004-06-25,164.76539236395254
2004-06-28,165.96357039503178
2004-06-29,165.02633130881165
2004-06-30,166.61060546702183
2004-07-01,163.1003810087137
2004-07-02,160.96306136031134
2004-07-05,160.717493012745
2004-07-06,159.42176693817163
2004-07-07,160.59068403774214
2004-07-08,160.54454787043164
2004-07-09,160.46671314686498
2004-07-12,158.76201623968225
2004-07-13,157.8708800961131
2004-07-14,158.30787585525545
2004-07-15,161.27496136631166
2004-07-16,159.28874573636233
2004-07-19,160.94128156239734
2004-07-20,161.91402949326763
2004-07-21,164.0331016779517
2004-07-22,163.86930248766242
2004-07-23,164.95396827372815
2004-07-26,164.98720429786414
2004-07-27,166.87254263232114
2004-07-28,165.72152334459898
2004-07-29,165.7931567263238
2004-07-30,164.42970816508384
2004-08-02,163.71881617712833
2004-08-03,164.07964274204699
2004-08-04,161.41221683317696
2004-08-05,160.3707042831582
2004-08-06,159.98484481244859
2004-08-09,163.33185666191085
2004-08-10,160.62149173504883
2004-08-11,159.4754317242017
2004-08-12,158.11783809846088
2004-08-13,156.91479935045479
2004-08-16,154.93333501244862
2004-08-17,155.140589365062
2004-08-18,156.3538440605702
2004-08-19,155.85535643455552
2004-08-20,155.91615819867883
2004-08-23,152.52009341322884
2004-08-24,153.77457378464948
2004-08-25,152.8646346215069
2004-08-26,150.675334212529
2004-08-27,152.61858768724395
2004-08-30,156.89229054014154
2004-08-31,155.49280142786637
2004-09-01,155.31947050155023
2004-09-02,154.34376281182472
2004-09-03,151.8043509362063
2004-09-06,152.27860549357345
2004-09-07,151.78801479624724
2004-09-08,151.70549609425117
2004-09-09,149.30491125183306
2004-09-10,148.359501504913
2004-09-13,146.6746866169153
2004-09-14,146.73365028577206
2004-09-15,148.312641512269
2004-09-16,148.41938388489257
2004-09-17,148.04741777271138
2004-09-20,148.5370037864457
2004-09-21,148.32780520807836
2004-09-22,147.75184768400754
2004-09-23,149.79979276306742
2004-09-24,153.03571352525717
2004-09-27,153.8792390624355
2004-09-28,154.7461321299393
2004-09-29,154.43791845004827
2004-09-30,154.26552007104155
2004-10-01,154.82186828702154
2004-10-04,150.17348171665736
2004-10-05,153.5474430815956
2004-10-06,154.78221860957498
2004-10-07,155.1646998882698
2004-10-08,156.16217423477337
2004-10-11,155.60764089423665
2004-10-12,155.99199220780199
2004-10-13,157.51269126957794
2004-10-14,154.05711004947975
2004-10-15,152.21259865748456
2004-10-18,153.52291331676108
2004-10-19,154.5149366513563
2004-10-20,148.8119356128407
2004-10-21,148.39263387417316
2004-10-22,145.09902381696227
2004-10-25,145.64756359093766
2004-10-26,147.02424918163175
2004-10-27,149.85807524011753
2004-10-28,149.84999814771763
2004-10-29,149.1442849705553
2004-11-01,148.89230948438797
2004-11-02,150.16600982081684
2004-11-03,149.34097878385663
2004-11-04,149.53729407678648
2004-11-05,150.22442060851415
2004-11-08,148.1314571669171
2004-11-09,149.15697719055484
2004-11-10,150.12151080221994
2004-11-11,152.01758376224072
2004-11-12,150.2755779099757
2004-11-15,148.98807136749718
2004-11-16,148.2806805742631
2004-11-17,147.5736060080409
2004-11-18,149.97767053251806
2004-11-19,149.57503392702537
2004-11-22,148.4595377533894
2004-11-23,147.22763960290212
2004-11-24,145.92675466871685
2004-11-25,146.7881527419923
2004-11-26,145.07107742417648
2004-11-29,148.0689693689407
2004-11-30,150.110651818403
2004-12-01,149.74214033428802
2004-12-02,150.171232373866
2004-12-03,151.57948228908623
2004-12-06,152.06629295960886
2004-12-07,152.46058305513827
2004-12-08,150.07375133040276
2004-12-09,150.78413329153946
2004-12-10,152.12981169303205
2004-12-13,150.40015310465085
2004-12-14,150.29045591065844
2004-12-15,148.1771123648855
2004-12-16,146.01017251046198
2004-12-17,143.82357311128516
2004-12-20,144.57066111270035
2004-12-21,143.57104685608454
2004-12-22,145.40878030485055
2004-12-23,146.43444871565046
2004-12-24,144.56321117056854
2004-12-27,145.9238931821812
2004-12-28,144.942650668902
2004-12-29,144.65341004488414
2004-12-30,147.34435577745856
2004-12-31,147.33588528619435
2005-01-03,145.30426299323574
2005-01-04,144.69908100056185
2005-01-05,146.10537266069463
2005-01-06,144.47779226761966
2005-01-07,146.05936402964056
2005-01-10,144.71997742619672
2005-01-11,143.9854582462382
2005-01-12,144.95712863807321
2005-01-13,146.9494777703731
2005-01-14,146.29643390508016
2005-01-17,145.440169242595
2005-01-18,146.31354690188178
2005-01-19,145.30426964776277
2005-01-20,147.06696911455668
2005-01-21,148.0784831468751
2005-01-24,145.4912524881727
2005-01-25,148.57331984198757
2005-01-26,148.00638385463253
2005-01-27,146.68381270722102
2005-01-28,149.63659605272355
2005-01-31,148.31866866827733
2005-02-01,148.16006299230162
2005-02-02,146.51640256084102
2005-02-03,147.53075646706662
2005-02-04,146.0822281951593
2005-02-07,146.99734489484942
2005-02-08,147.81087610060524
2005-02-09,148.28426443464522
2005-02-10,150.29618700657937
2005-02-11,149.17905942008676
2005-02-14,148.36117444220616
2005-02-15,148.31060239794172
2005-02-16,147.97869749342334
2005-02-17,148.19485212520607
2005-02-18,146.83850996088125
2005-02-21,147.6240525153617
2005-02-22,148.5556631326727
2005-02-23,149.98451357668674
2005-02-24,150.37699837325218
2005-02-25,150.9494515206055
2005-02-28,150.62508199609834
2005-03-01,152.1755860967389
2005-03-02,151.40076179332547
2005-03-03,153.293328532266
2005-03-04,154.49072303747317
2005-03-07,150.68880596649896
2005-03-08,152.68396023799357
2005-03-09,152.203560254161
2005-03-10,155.17663690540337
2005-03-11,153.36225317367195
2005-03-14,151.57013081464
2005-03-15,150.51838193202153
2005-03-16,150.91406405250694
2005-03-17,152.77842658062417
2005-03-18,151.74525119998748
2005-03-21,150.64154670895687
2005-03-22,149.19017190626016
2005-03-23,148.33443220523742
2005-03-24,150.39079184112737
2005-03-25,149.35896396713522
2005-03-28,149.13487390735926
2005-03-29,150.57065883552414
2005-03-30,149.85700047831327
2005-03-31,150.05899695369072
2005-04-01,152.4119525465657
2005-04-04,151.12527250969458
2005-04-05,150.83219104484587
2005-04-06,151.14749536354967
2005-04-07,150.88081790357703
2005-04-08,151.28445464046663
2005-04-11,149.10579956243555
2005-04-12,150.57774999206194
2005-04-13,150.53308020133514
2005-04-14,150.93081801473832
2005-04-15,153.13716980192658
2005-04-18,153.35409435249628
2005-04-19,153.93752530395267
2005-04-20,152.9464414424158
2005-04-21,152.69542957959962
2005-04-22,151.66237422226544
2005-04-25,153.7720244417954
2005-04-26,152.93327341178585
2005-04-27,151.99435766739197
2005-04-28,151.65281750302856
2005-04-29,151.4781613519948
2005-05-02,151.82193973656993
2005-05-03,151.88944992813884
2005-05-04,152.5615553852074
2005-05-05,154.65152286375155
2005-05-06,158.7792123327327
2005-05-09,161.05480715930548
2005-05-10,161.26802402932984
2005-05-11,159.91967539486518
2005-05-12,158.9377082178235
2005-05-13,158.20388463145719
2005-05-16,161.7598918612312
2005-05-17,158.82798993080232
2005-05-18,160.17173202404916
2005-05-19,158.17689036854802
2005-05-20,158.73566341640378
2005-05-23,158.66889554839435
2005-05-24,160.5870727026107
2005-05-25,157.95457924469358
2005-05-26,158.57159139427876
2005-05-27,159.58174007636117
2005-05-30,160.1395679224562
2005-05-31,159.60139488072556
2005-06-01,159.16547564643966
2005-06-02,159.72369921852442
2005-06-03,158.51021283644585
2005-06-06,155.31241086104555
2005-06-07,153.80307238750962
2005-06-08,155.70188686529752
2005-06-09,155.16090204885106
2005-06-10,158.48942223129478
2005-06-13,157.64743741293543
2005-06-14,156.906652991891
2005-06-15,154.14742984044514
2005-06-16,151.92354977268675
2005-06-17,151.62739782660123
2005-06-20,152.63628823381856
2005-06-21,147.9777384540726
2005-06-22,143.90060675920506
2005-06-23,145.90162673142868
2005-06-24,146.2378917561431
2005-06-27,148.63288274271557
2005-06-28,149.78986559402742
2005-06-29,152.3056182230231
2005-06-30,151.99116390007111
2005-07-01,151.8694544416499
2005-07-04,149.2916354524898
2005-07-05,149.0780426960728
2005-07-06,148.43939584079527
2005-07-07,149.9697224816829
2005-07-08,149.620350080789
2005-07-11,145.52502562627708
2005-07-12,146.44602792168183
2005-07-13,146.67751023453934
2005-07-14,145.56235502467794
2005-07-15,149.1672497130239
2005-07-18,146.34259773250054
2005-07-19,146.9778938847734
2005-07-20,146.6118825720911
2005-07-21,145.32408099204545
2005-07-22,145.13889296335913
2005-07-25,143.78055893515702
2005-07-26,143.96451513916
2005-07-27,143.27448193784858
2005-07-28,141.82027164375185
2005-07-29,142.61788208926308
2005-08-01,145.37965318345013
2005-08-02,149.05188101457972
2005-08-03,148.8688746045937
2005-08-04,147.03759375461146
2005-08-05,147.19000970845374
2005-08-08,144.86201527413385
2005-08-09,145.78628777562633
2005-08-10,146.5534039366844
2005-08-11,146.23794525813125
2005-08-12,146.01010964760846
2005-08-15,144.5830642239121
2005-08-16,145.62007640832408
2005-08-17,145.20543645924982
2005-08-18,146.21873477128736
2005-08-19,148.3420622432111
2005-08-22,148.10636755175256
2005-08-23,148.579233896908
2005-08-24,145.74802255920804
2005-08-25,146.95706584496196
2005-08-26,146.6571831242642
2005-08-29,147.42113248139816
2005-08-30,143.0910062160565
2005-08-31,141.68795718098602
2005-09-01,142.64903693108855
2005-09-02,143.80355283926784
2005-09-05,142.9287588471202
2005-09-06,142.1974814372346
2005-09-07,143.46607850879286
2005-09-08,141.72393752161253
2005-09-09,140.5435681139211
2005-09-12,141.90682633478752
2005-09-13,142.41693593327574
2005-09-14,141.57670764075348
2005-09-15,146.21973828662203
2005-09-16,146.68473643469463
2005-09-19,146.9628452804209
2005-09-20,147.1645495422674
2005-09-21,147.089710572948
2005-09-22,148.5366342487574
2005-09-23,150.3583461449952
2005-09-26,150.02316154256738
2005-09-27,147.8947370972099
2005-09-28,147.29071668672546
2005-09-29,145.5413386288752
2005-09-30,147.9888348812589
2005-10-03,144.8497315989512
2005-10-04,145.5092716375786
2005-10-05,145.62235553693185
2005-10-06,143.2232320891457
2005-10-07,145.5506542711553
2005-10-10,146.93403157727064
2005-10-11,145.6874020372336
2005-10-12,145.35820514385867
2005-10-13,144.99610214242736
2005-10-14,148.9663813821422
2005-10-17,148.74548866385229
2005-10-18,147.18942997906274
2005-10-19,146.50025487037402
2005-10-20,147.83202668162872
2005-10-21,146.38807916488108
2005-10-24,144.2489869585286
2005-10-25,144.12590704514758
2005-10-26,141.53797547151112
2005-10-27,144.37202093665823
2005-10-28,145.708291023546
2005-10-31,148.74707917158034
2005-11-01,150.43731945790407
2005-11-02,152.27052064910015
2005-11-03,150.80432498540895
2005-11-04,151.49885164605018
2005-11-07,150.9628949716375
2005-11-08,151.44908292340858
2005-11-09,150.73032251765838
2005-11-10,150.2678424399446
2005-11-11,149.38479924861184
2005-11-14,149.88748116804055
2005-11-15,149.44500602365545
2005-11-16,150.93854844908807
2005-11-17,150.50799331490705
2005-11-18,148.40152158926477
2005-11-21,149.8089856571705
2005-11-22,150.593433153267
2005-11-23,149.3126355519683
2005-11-24,151.30786346584978
2005-11-25,153.51230831134006
2005-11-28,155.1267746259947
2005-11-29,154.08604801912023
2005-11-30,152.51179133536888
2005-12-01,153.77525570935993
2005-12-02,154.66671317348283
2005-12-05,158.4690993087551
2005-12-06,158.42148533037928
2005-12-07,158.71648510372358
2005-12-08,159.71236767120473
2005-12-09,157.60311288487986
2005-12-12,155.4265167905105
2005-12-13,155.99266929947305
2005-12-14,155.53260754717448
2005-12-15,153.62138800841103
2005-12-16,152.24309131021036
2005-12-19,152.1660210049209
2005-12-20,153.4697694762404
2005-12-21,153.16416155735155
2005-12-22,154.20559656932738
2005-12-23,155.35555633228302
2005-12-26,156.65798394063145
2005-12-27,157.06760625825075
2005-12-28,154.87505839774647
2005-12-29,153.96808782770387
2005-12-30,152.81888552682318
2006-01-02,152.44623211012697
2006-01-03,154.68296594429182
2006-01-04,154.44985534782109
2006-01-05,155.11012728239402
2006-01-06,154.40076640033035
2006-01-09,154.2280810116859
2006-01-10,156.77541863433677
2006-01-11,158.4812032632582
2006-01-12,156.1248624236695
2006-01-13,154.72999765075497
2006-01-16,154.80197684825242
2006-01-17,156.1597219349797
2006-01-18,154.27350842320874
2006-01-19,154.7475436999116
2006-01-20,154.59728106101116
2006-01-23,154.35681076700817
2006-01-24,155.07262447202908
2006-01-25,154.43476045923998
2006-01-26,156.170079698359
2006-01-27,157.18373376794645
2006-01-30,161.3870422032091
2006-01-31,162.5530589205311
2006-02-01,161.2536480341713
2006-02-02,162.6687347411001
2006-02-03,164.29126334796604
2006-02-06,161.86405950289495
2006-02-07,159.10780663686145
2006-02-08,158.03942894022106
2006-02-09,154.48489777081681
2006-02-10,153.09156088486765
2006-02-13,155.29281846950525
2006-02-14,156.09342358006268
2006-02-15,156.90592491696373
2006-02-16,159.54681306354257
2006-02-17,161.80857672114814
2006-02-20,161.89199340819516
2006-02-21,162.58994774671712
2006-02-22,162.0897422183297
2006-02-23,161.3957341553649
2006-02-24,159.2888750610949
2006-02-27,159.7605980657283
2006-02-28,160.09204035126055
2006-03-01,158.96701058350777
2006-03-02,157.28824212063074
2006-03-03,157.39494676125426
2006-03-06,157.93305726194563
2006-03-07,157.8843461119863
2006-03-08,155.03011114647003
2006-03-09,156.0712782917982
2006-03-10,159.19507002835022
2006-03-13,158.34121894731703
2006-03-14,155.60368861005492
2006-03-15,155.5462467866851
2006-03-16,156.49990873644924
2006-03-17,162.58509397508794
2006-03-20,162.31648663509793
2006-03-21,162.99024917275412
2006-03-22,164.07120443713546
2006-03-23,164.800482105428
2006-03-24,165.2708223122225
2006-03-27,168.2786800714349
2006-03-28,167.22586721521523
2006-03-29,166.1298444196643
2006-03-30,168.06560321978998
2006-03-31,172.414596438893
2006-04-03,173.43466406171444
2006-04-04,172.66689601836046
2006-04-05,174.0410753736799
2006-04-06,173.09602641973743
2006-04-07,171.0237479693858
2006-04-10,172.34287113715715
2006-04-11,172.41980903750274
2006-04-12,172.5256084470135
2006-04-13,170.49920342608775
2006-04-14,172.77633864687135
2006-04-17,170.9595259021882
2006-04-18,173.57216160832976
2006-04-19,170.5457083343097
2006-04-20,174.88093567998777
2006-04-21,175.5211731096022
2006-04-24,174.19409068608664
2006-04-25,170.96243016161839
2006-04-26,170.72386445429058
2006-04-27,172.696026366041
2006-04-28,171.75859320607782
2006-05-01,168.0777972885211
2006-05-02,171.17353828766414
2006-05-03,169.6116106868455
2006-05-04,169.5711510334782
2006-05-05,167.32060705063267
2006-05-08,167.80241817732576
2006-05-09,170.26081874805917
2006-05-10,172.17240841236043
2006-05-11,170.84298821308565
2006-05-12,167.12081022523998
2006-05-15,169.59218853950424
2006-05-16,166.14704522096167
2006-05-17,164.2851164207157
2006-05-18,163.0948126854158
2006-05-19,163.36920393667106
2006-05-22,166.05772405946342
2006-05-23,164.66851336217218
2006-05-24,164.54055878884392
2006-05-25,163.69263354144266
2006-05-26,161.1989314497859
2006-05-29,159.2443994673929
2006-05-30,157.37249885674785
2006-05-31,155.07725851457835
2006-06-01,153.26377814427372
2006-06-02,152.8950976775617
2006-06-05,153.96926225459632
2006-06-06,155.21547423455817
2006-06-07,156.8276546049106
2006-06-08,156.76933613886666
2006-06-09,156.6867003384742
2006-06-12,156.25556566379169
2006-06-13,156.1832052641979
2006-06-14,158.36835080252456
2006-06-15,158.18427314513397
2006-06-16,157.83922436653853
2006-06-19,157.2919024934546
2006-06-20,158.65964741985778
2006-06-21,158.31651437314062
2006-06-22,159.28793452123546
2006-06-23,161.42369553887198
2006-06-26,163.1497517383663
2006-06-27,162.58343230355433
2006-06-28,162.39619403189826
2006-06-29,160.36070001615477
2006-06-30,162.91046629995017
2006-07-03,162.474566141564
2006-07-04,162.88325744901888
2006-07-05,160.0346657213811
2006-07-06,162.61135231548454
2006-07-07,160.9185689840982
2006-07-10,166.38981609419795
2006-07-11,166.91323679943127
2006-07-12,165.60297529708018
2006-07-13,167.20248494720926
2006-07-14,166.24644381134382
2006-07-17,168.29418033989282
2006-07-18,167.28909384260956
2006-07-19,166.70795226184632
2006-07-20,163.76680313689502
2006-07-21,163.22589001546126
2006-07-24,161.15429382156412
2006-07-25,164.1152773382806
2006-07-26,164.778699857724
2006-07-27,168.48871829149283
2006-07-28,165.53953055663803
2006-07-31,167.23365452058152
2006-08-01,165.35649901183177
2006-08-02,164.1132703782174
2006-08-03,166.81288841932812
2006-08-04,167.13649124475364
2006-08-07,168.5960184360627
2006-08-08,169.800985881599
2006-08-09,169.8500202229701
2006-08-10,167.64663648555847
2006-08-11,170.68700104547116
2006-08-14,170.8916339212345
2006-08-15,169.2048537471169
2006-08-16,167.16233772233386
2006-08-17,168.1248534604682
2006-08-18,164.53072359026905
2006-08-21,165.54132263624203
2006-08-22,167.60831752189335
2006-08-23,171.10185628248246
2006-08-24,170.62045832011586
2006-08-25,173.19867988048534
2006-08-28,172.30153106255162
2006-08-29,173.04777710187585
2006-08-30,173.8312854536529
2006-08-31,176.05441929148702
2006-09-01,178.39015438900543
2006-09-04,179.36457125169937
2006-09-05,180.38492219015134
2006-09-06,183.1169282065611
2006-09-07,186.1543923629612
2006-09-08,184.96421708206785
2006-09-11,183.75768113849182
2006-09-12,185.66265982353406
2006-09-13,183.04691742386532
2006-09-14,182.18958861151998
2006-09-15,181.86956949445965
2006-09-18,180.38411519081743
2006-09-19,182.22931236067973
2006-09-20,182.06300767841225
2006-09-21,181.35794001631115
2006-09-22,179.97597473094848
2006-09-25,178.41251142843072
2006-09-26,179.84877805028046
2006-09-27,179.67779829385208
2006-09-28,178.81052142073668
2006-09-29,179.85098543652583
2006-10-02,182.07672243207924
2006-10-03,185.86820604969387
2006-10-04,183.65502540517613
2006-10-05,184.4592545157508
2006-10-06,180.3059819747813
2006-10-09,180.36054033275866
2006-10-10,179.88289529655526
2006-10-11,178.7295619615088
2006-10-12,176.82925973750437
2006-10-13,177.00114112624806
2006-10-16,175.07662649248118
2006-10-17,175.50430078138612
2006-10-18,176.21625460301942
2006-10-19,176.6991261924229
2006-10-20,176.90592822716224
2006-10-23,175.6256252026443
2006-10-24,175.1871675381976
2006-10-25,170.66849833904874
2006-10-26,176.73781505063818
2006-10-27,177.3080074898541
2006-10-30,178.9065301446747
2006-10-31,178.89151541261896
2006-11-01,179.7057912668824
2006-11-02,178.56725755184542
2006-11-03,181.0844524921641
2006-11-06,178.92477215544298
2006-11-07,174.45748002079034
2006-11-08,174.36823248672079
2006-11-09,171.36050145713955
2006-11-10,172.10853802621494
2006-11-13,169.42255746318517
2006-11-14,173.26652388463154
2006-11-15,175.4793173333311
2006-11-16,175.0445575874054
2006-11-17,176.48440690707383
2006-11-20,179.0467863724988
2006-11-21,178.43778681045822
2006-11-22,180.13721484268527
2006-11-23,181.64527566677737
2006-11-24,178.2534099064982
2006-11-27,178.79802017199063
2006-11-28,176.52881519433896
2006-11-29,173.9834292132339
2006-11-30,175.8862612745336
2006-12-01,175.61025454746138
2006-12-04,176.83778587794438
2006-12-05,181.60897880109937
2006-12-06,178.97119016762457
2006-12-07,178.55443765251493
2006-12-08,180.96381852552136
2006-12-11,182.42709141993006
2006-12-12,179.54040391088242
2006-12-13,178.3239263161898
2006-12-14,177.51589480520008
2006-12-15,176.35086706986317
2006-12-18,173.95841515287037
2006-12-19,174.27177974767343
2006-12-20,176.3016258719313
2006-12-21,175.2228443901734
2006-12-22,175.019458418464
2006-12-25,176.88781842915057
2006-12-26,175.97188078708555
2006-12-27,176.03473115016448
2006-12-28,173.1627972968251
2006-12-29,169.49604053799308
2007-01-01,170.91511838209337
2007-01-02,169.69679917680088
2007-01-03,171.36639038455897
2007-01-04,171.39062581155216
2007-01-05,169.5537418148117
2007-01-08,173.8585925993183
2007-01-09,174.03740249170062
2007-01-10,174.84284601606845
2007-01-11,176.78560284822842
2007-01-12,181.20323247430724
2007-01-15,181.8791110503952
2007-01-16,180.12161423153856
2007-01-17,180.12034764475916
2007-01-18,176.3767276385314
2007-01-19,171.65648551554315
2007-01-22,175.28346182961428
2007-01-23,173.14479516230384
2007-01-24,174.33051901147704
2007-01-25,174.24965667297445
2007-01-26,175.9064560216172
2007-01-29,175.5662100176104
2007-01-30,172.9883561474195
2007-01-31,172.90814605272337
2007-02-01,175.30749341410743
2007-02-02,176.4866492023407
2007-02-05,175.49256198413622
2007-02-06,174.5337359142202
2007-02-07,173.86794910418575
2007-02-08,176.8388992366767
2007-02-09,175.46903522863434
2007-02-12,173.5944265761858
2007-02-13,176.06176952543612
2007-02-14,174.19845988841703
2007-02-15,171.0271920432715
2007-02-16,169.5563163930531
2007-02-19,169.95663773959555
2007-02-20,171.2867899680426
2007-02-21,169.494785979235
2007-02-22,171.1842139819477
2007-02-23,172.20069600226822
2007-02-26,174.99675474587943
2007-02-27,171.82530754843287
2007-02-28,171.95787990316984
2007-03-01,170.843035240901
2007-03-02,168.11511311059851
2007-03-05,171.33178632986767
2007-03-06,169.27070177597395
2007-03-07,169.1030784905577
2007-03-08,169.03732415593734
2007-03-09,167.88129409937903
2007-03-12,167.72524518157067
2007-03-13,166.76953960579914
2007-03-14,163.3782638506586
2007-03-15,163.42995053356265
2007-03-16,165.56090239188774
2007-03-19,164.990593911221
2007-03-20,165.37659052769794
2007-03-21,161.20308459707545
2007-03-22,161.17120091000223
2007-03-23,161.9786086148594
2007-03-26,162.7070482853565
2007-03-27,163.0445546052999
2007-03-28,165.03112339290067
2007-03-29,164.9590078722942
2007-03-30,167.81857348779525
2007-04-02,168.65659751597374
2007-04-03,170.15627345196847
2007-04-04,169.78465219032506
2007-04-05,169.70310880823325
2007-04-06,168.44432565724978
2007-04-09,167.5575607516271
2007-04-10,167.94709142671763
2007-04-11,170.23194003326742
2007-04-12,170.12799208528125
2007-04-13,168.24568117142363
2007-04-16,170.0616833601348
2007-04-17,169.50396450366242
2007-04-18,168.21683495647127
2007-04-19,168.195129544442
2007-04-20,167.94805709676282
2007-04-23,166.0204129470382
2007-04-24,168.32749434702822
2007-04-25,167.2427535162658
2007-04-26,169.41612948793696
2007-04-27,170.35609241923223
2007-04-30,167.68574341146524
2007-05-01,166.03794907302841
2007-05-02,166.29247826160642
2007-05-03,167.2037349188545
2007-05-04,167.26306476291305
2007-05-07,166.62301136526386
2007-05-08,166.97636473353776
2007-05-09,166.72845029384428
2007-05-10,165.2912079856365
2007-05-11,164.7273843382316
2007-05-14,167.7842784788698
2007-05-15,169.58089999231106
2007-05-16,170.50220463955478
2007-05-17,169.0276497151302
2007-05-18,171.1161607774402
2007-05-21,172.3954826086254
2007-05-22,173.1376400905657
2007-05-23,178.92197937788768
2007-05-24,177.5460132839362
2007-05-25,178.83249394216847
2007-05-28,180.24639595495967
2007-05-29,179.58988972944206
2007-05-30,179.02100208532602
2007-05-31,175.66072813332752
2007-06-01,176.09140224357697
2007-06-04,176.19332808688063
2007-06-05,173.88212339105993
2007-06-06,174.9353592106337
2007-06-07,176.5414242188773
2007-06-08,175.80376064707664
2007-06-11,176.25014269522418
2007-06-12,176.68407578215934
2007-06-13,180.89632191537768
2007-06-14,176.2193860790907
2007-06-15,174.75112920441066
2007-06-18,173.4032824566333
2007-06-19,173.7576664875169
2007-06-20,172.91539795624053
2007-06-21,174.11243775484618
2007-06-22,173.19476835488535
2007-06-25,169.90694827665595
2007-06-26,170.27199749470253
2007-06-27,170.08523476989518
2007-06-28,170.46317768023115
2007-06-29,173.6148768557506
2007-07-02,174.3698271604262
2007-07-03,173.64737384574642
2007-07-04,174.63039927040262
2007-07-05,173.99369596587348
2007-07-06,172.25268111079075
2007-07-09,170.75154271662734
2007-07-10,172.47738102804578
2007-07-11,171.1371607328676
2007-07-12,169.76041958177825
2007-07-13,168.71978336483053
2007-07-16,170.11791708557638
2007-07-17,169.77593334755971
2007-07-18,165.5501319164954
2007-07-19,166.05641020628767
2007-07-20,167.0224238124649
2007-07-23,169.45191421606603
2007-07-24,170.04356371499713
2007-07-25,168.13243094240744
2007-07-26,168.1116405730742
2007-07-27,166.20379636381486
2007-07-30,170.04639450622142
2007-07-31,169.59874334699683
2007-08-01,167.30520500070332
2007-08-02,167.63385928140158
2007-08-03,167.68907430690325
2007-08-06,164.72568073273638
2007-08-07,165.65537036012054
2007-08-08,166.56371287680514
2007-08-09,165.32677137241248
2007-08-10,166.93142985334035
2007-08-13,168.4111038370647
2007-08-14,166.86631127761743
2007-08-15,171.02807328165986
2007-08-16,172.9442488915187
2007-08-17,171.71688884097443
2007-08-20,167.65249288703055
2007-08-21,167.85126881240743
2007-08-22,167.39007031195078
2007-08-23,167.34067743155984
2007-08-24,168.63330060395913
2007-08-27,169.65624962203077
2007-08-28,167.4906879471115
2007-08-29,165.5666229597505
2007-08-30,165.22447377844148
2007-08-31,170.1616786372153
2007-09-03,174.52641378078505
2007-09-04,175.58396986983013
2007-09-05,171.99810141707167
2007-09-06,171.5366737674094
2007-09-07,172.4644927192514
2007-09-10,168.45907517886732
2007-09-11,169.11759935094238
2007-09-12,167.84078354619777
2007-09-13,166.21499586301286
2007-09-14,168.18690094587197
2007-09-17,170.9251950903805
2007-09-18,172.5685449127638
2007-09-19,174.10712396550082
2007-09-20,171.34066452841836
2007-09-21,173.67689098782998
2007-09-24,172.33309005543393
2007-09-25,170.58970624926212
2007-09-26,170.10863808271597
2007-09-27,167.22261755717076
2007-09-28,169.94542022256462
2007-10-01,170.07917686887885
2007-10-02,167.11019967121652
2007-10-03,166.8740089348956
2007-10-04,165.9050909581748
2007-10-05,165.85492700338534
2007-10-08,169.34451948972657
2007-10-09,168.3145826382325
2007-10-10,167.05771958869576
2007-10-11,166.01513772083888
2007-10-12,163.55844749618777
2007-10-15,163.7158549158102
2007-10-16,166.5323585365301
2007-10-17,166.6329131224208
2007-10-18,169.6329338379663
2007-10-19,166.95720162591067
2007-10-22,166.16392324972696
2007-10-23,163.40915510328406
2007-10-24,163.3374327951886
2007-10-25,162.37500043028166
2007-10-26,158.56200431811538
2007-10-29,158.56791441475454
2007-10-30,163.94540648319045
2007-10-31,165.42561218705646
2007-11-01,167.78958855161991
2007-11-02,167.8497937025455
2007-11-05,166.7701516757436
2007-11-06,166.21282017291597
2007-11-07,166.70774177368654
2007-11-08,168.31658527875297
2007-11-09,170.18533496330502
2007-11-12,169.3842829658511
2007-11-13,168.61330403103963
2007-11-14,169.60461021578843
2007-11-15,170.05113710926835
2007-11-16,170.4949531796067
2007-11-19,168.9140764134499
2007-11-20,167.02962083621898
2007-11-21,168.08195959745086
2007-11-22,164.92422374769214
2007-11-23,162.93835193773137
2007-11-26,161.7287871952559
2007-11-27,161.71280514916793
2007-11-28,162.47218643610555
2007-11-29,160.09318325042005
2007-11-30,158.35780561229151
2007-12-03,156.30022141739948
2007-12-04,154.19078341400703
2007-12-05,152.61408593638666
2007-12-06,155.42729797486317
2007-12-07,152.96032605646383
2007-12-10,151.60637072388164
2007-12-11,150.99776676830413
2007-12-12,148.33327010976404
2007-12-13,146.60774938608841
2007-12-14,147.59832738367606
2007-12-17,148.87101629394817
2007-12-18,147.458184300835
2007-12-19,145.9247301389529
2007-12-20,146.67477979271794
2007-12-21,145.6834711086357
2007-12-24,147.25676721861953
2007-12-25,147.3791054294534
2007-12-26,147.5085284261531
2007-12-27,145.74374075035274
2007-12-28,143.68491170416291
2007-12-31,145.13269858392687
2008-01-01,146.60907157918217
2008-01-02,147.1641494326609
2008-01-03,145.76568730914465
2008-01-04,148.78512163977155
2008-01-07,151.0373452429997
2008-01-08,148.76142418274242
2008-01-09,149.9723298781677
2008-01-10,149.24785241532396
2008-01-11,150.81848432209745
2008-01-14,150.52453137969044
2008-01-15,148.10888234022292
2008-01-16,147.16175675373304
2008-01-17,146.50918628522442
2008-01-18,145.28263167475217
2008-01-21,142.55791007100677
2008-01-22,143.74939699363702
2008-01-23,143.50651166336138
2008-01-24,147.04978029594082
2008-01-25,148.6880529688739
2008-01-28,149.4615412041154
2008-01-29,151.26015362928325
2008-01-30,153.46352666043612
2008-01-31,155.00038351919238
2008-02-01,154.32932646521135
2008-02-04,154.3357803832079
2008-02-05,154.81977343957166
2008-02-06,154.14645427098793
2008-02-07,156.553269863852
2008-02-08,154.74084096544092
2008-02-11,157.60816237474498
2008-02-12,158.58230536713288
2008-02-13,157.35207647104835
2008-02-14,158.78745721512192
2008-02-15,160.47411852460067
2008-02-18,159.80499038687063
2008-02-19,159.05514784732523
2008-02-20,160.04888082501358
2008-02-21,160.86329095432822
2008-02-22,160.80726706365823
2008-02-25,160.96056126310486
2008-02-26,162.36301773410716
2008-02-27,161.1905582660713
2008-02-28,159.29571654012656
2008-02-29,160.77726183302332
2008-03-03,164.57491796693594
2008-03-04,167.04860538815007
2008-03-05,165.97515210170621
2008-03-06,164.95211188716019
2008-03-07,166.42030846599388
2008-03-10,167.44697445075883
2008-03-11,165.14600489978454
2008-03-12,167.9261890084507
2008-03-13,166.5403772164824
2008-03-14,167.49220247595014
2008-03-17,167.5339271184394
2008-03-18,169.90453084853115
2008-03-19,170.84302918929438
2008-03-20,176.3036819399661
2008-03-21,175.71399381969428
2008-03-24,174.6121792469719
2008-03-25,177.59968265056511
2008-03-26,174.70028263488706
2008-03-27,175.33084543171879
2008-03-28,171.50657964449087
2008-03-31,171.55624645028425
2008-04-01,172.97690304344619
2008-04-02,173.3223688646868
2008-04-03,174.25636339636193
2008-04-04,175.48997394417398
2008-04-07,175.30765908720846
2008-04-08,177.59284361302926
2008-04-09,176.96834735893904
2008-04-10,175.63745909901633
2008-04-11,175.08362444437617
2008-04-14,172.9493089990369
2008-04-15,175.0461669901155
2008-04-16,177.53525734888765
2008-04-17,179.5086565283765
2008-04-18,179.63201264669777
2008-04-21,180.86832357830193
2008-04-22,182.61893665491104
2008-04-23,182.04956290748106
2008-04-24,185.2664722244346
2008-04-25,184.87915312136323
2008-04-28,185.34228334595394
2008-04-29,181.4378427487839
2008-04-30,181.22995686465185
2008-05-01,182.11992458153216
2008-05-02,181.41926094364462
2008-05-05,183.05269406493355
2008-05-06,185.12893601466467
2008-05-07,188.5907448013341
2008-05-08,187.91473399379802
2008-05-09,189.4027705314426
2008-05-12,188.70678426320583
2008-05-13,188.2345103546986
2008-05-14,191.85126187023153
2008-05-15,192.55860053506342
2008-05-16,195.27920587642186
2008-05-19,195.29478020563974
2008-05-20,195.53354563757264
2008-05-21,193.69351828461157
2008-05-22,199.14241149091694
2008-05-23,198.60496226424607
2008-05-26,201.5579459614601
2008-05-27,202.07548334899457
2008-05-28,199.53747818854131
2008-05-29,198.45651706577758
2008-05-30,195.0799795303944
2008-06-02,196.5765299224654
2008-06-03,197.31089165260497
2008-06-04,200.44086167158795
2008-06-05,203.91417447182212
2008-06-06,202.82258577793772
2008-06-09,200.06704679470056
2008-06-10,196.17274472599786
2008-06-11,199.83379604163534
2008-06-12,200.2511981176457
2008-06-13,201.8592351555308
2008-06-16,202.52175046265793
2008-06-17,204.43988913688983
2008-06-18,202.21136761064565
2008-06-19,203.64042584292994
2008-06-20,205.7201998989815
2008-06-23,208.87340254750555
2008-06-24,207.83216495728323
2008-06-25,215.55003251704736
2008-06-26,218.36397212818767
2008-06-27,216.89299196156816
2008-06-30,216.7197332029919
2008-07-01,214.83764634372994
2008-07-02,215.2364178646897
2008-07-03,213.55772476156974
2008-07-04,216.21775014874456
2008-07-07,217.24166753875065
2008-07-08,217.43364920575095
2008-07-09,216.9379770185782
2008-07-10,213.23602010261135
2008-07-11,211.48789131432872
2008-07-14,212.3730876642449
2008-07-15,216.57952064399
2008-07-16,214.65607996668888
2008-07-17,216.84004530553045
2008-07-18,214.67134467197627
2008-07-21,213.62523035967223
2008-07-22,211.22028669031238
2008-07-23,213.41651273648736
2008-07-24,218.16551408743518
2008-07-25,219.87659420386012
2008-07-28,218.08232090228884
2008-07-29,215.76890357309554
2008-07-30,213.8754892843448
2008-07-31,215.23812957770102
2008-08-01,214.35408515642266
2008-08-04,207.40491474191836
2008-08-05,207.669180178833
2008-08-06,207.88634159022945
2008-08-07,214.14238829279907
2008-08-08,218.77517454492033
2008-08-11,217.92800352596026
2008-08-12,219.75154535766413
2008-08-13,222.61423467249077
2008-08-14,225.88914612135218
2008-08-15,226.0954634334627
2008-08-18,228.91930989027253
2008-08-19,225.63849975605973
2008-08-20,226.52718477122175
2008-08-21,228.20178475321504
2008-08-22,224.70423664326847
2008-08-25,225.40034551576298
2008-08-26,227.19878861486998
2008-08-27,228.2804094918946
2008-08-28,228.02686089635245
2008-08-29,222.60215202868997
2008-09-01,220.20535093017668
2008-09-02,218.66013410410847
2008-09-03,217.5224370029694
2008-09-04,214.47392465051126
2008-09-05,217.0809712677218
2008-09-08,216.1791577355982
2008-09-09,216.4655331195446
2008-09-10,216.409836747613
2008-09-11,215.8776612455442
2008-09-12,215.90145614465192
2008-09-15,217.18435612152825
2008-09-16,220.57967291618928
2008-09-17,224.660060171087
2008-09-18,225.54786888744874
2008-09-19,222.92463804254788
2008-09-22,217.02894016710013
2008-09-23,215.51925671803116
2008-09-24,216.04276379513675
2008-09-25,216.81787398810872
2008-09-26,216.87357091329483
2008-09-29,216.69044582883754
2008-09-30,219.22089557448507
2008-10-01,219.6946767729321
2008-10-02,222.36483005533967
2008-10-03,224.68874788405918
2008-10-06,221.7219330854488
2008-10-07,225.28111834823886
2008-10-08,222.05746441719043
2008-10-09,220.55131029772178
2008-10-10,223.31795851338524
2008-10-13,222.43455420443627
2008-10-14,226.4090185148043
2008-10-15,225.4765859235751
2008-10-16,224.09335744190244
2008-10-17,226.08453599271127
2008-10-20,222.2943086322089
2008-10-21,221.2522101898942
2008-10-22,221.71473688089696
2008-10-23,222.24994782669398
2008-10-24,221.64143537349537
2008-10-27,216.16239988883189
2008-10-28,217.22807660847297
2008-10-29,215.9009447986876
2008-10-30,217.36731778446182
2008-10-31,219.08579009964112
2008-11-03,219.1105214804301
2008-11-04,219.45874956200547
2008-11-05,221.98125220470274
2008-11-06,223.12325757309054
2008-11-07,222.81729503128864
2008-11-10,222.77591617918137
2008-11-11,223.03064391867053
2008-11-12,221.72459949770064
2008-11-13,222.4213875821441
2008-11-14,223.91202809322968
2008-11-17,227.8854454382605
2008-11-18,230.2027973943872
2008-11-19,229.26528681334335
2008-11-20,228.53492773891392
2008-11-21,229.34189619133724
2008-11-24,229.635213330917
2008-11-25,231.76831788154934
2008-11-26,232.88813346878737
2008-11-27,233.6352190140335
2008-11-28,237.9787474123634
2008-12-01,239.33145950997056
2008-12-02,232.69927052511204
2008-12-03,227.90913831494825
2008-12-04,226.09392039904628
2008-12-05,223.85326489970038
2008-12-08,223.22378464825186
2008-12-09,225.41328411211023
2008-12-10,230.28242868817134
2008-12-11,234.1673402964975
2008-12-12,240.041412721201
2008-12-15,239.6408731056129
2008-12-16,236.47570303041218
2008-12-17,233.40555903659427
2008-12-18,235.84983104659094
2008-12-19,239.5079594340515
2008-12-22,238.01859248101215
2008-12-23,235.626796300586
2008-12-24,236.78243333452963
2008-12-25,234.141798424747
2008-12-26,236.46733687198864
2008-12-29,236.18987221868943
2008-12-30,237.07856638834906
2008-12-31,238.18952117427386
2009-01-01,239.24371025977914
2009-01-02,235.12917182910195
2009-01-05,236.063473934824
2009-01-06,238.12133000641333
2009-01-07,236.0859137310209
2009-01-08,240.84554460633677
2009-01-09,243.1514211374165
2009-01-12,244.36983688677842
2009-01-13,239.30155961767676
2009-01-14,237.73050554119314
2009-01-15,241.69387848412728
2009-01-16,241.81750462894462
2009-01-19,237.00108898713768
2009-01-20,238.93335241989374
2009-01-21,237.7476090320373
2009-01-22,241.83275565045088
2009-01-23,234.95506457474477
2009-01-26,235.3218160209679
2009-01-27,234.03139003972635
2009-01-28,237.30238905771307
2009-01-29,231.90255369283523
2009-01-30,231.654834274025
2009-02-02,234.21399207199875
2009-02-03,235.0481519802759
2009-02-04,231.5921906104924
2009-02-05,233.2677094738103
2009-02-06,234.09384023483167
2009-02-09,228.83177259610267
2009-02-10,225.34735866861513
2009-02-11,223.78294630977842
2009-02-12,223.2898654094318
2009-02-13,225.10033397508062
2009-02-16,224.291186215504
2009-02-17,222.68104275986755
2009-02-18,220.7728278570212
2009-02-19,218.70363806569966
2009-02-20,217.33781950901096
2009-02-23,220.51714947614823
2009-02-24,219.5065848482176
2009-02-25,219.52402789640178
2009-02-26,220.13106456820012
2009-02-27,221.47053805281695
2009-03-02,221.67885278370898
2009-03-03,222.06415542116545
2009-03-04,219.25695572418724
2009-03-05,217.73533652447782
2009-03-06,214.9811289527194
2009-03-09,215.743423579351
2009-03-10,214.45180045544996
2009-03-11,220.523621166941
2009-03-12,220.10594197587508
2009-03-13,223.44273939879514
2009-03-16,223.620668912747
2009-03-17,225.99277290876572
2009-03-18,225.4532085633803
2009-03-19,225.59840378876217
2009-03-20,227.95473745882987
2009-03-23,227.59038017717575
2009-03-24,229.06936514866126
2009-03-25,230.8233699404154
2009-03-26,229.0800091488561
2009-03-27,224.57691558188066
2009-03-30,222.98771294111157
2009-03-31,229.4912235736546
2009-04-01,235.26402116408582
2009-04-02,237.12561682902643
2009-04-03,237.1347919926426
2009-04-06,239.77959466847773
2009-04-07,240.52169219862387
2009-04-08,239.94188984637992
2009-04-09,238.2800889685447
2009-04-10,240.1709543833242
2009-04-13,238.07238312674139
2009-04-14,239.55316490321968
2009-04-15,239.1387277445781
2009-04-16,236.4019304562678
2009-04-17,237.5040865650107
2009-04-20,236.00706693904274
2009-04-21,240.2395992605171
2009-04-22,237.99890166382994
2009-04-23,241.14920952265484
2009-04-24,245.21891528259533
2009-04-27,245.64322648137974
2009-04-28,246.2629091514994
2009-04-29,241.49027625618123
2009-04-30,243.32669166930745
2009-05-01,242.35073022719388
2009-05-04,243.6006138835955
2009-05-05,246.00853484950198
2009-05-06,242.39234751009562
2009-05-07,243.47250990369008
2009-05-08,246.9777505958961
2009-05-11,248.2802883381152
2009-05-12,248.00614546955276
2009-05-13,247.1248821171744
2009-05-14,250.141240988112
2009-05-15,254.95068275870904
2009-05-18,255.5869500152725
2009-05-19,253.44371777089023
2009-05-20,255.76621047413775
2009-05-21,251.01105386811037
2009-05-22,255.10217789742939
2009-05-25,258.0276344131501
2009-05-26,260.425711770837
2009-05-27,265.6964975461099
2009-05-28,263.18196007467185
2009-05-29,261.9083490724886
2009-06-01,265.48738358302194
2009-06-02,270.70235494867376
2009-06-03,274.6114141858063
2009-06-04,273.7106889463495
2009-06-05,271.93074622438627
2009-06-08,269.83019825282867
2009-06-09,265.4523198452455
2009-06-10,266.0270884143781
2009-06-11,266.5272351764019
2009-06-12,267.16736010926064
2009-06-15,268.84719629576404
2009-06-16,268.43653317470694
2009-06-17,265.9302833216064
2009-06-18,267.61182794496295
2009-06-19,265.8156407453657
2009-06-22,267.19598130599775
2009-06-23,268.99285185296344
2009-06-24,276.9405229143081
2009-06-25,277.52865052133154
2009-06-26,277.3667017380208
2009-06-29,278.89580727645165
2009-06-30,281.81188982164434
2009-07-01,284.73715184669436
2009-07-02,282.1329820398715
2009-07-03,281.0252827810904
2009-07-06,284.33481728637173
2009-07-07,287.5087130604337
2009-07-08,290.1183828708011
2009-07-09,283.20712900060505
2009-07-10,287.0459935578682
2009-07-13,280.41384938727714
2009-07-14,281.72229456654634
2009-07-15,281.06141808199465
2009-07-16,284.1642904020687
2009-07-17,285.03278913175245
2009-07-20,282.97345046274376
2009-07-21,285.310607274607
2009-07-22,280.45535591054835
2009-07-23,281.65912059868367
2009-07-24,279.38964795019916
2009-07-27,282.2979245977041
2009-07-28,283.351849626
2009-07-29,285.8439686215135
2009-07-30,284.01686319623434
2009-07-31,286.6466194429291
2009-08-03,285.83961306876614
2009-08-04,282.158451239753
2009-08-05,285.02523855496423
2009-08-06,284.92031409008473
2009-08-07,281.61118473500176
2009-08-10,284.8984689404859
2009-08-11,280.710287925251
2009-08-12,285.8598995060785
2009-08-13,279.2495939871043
2009-08-14,278.477451166898
2009-08-17,279.158138773295
2009-08-18,282.5670143073218
2009-08-19,280.81448382975185
2009-08-20,281.89162309276435
2009-08-21,282.74494810091517
2009-08-24,284.5914785163702
2009-08-25,282.69855996216285
2009-08-26,291.19231889834344
2009-08-27,294.01383817010844
2009-08-28,294.037292975701
2009-08-31,281.67876148646917
2009-09-01,285.7642041092829
2009-09-02,286.0868792985113
2009-09-03,283.4718943556161
2009-09-04,285.76427786911614
2009-09-07,282.681450415993
2009-09-08,280.5187382397474
2009-09-09,276.06404345281703
2009-09-10,275.8927156141674
2009-09-11,271.27817285105607
2009-09-14,270.3437970523251
2009-09-15,266.2405409094825
2009-09-16,263.5108075516786
2009-09-17,265.4348327913764
2009-09-18,266.24851703690354
2009-09-21,268.1793528921573
2009-09-22,265.64223841988763
2009-09-23,266.3488220927556
2009-09-24,265.93223396031533
2009-09-25,261.98057253610733
2009-09-28,264.4569802367049
2009-09-29,264.93911136077656
2009-09-30,268.1733204413377
2009-10-01,268.1732883219783
2009-10-02,266.998695892004
2009-10-05,266.0585799411957
2009-10-06,267.8108179595092
2009-10-07,265.62018597482046
2009-10-08,263.62111861550306
2009-10-09,262.0379262846136
2009-10-12,252.79655091265454
2009-10-13,252.80057801476005
2009-10-14,256.6226244184088
2009-10-15,258.7011302584771
2009-10-16,261.8878025466268
2009-10-19,261.67381771646245
2009-10-20,262.55094708291995
2009-10-21,265.62041836318724
2009-10-22,264.26804412299776
2009-10-23,270.53504608091214
2009-10-26,268.41425131682
2009-10-27,268.5055780935736
2009-10-28,265.0106652209848
2009-10-29,260.4064016941359
2009-10-30,263.24553769208865
2009-11-02,263.3496779074527
2009-11-03,268.1059658600443
2009-11-04,266.9105881997534
2009-11-05,265.9152561785378
2009-11-06,267.47875409373404
2009-11-09,273.34118793318135
2009-11-10,273.318933890506
2009-11-11,271.6733842888286
2009-11-12,273.9497015926111
2009-11-13,272.1191126817332
2009-11-16,274.46752166109934
2009-11-17,271.9180468997569
2009-11-18,274.5509716235791
2009-11-19,277.49199374096116
2009-11-20,272.6179505841056
2009-11-23,273.05806075240656
2009-11-24,269.79229848628097
2009-11-25,271.1252531554668
2009-11-26,264.4968323359474
2009-11-27,268.1967794001284
2009-11-30,267.33673733384694
2009-12-01,267.0390103918086
2009-12-02,265.5321354066307
2009-12-03,268.9648023437202
2009-12-04,267.9943827301555
2009-12-07,267.5259972834434
2009-12-08,271.5064352069526
2009-12-09,272.4938911035945
2009-12-10,267.2430767302546
2009-12-11,266.5792658340068
2009-12-14,265.0841537794482
2009-12-15,269.51365888701093
2009-12-16,273.1905691440623
2009-12-17,272.7842052806409
2009-12-18,271.02555160136416
2009-12-21,274.25971590984386
2009-12-22,272.5343178440639
2009-12-23,270.30113438128114
2009-12-24,275.1185074595322
2009-12-25,278.5559030657217
2009-12-28,277.9578049759172
2009-12-29,280.9542579752239
2009-12-30,277.40525457622
2009-12-31,276.1986298324849
2010-01-01,272.62391475903314
2010-01-04,270.5938891114224
2010-01-05,267.7372420790944
2010-01-06,265.3072782420326
2010-01-07,268.4470211791728
2010-01-08,269.85582323673725
2010-01-11,270.4636134294472
2010-01-12,266.9659456669224
2010-01-13,266.6645784083505
2010-01-14,266.9482191226632
2010-01-15,267.4219249662875
2010-01-18,270.56031163870824
2010-01-19,268.61369400013825
2010-01-20,265.8033576424066
2010-01-21,265.9174998846555
2010-01-22,264.4188307904442
2010-01-25,268.4520966452365
2010-01-26,273.52962085598824
2010-01-27,268.0878913586824
2010-01-28,267.2134549653593
2010-01-29,266.650725128888
2010-02-01,269.40815946761234
2010-02-02,269.01988023278534
2010-02-03,269.125070213209
2010-02-04,272.30924314264263
2010-02-05,268.57791748176595
2010-02-08,272.20799771465414
2010-02-09,267.7665044188926
2010-02-10,268.12412699124155
2010-02-11,269.8663649613827
2010-02-12,268.47223681261994
2010-02-15,267.1070980017527
2010-02-16,268.33161093395046
2010-02-17,273.7376230962266
2010-02-18,271.6526976478524
2010-02-19,272.3512461422025
2010-02-22,271.78753877775176
2010-02-23,266.3185226607414
2010-02-24,267.06065242328583
2010-02-25,267.05608851513085
2010-02-26,267.8981914832841
2010-03-01,266.99423369053636
2010-03-02,268.531089057494
2010-03-03,268.2198889084005
2010-03-04,267.9933781133285
2010-03-05,267.16456846682814
2010-03-08,260.88742317949794
2010-03-09,264.4944018002011
2010-03-10,268.0435758433917
2010-03-11,264.97419171965817
2010-03-12,270.349247738101
2010-03-15,272.0584941722744
2010-03-16,271.85161356418746
2010-03-17,272.6493453344917
2010-03-18,272.5512931825225
2010-03-19,271.83608248125137
2010-03-22,273.00099802570884
2010-03-23,272.7472137154861
2010-03-24,272.62495078552786
2010-03-25,269.0679942507231
2010-03-26,268.40170026413045
2010-03-29,274.78682357525156
2010-03-30,267.4249495677157
2010-03-31,271.24968883909685
2010-04-01,266.4038297927996
2010-04-02,263.7635743072931
2010-04-05,261.0693821383894
2010-04-06,259.8852358269692
2010-04-07,259.3846509049824
2010-04-08,266.8074747870839
2010-04-09,267.46817622989386
2010-04-12,275.0200980968291
2010-04-13,277.6676399702304
2010-04-14,279.5688369206583
2010-04-15,279.28280517422553
2010-04-16,275.82358884251744
2010-04-19,274.29365722100613
2010-04-20,273.5735407292563
2010-04-21,270.16160601217234
2010-04-22,271.4848817722766
2010-04-23,270.9966632396076
2010-04-26,270.09590687064343
2010-04-27,269.34811007092793
2010-04-28,269.41930314410524
2010-04-29,268.14775052795346
2010-04-30,265.19266556084546
2010-05-03,264.35262041551204
2010-05-04,263.8132823284613
2010-05-05,261.9831313436938
2010-05-06,267.18001010560397
2010-05-07,268.75368397008947
2010-05-10,274.08071075339546
2010-05-11,274.85187546654987
2010-05-12,278.87215198892693
2010-05-13,272.13786232725374
2010-05-14,275.6875492771485
2010-05-17,275.35246638353783
2010-05-18,276.3679719196656
2010-05-19,274.1727271259972
2010-05-20,273.98632800232605
2010-05-21,271.3796000928283
2010-05-24,269.7063161671729
2010-05-25,271.51198262583074
2010-05-26,268.6717005443087
2010-05-27,269.093529717723
2010-05-28,269.801663370232
2010-05-31,269.350831877528
2010-06-01,268.97409563862124
2010-06-02,271.71874801512485
2010-06-03,266.835660051564
2010-06-04,268.62603115352454
2010-06-07,270.3632186159113
2010-06-08,270.9281758711699
2010-06-09,263.3706528928002
2010-06-10,266.25676060618076
2010-06-11,272.3033874851612
2010-06-14,272.4727735930344
2010-06-15,267.2609489344522
2010-06-16,266.13132888099716
2010-06-17,269.3623904780079
2010-06-18,266.01045343861153
2010-06-21,268.3157547916326
2010-06-22,271.4697894545004
2010-06-23,270.132547533203
2010-06-24,273.657037753758
2010-06-25,279.0908553916817
2010-06-28,282.83621626627684
2010-06-29,284.3244996843337
2010-06-30,288.4792590931453
2010-07-01,287.6204434279248
2010-07-02,289.92803650218184
2010-07-05,283.4488487776106
2010-07-06,287.42772073624025
2010-07-07,293.29059377178436
2010-07-08,287.7946038570212
2010-07-09,288.9488300757325
2010-07-12,286.4033936080683
2010-07-13,291.26710437883423
2010-07-14,291.2943362502407
2010-07-15,300.68008338142545
2010-07-16,296.9440302486089
2010-07-19,297.12231064148096
2010-07-20,301.3830651002883
2010-07-21,302.07471243265957
2010-07-22,304.60676107458227
2010-07-23,303.13409861605504
2010-07-26,299.5966125505172
2010-07-27,298.5563487974881
2010-07-28,298.54003776486144
2010-07-29,301.56697233512745
2010-07-30,301.97934354922666
2010-08-02,300.2126523649328
2010-08-03,301.7821807929147
2010-08-04,303.9044328059917
2010-08-05,303.53407840980566
2010-08-06,300.63917124981555
2010-08-09,304.26173299372437
2010-08-10,301.00421132019
2010-08-11,302.6406916960451
2010-08-12,305.33247466194626
2010-08-13,309.13194324254107
2010-08-16,305.4781461504372
2010-08-17,307.56478423987926
2010-08-18,310.83686783098653
2010-08-19,313.4654466264066
2010-08-20,313.7388450041317
2010-08-23,312.1481548259222
2010-08-24,306.9024123866126
2010-08-25,306.4106434766169
2010-08-26,308.002550096841
2010-08-27,306.07805307417505
2010-08-30,304.0438677573378
2010-08-31,302.93259113796165
2010-09-01,302.91654455131936
2010-09-02,304.50683510479325
2010-09-03,302.20745215719444
2010-09-06,304.245517860153
2010-09-07,302.13914655576644
2010-09-08,309.7753969887404
2010-09-09,311.86834473928764
2010-09-10,310.4871180066187
2010-09-13,308.50422699751
2010-09-14,309.1228009832839
2010-09-15,306.5061859977946
2010-09-16,303.84875744939654
2010-09-17,309.6026583230492
2010-09-20,304.3071026019674
2010-09-21,307.1818440137751
2010-09-22,306.1415346381678
2010-09-23,309.36410833499315
2010-09-24,306.8253153954745
2010-09-27,304.4979561869321
2010-09-28,303.90240831263185
2010-09-29,309.1487202591469
2010-09-30,313.43253687987175
2010-10-01,310.8727952484371
2010-10-04,310.2229503004841
2010-10-05,305.6353894926387
2010-10-06,301.1079472528818
2010-10-07,304.073868990545
2010-10-08,300.68545124305933
2010-10-11,290.3315571568191
2010-10-12,296.4775231540161
2010-10-13,300.6161439776712
2010-10-14,304.05787268101443
2010-10-15,297.10828755453014
2010-10-18,298.6157784530446
2010-10-19,291.17207468425875
2010-10-20,291.2275648355263
2010-10-21,293.336038679745
2010-10-22,289.39356795309226
2010-10-25,291.4306397899426
2010-10-26,294.38017228359223
2010-10-27,297.19805413887843
2010-10-28,297.9155461499484
2010-10-29,299.7934856063186
2010-11-01,299.70780982109744
2010-11-02,305.9155711558234
2010-11-03,311.9082309656344
2010-11-04,309.6059376991052
2010-11-05,311.4451902533135
2010-11-08,308.55633690496546
2010-11-09,307.5601102933443
2010-11-10,302.01273802088633
2010-11-11,303.5731349394141
2010-11-12,301.77269605241315
2010-11-15,307.1104223196942
2010-11-16,307.4524127360515
2010-11-17,309.06847543308874
2010-11-18,307.9832330694076
2010-11-19,298.37587342881136
2010-11-22,307.49995333884095
2010-11-23,309.8371132130656
2010-11-24,307.10961132893016
2010-11-25,310.13187876778517
2010-11-26,314.062217969193
2010-11-29,311.9059263846643
2010-11-30,309.01675733286737
2010-12-01,308.49383337060544
2010-12-02,312.1032484733759
2010-12-03,314.4854467327207
2010-12-06,312.8013815825258
2010-12-07,313.91801015830436
2010-12-08,317.71836134958625
2010-12-09,319.77417980640655
2010-12-10,321.2042297126766
2010-12-13,323.84519727144993
2010-12-14,318.02643638984057
2010-12-15,312.19441963712757
2010-12-16,309.2864332970596
2010-12-17,305.98524353379617
2010-12-20,307.20615005603264
2010-12-21,309.12505450961686
2010-12-22,307.82295022911603
2010-12-23,311.95138568073344
2010-12-24,318.5467902291313
2010-12-27,318.77698753456133
2010-12-28,319.8243488791794
2010-12-29,316.14106821159436
2010-12-30,313.810165272889
2010-12-31,312.65728104828935
2011-01-03,312.56805645921395
2011-01-04,313.29558059459106
2011-01-05,316.1967170051488
2011-01-06,318.4470704884733
2011-01-07,327.7215026659488
2011-01-10,320.47950380921867
2011-01-11,325.6228114444843
2011-01-12,327.91647069774336
2011-01-13,331.0065040292058
2011-01-14,328.7815633222029
2011-01-17,332.40250177475
2011-01-18,334.0311322409284
2011-01-19,337.52148428604715
2011-01-20,337.5642088137424
2011-01-21,341.4404196471696
2011-01-24,335.37690866950425
2011-01-25,343.957739296426
2011-01-26,344.00317799814906
2011-01-27,346.38416733208834
2011-01-28,344.58086750608015
2011-01-31,344.541547620984
2011-02-01,345.05752377764185
2011-02-02,352.47365730733486
2011-02-03,357.1407716435112
2011-02-04,360.26459557647934
2011-02-07,354.1079525237509
2011-02-08,355.4417387793742
2011-02-09,356.3028681116499
2011-02-10,356.9472140951775
2011-02-11,356.8405372589511
2011-02-14,356.36199090527793
2011-02-15,356.762320365891
2011-02-16,358.9132892675791
2011-02-17,360.0282807851428
2011-02-18,359.8715611035974
2011-02-21,360.049927747776
2011-02-22,358.8513262687245
2011-02-23,362.4909818420963
2011-02-24,358.16230652234
2011-02-25,363.8564481659179
2011-02-28,364.50696629174837
2011-03-01,365.9115100680921
2011-03-02,371.6400200564878
2011-03-03,368.0262201531571
2011-03-04,361.0060506178425
2011-03-07,368.67846130545183
2011-03-08,373.9838228238368
2011-03-09,376.1083261601348
2011-03-10,376.21486866525527
2011-03-11,368.6544289601276
2011-03-14,372.6960793709067
2011-03-15,372.28081932265354
2011-03-16,373.22646954006075
2011-03-17,376.0233045479311
2011-03-18,381.41217187712056
2011-03-21,377.97750641961767
2011-03-22,384.0337301045151
2011-03-23,380.531239335118
2011-03-24,383.6702285960371
2011-03-25,385.07684434725957
2011-03-28,382.8101510340661
2011-03-29,380.26709422990456
2011-03-30,377.4279633418261
2011-03-31,372.81229310080045
2011-04-01,375.597926346549
2011-04-04,376.9892045941977
2011-04-05,380.0128753988981
2011-04-06,381.2459032190404
2011-04-07,374.8863709359008
2011-04-08,378.80343198259305
2011-04-11,372.4566253881305
2011-04-12,381.73233932735843
2011-04-13,383.7102712599457
2011-04-14,387.6658162132261
2011-04-15,391.85518696773846
2011-04-18,392.60080478069
2011-04-19,393.69565371866275
2011-04-20,389.7613822828943
2011-04-21,390.96027805312224
2011-04-22,392.8362445107915
2011-04-25,396.3321309434042
2011-04-26,395.03731193008815
2011-04-27,396.8004747812678
2011-04-28,394.8116571850016
2011-04-29,402.6019671986808
2011-05-02,402.7463681458931
2011-05-03,408.709432291084
2011-05-04,405.8502879581493
2011-05-05,412.92654151272063
2011-05-06,418.07952893433634
2011-05-09,420.051307024595
2011-05-10,423.5064430328265
2011-05-11,428.23141198252887
2011-05-12,426.2115444934957
2011-05-13,420.98272873520034
2011-05-16,422.70732047735373
2011-05-17,421.8732173388556
2011-05-18,425.06942299087234
2011-05-19,427.38297483271
2011-05-20,423.65220183770526
2011-05-23,425.4424580130909
2011-05-24,422.8174225014723
2011-05-25,426.8645566211716
2011-05-26,434.6827169387789
2011-05-27,427.7123176627427
2011-05-30,433.57351196067685
2011-05-31,439.8275261475688
2011-06-01,443.8189161327987
2011-06-02,443.0334421145659
2011-06-03,442.36265226692433
2011-06-06,434.63973425521345
2011-06-07,441.3233447908344
2011-06-08,443.6253744056665
2011-06-09,438.89294719204554
2011-06-10,438.6193491861748
2011-06-13,442.10711163794707
2011-06-14,438.1897360441469
2011-06-15,443.69537019259855
2011-06-16,439.8399273952912
2011-06-17,441.3396621194803
2011-06-20,446.4873841179565
2011-06-21,435.82953144961067
2011-06-22,438.6377179445014
2011-06-23,440.62999284790624
2011-06-24,439.3510151753454
2011-06-27,443.4765332767738
2011-06-28,439.9189680236895
2011-06-29,434.1312483191418
2011-06-30,434.9559648726862
2011-07-01,432.15990477158573
2011-07-04,427.0572383485386
2011-07-05,432.04263484904556
2011-07-06,433.1922948804117
2011-07-07,431.6692402396286
2011-07-08,446.11814961875444
2011-07-11,451.1161093757236
2011-07-12,446.7153423665754
2011-07-13,445.75242818065766
2011-07-14,446.6126783618841
2011-07-15,439.1507367067687
2011-07-18,439.4455889850785
2011-07-19,430.3923507644664
2011-07-20,425.549284130968
2011-07-21,433.38260654933487
2011-07-22,436.0626056652224
2011-07-25,432.59453434800275
2011-07-26,434.27484762393397
2011-07-27,433.429131444103
2011-07-28,437.6583852700089
2011-07-29,444.9184956762352
2011-08-01,444.58081425665944
2011-08-02,441.740797824745
2011-08-03,439.8689704845097
2011-08-04,432.68171930478945
2011-08-05,427.28595658701704
2011-08-08,425.38316951729655
2011-08-09,424.836725355458
2011-08-10,419.9720550982492
2011-08-11,420.8967901368016
2011-08-12,428.7831097461302
2011-08-15,440.56908271987226
2011-08-16,436.00215526187816
2011-08-17,423.5621739160381
2011-08-18,430.59397272267665
2011-08-19,430.39845175552125
2011-08-22,431.69595411637374
2011-08-23,426.96952614291314
2011-08-24,431.24144197325506
2011-08-25,427.9909421633015
2011-08-26,436.0408272664751
2011-08-29,433.1445939267837
2011-08-30,432.2196053140263
2011-08-31,431.5495975820359
2011-09-01,428.9866626574062
2011-09-02,429.8131362224563
2011-09-05,429.91523022940584
2011-09-06,430.2438612969495
2011-09-07,430.65495854420163
2011-09-08,429.0137687912537
2011-09-09,429.7966581701464
2011-09-12,425.0220024527537
2011-09-13,425.6133900171915
2011-09-14,431.1899189279908
2011-09-15,438.0804752003573
2011-09-16,437.21796416379874
2011-09-19,444.0062974250779
2011-09-20,444.1113782439878
2011-09-21,450.25199293810675
2011-09-22,441.94056618631663
2011-09-23,435.83917732882156
2011-09-26,436.0569624040245
2011-09-27,438.8202265324895
2011-09-28,437.10692793443366
2011-09-29,443.769392961938
2011-09-30,437.6247886868324
2011-10-03,443.5058276550069
2011-10-04,444.49406037084566
2011-10-05,441.157406142284
2011-10-06,447.4142683700607
2011-10-07,442.35303023585175
2011-10-10,443.9054958051262
2011-10-11,450.6676771224429
2011-10-12,443.17934800521624
2011-10-13,440.675768717451
2011-10-14,440.46696521747697
2011-10-17,434.876332321976
2011-10-18,435.90056183889664
2011-10-19,434.3704339362521
2011-10-20,440.8527048796521
2011-10-21,443.03048620078636
2011-10-24,443.48945253391986
2011-10-25,445.63198730492564
2011-10-26,448.3065600877937
2011-10-27,444.88072897390884
2011-10-28,434.0486038937234
2011-10-31,437.9264332982094
2011-11-01,437.22458620280185
2011-11-02,440.9720642432668
2011-11-03,436.9277728504599
2011-11-04,439.09074773551293
2011-11-07,440.25937241487424
2011-11-08,437.08054115939836
2011-11-09,429.93464819321724
2011-11-10,426.79257825428385
2011-11-11,425.36804188013974
2011-11-14,423.82558470653305
2011-11-15,427.0344300397146
2011-11-16,431.90141966691266
2011-11-17,430.12031619270533
2011-11-18,427.9169072812519
2011-11-21,427.52086875596484
2011-11-22,426.864452241966
2011-11-23,422.2794650518802
2011-11-24,421.17581168581177
2011-11-25,419.38125288385396
2011-11-28,423.72701724433153
2011-11-29,427.28523485123793
2011-11-30,421.5295910728071
2011-12-01,424.1628074541288
2011-12-02,424.50517780497734
2011-12-05,426.6667422363499
2011-12-06,424.6180801329768
2011-12-07,429.0609890776893
2011-12-08,429.3139719933658
2011-12-09,419.9143757591621
2011-12-12,417.5394989211858
2011-12-13,413.39901744544625
2011-12-14,407.90034161382664
2011-12-15,408.0771116903566
2011-12-16,403.5550446190783
2011-12-19,401.74146834398243
2011-12-20,407.1175424919244
2011-12-21,406.6962367378087
2011-12-22,407.23761267046996
2011-12-23,406.33419280791816
2011-12-26,408.5149307034235
2011-12-27,409.49513729516786
2011-12-28,410.2670404527051
2011-12-29,412.92007212969855
2011-12-30,414.36996669496466
2012-01-02,415.3143076877699
2012-01-03,419.36137367602095
2012-01-04,422.0123066555743
2012-01-05,428.0452358422342
2012-01-06,424.02037852160646
2012-01-09,418.46712086767076
2012-01-10,420.12651098005256
2012-01-11,417.4405565374051
2012-01-12,418.37764564035706
2012-01-13,415.2924356863263
2012-01-16,408.3212924367508
2012-01-17,408.78570629909854
2012-01-18,410.966710070976
2012-01-19,407.35052825913885
2012-01-20,408.0176431605876
2012-01-23,406.336983430392
2012-01-24,409.46917640754236
2012-01-25,418.34267794408004
2012-01-26,424.22647323539354
2012-01-27,423.9967717258193
2012-01-30,422.4750997391046
2012-01-31,424.4277374112378
2012-02-01,428.2198100367811
2012-02-02,424.51125072142236
2012-02-03,422.9324906531919
2012-02-06,425.430644559964
2012-02-07,425.82711978106573
2012-02-08,425.86637356570947
2012-02-09,427.28230679630883
2012-02-10,424.4446596288526
2012-02-13,424.6854188957375
2012-02-14,416.89448511910587
2012-02-15,416.8033268101433
2012-02-16,417.2799271232511
2012-02-17,431.5810582976004
2012-02-20,430.78364910530445
2012-02-21,430.8942715412632
2012-02-22,429.7097470471364
2012-02-23,429.76786677079355
2012-02-24,427.1289531634479
2012-02-27,422.11092759649114
2012-02-28,423.86476225017475
2012-02-29,432.13680334187535
2012-03-01,422.40242728259574
2012-03-02,431.57953645143544
2012-03-05,427.68620362407114
2012-03-06,431.46316487848884
2012-03-07,432.73646120506504
2012-03-08,431.82425236514683
2012-03-09,430.80316462270264
2012-03-12,435.2309591207033
2012-03-13,440.18652000694834
2012-03-14,435.57455570571506
2012-03-15,438.72192882361503
2012-03-16,435.90852693726384
2012-03-19,439.27557904290336
2012-03-20,440.8345329565866
2012-03-21,441.9740606709603
2012-03-22,438.95561049994836
2012-03-23,435.12969714624967
2012-03-26,436.7242078368357
2012-03-27,436.82948886652076
2012-03-28,433.1069955661273
2012-03-29,433.58853623602147
2012-03-30,435.16866505767825
2012-04-02,435.58974918148243
2012-04-03,436.9202109675368
2012-04-04,445.9963600665622
2012-04-05,445.072262779024
2012-04-06,442.6102180260754
2012-04-09,449.0772197918706
2012-04-10,448.9331946698325
2012-04-11,453.3020520241439
2012-04-12,459.3695478544947
2012-04-13,461.8324273705391
2012-04-16,460.960425829542
2012-04-17,458.72535164687076
2012-04-18,468.32410325457545
2012-04-19,472.3674648150465
2012-04-20,468.28749138430277
2012-04-23,473.77469453033666
2012-04-24,471.026968671666
2012-04-25,475.9635752148843
2012-04-26,477.5717809499281
2012-04-27,470.5248194886036
2012-04-30,479.4158963492972
2012-05-01,473.38718489335366
2012-05-02,467.55592673139705
2012-05-03,467.8031469746083
2012-05-04,471.2272671639201
2012-05-07,479.50486117341075
2012-05-08,480.37709512217066
2012-05-09,477.4547020099473
2012-05-10,479.6209810560759
2012-05-11,480.1833244720424
2012-05-14,471.87168904438533
2012-05-15,479.98960563214047
2012-05-16,484.43297294161863
2012-05-17,487.4846434984265
2012-05-18,490.1564711418877
2012-05-21,497.60491123496263
2012-05-22,499.79186247782985
2012-05-23,504.9311400479846
2012-05-24,516.4091353654478
2012-05-25,517.7752565335451
2012-05-28,520.7948510859835
2012-05-29,522.0041825841381
2012-05-30,521.394702961681
2012-05-31,532.9631167933728
2012-06-01,540.8351171750338
2012-06-04,539.9180997931431
2012-06-05,528.7560608695829
2012-06-06,533.7272064930631
2012-06-07,521.48584854053
2012-06-08,518.9387950629766
2012-06-11,519.4613599186223
2012-06-12,517.9443184966469
2012-06-13,527.7574071658488
2012-06-14,522.059659226206
2012-06-15,517.6772108375735
2012-06-18,521.851242488209
2012-06-19,521.8065994893021
2012-06-20,524.0082796960809
2012-06-21,524.2473829013975
2012-06-22,539.5777941157559
2012-06-25,538.276119744628
2012-06-26,554.7392206407576
2012-06-27,542.9061139453125
2012-06-28,539.9985921902384
2012-06-29,536.4843392002667
2012-07-02,543.7639922051667
2012-07-03,542.6850620803034
2012-07-04,548.6045273221596
2012-07-05,544.5010339790906
2012-07-06,549.8326614445847
2012-07-09,550.6066835356833
2012-07-10,544.3167265073893
2012-07-11,550.9321646925443
2012-07-12,543.5458100189588
2012-07-13,532.6798864834974
2012-07-16,529.9415470428596
2012-07-17,524.8250050324003
2012-07-18,540.5929132477838
2012-07-19,536.6578241476956
2012-07-20,533.693718889634
2012-07-23,534.3425704311655
2012-07-24,527.6956386179398
2012-07-25,524.5074277033782
2012-07-26,529.705888004852
2012-07-27,542.5279395436912
2012-07-30,537.2990422703288
2012-07-31,539.3043527693803
2012-08-01,535.1567995633701
2012-08-02,532.3807247158848
2012-08-03,534.7988076191023
2012-08-06,536.9565917130598
2012-08-07,538.3529034079784
2012-08-08,531.993674337141
2012-08-09,530.3707798844277
2012-08-10,549.5040479195104
2012-08-13,550.026460094206
2012-08-14,542.6471107559931
2012-08-15,540.0293631242013
2012-08-16,542.8360110659869
2012-08-17,540.1537563136203
2012-08-20,539.5901005349318
2012-08-21,536.1909926230852
2012-08-22,542.0676847861387
2012-08-23,543.2322413532991
2012-08-24,542.8071241268167
2012-08-27,538.4429190580182
2012-08-28,539.179152053527
2012-08-29,546.4755525513402
2012-08-30,554.0242440930504
2012-08-31,548.7368520044676
2012-09-03,546.5223166371676
2012-09-04,542.5509475257184
2012-09-05,531.0996347483286
2012-09-06,524.8945967850636
2012-09-07,529.4124119876153
2012-09-10,532.5588744957636
2012-09-11,532.6496093920288
2012-09-12,534.8633856104814
2012-09-13,537.7540550175759
2012-09-14,543.2481704454788
2012-09-17,553.5401275593258
2012-09-18,548.2999863054849
2012-09-19,547.6697864882149
2012-09-20,542.9242921755615
2012-09-21,540.4379767111369
2012-09-24,535.4222426248839
2012-09-25,537.6529576356457
2012-09-26,540.8931422728906
2012-09-27,533.9892120137715
2012-09-28,534.9668630116656
2012-10-01,534.9970755315483
2012-10-02,530.1967975106397
2012-10-03,533.1606459716165
2012-10-04,536.2201076215621
2012-10-05,535.7313239147428
2012-10-08,530.5800000878414
2012-10-09,535.7359599005752
2012-10-10,544.136123670992
2012-10-11,551.0823712646735
2012-10-12,541.3858546207967
2012-10-15,541.0296021982977
2012-10-16,537.4292689410124
2012-10-17,536.0162529151432
2012-10-18,539.6032154516272
2012-10-19,538.9566821017462
2012-10-22,534.7644741498632
2012-10-23,534.0557929028046
2012-10-24,530.6719190480713
2012-10-25,523.9523299128657
2012-10-26,530.1692478435752
2012-10-29,518.6922372018844
2012-10-30,515.1076912307245
2012-10-31,525.0800846119316
2012-11-01,527.5789463595022
2012-11-02,525.4184268292136
2012-11-05,530.6825635728658
2012-11-06,524.7873252888281
2012-11-07,520.6883775804093
2012-11-08,525.2771805775287
2012-11-09,518.2993555982976
2012-11-12,511.0330481706574
2012-11-13,508.61215203961103
2012-11-14,507.4532382047111
2012-11-15,500.5248098256956
2012-11-16,498.05285304867795
2012-11-19,499.5332554903749
2012-11-20,491.0205584329229
2012-11-21,493.9439983830056
2012-11-22,491.9940706629332
2012-11-23,493.88538075173295
2012-11-26,488.15503426890336
2012-11-27,486.20932928987406
2012-11-28,485.4030726265795
2012-11-29,490.17727233113095
2012-11-30,494.15110006966927
2012-12-03,490.9614414225345
2012-12-04,490.4003692953494
2012-12-05,488.92911402911176
2012-12-06,491.7504078503375
2012-12-07,494.96420755271737
2012-12-10,492.3450380228129
2012-12-11,498.2172444579264
2012-12-12,496.39859358459313
2012-12-13,501.16955124173484
2012-12-14,499.19517700748014
2012-12-17,501.2033752459953
2012-12-18,498.3146115486905
2012-12-19,506.7523009232144
2012-12-20,513.7938536985273
2012-12-21,514.5625306363619
2012-12-24,512.406639414711
2012-12-25,513.992294029376
2012-12-26,521.967458769961
2012-12-27,524.188723614864
2012-12-28,531.5284294601757
2012-12-31,529.9579561124408
2013-01-01,529.4059959187778
2013-01-02,530.6693431189658
2013-01-03,527.4186094996451
2013-01-04,516.3508490649283
2013-01-07,508.2092006077727
2013-01-08,506.8985541399414
2013-01-09,503.81850628454094
2013-01-10,513.3087650172055
2013-01-11,500.90263408508815
2013-01-14,498.13473237361484
2013-01-15,504.2442723196209
2013-01-16,507.59588323929313
2013-01-17,506.59319501432265
2013-01-18,502.10613264471215
2013-01-21,501.8232938693693
2013-01-22,502.6903575884265
2013-01-23,500.0161990458003
2013-01-24,495.93426247994364
2013-01-25,495.88536539860587
2013-01-28,491.9708199146873
2013-01-29,485.40434269449133
2013-01-30,495.61428472921705
2013-01-31,500.66410608437957
2013-02-01,500.575955608506
2013-02-04,502.35375948223526
2013-02-05,514.8053837684214
2013-02-06,531.659640389925
2013-02-07,535.6429280884871
2013-02-08,536.6231202557553
2013-02-11,536.8403621545749
2013-02-12,549.4826769644751
2013-02-13,552.2868026103581
2013-02-14,555.2002476220451
2013-02-15,551.603698638387
2013-02-18,552.9323630763716
2013-02-19,546.1854363496097
2013-02-20,545.8845451406179
2013-02-21,534.2866830367375
2013-02-22,528.2620853696419
2013-02-25,530.3921605459702
2013-02-26,518.3000215002252
2013-02-27,515.7909304386664
2013-02-28,514.4097962775221
2013-03-01,506.53667586387144
2013-03-04,511.2672892177958
2013-03-05,509.7873813160338
2013-03-06,519.9161980161585
2013-03-07,531.7757836392326
2013-03-08,542.5481095290824
2013-03-11,537.2820104131796
2013-03-12,538.3612652457302
2013-03-13,546.0874875922601
2013-03-14,554.5610766852667
2013-03-15,556.1915610893919
2013-03-18,559.2785864877148
2013-03-19,556.780259516491
2013-03-20,570.4440356539726
2013-03-21,568.2734688491574
2013-03-22,580.2529380533081
2013-03-25,581.8352487377033
2013-03-26,591.5127578129872
2013-03-27,584.8231200467415
2013-03-28,588.8248996983268
2013-03-29,580.7625749973623
2013-04-01,583.9974797346714
2013-04-02,587.4595861062494
2013-04-03,587.5380811288898
2013-04-04,591.0260392669442
2013-04-05,587.3686098268198
2013-04-08,584.2649573116673
2013-04-09,586.4284480535024
2013-04-10,585.830333408374
2013-04-11,584.6663261041294
2013-04-12,585.5673320753647
2013-04-15,599.5111233420679
2013-04-16,586.0402471154049
2013-04-17,585.0212979614549
2013-04-18,586.0413121958586
2013-04-19,580.1522134866115
2013-04-22,582.7824457071887
2013-04-23,583.7425771446462
2013-04-24,588.2661001957188
2013-04-25,587.3863918298438
2013-04-26,590.2457887985412
2013-04-29,577.8361716250739
2013-04-30,569.4574435685713
2013-05-01,580.5781342157073
2013-05-02,572.5759573221552
2013-05-03,580.6491746605616
2013-05-06,579.1143263449338
2013-05-07,586.8015039375622
2013-05-08,602.5750905545202
2013-05-09,598.1674466493816
2013-05-10,603.5088955372133
2013-05-13,606.3669582818195
2013-05-14,610.0758746275379
2013-05-15,608.9944002638416
2013-05-16,610.6168708056797
2013-05-17,596.5892330021109
2013-05-20,593.5393355039852
2013-05-21,588.4812931582813
2013-05-22,591.1086357902806
2013-05-23,586.4389568355481
2013-05-24,588.4564168591986
2013-05-27,585.5585766892186
2013-05-28,574.8316865667699
2013-05-29,566.8021305912271
2013-05-30,564.6498749135513
2013-05-31,569.5444368540359
2013-06-03,576.023813145183
2013-06-04,574.4581475798
2013-06-05,574.6072699311403
2013-06-06,566.4981482561925
2013-06-07,573.8764080312693
2013-06-10,573.3714393212286
2013-06-11,566.7284827841418
2013-06-12,568.0955250090739
2013-06-13,576.908329051307
2013-06-14,573.1814477376123
2013-06-17,574.6016822574626
2013-06-18,572.3075247970105
2013-06-19,565.3800932252818
2013-06-20,563.3271002767578
2013-06-21,568.8516993334101
2013-06-24,566.6764539980434
2013-06-25,560.9359376046771
2013-06-26,560.2849882647855
2013-06-27,557.0720707515156
2013-06-28,547.8232937719027
2013-07-01,548.1742468195717
2013-07-02,552.584697052536
2013-07-03,552.1565776005971
2013-07-04,571.9396012618105
2013-07-05,571.9656128421508
2013-07-08,582.2089118211496
2013-07-09,590.9173837515467
2013-07-10,597.5462888794043
2013-07-11,610.0387136851859
2013-07-12,609.1065200845402
2013-07-15,611.7634829791075
2013-07-16,612.3584579169273
2013-07-17,598.6917905943521
2013-07-18,593.9756085010624
2013-07-19,608.290461302847
2013-07-22,607.5310511541824
2013-07-23,610.0057647824101
2013-07-24,600.1467884156519
2013-07-25,590.5951219287745
2013-07-26,596.1023377258947
2013-07-29,605.6396100604856
2013-07-30,601.0961840340906
2013-07-31,593.4628370453768
2013-08-01,587.5961564113654
2013-08-02,595.5669519923208
2013-08-05,592.3732553772313
2013-08-06,591.9797168955879
2013-08-07,594.4296922507198
2013-08-08,593.8748518564566
2013-08-09,595.2643414379232
2013-08-12,596.710549545917
2013-08-13,583.9532046476181
2013-08-14,577.8896710986594
2013-08-15,579.4229906576657
2013-08-16,577.437571402975
2013-08-19,573.9072225330002
2013-08-20,575.177218089121
2013-08-21,580.1123674997806
2013-08-22,589.9098236342311
2013-08-23,598.5458112344911
2013-08-26,589.2888750325047
2013-08-27,590.8347935572991
2013-08-28,586.7175787556869
2013-08-29,585.5028581701612
2013-08-30,585.7651257857964
2013-09-02,567.0432413778556
2013-09-03,572.480093476404
2013-09-04,574.2023641911666
2013-09-05,575.9725206644346
2013-09-06,573.3812386386161
2013-09-09,578.5722838695386
2013-09-10,574.734907710174
2013-09-11,576.4738270674668
2013-09-12,566.8095877629067
2013-09-13,560.79470653923
2013-09-16,570.2181429089879
2013-09-17,574.7277945346044
2013-09-18,566.704521359956
2013-09-19,574.1148441749552
2013-09-20,567.3103057100504
2013-09-23,570.573692023911
2013-09-24,576.9715428796042
2013-09-25,585.2592705847953
2013-09-26,582.6232205737709
2013-09-27,591.5497128321089
2013-09-30,594.691555361232
2013-10-01,598.6364957647626
2013-10-02,600.2859527475514
2013-10-03,599.6028281424017
2013-10-04,615.7744586887605
2013-10-07,617.6154577717907
2013-10-08,601.2899488592999
2013-10-09,593.9898301769907
2013-10-10,595.5308089889071
2013-10-11,593.3674879419058
2013-10-14,587.3755649111974
2013-10-15,603.2014924804241
2013-10-16,601.6197019468497
2013-10-17,606.8050133608122
2013-10-18,605.5687815781641
2013-10-21,605.1789524307543
2013-10-22,611.982425827945
2013-10-23,614.0904208975288
2013-10-24,619.522501716158
2013-10-25,626.8777999884169
2013-10-28,630.5087749670505
2013-10-29,634.728988486783
2013-10-30,637.3062456610473
2013-10-31,637.7362973791676
2013-11-01,632.8695603873509
2013-11-04,630.1831486418416
2013-11-05,628.8750579302313
2013-11-06,619.796802092263
2013-11-07,613.6576801426377
2013-11-08,621.8571862961196
2013-11-11,635.5964085075096
2013-11-12,627.5003206843103
2013-11-13,627.5902933993681
2013-11-14,632.0623299973781
2013-11-15,639.1141259604149
2013-11-18,649.3557966111719
2013-11-19,645.1224771221623
2013-11-20,647.5351396297436
2013-11-21,654.4490297881227
2013-11-22,660.2476010883023
2013-11-25,665.1163127401633
2013-11-26,663.9080643466865
2013-11-27,662.1062454341443
2013-11-28,659.1441736129239
2013-11-29,654.7898868642958
2013-12-02,658.2767086103397
2013-12-03,672.6025335415404
2013-12-04,678.7543424191207
2013-12-05,686.2046951139741
2013-12-06,684.8636625839953
2013-12-09,682.6136523486451
2013-12-10,681.8165056768407
2013-12-11,679.8556403697038
2013-12-12,675.00203294475
2013-12-13,682.9098097583521
2013-12-16,689.6277611759638
2013-12-17,686.5100014002929
2013-12-18,689.3540708391008
2013-12-19,702.6826940260689
2013-12-20,702.5462005660678
2013-12-23,707.3851864066075
2013-12-24,709.2440287047234
2013-12-25,706.1871991110947
2013-12-26,703.1669991409098
2013-12-27,708.4863335198376
2013-12-30,715.8940161634392
2013-12-31,724.0213622904855
2014-01-01,729.6901673401123
2014-01-02,735.0675588692345
2014-01-03,731.7852838460922
2014-01-06,735.8369803331004
2014-01-07,742.6591556044168
2014-01-08,729.1384705315909
2014-01-09,738.9627317380197
2014-01-10,743.3117847392807
2014-01-13,736.1712172908648
2014-01-14,745.8518174609761
2014-01-15,755.9193408367232
2014-01-16,760.0077415565983
2014-01-17,773.3599758810304
2014-01-20,767.9571230935451
2014-01-21,763.9680093142392
2014-01-22,760.0584879012669
2014-01-23,749.602889944577
2014-01-24,743.455613872148
2014-01-27,737.0860683988292
2014-01-28,740.3572390490161
2014-01-29,730.0285231137352
2014-01-30,742.1787893568635
2014-01-31,751.1380283175868
2014-02-03,748.1097590902439
2014-02-04,755.7506628045193
2014-02-05,756.002430752736
2014-02-06,765.0105174700515
2014-02-07,762.6733649409532
2014-02-10,759.7269607020835
2014-02-11,766.2054663325365
2014-02-12,774.1125867255676
2014-02-13,783.0526157419795
2014-02-14,786.809152230787
2014-02-17,791.3249177662839
2014-02-18,783.0685547020589
2014-02-19,787.2118984233555
2014-02-20,785.1774205917603
2014-02-21,789.6324790410832
2014-02-24,806.2079212975684
2014-02-25,815.2081479742596
2014-02-26,824.3391945544374
2014-02-27,831.4657167597586
2014-02-28,838.2941165427079
2014-03-03,834.3404529277807
2014-03-04,840.0339160040978
2014-03-05,851.6538882102856
2014-03-06,863.4647243391463
2014-03-07,864.2559234595124
2014-03-10,857.0853495284666
2014-03-11,844.9368323781462
2014-03-12,857.7937685316822
2014-03-13,861.1156838975486
2014-03-14,857.640848905294
2014-03-17,860.3430604104981
2014-03-18,869.6106210659218
2014-03-19,867.2770910353073
2014-03-20,855.2049978020731
2014-03-21,868.6593025892699
2014-03-24,862.7954004355743
2014-03-25,870.6916448582256
2014-03-26,872.1939413027723
2014-03-27,855.6092064037758
2014-03-28,851.076772665115
2014-03-31,856.1507030513429
2014-04-01,867.7092681065409
2014-04-02,864.5011913356595
2014-04-03,867.0823384789015
2014-04-04,878.3934047743853
2014-04-07,881.3468453527703
2014-04-08,874.291512338748
2014-04-09,869.3034208948694
2014-04-10,879.7146187035363
2014-04-11,865.3813995008227
2014-04-14,871.7169607349584
2014-04-15,858.2265245575185
2014-04-16,871.49273719585
2014-04-17,872.6951643994548
2014-04-18,864.7217432444702
2014-04-21,878.5677324700392
2014-04-22,873.821456165631
2014-04-23,882.9353691128417
2014-04-24,893.0298444219728
2014-04-25,898.5386498189383
2014-04-28,909.4716352477964
2014-04-29,919.3351400799676
2014-04-30,913.85823606521
2014-05-01,925.2172241288877
2014-05-02,939.3623338507749
2014-05-05,924.5932632160519
2014-05-06,920.1291720686751
2014-05-07,932.8421380483225
2014-05-08,932.4470300341462
2014-05-09,941.0704465678929
2014-05-12,931.4829494953108
2014-05-13,933.689285526939
2014-05-14,921.3430758712955
2014-05-15,933.6774131148634
2014-05-16,939.0629464803792
2014-05-19,940.6036297699183
2014-05-20,938.8946419897438
2014-05-21,929.6452266562449
2014-05-22,924.2564265825305
2014-05-23,929.2011444352091
2014-05-26,936.9011438283128
2014-05-27,928.8562271107133
2014-05-28,920.4837119620901
2014-05-29,916.9919830416897
2014-05-30,922.1052502049013
2014-06-02,930.4657729641171
2014-06-03,917.6802089729518
2014-06-04,936.0775202636196
2014-06-05,933.7088035260637
2014-06-06,924.2523750592284
2014-06-09,919.5949366465347
2014-06-10,945.0573534952911
2014-06-11,938.1140027254485
2014-06-12,938.6510170299431
2014-06-13,936.7238823897209
2014-06-16,943.0358675413212
2014-06-17,947.5213621406472
2014-06-18,964.7090612737697
2014-06-19,961.3641087641481
2014-06-20,953.6871227248856
2014-06-23,946.9312770601174
2014-06-24,949.6899581100777
2014-06-25,942.7881516777688
2014-06-26,941.8805637758077
2014-06-27,945.5885209222199
2014-06-30,958.5819158229118
2014-07-01,960.5410685439931
2014-07-02,956.2957174499976
2014-07-03,959.3708249369756
2014-07-04,969.033651663446
2014-07-07,960.3836310899137
2014-07-08,957.3601788234608
2014-07-09,956.4295953197682
2014-07-10,938.4330025107791
2014-07-11,940.113607192591
2014-07-14,929.3240158990807
2014-07-15,925.0632055463411
2014-07-16,914.4792187274893
2014-07-17,909.101598147579
2014-07-18,902.1267861320007
2014-07-21,902.3876788005044
2014-07-22,903.365937959814
2014-07-23,900.7893357975049
2014-07-24,891.1648365242463
2014-07-25,897.3288961485089
2014-07-28,892.0596121174576
2014-07-29,904.8079579615164
2014-07-30,896.8008766660511
2014-07-31,895.6355181988364
2014-08-01,892.2872964553922
2014-08-04,894.3688826917819
2014-08-05,901.0788194666396
2014-08-06,902.1091965075385
2014-08-07,888.0120569568849
2014-08-08,878.4065677061907
2014-08-11,876.5904781656662
2014-08-12,864.7825763217339
2014-08-13,870.0092609088825
2014-08-14,866.4809425606886
2014-08-15,871.6679736592245
2014-08-18,869.8374020060318
2014-08-19,869.0230615479479
2014-08-20,850.9767606230346
2014-08-21,861.0266823219137
2014-08-22,864.3918684079694
2014-08-25,848.484697710035
2014-08-26,859.5347672999563
2014-08-27,855.1717048247654
2014-08-28,867.531659553198
2014-08-29,856.78258305288
2014-09-01,842.6582706026359
2014-09-02,861.8828398406839
2014-09-03,857.744062361636
2014-09-04,867.3696641801864
2014-09-05,871.5566933635964
2014-09-08,878.8251086253695
2014-09-09,865.9930866933795
2014-09-10,866.6250189325021
2014-09-11,875.5465636948159
2014-09-12,860.2743670612538
2014-09-15,862.3159353151724
2014-09-16,860.8178464116108
2014-09-17,854.3717134809132
2014-09-18,870.400635773731
2014-09-19,865.4488014689655
2014-09-22,877.4959031065817
2014-09-23,873.2357060575886
2014-09-24,867.7003480495941
2014-09-25,855.8286291661549
2014-09-26,853.1529995831536
2014-09-29,832.9103980393745
2014-09-30,834.0098845780661
2014-10-01,838.7943081097284
2014-10-02,836.7998216872286
2014-10-03,833.3710675989348
2014-10-06,843.9646787373998
2014-10-07,849.1516428718212
2014-10-08,857.2142538913118
2014-10-09,853.3832592579753
2014-10-10,858.5323369846183
2014-10-13,851.078306471274
2014-10-14,864.9964456956425
2014-10-15,863.6497770702135
2014-10-16,859.6542887834538
2014-10-17,863.0727540918397
2014-10-20,865.2055499025307
2014-10-21,859.1701166244882
2014-10-22,856.4598425359717
2014-10-23,866.9604813522158
2014-10-24,863.5584752153857
2014-10-27,881.6780803622457
2014-10-28,886.0096066810934
2014-10-29,882.3104391960997
2014-10-30,862.899211705929
2014-10-31,858.0063457499172
2014-11-03,846.8829511091204
2014-11-04,836.2682314345186
2014-11-05,836.6684979444279
2014-11-06,855.2521089182516
2014-11-07,857.5736894260435
2014-11-10,861.8008289763708
2014-11-11,861.3009127936623
2014-11-12,855.9228783449813
2014-11-13,867.1856263527865
2014-11-14,856.8434093621562
2014-11-17,862.0174078180604
2014-11-18,859.1696367085317
2014-11-19,858.2718005120169
2014-11-20,859.193914128671
2014-11-21,873.0993991746642
2014-11-24,891.880978371694
2014-11-25,879.4213881691526
2014-11-26,875.0400551949784
2014-11-27,876.7452316415937
2014-11-28,874.8378180738016
2014-12-01,878.8340733138355
2014-12-02,881.684871994554
2014-12-03,874.0871188063086
2014-12-04,859.4485935948408
2014-12-05,853.3469152698198
2014-12-08,856.8033320652896
2014-12-09,859.7999904189891
2014-12-10,862.9435597431875
2014-12-11,852.6161723141466
2014-12-12,857.0415232161856
2014-12-15,861.6179599725001
2014-12-16,866.1572664195496
2014-12-17,866.9577542616183
2014-12-18,864.8761162286362
2014-12-19,870.5304545535652
2014-12-22,886.6808846560865
2014-12-23,894.856460043647
2014-12-24,884.5389562470663
2014-12-25,880.8040262614898
2014-12-26,873.3846021993379
2014-12-29,894.1581401750543
2014-12-30,901.73057335369
2014-12-31,898.4783976953271
2015-01-01,895.807165655614
2015-01-02,906.7306614207413
2015-01-05,914.223246544719
2015-01-06,916.9671595700613
2015-01-07,926.1623068558011
2015-01-08,915.3321828596657
2015-01-09,907.0604339420388
2015-01-12,923.4567545147166
2015-01-13,927.6219484488282
2015-01-14,928.4457537716166
2015-01-15,930.6573798453036
2015-01-16,927.9767898743636
2015-01-19,917.9541940903881
2015-01-20,936.6264482170401
2015-01-21,934.6787615612161
2015-01-22,930.1538967669472
2015-01-23,920.7085515914707
2015-01-26,935.2437884812249
2015-01-27,952.5819553190931
2015-01-28,955.9629737154163
2015-01-29,966.4921819349362
2015-01-30,966.7578344374697
2015-02-02,955.8443858450426
2015-02-03,962.5861448184057
2015-02-04,978.0331384785835
2015-02-05,968.4977544808124
2015-02-06,964.5842124780634
2015-02-09,977.1201798312582
2015-02-10,998.7003436433248
2015-02-11,994.966671033848
2015-02-12,985.6212412203286
2015-02-13,978.0621528612841
2015-02-16,992.7521526533772
2015-02-17,977.5406001492378
2015-02-18,966.7708332597083
2015-02-19,957.2102024403968
2015-02-20,970.7097421931087
2015-02-23,966.8381027932053
2015-02-24,962.1729458428556
2015-02-25,957.9884119713951
2015-02-26,951.4631771555125
2015-02-27,958.9368359074396
2015-03-02,943.7311152341649
2015-03-03,942.9968296560414
2015-03-04,954.6172738303931
2015-03-05,949.1174477182874
2015-03-06,939.3848149668609
2015-03-09,941.2554227427526
2015-03-10,933.1107064006059
2015-03-11,912.4365662667085
2015-03-12,909.9145938572885
2015-03-13,914.6658366321361
2015-03-16,929.3850520108798
2015-03-17,912.1101611525081
2015-03-18,916.4494722487487
2015-03-19,911.8487549532994
2015-03-20,904.9585096942998
2015-03-23,893.357490521773
2015-03-24,889.9573252287572
2015-03-25,887.0942658233051
2015-03-26,912.7544149762151
2015-03-27,908.2478614050849
2015-03-30,905.5968173511549
2015-03-31,921.152559273933
2015-04-01,912.1955428461142
2015-04-02,903.6760772084338
2015-04-03,892.7766357497969
2015-04-06,894.46441089547
2015-04-07,889.1899852718932
2015-04-08,879.2600581313908
2015-04-09,857.0763093714161
2015-04-10,862.110922165137
2015-04-13,855.9210415105726
2015-04-14,851.512632389543
2015-04-15,852.8801159758334
2015-04-16,854.2292746969584
2015-04-17,860.1318000059902
2015-04-20,869.0172325787206
2015-04-21,875.4100951987274
2015-04-22,858.3994522907593
2015-04-23,857.5020753022246
2015-04-24,845.4910210852316
2015-04-27,847.8994630864046
2015-04-28,851.218835056827
2015-04-29,846.1219105726286
2015-04-30,844.2621379231701
2015-05-01,845.6318286583574
2015-05-04,845.6698886002405
2015-05-05,841.5586801532937
2015-05-06,849.4802291544156
2015-05-07,848.2997800700502
2015-05-08,842.942161906303
2015-05-11,842.6221342311047
2015-05-12,843.6006768501645
2015-05-13,839.3397101961716
2015-05-14,847.5710292711307
2015-05-15,855.332869243089
2015-05-18,852.9035529138954
2015-05-19,854.7283866160193
2015-05-20,868.3621974888445
2015-05-21,854.254078984293
2015-05-22,844.6985904335378
2015-05-25,846.8067113448241
2015-05-26,841.2077066523295
2015-05-27,847.287489306995
2015-05-28,841.2825985216616
2015-05-29,825.5154950048285
2015-06-01,827.3945754223281
2015-06-02,824.2078407252915
2015-06-03,822.0027672421727
2015-06-04,815.685181939695
2015-06-05,820.9020984004189
2015-06-08,832.7020051606345
2015-06-09,845.1619893534983
2015-06-10,857.863792916042
2015-06-11,858.2812408963127
2015-06-12,854.9726646326743
2015-06-15,871.176936214377
2015-06-16,868.7455350932463
2015-06-17,894.0030448218207
2015-06-18,904.2473286679107
2015-06-19,896.5448274117211
2015-06-22,893.1623916117388
2015-06-23,884.6406707452284
2015-06-24,875.2673212959994
2015-06-25,857.3211727848175
2015-06-26,845.4786071815253
2015-06-29,851.7103117840817
2015-06-30,853.2425912174207
2015-07-01,867.0994946770412
2015-07-02,855.3263034545139
2015-07-03,869.4128695296575
2015-07-06,886.3331396683895
2015-07-07,887.940588556306
2015-07-08,880.2395944464413
2015-07-09,871.2812015949542
2015-07-10,886.860320787784
2015-07-13,880.1023360873289
2015-07-14,864.618625592477
2015-07-15,843.8836932428454
2015-07-16,833.9935971902211
2015-07-17,836.6696643418758
2015-07-20,845.2402291479921
2015-07-21,838.520958320299
2015-07-22,835.2548369650839
2015-07-23,844.5706062526828
2015-07-24,835.6082121254119
2015-07-27,839.2966884048219
2015-07-28,837.1242736277799
2015-07-29,834.2688512943902
2015-07-30,836.333304616432
2015-07-31,835.1290982998325
2015-08-03,840.760064352563
2015-08-04,861.2913927005436
2015-08-05,860.6166457146946
2015-08-06,870.500323058359
2015-08-07,861.7003526788114
2015-08-10,856.219045820197
2015-08-11,874.0463770083304
2015-08-12,881.5416932197483
2015-08-13,890.2277535922348
2015-08-14,900.5414502919427
2015-08-17,894.7475189311506
2015-08-18,885.1431031229728
2015-08-19,892.2894158150809
2015-08-20,884.194088748962
2015-08-21,894.6278235966709
2015-08-24,886.3597391066909
2015-08-25,901.5262368368562
2015-08-26,904.4140232367852
2015-08-27,896.0157568996079
2015-08-28,902.2827942104154
2015-08-31,909.090719240343
2015-09-01,896.2379933310599
2015-09-02,909.9135251413732
2015-09-03,922.9565360673114
2015-09-04,942.3733748247859
2015-09-07,964.9734453854919
2015-09-08,954.1918483653856
2015-09-09,949.7073517989081
2015-09-10,944.0895112069425
2015-09-11,948.9306753558292
2015-09-14,943.2638511950952
2015-09-15,945.5740602683502
2015-09-16,951.4013394492457
2015-09-17,972.5353741205156
2015-09-18,979.5793428514821
2015-09-21,976.769854933766
2015-09-22,979.1241000489637
2015-09-23,988.3309714164493
2015-09-24,988.8565180829172
2015-09-25,997.4989493587442
2015-09-28,995.3376638775012
2015-09-29,1011.9830615769221
2015-09-30,1008.8176426268951
2015-10-01,1000.1025138825528
2015-10-02,984.9926755418131
2015-10-05,972.6017500787467
2015-10-06,978.2744237308887
2015-10-07,982.5624635178439
2015-10-08,994.4157316883301
2015-10-09,992.3287401888706
2015-10-12,1005.1950155062046
2015-10-13,1011.7518657010484
2015-10-14,1021.0677722472437
2015-10-15,1027.3768884478034
2015-10-16,1028.0158147860843
2015-10-19,1040.9577541167787
2015-10-20,1054.0157011176416
2015-10-21,1066.0029697704613
2015-10-22,1056.2585775507293
2015-10-23,1057.1024783077075
2015-10-26,1057.836582372803
2015-10-27,1046.9409387536339
2015-10-28,1041.051458723991
2015-10-29,1052.336953198971
2015-10-30,1042.8933690459132
2015-11-02,1057.9209493040778
2015-11-03,1058.118397138845
2015-11-04,1058.1135066906645
2015-11-05,1054.08018401486
2015-11-06,1047.7698837453015
2015-11-09,1045.7864566575054
2015-11-10,1034.6241891218965
2015-11-11,1048.6413493627308
2015-11-12,1046.5399390942969
2015-11-13,1055.0753149032494
2015-11-16,1063.005794691338
2015-11-17,1062.765469831463
2015-11-18,1052.8562606083453
2015-11-19,1050.5277220836824
2015-11-20,1048.9511654276969
2015-11-23,1038.8755650612934
2015-11-24,1025.8094178414256
2015-11-25,1037.0761201933929
2015-11-26,1024.679153547105
2015-11-27,1005.679794125626
2015-11-30,994.120386190717
2015-12-01,986.9309092425459
2015-12-02,970.5914899515974
2015-12-03,987.3513322531662
2015-12-04,981.1708728545761
2015-12-07,964.1011286577775
2015-12-08,965.8852457545578
2015-12-09,961.4783579768066
2015-12-10,961.3332596004881
2015-12-11,966.303667902393
2015-12-14,953.4571501102365
2015-12-15,972.2907393888258
2015-12-16,980.6066080245279
2015-12-17,992.7672898023275
2015-12-18,985.7773066263907
2015-12-21,983.1709749197861
2015-12-22,977.5346253132789
2015-12-23,974.9563752554353
2015-12-24,971.9872997801771
2015-12-25,961.057676990443
2015-12-28,947.9981433688544
2015-12-29,944.6379601223776
2015-12-30,948.1147669374704
2015-12-31,945.6487123405682
2016-01-01,959.3953236172146
2016-01-04,971.4568250605529
2016-01-05,980.7312734085871
2016-01-06,968.0328129704608
2016-01-07,971.838869444276
2016-01-08,983.7280358252574
2016-01-11,990.5191390634498
2016-01-12,988.845147342811
2016-01-13,985.3993251022775
2016-01-14,985.7847960895974
2016-01-15,983.0664010950311
2016-01-18,973.6155634698216
2016-01-19,993.4631319955416
2016-01-20,983.5710751631572
2016-01-21,977.0695211023552
2016-01-22,975.1264427176773
2016-01-25,961.0902405173979
2016-01-26,961.755109846347
2016-01-27,940.3212341851056
2016-01-28,946.5928068456941
2016-01-29,938.6008458475997
2016-02-01,952.6203051252896
2016-02-02,953.7631684883781
2016-02-03,960.526735399773
2016-02-04,953.6252248910782
2016-02-05,950.4152535971454
2016-02-08,938.5178478350938
2016-02-09,939.1597916787307
2016-02-10,957.9322104469609
2016-02-11,975.1327220500896
2016-02-12,979.9541746142125
2016-02-15,977.4619071709411
2016-02-16,979.6910766529105
2016-02-17,979.0786662715808
2016-02-18,984.8508083632785
2016-02-19,995.7255462115169
2016-02-22,1002.6263306719228
2016-02-23,1007.522986208851
2016-02-24,999.9427604785982
2016-02-25,1014.391478004225
2016-02-26,1020.0289084068992
2016-02-29,1015.5522675119051
2016-03-01,1025.52927529463
2016-03-02,1019.0503431890411
2016-03-03,1010.3657062646947
2016-03-04,1011.2076118413752
2016-03-07,996.5309750849394
2016-03-08,998.947052502945
2016-03-09,1009.5030359899495
2016-03-10,995.9888222503268
2016-03-11,1003.4494438411386
2016-03-14,1015.9976165358113
2016-03-15,1027.3326472902522
2016-03-16,1041.606678783584
2016-03-17,1040.4988967129145
2016-03-18,1028.7600913908827
2016-03-21,1050.9735317357538
2016-03-22,1061.1994929500436
2016-03-23,1067.6648544637112
2016-03-24,1054.9511168600811
2016-03-25,1051.1653206750782
2016-03-28,1056.2438411840137
2016-03-29,1050.7246977022269
2016-03-30,1057.8999225933894
2016-03-31,1053.0133880178805
2016-04-01,1043.0378212470007
2016-04-04,1042.3706725772563
2016-04-05,1041.6918184126916
2016-04-06,1042.1991281529336
2016-04-07,1054.030884708289
2016-04-08,1037.3499895716054
2016-04-11,1038.0118158053413
2016-04-12,1036.2958503780462
2016-04-13,1033.8608304040572
2016-04-14,1023.7081564492327
2016-04-15,1017.154664206352
2016-04-18,1014.9882397447147
2016-04-19,1041.231653985154
2016-04-20,1032.6196961769094
2016-04-21,1006.8733858549151
2016-04-22,1026.1283613892988
2016-04-25,1038.658099156471
2016-04-26,1031.7554348440585
2016-04-27,1022.2305926451513
2016-04-28,1027.7506922236605
2016-04-29,1032.0535994986276
2016-05-02,1034.1646619235635
2016-05-03,1055.4755459131525
2016-05-04,1060.4700782728128
2016-05-05,1062.1684421999032
2016-05-06,1042.1815096601474
2016-05-09,1028.9624018420504
2016-05-10,1034.7146621976465
2016-05-11,1043.7894045134665
2016-05-12,1039.7060704124056
2016-05-13,1038.678886554775
2016-05-16,1032.9229214990276
2016-05-17,1020.532823241434
2016-05-18,1060.2015328719497
2016-05-19,1047.2446719174932
2016-05-20,1052.5008750407253
2016-05-23,1062.4135656177314
2016-05-24,1047.0828166982717
2016-05-25,1040.3561840260852
2016-05-26,1035.7154161850694
2016-05-27,1044.430192937588
2016-05-30,1061.2469552767732
2016-05-31,1057.3075017916187
2016-06-01,1058.615851700316
2016-06-02,1058.8474461205453
2016-06-03,1055.951179281862
2016-06-06,1054.1584566596202
2016-06-07,1062.7089467596732
2016-06-08,1080.297074650818
2016-06-09,1089.0144043672199
2016-06-10,1076.3912752465114
2016-06-13,1062.1114085809222
2016-06-14,1069.559972725552
2016-06-15,1066.7137509353397
2016-06-16,1085.8073123354213
2016-06-17,1075.134141696028
2016-06-20,1071.0906381133557
2016-06-21,1074.1878829666166
2016-06-22,1078.6936659394132
2016-06-23,1086.912198917094
2016-06-24,1087.2295871263918
2016-06-27,1074.4569493490285
2016-06-28,1086.2409922718164
2016-06-29,1086.4491728772468
2016-06-30,1100.4144756275064
2016-07-01,1114.2385082695405
2016-07-04,1117.9134191080957
2016-07-05,1135.5398684743595
2016-07-06,1119.5705439398068
2016-07-07,1111.5658825855335
2016-07-08,1109.3848366323346
2016-07-11,1088.8884058634821
2016-07-12,1078.9928702937975
2016-07-13,1104.3113840862206
2016-07-14,1110.874417407997
2016-07-15,1108.8251666416074
2016-07-18,1104.934620956956
2016-07-19,1105.3317989563536
2016-07-20,1106.0725129758612
2016-07-21,1109.413399859081
2016-07-22,1100.276803393129
2016-07-25,1124.6682874593646
2016-07-26,1120.4990572309416
2016-07-27,1107.9010305966583
2016-07-28,1104.1482305684754
2016-07-29,1108.5694759035841
2016-08-01,1131.3344737855327
2016-08-02,1119.6988146611127
2016-08-03,1101.1450396492262
2016-08-04,1111.652919346661
2016-08-05,1113.6299339676607
2016-08-08,1096.539390304344
2016-08-09,1099.2492088520712
2016-08-10,1110.3064906831917
2016-08-11,1112.3877020520404
2016-08-12,1111.4469924291438
2016-08-15,1109.1923495845942
2016-08-16,1100.8945429545795
2016-08-17,1116.9486228223682
2016-08-18,1109.6655663091412
2016-08-19,1104.6460255607633
2016-08-22,1118.4869211852065
2016-08-23,1117.6830897387824
2016-08-24,1109.9063754230324
2016-08-25,1125.3459653267412
2016-08-26,1123.2388464462356
2016-08-29,1108.7636836884785
2016-08-30,1086.3449208935733
2016-08-31,1094.3651018424823
2016-09-01,1093.4656017153904
2016-09-02,1110.9004600577623
2016-09-05,1095.7632403348762
2016-09-06,1103.225428943772
2016-09-07,1096.1456405307226
2016-09-08,1102.0606093737056
2016-09-09,1092.663533300597
2016-09-12,1091.17035862862
2016-09-13,1097.715092048793
2016-09-14,1114.9305253384262
2016-09-15,1105.57284659219
2016-09-16,1080.0295711504702
2016-09-19,1075.299737389217
2016-09-20,1072.2077159241242
2016-09-21,1082.423059774074
2016-09-22,1089.1420159106585
2016-09-23,1079.8092155097447
2016-09-26,1065.6898549105908
2016-09-27,1066.5336921153585
2016-09-28,1052.3135880986295
2016-09-29,1039.2845266202132
2016-09-30,1028.115139844458
2016-10-03,1036.6122570610848
2016-10-04,1026.834336681923
2016-10-05,1019.489884324395
2016-10-06,1015.8023187104994
2016-10-07,1031.7517141718195
2016-10-10,1027.91118349633
2016-10-11,1008.0736851699218
2016-10-12,1001.0878543769356
2016-10-13,983.1982849556116
2016-10-14,975.3553400026988
2016-10-17,980.1532285352639
2016-10-18,990.5284981181322
2016-10-19,1003.4802526926482
2016-10-20,993.3254663721771
2016-10-21,984.4087580277633
2016-10-24,986.5482126262682
2016-10-25,994.418694037423
2016-10-26,993.9841888585777
2016-10-27,1000.8235735650859
2016-10-28,995.0009311477698
2016-10-31,986.6038482062082
2016-11-01,1012.8961562813023
2016-11-02,982.6028197771885
2016-11-03,976.9703475941043
2016-11-04,982.897482532944
2016-11-07,997.1315494914475
2016-11-08,1011.3834722836518
2016-11-09,1021.7586687321831
2016-11-10,1035.8646762198057
2016-11-11,1048.8369167484693
2016-11-14,1054.8815241654906
2016-11-15,1068.2473101200148
2016-11-16,1102.3574636376366
2016-11-17,1104.047037461139
2016-11-18,1097.8806435411695
2016-11-21,1113.5202746323732
2016-11-22,1121.033941985125
2016-11-23,1130.2786107778854
2016-11-24,1107.8099392105532
2016-11-25,1092.3353441010277
2016-11-28,1095.4255040022283
2016-11-29,1093.2867101175943
2016-11-30,1101.2113005704948
2016-12-01,1100.7487359437625
2016-12-02,1115.5799829765576
2016-12-05,1072.3522424210435
2016-12-06,1063.616534006543
2016-12-07,1062.4168630583156
2016-12-08,1061.0213923737613
2016-12-09,1067.6621664614772
2016-12-12,1054.4542828428155
2016-12-13,1061.3582719207925
2016-12-14,1066.2096765714705
2016-12-15,1065.2098823533242
2016-12-16,1051.86576685971
2016-12-19,1027.7548129321654
2016-12-20,1016.7471622341548
2016-12-21,1027.7155625035896
2016-12-22,1024.5203204755073
2016-12-23,1022.5028949694617
2016-12-26,1013.0552612304465
2016-12-27,1011.8562966832499
2016-12-28,1011.6855053264345
2016-12-29,1012.1273850569638
2016-12-30,1028.4406976694531
2017-01-02,1031.2702853976548
2017-01-03,1028.0397694165156
2017-01-04,1032.7596952924139
2017-01-05,1031.3130811297692
2017-01-06,1024.528887470986
2017-01-09,1031.0516787681354
2017-01-10,1048.7432121429747
2017-01-11,1057.532505108025
2017-01-12,1041.8877025101153
2017-01-13,1031.7368752700359
2017-01-16,1029.0612883520057
2017-01-17,1029.036576750745
2017-01-18,1047.1709346174775
2017-01-19,1063.0214136365273
2017-01-20,1061.7248122094927
2017-01-23,1060.4877905677026
2017-01-24,1062.3817046850877
2017-01-25,1069.9586874382994
2017-01-26,1070.5528318485713
2017-01-27,1051.4310254348823
2017-01-30,1051.360434705653
2017-01-31,1067.6557432393283
2017-02-01,1030.974930169064
2017-02-02,1030.379106969493
2017-02-03,1041.542009602956
2017-02-06,1058.2992285822543
2017-02-07,1060.4683556892062
2017-02-08,1067.1038032601432
2017-02-09,1060.76736307386
2017-02-10,1042.2142429720495
2017-02-13,1037.4492123131429
2017-02-14,1054.4030682895
2017-02-15,1061.1872788163241
2017-02-16,1063.0553376969524
2017-02-17,1063.8831446635136
2017-02-20,1069.7797842404586
2017-02-21,1068.7370290296747
2017-02-22,1065.4460081766613
2017-02-23,1059.054971995997
2017-02-24,1066.2937839222823
2017-02-27,1085.0174345713747
2017-02-28,1097.368802503003
2017-03-01,1088.7794309569495
2017-03-02,1090.3734081788043
2017-03-03,1086.850633383214
2017-03-06,1103.2101849480055
2017-03-07,1116.7576677932088
2017-03-08,1110.535245707532
2017-03-09,1129.6983457397148
2017-03-10,1133.7347484686165
2017-03-13,1131.014991993506
2017-03-14,1116.4739999421179
2017-03-15,1122.9868722761926
2017-03-16,1138.3722508621267
2017-03-17,1155.2121307375658
2017-03-20,1154.6985851842956
2017-03-21,1168.1272991804824
2017-03-22,1181.4174882040834
2017-03-23,1186.0430342703073
2017-03-24,1197.7736615392112
2017-03-27,1221.5210403346798
2017-03-28,1219.2536447060954
2017-03-29,1221.5104056106418
2017-03-30,1221.8436464016445
2017-03-31,1217.5280886131275
2017-04-03,1209.6265065772723
2017-04-04,1231.8498260073065
2017-04-05,1231.7892419142374
2017-04-06,1209.325758435023
2017-04-07,1213.6561314748287
2017-04-10,1211.5738167126199
2017-04-11,1198.122525729659
2017-04-12,1204.9013317818315
2017-04-13,1209.3880287417344
2017-04-14,1192.046924180141
2017-04-17,1189.53791763786
2017-04-18,1193.8637303413072
2017-04-19,1172.7698091223792
2017-04-20,1168.7052962246537
2017-04-21,1165.3854927518237
2017-04-24,1193.490572821976
2017-04-25,1180.252919752728
2017-04-26,1186.2994859417051
2017-04-27,1212.0892282944383
2017-04-28,1196.2088427506335
2017-05-01,1211.0498841820454
2017-05-02,1226.4320720506848
2017-05-03,1236.6820548432388
2017-05-04,1225.1833270266152
2017-05-05,1211.4498128193784
2017-05-08,1215.8397833671804
2017-05-09,1223.117354009797
2017-05-10,1218.8777651081418
2017-05-11,1200.8303746693077
2017-05-12,1210.160008111319
2017-05-15,1199.9752037561248
2017-05-16,1222.7784315244203
2017-05-17,1241.5533538028963
2017-05-18,1220.3037370202637
2017-05-19,1220.768629508735
2017-05-22,1212.453227560746
2017-05-23,1214.454914368175
2017-05-24,1225.1930346726294
2017-05-25,1236.2490906616222
2017-05-26,1234.3063234633555
2017-05-29,1229.118245969747
2017-05-30,1212.7918434725257
2017-05-31,1219.9445868062362
2017-06-01,1215.464553602262
2017-06-02,1216.0941866045332
2017-06-05,1178.6179219969436
2017-06-06,1201.8225812345372
2017-06-07,1208.6036409586231
2017-06-08,1219.6024861510766
2017-06-09,1194.6748054212571
2017-06-12,1204.1035746734854
2017-06-13,1184.675097979344
2017-06-14,1156.2212892497416
2017-06-15,1157.3644639711151
2017-06-16,1175.0673131183953
2017-06-19,1198.9519811840005
2017-06-20,1192.335791137886
2017-06-21,1187.9171982338887
2017-06-22,1184.302369298002
2017-06-23,1179.278081594855
2017-06-26,1200.3676791265434
2017-06-27,1199.4329327227706
2017-06-28,1215.3147782712272
2017-06-29,1192.0430551102168
2017-06-30,1193.7244304145327
2017-07-03,1215.1185431050137
2017-07-04,1238.1888571398856
2017-07-05,1246.7368367718864
2017-07-06,1242.0807088178356
2017-07-07,1259.7530507124657
2017-07-10,1249.1267205159475
2017-07-11,1239.301585380502
2017-07-12,1240.4949130965013
2017-07-13,1216.9939883339357
2017-07-14,1204.1535986295135
2017-07-17,1190.1980155183921
2017-07-18,1183.9588195164522
2017-07-19,1175.1991705943701
2017-07-20,1181.4897897381022
2017-07-21,1176.691482253439
2017-07-24,1166.1539565175754
2017-07-25,1140.3243547662285
2017-07-26,1122.4897020925212
2017-07-27,1136.805606700628
2017-07-28,1140.6493157014752
2017-07-31,1139.8879185870521
2017-08-01,1128.5487600188274
2017-08-02,1137.83273748511
2017-08-03,1148.186804167961
2017-08-04,1145.530047085897
2017-08-07,1140.4133174423328
2017-08-08,1134.7789761341128
2017-08-09,1163.0934770821134
2017-08-10,1180.554786116485
2017-08-11,1175.4427293181993
2017-08-14,1176.14674726002
2017-08-15,1171.2712942561973
2017-08-16,1172.2766778483374
2017-08-17,1163.5104824531847
2017-08-18,1151.3413061618905
2017-08-21,1165.8934446905062
2017-08-22,1157.5135516124622
2017-08-23,1150.1636205151488
2017-08-24,1178.2349589173014
2017-08-25,1184.2292739336492
2017-08-28,1181.7650018099196
2017-08-29,1188.0613615846858
2017-08-30,1201.7740497171508
2017-08-31,1237.5734228603978
2017-09-01,1215.923249109163
2017-09-04,1224.7067630961747
2017-09-05,1219.4940318829388
2017-09-06,1188.8898068146452
2017-09-07,1169.23166639298
2017-09-08,1169.7494512282512
2017-09-11,1163.9703110274215
2017-09-12,1175.625895285967
2017-09-13,1178.0848230976887
2017-09-14,1174.185469269306
2017-09-15,1158.129222398021
2017-09-18,1155.6892971318182
2017-09-19,1166.683369146895
2017-09-20,1185.436134025934
2017-09-21,1184.5878800406722
2017-09-22,1169.5376220384207
2017-09-25,1160.0695219052877
2017-09-26,1171.3329068421906
2017-09-27,1148.6800663358101
2017-09-28,1142.9378488770985
2017-09-29,1127.7946346787924
2017-10-02,1127.5992633705755
2017-10-03,1112.8285220600444
2017-10-04,1109.5567732999034
2017-10-05,1127.0946455461328
2017-10-06,1124.8955497678066
2017-10-09,1117.21603426487
2017-10-10,1124.2415201435767
2017-10-11,1129.1850792725793
2017-10-12,1116.5745998595048
2017-10-13,1097.196258281169
2017-10-16,1082.0739036912441
2017-10-17,1088.6717003721617
2017-10-18,1089.6474773879247
2017-10-19,1078.050457926392
2017-10-20,1061.4709266572663
2017-10-23,1074.169148015596
2017-10-24,1085.1845033374009
2017-10-25,1107.3175966753752
2017-10-26,1107.086669616317
2017-10-27,1125.4799641814163
2017-10-30,1127.892715034705
2017-10-31,1105.0380186438024
2017-11-01,1097.4915546006118
2017-11-02,1085.1275681463346
2017-11-03,1079.1705663099985
2017-11-06,1082.2590454696476
2017-11-07,1108.2678497358688
2017-11-08,1109.0153559384178
2017-11-09,1117.8566268179798
2017-11-10,1120.675538005366
2017-11-13,1120.283004933706
2017-11-14,1118.5458062733553
2017-11-15,1110.5816604760735
2017-11-16,1090.034608320193
2017-11-17,1096.1309375579715
2017-11-20,1087.266601358385
2017-11-21,1058.0435622793746
2017-11-22,1051.971969190681
2017-11-23,1042.9308895507522
2017-11-24,1029.7107242128052
2017-11-27,1025.163232643709
2017-11-28,1036.8635594465966
2017-11-29,1035.8425218979626
2017-11-30,1023.3806866757151
2017-12-01,1037.48625360476
2017-12-04,1051.5019282901362
2017-12-05,1059.3789977110557
2017-12-06,1062.1081287119566
2017-12-07,1068.5609235589948
2017-12-08,1100.3197626060376
2017-12-11,1106.237339904253
2017-12-12,1111.8999554136383
2017-12-13,1137.8175556099184
2017-12-14,1124.923860748877
2017-12-15,1124.0805430043933
2017-12-18,1140.8029556025167
2017-12-19,1135.0612864825105
2017-12-20,1122.7698928291893
2017-12-21,1123.684644357525
2017-12-22,1119.653350986381
2017-12-25,1118.5006468763816
2017-12-26,1133.2318681146585
2017-12-27,1157.4479035210572
2017-12-28,1143.4593390160253
2017-12-29,1120.2648438760432
2018-01-01,1115.5251711930373
2018-01-02,1127.6354595130517
2018-01-03,1124.8534274239253
2018-01-04,1176.6198096530336
2018-01-05,1188.0596232086077
2018-01-08,1172.6824097240901
2018-01-09,1162.4761754915883
2018-01-10,1167.9609662385978
2018-01-11,1153.2938773422304
2018-01-12,1139.6258572224483
2018-01-15,1132.4501685531452
2018-01-16,1132.0523323649527
2018-01-17,1141.734829715369
2018-01-18,1136.9489590980518
2018-01-19,1132.3635058381947
2018-01-22,1110.2537668812447
2018-01-23,1103.4713557123491
2018-01-24,1102.2967774064577
2018-01-25,1083.7717172451912
2018-01-26,1086.8102248406
2018-01-29,1073.8199972753246
2018-01-30,1093.461276699587
2018-01-31,1124.0091862748363
2018-02-01,1143.3492519834458
2018-02-02,1139.2806817048006
2018-02-05,1135.5805884664987
2018-02-06,1133.6303261516068
2018-02-07,1133.9572691799483
2018-02-08,1107.9486502878915
2018-02-09,1108.9248924579988
2018-02-12,1107.6351970980277
2018-02-13,1108.222852151254
2018-02-14,1132.0974378951587
2018-02-15,1138.0002249556633
2018-02-16,1148.4452031296707
2018-02-19,1149.7861098387184
2018-02-20,1169.1194941431065
2018-02-21,1161.8674655977234
2018-02-22,1186.858502220988
2018-02-23,1194.058244743846
2018-02-26,1169.0686496577887
2018-02-27,1182.9377776747147
2018-02-28,1193.9847758823994
2018-03-01,1169.9795841803311
2018-03-02,1182.2473822268018
2018-03-05,1184.3974098752997
2018-03-06,1180.4413096038436
2018-03-07,1157.1869471248676
2018-03-08,1129.5562957334923
2018-03-09,1123.0875427554722
2018-03-12,1118.2412767595883
2018-03-13,1096.9795341665317
2018-03-14,1080.9138045445907
2018-03-15,1071.5570520882904
2018-03-16,1079.1040217922591
2018-03-19,1096.8235233915473
2018-03-20,1103.6729648569465
2018-03-21,1103.3883764499694
2018-03-22,1108.32465147188
2018-03-23,1121.0970615643505
2018-03-26,1116.227011845361
2018-03-27,1136.0309159716612
2018-03-28,1132.4757231288665
2018-03-29,1150.610707489423
2018-03-30,1148.4752675032341
2018-04-02,1142.8216356587523
2018-04-03,1153.543710591108
2018-04-04,1143.640590840846
2018-04-05,1161.2403304261998
2018-04-06,1156.439948939651
2018-04-09,1141.8613657050835
2018-04-10,1131.515977513156
2018-04-11,1114.8519518141097
2018-04-12,1106.2565201870987
2018-04-13,1094.2732362031195
2018-04-16,1088.2606945983234
2018-04-17,1084.7694120367573
2018-04-18,1081.8205008992852
2018-04-19,1069.9562035420158
2018-04-20,1068.1910108404281
2018-04-23,1060.7726195362468
2018-04-24,1069.8245699045788
2018-04-25,1077.590521608264
2018-04-26,1069.7647176880516
2018-04-27,1076.1473677463384
2018-04-30,1084.3933653147058
2018-05-01,1073.748412040295
2018-05-02,1089.525652739214
2018-05-03,1098.612680236148
2018-05-04,1107.492376478601
2018-05-07,1116.7412469828316
2018-05-08,1114.256927332899
2018-05-09,1104.1613975028251
2018-05-10,1134.5700188324397
2018-05-11,1120.5487158903447
2018-05-14,1102.002122647345
2018-05-15,1103.0601501775914
2018-05-16,1105.7073622531152
2018-05-17,1095.0931737111532
2018-05-18,1088.238004569463
2018-05-21,1076.3965931522712
2018-05-22,1070.3491744691808
2018-05-23,1098.0736210381099
2018-05-24,1100.825862468379
2018-05-25,1096.0799769840178
2018-05-28,1116.4339183691739
2018-05-29,1129.2030826179757
2018-05-30,1121.6578193687274
2018-05-31,1141.8932815751218
2018-06-01,1135.1066634707638
2018-06-04,1134.6794310934602
2018-06-05,1143.7770665968148
2018-06-06,1161.9405801765718
2018-06-07,1164.8605754293699
2018-06-08,1161.0609867488731
2018-06-11,1177.091022322537
2018-06-12,1178.8096254512645
2018-06-13,1177.1757818711571
2018-06-14,1152.2252175346584
2018-06-15,1150.6503401187922
2018-06-18,1167.225208107841
2018-06-19,1163.3506408353032
2018-06-20,1181.7217448748765
2018-06-21,1187.361943828689
2018-06-22,1193.6138113270356
2018-06-25,1210.443149348837
2018-06-26,1226.427857987713
2018-06-27,1232.2367912402744
2018-06-28,1245.0471090644453
2018-06-29,1250.7570812833774
2018-07-02,1265.8051513088903
2018-07-03,1277.540124251366
2018-07-04,1271.359622800249
2018-07-05,1275.5696073397426
2018-07-06,1263.2400579464565
2018-07-09,1227.7693354602668
2018-07-10,1211.4387267742363
2018-07-11,1206.1914138090842
2018-07-12,1204.7635821593697
2018-07-13,1206.0849569227598
2018-07-16,1198.8105193275971
2018-07-17,1197.8449290342357
2018-07-18,1207.8576999841334
2018-07-19,1206.2272355399155
2018-07-20,1206.9110881292313
2018-07-23,1203.0888707315921
2018-07-24,1206.3087963966377
2018-07-25,1190.1959811484082
2018-07-26,1181.1796468487926
2018-07-27,1182.7156574311782
2018-07-30,1190.7225948675862
2018-07-31,1185.537394796277
2018-08-01,1175.0470583433319
2018-08-02,1187.1936648642466
2018-08-03,1183.9150104960431
2018-08-06,1170.710623293963
2018-08-07,1176.660323360871
2018-08-08,1164.1582636652815
2018-08-09,1151.2982838993614
2018-08-10,1178.1734916523283
2018-08-13,1181.956068120872
2018-08-14,1167.3444402006262
2018-08-15,1166.3794410012906
2018-08-16,1183.8669362329279
2018-08-17,1182.7727724157219
2018-08-20,1160.2953311144704
2018-08-21,1172.6487080941274
2018-08-22,1182.9893198316845
2018-08-23,1194.423162301987
2018-08-24,1168.7130872224404
2018-08-27,1168.6325538460221
2018-08-28,1187.1949451976689
2018-08-29,1198.6918021494866
2018-08-30,1200.234394470638
2018-08-31,1212.2816184077055
2018-09-03,1230.8495677603214
2018-09-04,1226.0911696575668
2018-09-05,1220.2070026456418
2018-09-06,1242.9146703924914
2018-09-07,1257.0141103036458
2018-09-10,1242.172205295508
2018-09-11,1230.3894200270465
2018-09-12,1195.0640263701828
2018-09-13,1187.3587560027029
2018-09-14,1197.6294336764192
2018-09-17,1206.306376366605
2018-09-18,1209.5081247496116
2018-09-19,1200.8421880994783
2018-09-20,1189.3651634428625
2018-09-21,1185.934636677403
2018-09-24,1198.732759674475
2018-09-25,1190.105253565278
2018-09-26,1186.8087564277293
2018-09-27,1177.824945346631
2018-09-28,1160.637513295834
2018-10-01,1188.7796214342975
2018-10-02,1207.3225790813324
2018-10-03,1214.212582033916
2018-10-04,1219.5746981211946
2018-10-05,1224.9302993702238
2018-10-08,1239.3821001132085
2018-10-09,1249.582048087896
2018-10-10,1271.3813303899378
2018-10-11,1270.064335448796
2018-10-12,1295.034864053456
2018-10-15,1295.6668863452928
2018-10-16,1293.1473626245493
2018-10-17,1281.536479700747
2018-10-18,1241.9518286697955
2018-10-19,1236.5965933320917
2018-10-22,1230.95568535828
2018-10-23,1227.9813819100036
2018-10-24,1255.256873081292
2018-10-25,1251.573690534206
2018-10-26,1260.9898899792227
2018-10-29,1277.7414194395496
2018-10-30,1287.668724033313
2018-10-31,1292.7523286644348
2018-11-01,1293.4169898735886
2018-11-02,1310.3692859505404
2018-11-05,1284.394366958721
2018-11-06,1280.614615179763
2018-11-07,1293.136344176358
2018-11-08,1305.335347487371
2018-11-09,1328.8781622271383
2018-11-12,1330.557721534365
2018-11-13,1346.9393464675777
2018-11-14,1335.6985757942275
2018-11-15,1335.2232612602722
2018-11-16,1324.8023034462487
2018-11-19,1335.9530130448022
2018-11-20,1312.9611255021332
2018-11-21,1334.0340129834128
2018-11-22,1328.2662880539083
2018-11-23,1298.3325741310105
2018-11-26,1275.060851246551
2018-11-27,1252.4564312646419
2018-11-28,1247.5891812986033
2018-11-29,1242.02369687025
2018-11-30,1230.9873545078767
2018-12-03,1227.7559369282271
2018-12-04,1250.3213841293689
2018-12-05,1261.8085146610986
2018-12-06,1277.203020183549
2018-12-07,1283.5548914998324
2018-12-10,1288.2195876093854
2018-12-11,1285.6053269525826
2018-12-12,1275.3114172438445
2018-12-13,1283.941036555776
2018-12-14,1284.6212432067234
2018-12-17,1271.996505030251
2018-12-18,1266.5293991166554
2018-12-19,1270.2624037109065
2018-12-20,1276.5515087152994
2018-12-21,1288.2152793212595
2018-12-24,1291.3024625165506
2018-12-25,1274.0948717717356
2018-12-26,1285.3789426976625
2018-12-27,1262.4032442333944
2018-12-28,1264.3881558827484
2018-12-31,1278.5403870616922
2019-01-01,1280.4431671356704
2019-01-02,1290.8163925712242
2019-01-03,1296.2491852143605
2019-01-04,1318.4089886332072
2019-01-07,1318.4850144377128
2019-01-08,1327.038758366423
2019-01-09,1330.4102778666122
2019-01-10,1366.5049079060946
2019-01-11,1359.593633190449
2019-01-14,1340.2893751921936
2019-01-15,1331.260132151484
2019-01-16,1325.5188260581697
2019-01-17,1306.917734696821
2019-01-18,1272.838242575052
2019-01-21,1262.5886406035258
2019-01-22,1278.655944601381
2019-01-23,1278.7014995337233
2019-01-24,1285.5359483189902
2019-01-25,1285.0857973122438
2019-01-28,1267.2649339158554
2019-01-29,1253.9166683640576
2019-01-30,1249.3999216458556
2019-01-31,1260.2800733332522
2019-02-01,1266.1715766968262
2019-02-04,1264.4163821502093
2019-02-05,1263.7999979083372
2019-02-06,1284.2484459955024
2019-02-07,1297.1564506966283
2019-02-08,1293.6164217856383
2019-02-11,1271.6989107641812
2019-02-12,1281.4026957510139
2019-02-13,1281.325262829795
2019-02-14,1265.9774323068384
2019-02-15,1264.508833993916
2019-02-18,1275.4129809745
2019-02-19,1270.7454437888402
2019-02-20,1246.8745109028134
2019-02-21,1245.1583433351893
2019-02-22,1269.929378889688
2019-02-25,1271.1161998701905
2019-02-26,1290.7488401493604
2019-02-27,1303.2962500015005
2019-02-28,1316.4450868443141
2019-03-01,1310.3552312682953
2019-03-04,1308.5470072799342
2019-03-05,1307.0985750246782
2019-03-06,1303.3031842546297
2019-03-07,1350.5516165220324
2019-03-08,1370.49583334362
2019-03-11,1352.5703114102607
2019-03-12,1339.1020810095065
2019-03-13,1338.0700295196243
2019-03-14,1349.9853151797283
2019-03-15,1347.1021960377989
2019-03-18,1341.0653755392877
2019-03-19,1325.8212614769648
2019-03-20,1308.6379701227158
2019-03-21,1293.916605839751
2019-03-22,1318.9020308559068
2019-03-25,1286.782398787256
2019-03-26,1278.7790149195853
2019-03-27,1297.1749811686575
2019-03-28,1292.3584285465474
2019-03-29,1286.714617401392
2019-04-01,1301.132675287726
2019-04-02,1301.764978916088
2019-04-03,1337.7278263078872
2019-04-04,1308.4405209035735
2019-04-05,1318.3912347066785
2019-04-08,1330.6045347519262
2019-04-09,1320.910899979311
2019-04-10,1296.388853995133
2019-04-11,1269.2392899161816
2019-04-12,1270.6502436862763
2019-04-15,1283.170213432042
2019-04-16,1292.6491056083084
2019-04-17,1310.4481592072816
2019-04-18,1318.2700353148796
2019-04-19,1312.6895218700408
2019-04-22,1332.4590960230112
2019-04-23,1341.8309659573492
2019-04-24,1343.9353077019462
2019-04-25,1345.9282308981462
2019-04-26,1346.236305953776
2019-04-29,1353.3396029763528
2019-04-30,1371.008258121368
2019-05-01,1390.5954862208669
2019-05-02,1408.6972417662416
2019-05-03,1432.8929667217415
2019-05-06,1462.4750680464035
2019-05-07,1439.464462708313
2019-05-08,1429.9221281010136
2019-05-09,1440.6744354115724
2019-05-10,1440.5110810143888
2019-05-13,1452.8515008278528
2019-05-14,1446.3954577077081
2019-05-15,1423.0380963299663
2019-05-16,1418.3311926707754
2019-05-17,1423.5656245532546
2019-05-20,1414.2818991388638
2019-05-21,1403.0405105123134
2019-05-22,1392.0076806484103
2019-05-23,1399.2077273983384
2019-05-24,1416.3569349029383
2019-05-27,1418.739250063778
2019-05-28,1408.594122082759
2019-05-29,1412.8896424812156
2019-05-30,1412.97092428259
2019-05-31,1420.9976712849193
2019-06-03,1418.9139448363371
2019-06-04,1404.5341191005784
2019-06-05,1410.4072003972203
2019-06-06,1423.0970504606466
2019-06-07,1435.5929418850951
2019-06-10,1438.4004480917179
2019-06-11,1444.733820945539
2019-06-12,1423.751966763667
2019-06-13,1421.2435450148994
2019-06-14,1399.4504790760564
2019-06-17,1393.1916284513152
2019-06-18,1374.585022638155
2019-06-19,1362.8552313698679
2019-06-20,1370.81482428136
2019-06-21,1390.3374334460973
2019-06-24,1387.7034664681173
2019-06-25,1387.8597750803824
2019-06-26,1405.5444769877054
2019-06-27,1413.6481510594688
2019-06-28,1426.0737517453765
2019-07-01,1420.3575992086724
2019-07-02,1431.836220415564
2019-07-03,1414.1916063010135
2019-07-04,1404.5002177059948
2019-07-05,1378.4850503722369
2019-07-08,1382.4003366444967
2019-07-09,1420.2321943862921
2019-07-10,1434.470294216261
2019-07-11,1450.6780139734888
2019-07-12,1445.8875412211996
2019-07-15,1433.7173087792085
2019-07-16,1392.9578303576652
2019-07-17,1410.288540167482
2019-07-18,1394.5383084834652
2019-07-19,1383.7873040121867
2019-07-22,1405.5265212354993
2019-07-23,1398.6537144535419
2019-07-24,1400.0440101111417
2019-07-25,1411.7463094633044
2019-07-26,1409.2998283034176
2019-07-29,1409.5224338695618
2019-07-30,1384.170595145554
2019-07-31,1391.5729235108702
2019-08-01,1396.1860612920357
2019-08-02,1389.5910237414068
2019-08-05,1403.1783330746482
2019-08-06,1433.587517254392
2019-08-07,1452.24303321101
2019-08-08,1457.2048162027622
2019-08-09,1447.4111712102078
2019-08-12,1444.730162188709
2019-08-13,1459.2661994627483
2019-08-14,1427.081791900511
2019-08-15,1433.4396229482004
2019-08-16,1430.590820343217
2019-08-19,1413.409671577438
2019-08-20,1417.7964444636655
2019-08-21,1417.4904240467579
2019-08-22,1424.8743868377176
2019-08-23,1450.4354960154205
2019-08-26,1476.3030664840417
2019-08-27,1460.8722574002472
2019-08-28,1431.856032772868
2019-08-29,1442.2532438076105
2019-08-30,1443.146720589512
2019-09-02,1446.0845292924264
2019-09-03,1455.541583507322
2019-09-04,1457.583438329881
2019-09-05,1489.1858027409744
2019-09-06,1486.536754467759
2019-09-09,1489.8134454369326
2019-09-10,1490.3562998352636
2019-09-11,1477.4641974947765
2019-09-12,1481.5954376561783
2019-09-13,1472.085525140174
2019-09-16,1473.7915901050296
2019-09-17,1491.4040378992233
2019-09-18,1506.6223715873095
2019-09-19,1483.2588804513873
2019-09-20,1497.8977987526328
2019-09-23,1510.424401246136
2019-09-24,1521.4566834078976
2019-09-25,1505.0057013659539
2019-09-26,1465.2613103214148
2019-09-27,1486.2539866160184
2019-09-30,1524.405362189869
2019-10-01,1519.0917385447065
2019-10-02,1525.2106728765032
2019-10-03,1544.5646491101866
2019-10-04,1541.5967562780143
2019-10-07,1533.3684553755497
2019-10-08,1524.6658042790148
2019-10-09,1522.6143726329792
2019-10-10,1507.0278392102425
2019-10-11,1491.076181759933
2019-10-14,1503.8471263236252
2019-10-15,1473.274716717959
2019-10-16,1478.6105654584887
2019-10-17,1526.223274074225
2019-10-18,1494.034944400155
2019-10-21,1500.4339365484807
2019-10-22,1499.0619596219594
2019-10-23,1506.2094748794325
2019-10-24,1527.1827197976177
2019-10-25,1530.6475114571263
2019-10-28,1546.5020714953093
2019-10-29,1512.700026287012
2019-10-30,1526.868489058316
2019-10-31,1525.3557958006008
2019-11-01,1502.3840790044278
2019-11-04,1498.034929059484
2019-11-05,1483.4792275119037
2019-11-06,1513.9229269524967
2019-11-07,1514.1813811518346
2019-11-08,1514.1745169990309
2019-11-11,1504.7953366469496
2019-11-12,1515.6208412276023
2019-11-13,1533.5789531083744
2019-11-14,1550.6536473368378
2019-11-15,1541.0919132108077
2019-11-18,1569.1810210207252
2019-11-19,1591.997199497071
2019-11-20,1590.6474990870724
2019-11-21,1605.1778643324947
2019-11-22,1567.3703367100472
2019-11-25,1574.1276768796797
2019-11-26,1590.471370342674
2019-11-27,1574.207939029273
2019-11-28,1571.407759077572
2019-11-29,1557.1914054904803
2019-12-02,1534.3658117168166
2019-12-03,1547.930691716252
2019-12-04,1547.976436409568
2019-12-05,1546.1951030812209
2019-12-06,1542.6673740786086
2019-12-09,1524.7358220577562
2019-12-10,1525.1866160476063
2019-12-11,1530.9529730844997
2019-12-12,1530.8171573557386
2019-12-13,1549.340787973108
2019-12-16,1538.1070324126902
2019-12-17,1539.5373322834294
2019-12-18,1552.7077860974202
2019-12-19,1584.385894265798
2019-12-20,1607.2384744390217
2019-12-23,1607.0778533548662
2019-12-24,1618.2390185532754
2019-12-25,1650.9708719016664
2019-12-26,1630.143270502007
2019-12-27,1609.0354516777954
2019-12-30,1600.5520171778162
2019-12-31,1601.4750570373856
2020-01-01,1582.7292796294457
2020-01-02,1563.674496238428
2020-01-03,1562.801214599308
2020-01-06,1562.3055973559804
2020-01-07,1543.8354178387406
2020-01-08,1552.9816409783077
2020-01-09,1556.5636231339465
2020-01-10,1566.545760935855
2020-01-13,1557.3776766585022
2020-01-14,1577.8403246477162
2020-01-15,1578.6364966412614
2020-01-16,1603.9857746684193
2020-01-17,1625.6556099846193
2020-01-20,1630.4505137239464
2020-01-21,1671.062565431851
2020-01-22,1685.696667322049
2020-01-23,1646.7362767347315
2020-01-24,1650.6473082551854
2020-01-27,1642.2709559996906
2020-01-28,1648.1846553101882
2020-01-29,1693.1161485574503
2020-01-30,1683.2050158777552
2020-01-31,1693.0581728238374
2020-02-03,1700.0464592583826
2020-02-04,1655.145347153003
2020-02-05,1647.2600569619583
2020-02-06,1669.1770586386908
2020-02-07,1716.151954827851
2020-02-10,1716.847399641072
2020-02-11,1677.85205370807
2020-02-12,1682.592282247837
2020-02-13,1704.3678168818542
2020-02-14,1688.4279510909846
2020-02-17,1700.4493640010385
2020-02-18,1714.192460620804
2020-02-19,1731.0881333836226
2020-02-20,1724.0439238536474
2020-02-21,1703.888374592693
2020-02-24,1711.5547752806658
2020-02-25,1689.4090866516194
2020-02-26,1698.496988822737
2020-02-27,1688.4373581801426
2020-02-28,1687.3840773964596
2020-03-02,1700.7820379256052
2020-03-03,1676.1651396907225
2020-03-04,1672.313767540436
2020-03-05,1663.8220192700135
2020-03-06,1649.8731599106654
2020-03-09,1622.7578248802133
2020-03-10,1629.8228382007717
2020-03-11,1647.5174159730154
2020-03-12,1638.6272074576023
2020-03-13,1647.950182270764
2020-03-16,1627.5327505105106
2020-03-17,1621.4963710173681
2020-03-18,1631.681786696334
2020-03-19,1645.7817912502057
2020-03-20,1597.1693281916896
2020-03-23,1602.5322888754988
2020-03-24,1586.544989877231
2020-03-25,1586.9291932606982
2020-03-26,1594.6512789304259
2020-03-27,1605.3987107280736
2020-03-30,1574.7847807181051
2020-03-31,1573.6243518274287
2020-04-01,1543.8253608523055
2020-04-02,1529.8527449107676
2020-04-03,1533.4440462923649
2020-04-06,1552.1373160501992
2020-04-07,1524.6578905836539
2020-04-08,1502.7518985224508
2020-04-09,1522.2650170248332
2020-04-10,1527.5475415647436
2020-04-13,1508.733947110166
2020-04-14,1525.200846691983
2020-04-15,1516.0628179345615
2020-04-16,1505.5144880389007
2020-04-17,1484.8777739545471
2020-04-20,1490.6809162490451
2020-04-21,1494.5638871786437
2020-04-22,1532.4853861041543
2020-04-23,1530.2488343142422
2020-04-24,1518.8787091506483
2020-04-27,1535.0496182474274
2020-04-28,1537.5398901173758
2020-04-29,1563.3341922256432
2020-04-30,1549.2980725481239
2020-05-01,1558.198190613815
2020-05-04,1529.3623584273398
2020-05-05,1546.5674085454561
2020-05-06,1547.197001845425
2020-05-07,1529.2431455531296
2020-05-08,1520.8023993420452
2020-05-11,1528.0093467523031
2020-05-12,1506.576101565423
2020-05-13,1515.890711288021
2020-05-14,1497.9288438787669
2020-05-15,1511.8713843157375
2020-05-18,1551.701498093647
2020-05-19,1558.7763692139588
2020-05-20,1550.968146189886
2020-05-21,1535.2620044367643
2020-05-22,1541.0024797085064
2020-05-25,1520.8170219582332
2020-05-26,1506.7167832955108
2020-05-27,1515.9591435587645
2020-05-28,1526.048600288912
2020-05-29,1506.4913119626783
2020-06-01,1506.0917934046272
2020-06-02,1538.4130761169772
2020-06-03,1566.9692690095565
2020-06-04,1577.838257800679
2020-06-05,1582.903784789842
2020-06-08,1594.4294921603935
2020-06-09,1602.0709474481982
2020-06-10,1621.1375508018516
2020-06-11,1637.3612993790464
2020-06-12,1632.2165314027454
2020-06-15,1624.0267876242783
2020-06-16,1643.385730092332
2020-06-17,1664.1069181927946
2020-06-18,1682.6038214114708
2020-06-19,1693.2947844947328
2020-06-22,1641.4955879393979
2020-06-23,1655.3923880135712
2020-06-24,1676.1737657683298
2020-06-25,1668.673543757979
2020-06-26,1679.8996197067615
2020-06-29,1694.3118063497295
2020-06-30,1711.6354922470457
2020-07-01,1727.6326741141063
2020-07-02,1673.7725874812372
2020-07-03,1706.8283015138256
2020-07-06,1678.0388769614258
2020-07-07,1680.7036890082247
2020-07-08,1675.784378725724
2020-07-09,1665.0796048318746
2020-07-10,1660.1562946536608
2020-07-13,1656.5409963756451
2020-07-14,1641.8961823484924
2020-07-15,1647.7600881760736
2020-07-16,1659.9517091246141
2020-07-17,1679.1265911644348
2020-07-20,1688.8677665959026
2020-07-21,1690.7647683588884
2020-07-22,1673.670607198518
2020-07-23,1660.8096876894042
2020-07-24,1627.5640586603868
2020-07-27,1660.3746645952904
2020-07-28,1658.3596518049858
2020-07-29,1665.848428410391
2020-07-30,1656.1675266735153
2020-07-31,1635.2423086225626
2020-08-03,1600.636613364372
2020-08-04,1580.1265990747681
2020-08-05,1594.7307843987398
2020-08-06,1606.3011477960722
2020-08-07,1616.6175506180732
2020-08-10,1624.2962022146248
2020-08-11,1657.5335423827585
2020-08-12,1634.0513494761633
2020-08-13,1649.3471018616078
2020-08-14,1637.1420202198958
2020-08-17,1676.4691915995325
2020-08-18,1693.1201627790194
2020-08-19,1707.871259241691
2020-08-20,1717.7854085479871
2020-08-21,1700.9557966462396
2020-08-24,1704.0737600761797
2020-08-25,1706.0674672172247
2020-08-26,1701.8575823092976
2020-08-27,1658.5771041920282
2020-08-28,1624.3713268883373
2020-08-31,1649.5465006838515
2020-09-01,1640.1131412889035
2020-09-02,1675.9857887749035
2020-09-03,1661.0535616609668
2020-09-04,1664.6151840137288
2020-09-07,1691.5025764760887
2020-09-08,1708.5062320077388
2020-09-09,1715.3323994370594
2020-09-10,1730.2612293278316
2020-09-11,1705.8900955214476
2020-09-14,1707.3666150623083
2020-09-15,1730.94157976209
2020-09-16,1733.6591542715212
2020-09-17,1770.6766988092434
2020-09-18,1809.1001696821272
2020-09-21,1804.050842141681
2020-09-22,1839.4207308936216
2020-09-23,1773.6154129936701
2020-09-24,1772.5144020790285
2020-09-25,1789.3931899501254
2020-09-28,1777.7273920251166
2020-09-29,1772.3998347593947
2020-09-30,1767.0538325446269
2020-10-01,1747.4400248717625
2020-10-02,1763.5882229235121
2020-10-05,1804.3049314713035
2020-10-06,1764.3999795344573
2020-10-07,1742.7857955993222
2020-10-08,1725.9499286439236
2020-10-09,1747.106995747308
2020-10-12,1729.6941442949635
2020-10-13,1724.4589119712434
2020-10-14,1774.6205422388925
2020-10-15,1765.9933650138607
2020-10-16,1764.7392830288218
2020-10-19,1747.0597263434177
2020-10-20,1743.8488156771666
2020-10-21,1731.1211128009588
2020-10-22,1745.6119067142395
2020-10-23,1744.898256868662
2020-10-26,1728.395909238178
2020-10-27,1701.5697777275368
2020-10-28,1698.4846706898786
2020-10-29,1684.9462034596634
2020-10-30,1649.9609936425788
2020-11-02,1655.2434091825087
2020-11-03,1616.95596751953
2020-11-04,1605.2174610858046
2020-11-05,1611.7916077305629
2020-11-06,1633.0355900777456
2020-11-09,1595.4138754387566
2020-11-10,1588.851361415819
2020-11-11,1574.5250367725744
2020-11-12,1582.3774623125107
2020-11-13,1586.7377255158735
2020-11-16,1591.9164224677384
2020-11-17,1615.0889569577835
2020-11-18,1616.530531275649
2020-11-19,1604.8772370776057
2020-11-20,1602.888677524853
2020-11-23,1606.267993608161
2020-11-24,1607.4157052838377
2020-11-25,1590.1851456038457
2020-11-26,1590.1955205871423
2020-11-27,1597.216058779793
2020-11-30,1588.0864331610508
2020-12-01,1617.1616970253303
2020-12-02,1617.2918957217278
2020-12-03,1637.231963727002
2020-12-04,1662.5653401088741
2020-12-07,1680.387945765975
2020-12-08,1703.3826445945251
2020-12-09,1684.4848316508721
2020-12-10,1683.7498586295553
2020-12-11,1682.2167892643624
2020-12-14,1699.7493342474702
2020-12-15,1733.176388249311
2020-12-16,1726.0620322342938
2020-12-17,1723.1281936412436
2020-12-18,1677.808691132362
2020-12-21,1732.0735942581312
2020-12-22,1727.5841494007518
2020-12-23,1709.627269455153
2020-12-24,1741.0355732884088
2020-12-25,1715.1049910270374
2020-12-28,1708.46275988155
2020-12-29,1706.5370444514497
2020-12-30,1708.1760834191218
2020-12-31,1711.5248224058928
2021-01-01,1715.8868861068781
2021-01-04,1712.318071099155
2021-01-05,1674.1917985388327
2021-01-06,1657.1218523248451
2021-01-07,1706.9400295442658
2021-01-08,1682.9377078020602
2021-01-11,1660.4578568234842
2021-01-12,1650.76500196303
2021-01-13,1630.7089296763077
2021-01-14,1646.2043836314808
2021-01-15,1645.135879945264
2021-01-18,1629.6875081963676
2021-01-19,1623.9975767585552
2021-01-20,1625.7979233540875
2021-01-21,1630.1128356215959
2021-01-22,1632.8259615629595
2021-01-25,1637.2800265410153
2021-01-26,1625.9784420546944
2021-01-27,1641.91179545452
2021-01-28,1651.426265378508
2021-01-29,1662.7446687883182
2021-02-01,1681.1547443599995
2021-02-02,1680.9704217692715
2021-02-03,1698.9000810478562
2021-02-04,1729.9426896066475
2021-02-05,1733.0685596503606
2021-02-08,1710.7373302304661
2021-02-09,1671.0815838717172
2021-02-10,1683.3836608502627
2021-02-11,1666.8890805213853
2021-02-12,1653.6759372311544
2021-02-15,1662.8402664641228
2021-02-16,1645.61871773206
2021-02-17,1677.9958884883654
2021-02-18,1709.566882445945
2021-02-19,1700.6994713729978
2021-02-22,1705.163285325558
2021-02-23,1690.2268080195813
2021-02-24,1717.8206731472908
2021-02-25,1728.6426858841965
2021-02-26,1733.4878912227618
2021-03-01,1731.3653861483594
2021-03-02,1731.283209719974
2021-03-03,1762.3180594935075
2021-03-04,1785.478301505684
2021-03-05,1786.2527757564737
2021-03-08,1758.6924070931668
2021-03-09,1754.3554471433754
2021-03-10,1773.7291073198535
2021-03-11,1753.5022925918322
2021-03-12,1720.7025902754103
2021-03-15,1718.3413582182907
2021-03-16,1721.5891025859707
2021-03-17,1719.8408998497403
2021-03-18,1703.8134605255138
2021-03-19,1685.946497228203
2021-03-22,1705.133163649327
2021-03-23,1692.5096040249261
2021-03-24,1681.1985598603808
2021-03-25,1710.7434784542945
2021-03-26,1688.5222211742202
2021-03-29,1678.139468404216
2021-03-30,1669.2595604445619
2021-03-31,1710.6624326940491
2021-04-01,1707.3242618289992
2021-04-02,1747.5686597417955
2021-04-05,1762.690767316398
2021-04-06,1755.1054450157903
2021-04-07,1744.3152099787412
2021-04-08,1755.4359066430607
2021-04-09,1791.9090916667383
2021-04-12,1808.7457465481546
2021-04-13,1814.672303522379
2021-04-14,1850.7434250195136
2021-04-15,1843.8074658437035
2021-04-16,1831.4385191687918
2021-04-19,1815.1525587498136
2021-04-20,1841.6289686623077
2021-04-21,1871.056297964904
2021-04-22,1903.0391374161031
2021-04-23,1912.0967012333417
2021-04-26,1915.0750493151727
2021-04-27,1951.1210859358264
2021-04-28,1988.9304833983576
2021-04-29,1987.3280090097708
2021-04-30,2009.7055723699405
2021-05-03,2031.1750301589561
2021-05-04,2022.9867208857052
2021-05-05,1998.7743562752034
2021-05-06,1979.7981407031318
2021-05-07,1985.4430614535993
2021-05-10,1971.4178116240791
2021-05-11,1943.84845159489
2021-05-12,1963.6273611475613
2021-05-13,1963.9217099385526
2021-05-14,1961.0223829389618
2021-05-17,1923.1308114256233
2021-05-18,1881.4973567194625
2021-05-19,1904.128407090542
2021-05-20,1919.8085223117146
2021-05-21,1935.2903016068808
2021-05-24,1933.9858813007893
2021-05-25,1904.399451281078
2021-05-26,1893.7366881046366
2021-05-27,1885.113727907387
2021-05-28,1904.2134409424953
2021-05-31,1890.1876036686328
2021-06-01,1939.2212857861637
2021-06-02,1911.1315531806777
2021-06-03,1919.7709452898134
2021-06-04,1910.7569588591268
2021-06-07,1931.8403264425626
2021-06-08,1933.2447467763996
2021-06-09,1929.325685465069
2021-06-10,1908.8243336293758
2021-06-11,1911.3269910352187
2021-06-14,1938.6284347875303
2021-06-15,1920.004247365695
2021-06-16,1928.742999302683
2021-06-17,1930.0691857742163
2021-06-18,1954.0315721423806
2021-06-21,1969.2286113941932
2021-06-22,1995.2496977584349
2021-06-23,1966.2621702971812
2021-06-24,1974.1474943977505
2021-06-25,1995.6340927845442
2021-06-28,2009.519288156087
2021-06-29,1966.5650791901146
2021-06-30,1940.95400519949
2021-07-01,1933.9751149221584
2021-07-02,1924.3294999363723
2021-07-05,1931.351250877079
2021-07-06,1939.9908905319141
2021-07-07,1979.4749932106931
2021-07-08,2033.146157982862
2021-07-09,2042.6141354031834
2021-07-12,2050.9912685337417
2021-07-13,2054.9252161153418
2021-07-14,2038.7264011258924
2021-07-15,2008.8538338310445
2021-07-16,2008.4878697343843
2021-07-19,2042.667854266912
2021-07-20,2046.9735163958997
2021-07-21,2068.9720425647324
2021-07-22,2086.789831664791
2021-07-23,2076.714234733105
2021-07-26,2053.581812381514
2021-07-27,2044.1162993942144
2021-07-28,2054.279032799578
2021-07-29,2044.7066030285434
2021-07-30,2049.1614265630956
2021-08-02,2072.146493844313
2021-08-03,2102.0426886832224
2021-08-04,2116.742101711774
2021-08-05,2127.963536233504
2021-08-06,2127.774908750614
2021-08-09,2188.8690385231616
2021-08-10,2179.2396734927297
2021-08-11,2195.5882606999967
2021-08-12,2216.255094255719
2021-08-13,2233.5596669025244
2021-08-16,2231.014742376597
2021-08-17,2207.880034693172
2021-08-18,2238.1160345009716
2021-08-19,2238.7028557428157
2021-08-20,2227.0024580467384
2021-08-23,2250.573912241005
2021-08-24,2272.8213174829943
2021-08-25,2269.7816267811804
2021-08-26,2334.076577895283
2021-08-27,2311.1005377554225
2021-08-30,2345.3894738691306
2021-08-31,2365.9201759259136
2021-09-01,2381.680713717208
2021-09-02,2374.022071745918
2021-09-03,2379.801730446558
2021-09-06,2423.1603145575277
2021-09-07,2437.313894467905
2021-09-08,2436.778723982834
2021-09-09,2403.6324140346846
2021-09-10,2367.7069953720506
2021-09-13,2358.9501574481487
2021-09-14,2385.0930913084944
2021-09-15,2405.6079570224447
2021-09-16,2425.439266634828
2021-09-17,2412.9880418834905
2021-09-20,2423.835867438058
2021-09-21,2458.8947059391467
2021-09-22,2478.6549899988504
2021-09-23,2536.7864893218966
2021-09-24,2557.7481560733863
2021-09-27,2555.2205478170113
2021-09-28,2566.7967525904155
2021-09-29,2612.0817416321647
2021-09-30,2606.0511803576487
2021-10-01,2570.035959638253
2021-10-04,2570.420144175004
2021-10-05,2557.6536501173327
2021-10-06,2553.7619497342853
2021-10-07,2570.751477893412
2021-10-08,2551.26153265425
2021-10-11,2552.4354177337004
2021-10-12,2566.614579681309
2021-10-13,2575.7500488015703
2021-10-14,2598.798684414358
2021-10-15,2563.459145924744
2021-10-18,2583.405787930968
2021-10-19,2519.654055877628
2021-10-20,2538.5336238479686
2021-10-21,2522.775650734569
2021-10-22,2500.19097121591
2021-10-25,2515.8916527425235
2021-10-26,2494.2924438980763
2021-10-27,2507.6019483675987
2021-10-28,2557.975779295514
2021-10-29,2624.9514943529944
2021-11-01,2579.9464137353984
2021-11-02,2551.3892170102363
2021-11-03,2534.1553504813864
2021-11-04,2496.713005767167
2021-11-05,2483.5821807837056
2021-11-08,2445.667851242143
2021-11-09,2467.6970380937264
2021-11-10,2445.4181359295744
2021-11-11,2446.074186520651
2021-11-12,2464.6531588262155
2021-11-15,2461.4240393595965
2021-11-16,2471.5747785650105
2021-11-17,2488.1987357046123
2021-11-18,2477.689697609772
2021-11-19,2497.251959946461
2021-11-22,2504.5565097938975
2021-11-23,2461.2732020071153
2021-11-24,2465.2182893625804
2021-11-25,2455.081726394972
2021-11-26,2405.4391097783337
2021-11-29,2386.8430109544943
2021-11-30,2357.9783967096428
2021-12-01,2378.279113300512
2021-12-02,2406.2469704960026
2021-12-03,2419.180934184051
2021-12-06,2408.626636289423
2021-12-07,2408.0275179535242
2021-12-08,2408.4589315660546
2021-12-09,2403.789700612202
2021-12-10,2383.477078066817
2021-12-13,2374.3387578539905
2021-12-14,2388.28799762799
2021-12-15,2426.0612186096555
2021-12-16,2436.1234739768224
2021-12-17,2460.095587466054
2021-12-20,2455.4224074713306
2021-12-21,2419.201981140594
2021-12-22,2403.281587147603
2021-12-23,2408.570072649324
2021-12-24,2379.907452578471
2021-12-27,2401.862129018804
2021-12-28,2396.44485170212
2021-12-29,2382.3408718791347
2021-12-30,2338.881192158357
2021-12-31,2294.3200946249817
2022-01-03,2284.4135941303057
2022-01-04,2258.247825835391
2022-01-05,2214.233434225869
2022-01-06,2220.4425442672323
2022-01-07,2206.671917522861
2022-01-10,2247.9486848811916
2022-01-11,2226.4280708191322
2022-01-12,2218.0585812129557
2022-01-13,2204.9401841716776
2022-01-14,2216.2491496688176
2022-01-17,2220.2422645772044
2022-01-18,2243.705934154854
2022-01-19,2242.5472649172348
2022-01-20,2278.3263058183034
2022-01-21,2291.263825939004
2022-01-24,2286.0763062752953
2022-01-25,2268.552068872402
2022-01-26,2248.3500245067726
2022-01-27,2255.6702323759914
2022-01-28,2266.5957712652275
2022-01-31,2253.6919085275995
2022-02-01,2227.218328772635
2022-02-02,2275.713770586472
2022-02-03,2276.0631318459677
2022-02-04,2253.7049836271985
2022-02-07,2237.6701028157695
2022-02-08,2245.37166646634
2022-02-09,2242.6302546942175
2022-02-10,2272.424444175107
2022-02-11,2290.070200387179
2022-02-14,2254.057602615382
2022-02-15,2227.0348499023767
2022-02-16,2227.6303511081123
2022-02-17,2223.016320024492
2022-02-18,2241.0307016947695
2022-02-21,2232.3907905280685
2022-02-22,2202.7169659371884
2022-02-23,2232.349464574182
2022-02-24,2287.48085617549
2022-02-25,2265.329538036531
2022-02-28,2245.7293571397922
2022-03-01,2254.554742368625
2022-03-02,2251.111417951039
2022-03-03,2273.45997133099
2022-03-04,2280.2800557865007
2022-03-07,2267.697833597588
2022-03-08,2282.3621881943427
2022-03-09,2287.467324570055
2022-03-10,2289.3100018725304
2022-03-11,2281.602003681999
2022-03-14,2222.801157964806
2022-03-15,2244.616690992262
2022-03-16,2313.407998132076
2022-03-17,2281.2216644615614
2022-03-18,2294.962083099967
2022-03-21,2298.015038640471
2022-03-22,2279.550213186373
2022-03-23,2274.5874741460498
2022-03-24,2299.7991742112376
2022-03-25,2324.0814244134954
2022-03-28,2307.878623429575
2022-03-29,2284.8127391398675
2022-03-30,2278.5414689635845
2022-03-31,2243.4756872027638
2022-04-01,2239.163567040637
2022-04-04,2236.1795137141175
2022-04-05,2269.3395297034604
2022-04-06,2250.7299474382307
2022-04-07,2215.9819834647515
2022-04-08,2237.862523882594
2022-04-11,2219.6178439820746
2022-04-12,2264.5170851650837
2022-04-13,2265.7924637336046
2022-04-14,2223.275528305879
2022-04-15,2245.7339391295895
2022-04-18,2272.8333603555707
2022-04-19,2293.2381835502842
2022-04-20,2364.9878857777194
2022-04-21,2352.714133800322
2022-04-22,2371.823870609709
2022-04-25,2406.723749757232
2022-04-26,2417.151097189
2022-04-27,2415.271074101091
2022-04-28,2424.036658074286
2022-04-29,2440.4781595395934
2022-05-02,2461.8144801436374
2022-05-03,2452.3935515761546
2022-05-04,2443.222419931851
2022-05-05,2434.448936705149
2022-05-06,2458.785299211743
2022-05-09,2458.091903208964
2022-05-10,2445.0092175393834
2022-05-11,2417.7971098036323
2022-05-12,2388.488136509722
2022-05-13,2359.9370160807202
2022-05-16,2400.6046799641467
2022-05-17,2409.783835302831
2022-05-18,2378.6382002156456
2022-05-19,2389.062094476467
2022-05-20,2398.4031194217628
2022-05-23,2444.214497875798
2022-05-24,2452.939239658782
2022-05-25,2438.9250684582726
2022-05-26,2457.6064196118577
2022-05-27,2468.8706302541273
2022-05-30,2478.8047244512272
2022-05-31,2512.6766538067704
2022-06-01,2499.588159465285
2022-06-02,2497.3534727412516
2022-06-03,2471.6201401623694
2022-06-06,2446.9360953502937
2022-06-07,2411.346124053959
2022-06-08,2454.851181565252
2022-06-09,2475.998453483985
2022-06-10,2484.523340207833
2022-06-13,2499.7404267582697
2022-06-14,2481.002132185425
2022-06-15,2496.4780356232313
2022-06-16,2422.906048335989
2022-06-17,2378.8374224670133
2022-06-20,2352.3576246041644
2022-06-21,2324.0254992729538
2022-06-22,2331.503871791196
2022-06-23,2362.7153753126368
2022-06-24,2341.648040991426
2022-06-27,2324.8623210517903
2022-06-28,2326.380770968989
2022-06-29,2316.913891412624
2022-06-30,2322.8664410336532
2022-07-01,2365.9348290371954
2022-07-04,2326.4278602504405
2022-07-05,2300.7439211766705
2022-07-06,2301.9078865101956
2022-07-07,2285.355013470784
2022-07-08,2254.0839649315444
2022-07-11,2228.0161116091913
2022-07-12,2251.3191055826373
2022-07-13,2218.281867552582
2022-07-14,2231.731637576822
2022-07-15,2217.2083591890387
2022-07-18,2229.318936038133
2022-07-19,2259.0212444629865
2022-07-20,2275.2263493518467
2022-07-21,2277.215630204902
2022-07-22,2293.577605050606
2022-07-25,2263.8322480040815
2022-07-26,2255.4299208105754
2022-07-27,2270.8856420202737
2022-07-28,2259.615380263122
2022-07-29,2243.575313984491
2022-08-01,2246.8796496081486
2022-08-02,2272.1594498008317
2022-08-03,2306.308777531039
2022-08-04,2352.0279637694684
2022-08-05,2336.44720609253
2022-08-08,2293.6433697677767
2022-08-09,2309.8131020262854
2022-08-10,2319.8718672760256
2022-08-11,2272.0325786458793
2022-08-12,2265.4639787890283
2022-08-15,2280.128750545352
2022-08-16,2291.9313046614566
2022-08-17,2299.0104818232576
2022-08-18,2238.619887006031
2022-08-19,2267.4589673640485
2022-08-22,2270.997582455118
2022-08-23,2285.0275125962958
2022-08-24,2292.308918621772
2022-08-25,2274.7976830974776
2022-08-26,2278.507783364502
2022-08-29,2286.969243074729
2022-08-30,2292.271707697742
2022-08-31,2298.4724971837954
2022-09-01,2350.635724745307
2022-09-02,2337.204614407619
2022-09-05,2311.2099504204125
2022-09-06,2346.130077346768
2022-09-07,2346.4240568681203
2022-09-08,2347.2623017557253
2022-09-09,2318.2129924659234
2022-09-12,2289.5173549916144
2022-09-13,2290.7322562396284
2022-09-14,2286.902575045706
2022-09-15,2281.2359740590614
2022-09-16,2314.6519295728576
2022-09-19,2350.775193040492
2022-09-20,2375.780343737499
2022-09-21,2362.0460148674006
2022-09-22,2363.675055290812
2022-09-23,2371.853566081984
2022-09-26,2347.760338582833
2022-09-27,2330.1290100682613
2022-09-28,2352.874709500818
2022-09-29,2335.1891873554036
2022-09-30,2388.278623228033
2022-10-03,2398.670885496419
2022-10-04,2427.2462030609768
2022-10-05,2405.382713353765
2022-10-06,2382.1023094025663
2022-10-07,2395.3017505024677
2022-10-10,2379.7747474450466
2022-10-11,2403.5670806361204
2022-10-12,2459.133926080562
2022-10-13,2442.292915752776
2022-10-14,2442.072946575564
2022-10-17,2465.5452750897034
2022-10-18,2448.005975334436
2022-10-19,2416.4484558137533
2022-10-20,2398.2772665854645
2022-10-21,2384.7549217288697
2022-10-24,2399.7588402941496
2022-10-25,2373.3004245389134
2022-10-26,2290.672779265942
2022-10-27,2302.3181826262944
2022-10-28,2301.9851154545086
2022-10-31,2330.8254349836943
2022-11-01,2305.8664783583654
2022-11-02,2280.013729705334
2022-11-03,2279.962714422543
2022-11-04,2238.481904365351
2022-11-07,2224.2597069922317
2022-11-08,2216.329476609824
2022-11-09,2258.2917328807025
2022-11-10,2202.8930826366554
2022-11-11,2224.7169046624053
2022-11-14,2233.9115522979064
2022-11-15,2248.0830873745986
2022-11-16,2270.3302633407516
2022-11-17,2250.2999374592514
2022-11-18,2257.1551602854556
2022-11-21,2265.9267052845357
2022-11-22,2244.5308872834817
2022-11-23,2227.712616177289
2022-11-24,2206.636910512567
2022-11-25,2184.247659823785
2022-11-28,2153.669521067993
2022-11-29,2174.6878621156297
2022-11-30,2173.4501222407657
2022-12-01,2181.3024655972795
2022-12-02,2144.9290389134912
2022-12-05,2137.4473305293227
2022-12-06,2131.7320020633283
2022-12-07,2153.9567024860066
2022-12-08,2120.298696211324
2022-12-09,2112.8258301206592
2022-12-12,2111.4210286722614
2022-12-13,2103.3593752794086
2022-12-14,2099.575001469214
2022-12-15,2053.3090566297014
2022-12-16,2040.0385940143155
2022-12-19,2037.4624590410797
2022-12-20,2015.3286390536714
2022-12-21,2004.7937373912373
2022-12-22,1987.7013439648072
2022-12-23,2000.8102775555744
2022-12-26,1982.685520545141
2022-12-27,1953.1829489143543
2022-12-28,1955.4991142688841
2022-12-29,1952.8598552503631
2022-12-30,1950.3443230643668
2023-01-02,1959.5274198712123
2023-01-03,1964.4210393460799
2023-01-04,1950.2494962463243
2023-01-05,1947.3517759230704
2023-01-06,1922.582952883974
2023-01-09,1935.6036996362097
2023-01-10,1962.6371614911502
2023-01-11,1951.762544585414
2023-01-12,1941.1421853873442
2023-01-13,1987.1931948377494
2023-01-16,2006.2308648628896
2023-01-17,1993.532271030658
2023-01-18,2001.9048437982872
2023-01-19,1998.8165883042805
2023-01-20,2001.1904550982142
2023-01-23,1994.2990239063197
2023-01-24,2004.8870345649455
2023-01-25,1983.2183275791356
2023-01-26,1976.5970849362627
2023-01-27,2022.4902675720139
2023-01-30,2064.07236287303
2023-01-31,2081.1718583984407
2023-02-01,2113.7033530942963
2023-02-02,2119.439186413645
2023-02-03,2062.4565619656732
2023-02-06,2055.222069103282
2023-02-07,2076.083258490048
2023-02-08,2041.1278329563036
2023-02-09,2025.5000420434505
2023-02-10,1985.8002471523275
2023-02-13,1963.512542221915
2023-02-14,1941.8471477458936
2023-02-15,1975.2775864713333
2023-02-16,1943.363710234393
2023-02-17,1939.7586713354112
2023-02-20,1935.7881445750781
2023-02-21,1940.1966651679775
2023-02-22,1911.7427302931346
2023-02-23,1900.7977297762939
2023-02-24,1889.1113538601574
2023-02-27,1912.9135730979317
2023-02-28,1928.9703681362073
2023-03-01,1972.0340255484152
2023-03-02,1973.1244236195344
2023-03-03,1980.7298509585994
2023-03-06,2005.5114815951702
2023-03-07,1987.3503764658356
2023-03-08,2008.8877831841703
2023-03-09,2023.7155541626648
2023-03-10,2022.2015114530677
2023-03-13,1985.4189918264112
2023-03-14,1976.8994525016026
2023-03-15,1960.66073894823
2023-03-16,1958.6559612077194
2023-03-17,1922.4333364868148
2023-03-20,1922.4902616992117
2023-03-21,1919.3025235630025
2023-03-22,1889.8721106414441
2023-03-23,1885.1753453742972
2023-03-24,1928.250045124533
2023-03-27,1936.9504849249356
2023-03-28,1957.0454636990855
2023-03-29,1931.843020796179
2023-03-30,1944.1551439981006
2023-03-31,1920.9768482804193
2023-04-03,1897.5932090619172
2023-04-04,1878.715447629863
2023-04-05,1837.1774469169018
2023-04-06,1836.298909005196
2023-04-07,1823.050066912146
2023-04-10,1822.121593038608
2023-04-11,1822.0509002517033
2023-04-12,1811.108209119267
2023-04-13,1852.6689968260314
2023-04-14,1831.8312361909238
2023-04-17,1845.1192873293016
2023-04-18,1862.2418722305752
2023-04-19,1858.5857332874625
2023-04-20,1874.697614343349
2023-04-21,1877.5552244135401
2023-04-24,1877.0272537190617
2023-04-25,1920.4474863376315
2023-04-26,1946.4437468468607
2023-04-27,1938.3958717770151
2023-04-28,1973.5627135037266
2023-05-01,1998.48315550561
2023-05-02,1974.5330543533535
2023-05-03,1925.021747945511
2023-05-04,1916.9707050786592
2023-05-05,1911.6795639887441
2023-05-08,1912.3031231916354
2023-05-09,1908.7018340721158
2023-05-10,1913.8676166899331
2023-05-11,1935.0186418698518
2023-05-12,1926.3902497573656
2023-05-15,1889.8433438631312
2023-05-16,1928.838227912388
2023-05-17,1926.9489105787795
2023-05-18,1935.6524056401568
2023-05-19,1954.9723410126305
2023-05-22,1959.8125438491152
2023-05-23,1961.6306062687734
2023-05-24,1963.7770073591796
2023-05-25,1961.1612521480777
2023-05-26,1955.7990797639009
2023-05-29,1974.066526533143
2023-05-30,1980.3404524718871
2023-05-31,1962.9370337423677
2023-06-01,1950.9055295449273
2023-06-02,1968.4842493562992
2023-06-05,1963.6523519050475
2023-06-06,1953.8899565112085
2023-06-07,1958.1538607321036
2023-06-08,1971.2369803971797
2023-06-09,1978.9332459701686
2023-06-12,1961.732028620055
2023-06-13,1908.3358074931855
2023-06-14,1902.3912018414194
2023-06-15,1920.7978939680072
2023-06-16,1950.307352008899
2023-06-19,1956.1337293383026
2023-06-20,1969.0190405858814
2023-06-21,1981.9279130199213
2023-06-22,1958.9219219890322
2023-06-23,1970.2448766507832
2023-06-26,1973.2626484200644
2023-06-27,1968.3139257708235
2023-06-28,1929.25840027583
2023-06-29,1935.081934039194
2023-06-30,1949.0420640002071
2023-07-03,1946.1950113364703
2023-07-04,1932.9677074836836
2023-07-05,1904.2842577715837
2023-07-06,1873.547631733507
2023-07-07,1853.0348914158658
2023-07-10,1833.0210052682567
2023-07-11,1827.102470879354
2023-07-12,1830.738121233376
2023-07-13,1811.2753729103342
2023-07-14,1804.4575833892732
2023-07-17,1824.4818854427176
2023-07-18,1821.306533500056
2023-07-19,1816.7675220502779
2023-07-20,1815.4514879916476
2023-07-21,1821.678827527321
2023-07-24,1809.9940803979835
2023-07-25,1792.3081613949287
2023-07-26,1756.9833184906456
2023-07-27,1775.0481777390057
2023-07-28,1803.1926016025736
2023-07-31,1808.3261406664299
2023-08-01,1815.3101688492402
2023-08-02,1835.1743148978126
2023-08-03,1843.422945462051
2023-08-04,1824.7688774975738
2023-08-07,1822.1015321843363
2023-08-08,1857.9074560203992
2023-08-09,1808.7345661434317
2023-08-10,1791.9560861484777
2023-08-11,1808.8378266064828
2023-08-14,1840.41558769809
2023-08-15,1840.7765185513483
2023-08-16,1821.2104310452896
2023-08-17,1835.3581281036422
2023-08-18,1807.0131063314068
2023-08-21,1793.0973821108648
2023-08-22,1793.129752696829
2023-08-23,1805.4367323838965
2023-08-24,1789.9326008265177
2023-08-25,1801.1359473525615
2023-08-28,1817.1309142984285
2023-08-29,1837.7133996635855
2023-08-30,1815.5784852048246
2023-08-31,1840.102840411999
2023-09-01,1792.2655267166367
2023-09-04,1759.8696289911186
2023-09-05,1793.9538651430305
2023-09-06,1768.2690710807065
2023-09-07,1757.1079335843865
2023-09-08,1728.92733963355
2023-09-11,1686.9182777048807
2023-09-12,1707.901052945731
2023-09-13,1749.8074846119239
2023-09-14,1762.8926944871837
2023-09-15,1738.4978710369921
2023-09-18,1749.0475198933975
2023-09-19,1771.356618438449
2023-09-20,1749.7001430212958
2023-09-21,1739.10526233573
2023-09-22,1733.8323707523186
2023-09-25,1749.1057317377774
2023-09-26,1729.751799658473
2023-09-27,1764.5402396624963
2023-09-28,1771.8586092476353
2023-09-29,1777.5069660403535
2023-10-02,1755.0750890289596
2023-10-03,1755.336592202439
2023-10-04,1757.035734570958
2023-10-05,1758.2752658420804
2023-10-06,1765.250952681583
2023-10-09,1758.3620683191327
2023-10-10,1717.0850850062461
2023-10-11,1695.3664050651487
2023-10-12,1725.4836465677827
2023-10-13,1679.7569286977705
2023-10-16,1680.3374653174355
2023-10-17,1710.3571083564013
2023-10-18,1744.1270290845323
2023-10-19,1774.3181708390973
2023-10-20,1819.9416620722798
2023-10-23,1811.7066896860244
2023-10-24,1812.7005659362055
2023-10-25,1778.541164973088
2023-10-26,1741.2781910076485
2023-10-27,1744.7761329184464
2023-10-30,1776.6268030741949
2023-10-31,1770.8782355717378
2023-11-01,1759.3286420474074
2023-11-02,1750.7982836185768
2023-11-03,1751.6416248513274
2023-11-06,1759.6114244945197
2023-11-07,1765.255256020128
2023-11-08,1800.0203907631899
2023-11-09,1786.6310954013354
2023-11-10,1825.2054151861728
2023-11-13,1806.8517644898438
2023-11-14,1817.237916152245
2023-11-15,1845.9531495147185
2023-11-16,1829.810493545666
2023-11-17,1842.2245983945193
2023-11-20,1827.11247900906
2023-11-21,1798.0082245043395
2023-11-22,1827.8056689654352
2023-11-23,1845.7632119390557
2023-11-24,1878.1805552057695
2023-11-27,1883.721532199539
2023-11-28,1916.3391134639576
2023-11-29,1903.283272335987
2023-11-30,1918.6163003516488
2023-12-01,1941.8876909499281
2023-12-04,1974.3995461566974
2023-12-05,1990.6347871159792
2023-12-06,2013.9673476938171
2023-12-07,2034.7717713037246
2023-12-08,2024.9746535413112
2023-12-11,2030.083796667013
2023-12-12,2034.7822113891705
2023-12-13,2028.6822470869372
2023-12-14,2019.893923647477
2023-12-15,2063.8386176073263
2023-12-18,2042.0213133798318
2023-12-19,2044.9723032263091
2023-12-20,2045.1836860574524
2023-12-21,2025.345759297988
2023-12-22,1955.630145033072
2023-12-25,1988.8123222579059
2023-12-26,1977.9542150131651
2023-12-27,1982.8422600496835
2023-12-28,1989.5548548000768
2023-12-29,1985.0855585339514
2024-01-01,1938.3396519511266
2024-01-02,1918.9512195675
2024-01-03,1905.336391751031
2024-01-04,1926.86296430409
2024-01-05,1924.8372044804498
2024-01-08,1919.8475543137931
2024-01-09,1890.435772331111
2024-01-10,1892.5912275385076
2024-01-11,1860.6359195095258
2024-01-12,1894.9369547883987
2024-01-15,1904.0829496557712
2024-01-16,1941.1439333084097
2024-01-17,1977.1432602576651
2024-01-18,1945.4691918146732
2024-01-19,1926.7313413475283
2024-01-22,1916.7020463568085
2024-01-23,1903.7796832386857
2024-01-24,1911.9387105213868
2024-01-25,1902.1097778222484
2024-01-26,1895.8011678503012
2024-01-29,1922.4765536063155
2024-01-30,1919.609690061272
2024-01-31,1935.4991579050482
2024-02-01,1948.1494055728301
2024-02-02,1972.297800158071
2024-02-05,1939.5185778929185
2024-02-06,1894.3062861454912
2024-02-07,1902.3011889724444
2024-02-08,1921.230372364279
2024-02-09,1925.2230654582252
2024-02-12,1934.2030941114488
2024-02-13,1964.1447402546578
2024-02-14,1972.057793266676
2024-02-15,1926.333594921022
2024-02-16,1881.5972923046133
2024-02-19,1899.2831305236098
2024-02-20,1904.7524768404276
2024-02-21,1909.5260130289917
2024-02-22,1916.259064470394
2024-02-23,1940.2332123005478
2024-02-26,1915.3666392702387
2024-02-27,1909.8173417044884
2024-02-28,1942.1780880969543
2024-02-29,1939.4292569831243
2024-03-01,1930.7733617321467
2024-03-04,1948.927663966313
2024-03-05,1935.5660824602826
2024-03-06,1964.763508880744
2024-03-07,1980.3951812778853
2024-03-08,1947.3938778451143
2024-03-11,1941.6933558293913
2024-03-12,1959.5002893159042
2024-03-13,1972.5111078051218
2024-03-14,1989.5692575212468
2024-03-15,2005.2902373886827
2024-03-18,2000.3199408986466
2024-03-19,2028.7870335654716
2024-03-20,2051.9850935138566
2024-03-21,2045.4598780152392
2024-03-22,2048.003053137272
2024-03-25,2054.0218404644943
2024-03-26,2032.3952705471286
2024-03-27,2019.8186393223182
2024-03-28,1993.0060517290244
2024-03-29,1997.730819417509
2024-04-01,2019.7950116452798
2024-04-02,2044.2345771141258
2024-04-03,2048.0851111092743
2024-04-04,2050.960344595865
2024-04-05,2039.8897576429817
2024-04-08,2049.151041758456
2024-04-09,2017.0606387098176
2024-04-10,2030.89230055925
2024-04-11,2019.5612850857376
2024-04-12,2030.8234908374288
2024-04-15,2018.8621710894329
2024-04-16,2022.8656236317292
2024-04-17,1975.9283763800643
2024-04-18,1964.1724680163525
2024-04-19,1992.0289709197345
2024-04-22,2027.4061475468905
2024-04-23,2017.7202886439588
2024-04-24,2013.6100280241744
2024-04-25,2029.4128568736926
2024-04-26,2033.95415670082
2024-04-29,2023.8042974372938
2024-04-30,1989.5896326132515
2024-05-01,1966.6830976525862
2024-05-02,1942.78801887836
2024-05-03,1960.3115322049532
2024-05-06,1984.372039332714
2024-05-07,1973.823575250581
2024-05-08,1987.8001132662177
2024-05-09,2001.1213198255025
2024-05-10,1988.2351964844324
2024-05-13,2011.5718064027772
2024-05-14,2015.1568809651642
2024-05-15,2019.2205928174747
2024-05-16,2059.853479522331
2024-05-17,2068.730436911644
2024-05-20,2067.4877240928095
2024-05-21,2064.880705513497
2024-05-22,2074.1639758371734
2024-05-23,2060.8003918120285
2024-05-24,2038.0615128090703
2024-05-27,2014.3293179227921
2024-05-28,2028.5728729125158
2024-05-29,2018.146436858455
2024-05-30,2011.2068250607613
2024-05-31,1980.4077747252582
2024-06-03,1978.9555874811495
2024-06-04,1994.697812181675
2024-06-05,1965.6836910485542
2024-06-06,2002.260890547393
2024-06-07,2013.3436238050947
2024-06-10,2026.791059430505
2024-06-11,2049.861431640487
2024-06-12,2062.294826634481
2024-06-13,2067.533260108629
2024-06-14,2059.06630721714
2024-06-17,2076.3362117155066
2024-06-18,2044.227122528044
2024-06-19,2031.0231984307013
2024-06-20,1977.3512609410911
2024-06-21,1992.4844630671853
2024-06-24,1996.7635539289436
2024-06-25,2001.1998523152333
2024-06-26,1989.9250496144539
2024-06-27,1982.8348084035397
2024-06-28,1973.453535866243
2024-07-01,1967.7033261551408
2024-07-02,1979.097294235931
2024-07-03,1973.6942380823943
2024-07-04,1955.3589039776398
2024-07-05,1929.1180582641282
2024-07-08,1948.1457630274886
2024-07-09,1953.4675045345882
2024-07-10,1947.0513455988093
2024-07-11,1941.1453272692106
2024-07-12,1950.003611885457
2024-07-15,1915.9214217190404
2024-07-16,1916.514598948714
2024-07-17,1924.280893775982
2024-07-18,1941.1566811561372
2024-07-19,1920.249472310975
2024-07-22,1914.5173847005854
2024-07-23,1922.5608732447731
2024-07-24,1924.5153598008264
2024-07-25,1888.3825241437303
2024-07-26,1877.720447908277
2024-07-29,1890.641251685607
2024-07-30,1917.038690373399
2024-07-31,1915.6145370403963
2024-08-01,1925.6923748630384
2024-08-02,1918.1656900738535
2024-08-05,1876.924059153185
2024-08-06,1883.0211987686791
2024-08-07,1864.3789702133831
2024-08-08,1869.3637815309862
2024-08-09,1898.6125574235023
2024-08-12,1911.4412087714716
2024-08-13,1898.3124494598878
2024-08-14,1879.434639638795
2024-08-15,1850.4120510127095
2024-08-16,1872.4219992407566
2024-08-19,1892.5443948221211
2024-08-20,1904.7566163856268
2024-08-21,1903.9575143146567
2024-08-22,1914.7646283785389
2024-08-23,1918.5437919886547
2024-08-26,1944.205988559945
2024-08-27,1961.1563696752746
2024-08-28,1951.2781654818773
2024-08-29,1931.3098205376534
2024-08-30,1912.5710927188354
2024-09-02,1916.071859296722
2024-09-03,1944.5752699011948
2024-09-04,1945.758891297525
2024-09-05,1955.5158045954315
2024-09-06,1962.9343113198684
2024-09-09,1968.5230381088836
2024-09-10,1971.6618283881137
2024-09-11,1972.4525541126766
2024-09-12,1956.4083873420575
2024-09-13,1994.4961487232072
2024-09-16,2005.6174003574251
2024-09-17,1995.6893873016068
2024-09-18,2031.0643674219627
2024-09-19,2044.2236573490377
2024-09-20,2039.2164009573853
2024-09-23,2021.8119482589896
2024-09-24,2027.8716314298133
2024-09-25,2038.134598848852
2024-09-26,2011.1071271449869
2024-09-27,2015.7449526954895
2024-09-30,2023.504338598263
2024-10-01,2039.0336268978797
2024-10-02,2060.7981477544035
2024-10-03,2063.8812123670386
2024-10-04,2096.7381436200903
2024-10-07,2080.794765246052
2024-10-08,2117.3941377114784
2024-10-09,2119.697878070387
2024-10-10,2114.600196773664
2024-10-11,2138.6608266179364
2024-10-14,2102.4979947965726
2024-10-15,2129.4854037595805
2024-10-16,2116.3656623380325
2024-10-17,2089.0111521484105
2024-10-18,2122.4886498380274
2024-10-21,2114.446172318236
2024-10-22,2129.083734590726
2024-10-23,2138.669882624533
2024-10-24,2193.4302613621066
2024-10-25,2180.522598774062
2024-10-28,2179.7781798836622
2024-10-29,2173.130170818577
2024-10-30,2170.574539877212
2024-10-31,2167.2017651349497
2024-11-01,2155.1631215372995
2024-11-04,2183.8248275642195
2024-11-05,2154.1073641815315
2024-11-06,2187.601997562719
2024-11-07,2175.7673778524113
2024-11-08,2203.132997161815
2024-11-11,2153.558017764904
2024-11-12,2152.5544304736827
2024-11-13,2137.4646303811905
2024-11-14,2148.403824550392
2024-11-15,2161.7854365440053
2024-11-18,2162.12562807077
2024-11-19,2169.402866232857
2024-11-20,2157.0377819067157
2024-11-21,2158.4545756354833
2024-11-22,2188.8116252319865
2024-11-25,2236.8870520212467
2024-11-26,2237.1152086547613
2024-11-27,2261.764116819216
2024-11-28,2229.5131926540653
2024-11-29,2250.172510627907
2024-12-02,2280.0338762950664
2024-12-03,2249.7802120841006
2024-12-04,2266.948242049802
2024-12-05,2251.408561808983
2024-12-06,2257.696791279905
2024-12-09,2277.4416016051346
2024-12-10,2282.5732929735627
2024-12-11,2247.960262664533
2024-12-12,2242.585569601728
2024-12-13,2263.936052650143
2024-12-16,2263.254499747303
2024-12-17,2283.193443840478
2024-12-18,2294.1789723843867
2024-12-19,2284.387934526381
2024-12-20,2323.386816588212
2024-12-23,2309.772261849218
2024-12-24,2289.2379748158983
2024-12-25,2289.24874004043
2024-12-26,2318.9889968282428
2024-12-27,2298.26266840606
2024-12-30,2312.615493108252
2024-12-31,2274.9140787366077
2025-01-01,2259.7229943202956
2025-01-02,2261.648285026123
2025-01-03,2263.5913341002492
2025-01-06,2264.0896316137337
2025-01-07,2232.8996905166105
2025-01-08,2201.1669483947658
2025-01-09,2195.8981456062033
2025-01-10,2278.547070019159
2025-01-13,2261.8841984813816
2025-01-14,2303.4313670240595
2025-01-15,2348.858827106978
2025-01-16,2345.262483776007
2025-01-17,2362.9580702429507
2025-01-20,2353.0562288843234
2025-01-21,2380.668695710691
2025-01-22,2378.8819994447063
2025-01-23,2353.348646539171
2025-01-24,2328.7048623075575
2025-01-27,2316.5739576518213
2025-01-28,2297.802489679806
2025-01-29,2319.1653157234414
2025-01-30,2301.6128445162517
2025-01-31,2347.510455938704
2025-02-03,2365.7141884613493
2025-02-04,2350.709558221582
2025-02-05,2378.32212166857
2025-02-06,2408.118444371765
2025-02-07,2411.8413173184304
2025-02-10,2397.6040608115545
2025-02-11,2398.591089357603
2025-02-12,2358.9415450850415
2025-02-13,2361.0597258332914
2025-02-14,2362.074640322605
2025-02-17,2345.5034328045317
2025-02-18,2316.73926749985
2025-02-19,2320.708407751328
2025-02-20,2322.652726944758
2025-02-21,2321.7605656586566
2025-02-24,2334.1766874629093
2025-02-25,2326.1656564942564
2025-02-26,2313.4585388230225
2025-02-27,2346.1264571807874
2025-02-28,2381.499615649488
2025-03-03,2402.1370517358628
2025-03-04,2371.9884001705336
2025-03-05,2375.7714201568133
2025-03-06,2370.6995029470827
2025-03-07,2363.064804123547
2025-03-10,2415.21892298992
2025-03-11,2410.565462493552
2025-03-12,2390.3579602366362
2025-03-13,2424.533612563051
2025-03-14,2376.5866648623314
2025-03-17,2324.6911528224437
2025-03-18,2333.7493743015966
2025-03-19,2420.698537905074
2025-03-20,2408.3634758803114
2025-03-21,2464.6836949897565
2025-03-24,2458.306214597367
2025-03-25,2482.536176278345
2025-03-26,2476.7125170446398
2025-03-27,2431.9017195112283
2025-03-28,2481.2916984013195
2025-03-31,2461.4790099298953
2025-04-01,2448.9443784686705
2025-04-02,2433.1064728078327
2025-04-03,2499.2982771864317
2025-04-04,2480.920889228075
2025-04-07,2490.5975722160915
2025-04-08,2477.919931325231
2025-04-09,2465.9697572178584
2025-04-10,2528.7306337757027
2025-04-11,2490.7908077278735
2025-04-14,2503.6895457232154
2025-04-15,2533.606777768364
2025-04-16,2567.084002035772
2025-04-17,2565.13968308627
2025-04-18,2557.0718933818193
2025-04-21,2582.282225304052
2025-04-22,2606.9008264656763
2025-04-23,2645.609538061546
2025-04-24,2622.23430069378
2025-04-25,2620.8050093922775
2025-04-28,2604.5287166559046
2025-04-29,2577.7059796261474
2025-04-30,2565.193854734942
2025-05-01,2547.237281670249
2025-05-02,2515.796384714645
2025-05-05,2476.1048496506346
2025-05-06,2469.2629231357514
2025-05-07,2512.407859471435
2025-05-08,2491.293276626797
2025-05-09,2482.783635257943
2025-05-12,2489.102561853021
2025-05-13,2454.9876602993418
2025-05-14,2417.987500049445
2025-05-15,2417.7024293491518
2025-05-16,2391.7854207531327
2025-05-19,2392.9672926758926
2025-05-20,2432.257089920044
2025-05-21,2405.4743563583943
2025-05-22,2421.56683067193
2025-05-23,2389.009275890234
2025-05-26,2408.7909746941514
2025-05-27,2368.307808408175
2025-05-28,2342.0507760804817
2025-05-29,2407.7680812016015
2025-05-30,2409.899236025744
2025-06-02,2394.8856135890614
2025-06-03,2446.084466700221
2025-06-04,2442.938946436947
2025-06-05,2406.4880483124275
2025-06-06,2404.1460042993053
2025-06-09,2388.482306359023
2025-06-10,2371.5932524600485
2025-06-11,2350.9331378159427
2025-06-12,2317.99242962814
2025-06-13,2253.476897424548
2025-06-16,2260.668363421199
2025-06-17,2241.8547752635823
2025-06-18,2257.9201182322604
2025-06-19,2233.845955388633
2025-06-20,2211.700687170132
2025-06-23,2163.3708516778806
2025-06-24,2124.468143113955
2025-06-25,2124.0665198060806
2025-06-26,2139.974220945084
2025-06-27,2152.98686283917
2025-06-30,2085.263620488896
2025-07-01,2086.2609263917143
2025-07-02,2065.15079091025
2025-07-03,2069.866156911495
2025-07-04,2037.8342638452814
2025-07-07,2029.4722967348828
2025-07-08,1965.7806954617274
2025-07-09,1970.9259544107788
2025-07-10,1991.2590631538435
2025-07-11,1949.4000962148302
2025-07-14,1980.9818359851797
2025-07-15,2002.4378252182228
2025-07-16,1979.9964471294852
2025-07-17,1966.442912144833
2025-07-18,1965.5177179896818
2025-07-21,1986.4084781293639
2025-07-22,1975.9744169292271
2025-07-23,1987.7488560945815
2025-07-24,2006.021875153828
2025-07-25,1994.2608830826955
2025-07-28,2024.8939397742581
2025-07-29,2040.4948440694443
2025-07-30,2059.6242752348926
2025-07-31,2061.4213017833354
2025-08-01,2039.5933188209767
2025-08-04,2029.9121514744822
2025-08-05,2024.7675212917707
2025-08-06,2012.2667827068053
2025-08-07,1996.245474168067
2025-08-08,2021.2196098033082
2025-08-11,2044.898752250186
2025-08-12,2029.0964155112188
2025-08-13,2000.9760782227527
2025-08-14,1998.9368805777253
2025-08-15,2033.431460940582
2025-08-18,2045.8626442610928
2025-08-19,2079.5786502870137
2025-08-20,2112.946378245912
2025-08-21,2121.7594986261147
2025-08-22,2114.971127816714
2025-08-25,2135.597317814999
2025-08-26,2175.2038024382987
2025-08-27,2235.3591411448183
2025-08-28,2261.3478959162944
2025-08-29,2269.2570583971806
2025-09-01,2282.5794852738454
2025-09-02,2278.9012014360205
2025-09-03,2261.4232471767364
2025-09-04,2240.39724568386
2025-09-05,2212.562216694936
2025-09-08,2192.592452996783
2025-09-09,2171.756050287796
2025-09-10,2155.5869332340644
2025-09-11,2114.180119007023
2025-09-12,2078.179618577639
2025-09-15,2059.046503068331
2025-09-16,2070.980165250041
2025-09-17,2039.253313074265
2025-09-18,2020.818294250215
2025-09-19,2006.1156736805137
2025-09-22,2027.8682121296936
2025-09-23,2005.7494682908186
2025-09-24,1998.3614600162969
2025-09-25,2011.2631706634993
2025-09-26,2069.660111464738
2025-09-29,2102.693283042133
2025-09-30,2079.756954065281
2025-10-01,2117.659992444079
2025-10-02,2100.8677015202
2025-10-03,2094.336631195699
2025-10-06,2046.0945266007186
2025-10-07,1983.385022191249
2025-10-08,2002.1110450439344
2025-10-09,2018.0906037362154
2025-10-10,2049.504087608645
2025-10-13,2039.5325792039134
2025-10-14,2017.5626810923115
2025-10-15,2018.669282761864
2025-10-16,2006.3407241159716
2025-10-17,1997.8915214557296
2025-10-20,2001.7264980972918
2025-10-21,1994.828003227215
2025-10-22,2001.9384714238374
2025-10-23,1984.9405665487925
2025-10-24,1994.5492021380642
2025-10-27,2027.8679317476992
2025-10-28,2021.2064834843293
2025-10-29,2045.096220854446
2025-10-30,2052.9051202988535
2025-10-31,2047.6591043230173
2025-11-03,2073.411460401708
2025-11-04,2074.3941009130695
2025-11-05,2109.596606590674
2025-11-06,2065.004820098731
2025-11-07,2018.7168429567432
2025-11-10,1968.0734568036335
2025-11-11,1974.799633345263
2025-11-12,1959.5807277785336
2025-11-13,1975.5834548744733
2025-11-14,1985.0507706706776
2025-11-17,1938.321905288542
2025-11-18,1914.3220030513894
2025-11-19,1889.132032922526
2025-11-20,1879.2308657366689
2025-11-21,1854.429771325681
2025-11-24,1856.3701631400843
2025-11-25,1867.2118819742063
2025-11-26,1876.033765804639
2025-11-27,1895.8940062321258
2025-11-28,1852.5657677170077
2025-12-01,1836.0769410120358
2025-12-02,1825.1188638427554
2025-12-03,1822.449945859863
2025-12-04,1814.1614333518633
2025-12-05,1811.6702983876671
2025-12-08,1778.8766327396331
2025-12-09,1781.839423797204
2025-12-10,1786.4574403802465
2025-12-11,1780.0767292552944
2025-12-12,1821.7535873946576
2025-12-15,1794.9211037812156
2025-12-16,1779.1972316979386
2025-12-17,1778.1479216108771
2025-12-18,1769.7176507558104
2025-12-19,1790.643713283325
2025-12-22,1820.9087148922254
2025-12-23,1844.6014501178713
2025-12-24,1838.5740717114686
2025-12-25,1852.1132254254192
2025-12-26,1866.1896384523125
2025-12-29,1886.447711687908
2025-12-30,1911.6654801808686
2025-12-31,1928.6989296852535
